ticker,company_name,delivery_upside_score,execution_downside_score,leadership_risk_score,positive_marker_evidence_score,negative_marker_evidence_score,execution_balance_score,execution_outlook,evidence_coverage,evidence_coverage_score,approved_asset_count,late_stage_asset_count,active_company_marker_ids,current_feature_tags,closest_marker_id,closest_marker_company,closest_marker_polarity,marker_similarity,marker_outcome_class,marker_outcome_date,interpretation
CAPR,Capricor Therapeutics Inc. Common Stock,1.5,66.12,28.8,0.0,58.0,-64.62,downside_led,company_specific_evidence,73.0,0,0,"[""capr-2026-regulatory-statistical-governance""]","[""blinding_or_independence"", ""endpoint_or_sap_change"", ""functional_unblinding"", ""inspection_pending"", ""measurement_or_adjudication"", ""missed_prespecified_endpoint"", ""missing_data_or_exclusions"", ""regulatory_effectiveness"", ""regulatory_failure"", ""statistical_governance""]",capr-2026-regulatory-statistical-governance,"Capricor Therapeutics, Inc.",downside,40.0,pending,,"Delivery upside is an asset-progress proxy, not proof of management quality. Downside uses sourced company evidence. A missing risk signal means unscreened, not low risk. Historical outcomes are validation labels and are not score features."
AMLX,Amylyx Pharmaceuticals Inc. Common Stock,39.43,65.0,0.0,0.0,65.0,-25.57,downside_led,company_specific_evidence,86.8,0,2,"[""amlx-2024-confirmatory-failure-withdrawal""]","[""confirmatory_failure"", ""late_stage_delivery"", ""missed_prespecified_endpoint"", ""product_withdrawal""]",amlx-2024-confirmatory-failure-withdrawal,"Amylyx Pharmaceuticals, Inc.",downside,75.0,withdrawal_and_restructuring,2024-04-04,"Delivery upside is an asset-progress proxy, not proof of management quality. Downside uses sourced company evidence. A missing risk signal means unscreened, not low risk. Historical outcomes are validation labels and are not score features."
ABBV,AbbVie Inc. Common Stock,100.0,0.0,0.0,0.0,0.0,100.0,upside_proxy_risk_unscreened,market_only_risk_unscreened,59.2,51,92,[],"[""late_stage_delivery"", ""regulatory_approval"", ""strong_asset_portfolio""]",,,,0.0,,,"Delivery upside is an asset-progress proxy, not proof of management quality. Downside uses sourced company evidence. A missing risk signal means unscreened, not low risk. Historical outcomes are validation labels and are not score features."
AMRX,Amneal Pharmaceuticals Inc. Class A Common Stock,100.0,0.0,0.0,0.0,0.0,100.0,upside_proxy_risk_unscreened,market_only_risk_unscreened,59.2,118,120,[],"[""late_stage_delivery"", ""regulatory_approval""]",,,,0.0,,,"Delivery upside is an asset-progress proxy, not proof of management quality. Downside uses sourced company evidence. A missing risk signal means unscreened, not low risk. Historical outcomes are validation labels and are not score features."
ANIP,ANI Pharmaceuticals Inc.,100.0,0.0,0.0,0.0,0.0,100.0,upside_proxy_risk_unscreened,market_only_risk_unscreened,59.2,54,54,[],"[""late_stage_delivery"", ""regulatory_approval""]",,,,0.0,,,"Delivery upside is an asset-progress proxy, not proof of management quality. Downside uses sourced company evidence. A missing risk signal means unscreened, not low risk. Historical outcomes are validation labels and are not score features."
PFE,Pfizer Inc. Common Stock,100.0,0.0,0.0,0.0,0.0,100.0,upside_proxy_risk_unscreened,market_only_risk_unscreened,59.2,62,117,[],"[""late_stage_delivery"", ""regulatory_approval"", ""strong_asset_portfolio""]",,,,0.0,,,"Delivery upside is an asset-progress proxy, not proof of management quality. Downside uses sourced company evidence. A missing risk signal means unscreened, not low risk. Historical outcomes are validation labels and are not score features."
GILD,Gilead Sciences Inc. Common Stock,99.03,0.0,0.0,0.0,0.0,99.03,upside_proxy_risk_unscreened,market_only_risk_unscreened,59.2,21,70,[],"[""late_stage_delivery"", ""regulatory_approval"", ""strong_asset_portfolio""]",,,,0.0,,,"Delivery upside is an asset-progress proxy, not proof of management quality. Downside uses sourced company evidence. A missing risk signal means unscreened, not low risk. Historical outcomes are validation labels and are not score features."
BMY,Bristol-Myers Squibb Company Common Stock,99.02,0.0,0.0,0.0,0.0,99.02,upside_proxy_risk_unscreened,market_only_risk_unscreened,59.2,27,49,[],"[""late_stage_delivery"", ""regulatory_approval"", ""strong_asset_portfolio""]",,,,0.0,,,"Delivery upside is an asset-progress proxy, not proof of management quality. Downside uses sourced company evidence. A missing risk signal means unscreened, not low risk. Historical outcomes are validation labels and are not score features."
LLY,Eli Lilly and Company Common Stock,98.04,0.0,0.0,0.0,0.0,98.04,upside_proxy_risk_unscreened,market_only_risk_unscreened,59.2,23,45,[],"[""late_stage_delivery"", ""regulatory_approval"", ""strong_asset_portfolio""]",,,,0.0,,,"Delivery upside is an asset-progress proxy, not proof of management quality. Downside uses sourced company evidence. A missing risk signal means unscreened, not low risk. Historical outcomes are validation labels and are not score features."
AMGN,Amgen Inc. Common Stock,96.69,0.0,0.0,0.0,0.0,96.69,upside_proxy_risk_unscreened,market_only_risk_unscreened,59.2,22,47,[],"[""late_stage_delivery"", ""regulatory_approval"", ""strong_asset_portfolio""]",,,,0.0,,,"Delivery upside is an asset-progress proxy, not proof of management quality. Downside uses sourced company evidence. A missing risk signal means unscreened, not low risk. Historical outcomes are validation labels and are not score features."
NVO,Novo Nordisk A/S Common Stock,92.09,0.0,0.0,0.0,0.0,92.09,upside_proxy_risk_unscreened,market_only_risk_unscreened,57.52,16,34,[],"[""late_stage_delivery"", ""regulatory_approval"", ""strong_asset_portfolio""]",,,,0.0,,,"Delivery upside is an asset-progress proxy, not proof of management quality. Downside uses sourced company evidence. A missing risk signal means unscreened, not low risk. Historical outcomes are validation labels and are not score features."
REGN,Regeneron Pharmaceuticals Inc. Common Stock,81.35,0.0,0.0,0.0,0.0,81.35,upside_proxy_risk_unscreened,market_only_risk_unscreened,59.2,7,24,[],"[""late_stage_delivery"", ""regulatory_approval"", ""strong_asset_portfolio""]",,,,0.0,,,"Delivery upside is an asset-progress proxy, not proof of management quality. Downside uses sourced company evidence. A missing risk signal means unscreened, not low risk. Historical outcomes are validation labels and are not score features."
AZN,AstraZeneca PLC Ordinary Shares,81.16,0.0,0.0,0.0,0.0,81.16,upside_proxy_risk_unscreened,market_only_risk_unscreened,59.2,2,105,[],"[""late_stage_delivery"", ""regulatory_approval"", ""strong_asset_portfolio""]",,,,0.0,,,"Delivery upside is an asset-progress proxy, not proof of management quality. Downside uses sourced company evidence. A missing risk signal means unscreened, not low risk. Historical outcomes are validation labels and are not score features."
BIIB,Biogen Inc. Common Stock,78.99,0.0,0.0,0.0,0.0,78.99,upside_proxy_risk_unscreened,market_only_risk_unscreened,59.2,7,17,[],"[""late_stage_delivery"", ""regulatory_approval"", ""strong_asset_portfolio""]",,,,0.0,,,"Delivery upside is an asset-progress proxy, not proof of management quality. Downside uses sourced company evidence. A missing risk signal means unscreened, not low risk. Historical outcomes are validation labels and are not score features."
VRTX,Vertex Pharmaceuticals Incorporated Common Stock,76.69,0.0,0.0,0.0,0.0,76.69,upside_proxy_risk_unscreened,market_only_risk_unscreened,59.2,6,14,[],"[""late_stage_delivery"", ""regulatory_approval"", ""strong_asset_portfolio""]",,,,0.0,,,"Delivery upside is an asset-progress proxy, not proof of management quality. Downside uses sourced company evidence. A missing risk signal means unscreened, not low risk. Historical outcomes are validation labels and are not score features."
VNDA,Vanda Pharmaceuticals Inc. Common Stock,74.77,0.0,0.0,0.0,0.0,74.77,upside_proxy_risk_unscreened,market_only_risk_unscreened,59.2,5,12,[],"[""late_stage_delivery"", ""regulatory_approval"", ""strong_asset_portfolio""]",,,,0.0,,,"Delivery upside is an asset-progress proxy, not proof of management quality. Downside uses sourced company evidence. A missing risk signal means unscreened, not low risk. Historical outcomes are validation labels and are not score features."
INCY,Incyte Corp. Common Stock,72.83,0.0,0.0,0.0,0.0,72.83,upside_proxy_risk_unscreened,market_only_risk_unscreened,59.2,4,12,[],"[""late_stage_delivery"", ""regulatory_approval"", ""strong_asset_portfolio""]",,,,0.0,,,"Delivery upside is an asset-progress proxy, not proof of management quality. Downside uses sourced company evidence. A missing risk signal means unscreened, not low risk. Historical outcomes are validation labels and are not score features."
AMPH,Amphastar Pharmaceuticals Inc. Common Stock,71.74,0.0,0.0,0.0,0.0,71.74,upside_proxy_risk_unscreened,market_only_risk_unscreened,59.2,10,10,[],"[""late_stage_delivery"", ""regulatory_approval""]",,,,0.0,,,"Delivery upside is an asset-progress proxy, not proof of management quality. Downside uses sourced company evidence. A missing risk signal means unscreened, not low risk. Historical outcomes are validation labels and are not score features."
ALKS,Alkermes plc Ordinary Shares,70.45,0.0,0.0,0.0,0.0,70.45,upside_proxy_risk_unscreened,market_only_risk_unscreened,59.2,3,13,[],"[""late_stage_delivery"", ""regulatory_approval"", ""strong_asset_portfolio""]",,,,0.0,,,"Delivery upside is an asset-progress proxy, not proof of management quality. Downside uses sourced company evidence. A missing risk signal means unscreened, not low risk. Historical outcomes are validation labels and are not score features."
ALNY,Alnylam Pharmaceuticals Inc. Common Stock,68.24,0.0,0.0,0.0,0.0,68.24,upside_proxy_risk_unscreened,market_only_risk_unscreened,59.2,4,7,[],"[""late_stage_delivery"", ""regulatory_approval"", ""strong_asset_portfolio""]",,,,0.0,,,"Delivery upside is an asset-progress proxy, not proof of management quality. Downside uses sourced company evidence. A missing risk signal means unscreened, not low risk. Historical outcomes are validation labels and are not score features."
MIRM,Mirum Pharmaceuticals Inc. Common Stock,67.19,0.0,0.0,0.0,0.0,67.19,upside_proxy_risk_unscreened,market_only_risk_unscreened,59.2,3,9,[],"[""late_stage_delivery"", ""regulatory_approval"", ""strong_asset_portfolio""]",,,,0.0,,,"Delivery upside is an asset-progress proxy, not proof of management quality. Downside uses sourced company evidence. A missing risk signal means unscreened, not low risk. Historical outcomes are validation labels and are not score features."
RIGL,Rigel Pharmaceuticals Inc. Common Stock,66.56,0.0,0.0,0.0,0.0,66.56,upside_proxy_risk_unscreened,market_only_risk_unscreened,59.2,4,5,[],"[""late_stage_delivery"", ""regulatory_approval"", ""strong_asset_portfolio""]",,,,0.0,,,"Delivery upside is an asset-progress proxy, not proof of management quality. Downside uses sourced company evidence. A missing risk signal means unscreened, not low risk. Historical outcomes are validation labels and are not score features."
ETON,Eton Pharmaceuticals Inc. Common Stock,65.4,0.0,0.0,0.0,0.0,65.4,upside_proxy_risk_unscreened,market_only_risk_unscreened,59.2,6,6,[],"[""late_stage_delivery"", ""regulatory_approval""]",,,,0.0,,,"Delivery upside is an asset-progress proxy, not proof of management quality. Downside uses sourced company evidence. A missing risk signal means unscreened, not low risk. Historical outcomes are validation labels and are not score features."
SNY,Sanofi ADS,64.61,0.0,0.0,0.0,0.0,64.61,upside_proxy_risk_unscreened,market_only_risk_unscreened,59.2,0,49,[],"[""late_stage_delivery"", ""strong_asset_portfolio""]",,,,0.0,,,"Delivery upside is an asset-progress proxy, not proof of management quality. Downside uses sourced company evidence. A missing risk signal means unscreened, not low risk. Historical outcomes are validation labels and are not score features."
ARGX,argenx SE American Depositary Shares,64.22,0.0,0.0,0.0,0.0,64.22,upside_proxy_risk_unscreened,market_only_risk_unscreened,59.2,2,9,[],"[""late_stage_delivery"", ""regulatory_approval"", ""strong_asset_portfolio""]",,,,0.0,,,"Delivery upside is an asset-progress proxy, not proof of management quality. Downside uses sourced company evidence. A missing risk signal means unscreened, not low risk. Historical outcomes are validation labels and are not score features."
SUPN,Supernus Pharmaceuticals Inc. Common Stock,64.1,0.0,0.0,0.0,0.0,64.1,upside_proxy_risk_unscreened,market_only_risk_unscreened,59.2,4,5,[],"[""late_stage_delivery"", ""regulatory_approval"", ""strong_asset_portfolio""]",,,,0.0,,,"Delivery upside is an asset-progress proxy, not proof of management quality. Downside uses sourced company evidence. A missing risk signal means unscreened, not low risk. Historical outcomes are validation labels and are not score features."
AXSM,Axsome Therapeutics Inc. Common Stock,64.01,0.0,0.0,0.0,0.0,64.01,upside_proxy_risk_unscreened,market_only_risk_unscreened,59.2,2,8,[],"[""late_stage_delivery"", ""regulatory_approval"", ""strong_asset_portfolio""]",,,,0.0,,,"Delivery upside is an asset-progress proxy, not proof of management quality. Downside uses sourced company evidence. A missing risk signal means unscreened, not low risk. Historical outcomes are validation labels and are not score features."
BMRN,BioMarin Pharmaceutical Inc. Common Stock,63.37,0.0,0.0,0.0,0.0,63.37,upside_proxy_risk_unscreened,market_only_risk_unscreened,59.2,2,8,[],"[""late_stage_delivery"", ""regulatory_approval"", ""strong_asset_portfolio""]",,,,0.0,,,"Delivery upside is an asset-progress proxy, not proof of management quality. Downside uses sourced company evidence. A missing risk signal means unscreened, not low risk. Historical outcomes are validation labels and are not score features."
CPIX,Cumberland Pharmaceuticals Inc. Common Stock,62.54,0.0,0.0,0.0,0.0,62.54,upside_proxy_risk_unscreened,market_only_risk_unscreened,59.2,6,6,[],"[""late_stage_delivery"", ""regulatory_approval""]",,,,0.0,,,"Delivery upside is an asset-progress proxy, not proof of management quality. Downside uses sourced company evidence. A missing risk signal means unscreened, not low risk. Historical outcomes are validation labels and are not score features."
NBIX,Neurocrine Biosciences Inc. Common Stock,62.48,0.0,0.0,0.0,0.0,62.48,upside_proxy_risk_unscreened,market_only_risk_unscreened,59.2,2,6,[],"[""late_stage_delivery"", ""regulatory_approval"", ""strong_asset_portfolio""]",,,,0.0,,,"Delivery upside is an asset-progress proxy, not proof of management quality. Downside uses sourced company evidence. A missing risk signal means unscreened, not low risk. Historical outcomes are validation labels and are not score features."
IONS,Ionis Pharmaceuticals Inc. Common Stock,61.71,0.0,0.0,0.0,0.0,61.71,upside_proxy_risk_unscreened,market_only_risk_unscreened,59.2,2,7,[],"[""late_stage_delivery"", ""regulatory_approval"", ""strong_asset_portfolio""]",,,,0.0,,,"Delivery upside is an asset-progress proxy, not proof of management quality. Downside uses sourced company evidence. A missing risk signal means unscreened, not low risk. Historical outcomes are validation labels and are not score features."
ONC,BeOne Medicines Ltd. American Depositary Shares,61.36,0.0,0.0,0.0,0.0,61.36,upside_proxy_risk_unscreened,market_only_risk_unscreened,57.52,2,5,[],"[""late_stage_delivery"", ""regulatory_approval"", ""strong_asset_portfolio""]",,,,0.0,,,"Delivery upside is an asset-progress proxy, not proof of management quality. Downside uses sourced company evidence. A missing risk signal means unscreened, not low risk. Historical outcomes are validation labels and are not score features."
DERM,Journey Medical Corporation Common Stock,60.9,0.0,0.0,0.0,0.0,60.9,upside_proxy_risk_unscreened,market_only_risk_unscreened,59.2,4,4,[],"[""late_stage_delivery"", ""regulatory_approval""]",,,,0.0,,,"Delivery upside is an asset-progress proxy, not proof of management quality. Downside uses sourced company evidence. A missing risk signal means unscreened, not low risk. Historical outcomes are validation labels and are not score features."
ACAD,ACADIA Pharmaceuticals Inc. Common Stock,60.34,0.0,0.0,0.0,0.0,60.34,upside_proxy_risk_unscreened,market_only_risk_unscreened,59.2,2,4,[],"[""late_stage_delivery"", ""regulatory_approval"", ""strong_asset_portfolio""]",,,,0.0,,,"Delivery upside is an asset-progress proxy, not proof of management quality. Downside uses sourced company evidence. A missing risk signal means unscreened, not low risk. Historical outcomes are validation labels and are not score features."
CORT,Corcept Therapeutics Incorporated Common Stock,60.23,0.0,0.0,0.0,0.0,60.23,upside_proxy_risk_unscreened,market_only_risk_unscreened,59.2,2,5,[],"[""late_stage_delivery"", ""regulatory_approval"", ""strong_asset_portfolio""]",,,,0.0,,,"Delivery upside is an asset-progress proxy, not proof of management quality. Downside uses sourced company evidence. A missing risk signal means unscreened, not low risk. Historical outcomes are validation labels and are not score features."
MDGL,Madrigal Pharmaceuticals Inc. Common Stock,60.0,0.0,0.0,60.0,0.0,60.0,upside_proxy_risk_unscreened,market_only_risk_unscreened,50.8,1,2,"[""mdgl-2024-first-mash-approval""]","[""accelerated_approval"", ""first_in_class"", ""late_stage_delivery"", ""regulatory_approval"", ""strong_asset_portfolio""]",mdgl-2024-first-mash-approval,"Madrigal Pharmaceuticals, Inc.",upside,60.0,independent_commercial_execution_pending,,"Delivery upside is an asset-progress proxy, not proof of management quality. Downside uses sourced company evidence. A missing risk signal means unscreened, not low risk. Historical outcomes are validation labels and are not score features."
RARE,Ultragenyx Pharmaceutical Inc. Common Stock,60.0,0.0,0.0,0.0,0.0,60.0,upside_proxy_risk_unscreened,market_only_risk_unscreened,59.2,1,11,[],"[""late_stage_delivery"", ""regulatory_approval"", ""strong_asset_portfolio""]",,,,0.0,,,"Delivery upside is an asset-progress proxy, not proof of management quality. Downside uses sourced company evidence. A missing risk signal means unscreened, not low risk. Historical outcomes are validation labels and are not score features."
PTCT,PTC Therapeutics Inc. Common Stock,59.78,0.0,0.0,0.0,0.0,59.78,upside_proxy_risk_unscreened,market_only_risk_unscreened,59.2,2,5,[],"[""late_stage_delivery"", ""regulatory_approval"", ""strong_asset_portfolio""]",,,,0.0,,,"Delivery upside is an asset-progress proxy, not proof of management quality. Downside uses sourced company evidence. A missing risk signal means unscreened, not low risk. Historical outcomes are validation labels and are not score features."
INSM,Insmed Incorporated Common Stock,59.02,0.0,0.0,0.0,0.0,59.02,upside_proxy_risk_unscreened,market_only_risk_unscreened,59.2,2,4,[],"[""late_stage_delivery"", ""regulatory_approval"", ""strong_asset_portfolio""]",,,,0.0,,,"Delivery upside is an asset-progress proxy, not proof of management quality. Downside uses sourced company evidence. A missing risk signal means unscreened, not low risk. Historical outcomes are validation labels and are not score features."
HRTX,Heron Therapeutics Inc. Common Stock,58.79,0.0,0.0,0.0,0.0,58.79,upside_proxy_risk_unscreened,market_only_risk_unscreened,59.2,3,3,[],"[""late_stage_delivery"", ""regulatory_approval"", ""strong_asset_portfolio""]",,,,0.0,,,"Delivery upside is an asset-progress proxy, not proof of management quality. Downside uses sourced company evidence. A missing risk signal means unscreened, not low risk. Historical outcomes are validation labels and are not score features."
PHAT,Phathom Pharmaceuticals Inc. Common Stock,57.94,0.0,0.0,0.0,0.0,57.94,upside_proxy_risk_unscreened,market_only_risk_unscreened,59.2,3,3,[],"[""late_stage_delivery"", ""regulatory_approval""]",,,,0.0,,,"Delivery upside is an asset-progress proxy, not proof of management quality. Downside uses sourced company evidence. A missing risk signal means unscreened, not low risk. Historical outcomes are validation labels and are not score features."
KPTI,Karyopharm Therapeutics Inc. Common Stock,57.85,0.0,0.0,0.0,0.0,57.85,upside_proxy_risk_unscreened,market_only_risk_unscreened,59.2,1,7,[],"[""late_stage_delivery"", ""regulatory_approval"", ""strong_asset_portfolio""]",,,,0.0,,,"Delivery upside is an asset-progress proxy, not proof of management quality. Downside uses sourced company evidence. A missing risk signal means unscreened, not low risk. Historical outcomes are validation labels and are not score features."
ARDX,Ardelyx Inc. Common Stock,57.64,0.0,0.0,0.0,0.0,57.64,upside_proxy_risk_unscreened,market_only_risk_unscreened,59.2,1,6,[],"[""late_stage_delivery"", ""regulatory_approval"", ""strong_asset_portfolio""]",,,,0.0,,,"Delivery upside is an asset-progress proxy, not proof of management quality. Downside uses sourced company evidence. A missing risk signal means unscreened, not low risk. Historical outcomes are validation labels and are not score features."
UTHR,United Therapeutics Corporation Common Stock,57.6,0.0,0.0,0.0,0.0,57.6,upside_proxy_risk_unscreened,market_only_risk_unscreened,59.2,2,4,[],"[""late_stage_delivery"", ""regulatory_approval"", ""strong_asset_portfolio""]",,,,0.0,,,"Delivery upside is an asset-progress proxy, not proof of management quality. Downside uses sourced company evidence. A missing risk signal means unscreened, not low risk. Historical outcomes are validation labels and are not score features."
BCRX,BioCryst Pharmaceuticals Inc. Common Stock,56.69,0.0,0.0,0.0,0.0,56.69,upside_proxy_risk_unscreened,market_only_risk_unscreened,59.2,2,3,[],"[""late_stage_delivery"", ""regulatory_approval"", ""strong_asset_portfolio""]",,,,0.0,,,"Delivery upside is an asset-progress proxy, not proof of management quality. Downside uses sourced company evidence. A missing risk signal means unscreened, not low risk. Historical outcomes are validation labels and are not score features."
ARWR,Arrowhead Pharmaceuticals Inc. Common Stock,56.35,0.0,0.0,0.0,0.0,56.35,upside_proxy_risk_unscreened,market_only_risk_unscreened,59.2,1,5,[],"[""late_stage_delivery"", ""regulatory_approval"", ""strong_asset_portfolio""]",,,,0.0,,,"Delivery upside is an asset-progress proxy, not proof of management quality. Downside uses sourced company evidence. A missing risk signal means unscreened, not low risk. Historical outcomes are validation labels and are not score features."
VRCA,Verrica Pharmaceuticals Inc. Common Stock,55.77,0.0,0.0,0.0,0.0,55.77,upside_proxy_risk_unscreened,market_only_risk_unscreened,59.2,1,5,[],"[""late_stage_delivery"", ""regulatory_approval"", ""strong_asset_portfolio""]",,,,0.0,,,"Delivery upside is an asset-progress proxy, not proof of management quality. Downside uses sourced company evidence. A missing risk signal means unscreened, not low risk. Historical outcomes are validation labels and are not score features."
CYTK,Cytokinetics Incorporated Common Stock,55.36,0.0,0.0,0.0,0.0,55.36,upside_proxy_risk_unscreened,market_only_risk_unscreened,59.2,1,4,[],"[""late_stage_delivery"", ""regulatory_approval"", ""strong_asset_portfolio""]",,,,0.0,,,"Delivery upside is an asset-progress proxy, not proof of management quality. Downside uses sourced company evidence. A missing risk signal means unscreened, not low risk. Historical outcomes are validation labels and are not score features."
ASND,Ascendis Pharma A/S Ordinary Share,55.28,0.0,0.0,0.0,0.0,55.28,upside_proxy_risk_unscreened,market_only_risk_unscreened,58.36,1,7,[],"[""late_stage_delivery"", ""regulatory_approval""]",,,,0.0,,,"Delivery upside is an asset-progress proxy, not proof of management quality. Downside uses sourced company evidence. A missing risk signal means unscreened, not low risk. Historical outcomes are validation labels and are not score features."
OCUL,Ocular Therapeutix Inc. Common Stock,54.71,0.0,0.0,0.0,0.0,54.71,upside_proxy_risk_unscreened,market_only_risk_unscreened,59.2,1,5,[],"[""late_stage_delivery"", ""regulatory_approval"", ""strong_asset_portfolio""]",,,,0.0,,,"Delivery upside is an asset-progress proxy, not proof of management quality. Downside uses sourced company evidence. A missing risk signal means unscreened, not low risk. Historical outcomes are validation labels and are not score features."
JAZZ,Jazz Pharmaceuticals plc Common Stock (Ireland),54.22,0.0,0.0,0.0,0.0,54.22,upside_proxy_risk_unscreened,market_only_risk_unscreened,49.12,2,2,[],"[""late_stage_delivery"", ""regulatory_approval"", ""strong_asset_portfolio""]",,,,0.0,,,"Delivery upside is an asset-progress proxy, not proof of management quality. Downside uses sourced company evidence. A missing risk signal means unscreened, not low risk. Historical outcomes are validation labels and are not score features."
BNTX,BioNTech SE American Depositary Share,54.16,0.0,0.0,0.0,0.0,54.16,upside_proxy_risk_unscreened,market_only_risk_unscreened,59.2,0,14,[],"[""late_stage_delivery"", ""strong_asset_portfolio""]",,,,0.0,,,"Delivery upside is an asset-progress proxy, not proof of management quality. Downside uses sourced company evidence. A missing risk signal means unscreened, not low risk. Historical outcomes are validation labels and are not score features."
HRMY,Harmony Biosciences Holdings Inc. Common Stock,53.74,0.0,0.0,0.0,0.0,53.74,upside_proxy_risk_unscreened,market_only_risk_unscreened,56.68,1,5,[],"[""late_stage_delivery"", ""regulatory_approval"", ""strong_asset_portfolio""]",,,,0.0,,,"Delivery upside is an asset-progress proxy, not proof of management quality. Downside uses sourced company evidence. A missing risk signal means unscreened, not low risk. Historical outcomes are validation labels and are not score features."
CRNX,Crinetics Pharmaceuticals Inc. Common Stock,53.57,0.0,0.0,0.0,0.0,53.57,upside_proxy_risk_unscreened,market_only_risk_unscreened,59.2,1,3,[],"[""late_stage_delivery"", ""regulatory_approval"", ""strong_asset_portfolio""]",,,,0.0,,,"Delivery upside is an asset-progress proxy, not proof of management quality. Downside uses sourced company evidence. A missing risk signal means unscreened, not low risk. Historical outcomes are validation labels and are not score features."
IMCR,Immunocore Holdings plc American Depositary Shares,53.36,0.0,0.0,0.0,0.0,53.36,upside_proxy_risk_unscreened,market_only_risk_unscreened,59.2,1,4,[],"[""late_stage_delivery"", ""regulatory_approval"", ""strong_asset_portfolio""]",,,,0.0,,,"Delivery upside is an asset-progress proxy, not proof of management quality. Downside uses sourced company evidence. A missing risk signal means unscreened, not low risk. Historical outcomes are validation labels and are not score features."
COLL,Collegium Pharmaceutical Inc. Common Stock,53.28,0.0,0.0,0.0,0.0,53.28,upside_proxy_risk_unscreened,market_only_risk_unscreened,50.8,2,2,[],"[""late_stage_delivery"", ""regulatory_approval"", ""strong_asset_portfolio""]",,,,0.0,,,"Delivery upside is an asset-progress proxy, not proof of management quality. Downside uses sourced company evidence. A missing risk signal means unscreened, not low risk. Historical outcomes are validation labels and are not score features."
VSTM,Verastem Inc. Common Stock,52.98,0.0,0.0,0.0,0.0,52.98,upside_proxy_risk_unscreened,market_only_risk_unscreened,59.2,1,3,[],"[""late_stage_delivery"", ""regulatory_approval"", ""strong_asset_portfolio""]",,,,0.0,,,"Delivery upside is an asset-progress proxy, not proof of management quality. Downside uses sourced company evidence. A missing risk signal means unscreened, not low risk. Historical outcomes are validation labels and are not score features."
AKBA,Akebia Therapeutics Inc. Common Stock,52.54,0.0,0.0,0.0,0.0,52.54,upside_proxy_risk_unscreened,market_only_risk_unscreened,59.2,1,3,[],"[""late_stage_delivery"", ""regulatory_approval"", ""strong_asset_portfolio""]",,,,0.0,,,"Delivery upside is an asset-progress proxy, not proof of management quality. Downside uses sourced company evidence. A missing risk signal means unscreened, not low risk. Historical outcomes are validation labels and are not score features."
TVTX,Travere Therapeutics Inc. Common Stock,52.34,0.0,0.0,0.0,0.0,52.34,upside_proxy_risk_unscreened,market_only_risk_unscreened,59.2,1,3,[],"[""late_stage_delivery"", ""regulatory_approval"", ""strong_asset_portfolio""]",,,,0.0,,,"Delivery upside is an asset-progress proxy, not proof of management quality. Downside uses sourced company evidence. A missing risk signal means unscreened, not low risk. Historical outcomes are validation labels and are not score features."
NUVB,Nuvation Bio Inc. Class A Common Stock,52.14,0.0,0.0,0.0,0.0,52.14,upside_proxy_risk_unscreened,market_only_risk_unscreened,59.2,1,3,[],"[""late_stage_delivery"", ""regulatory_approval"", ""strong_asset_portfolio""]",,,,0.0,,,"Delivery upside is an asset-progress proxy, not proof of management quality. Downside uses sourced company evidence. A missing risk signal means unscreened, not low risk. Historical outcomes are validation labels and are not score features."
PRAX,Praxis Precision Medicines Inc. Common Stock,51.74,0.0,0.0,0.0,0.0,51.74,upside_proxy_risk_unscreened,market_only_risk_unscreened,59.2,0,11,[],"[""late_stage_delivery""]",,,,0.0,,,"Delivery upside is an asset-progress proxy, not proof of management quality. Downside uses sourced company evidence. A missing risk signal means unscreened, not low risk. Historical outcomes are validation labels and are not score features."
EXEL,Exelixis Inc. Common Stock,51.25,0.0,0.0,0.0,0.0,51.25,upside_proxy_risk_unscreened,market_only_risk_unscreened,59.2,1,3,[],"[""late_stage_delivery"", ""regulatory_approval""]",,,,0.0,,,"Delivery upside is an asset-progress proxy, not proof of management quality. Downside uses sourced company evidence. A missing risk signal means unscreened, not low risk. Historical outcomes are validation labels and are not score features."
URGN,UroGen Pharma Ltd. Ordinary Shares,51.01,0.0,0.0,0.0,0.0,51.01,upside_proxy_risk_unscreened,market_only_risk_unscreened,59.2,1,4,[],"[""late_stage_delivery"", ""regulatory_approval""]",,,,0.0,,,"Delivery upside is an asset-progress proxy, not proof of management quality. Downside uses sourced company evidence. A missing risk signal means unscreened, not low risk. Historical outcomes are validation labels and are not score features."
AGIO,Agios Pharmaceuticals Inc. Common Stock,50.86,0.0,0.0,0.0,0.0,50.86,upside_proxy_risk_unscreened,market_only_risk_unscreened,59.2,1,2,[],"[""late_stage_delivery"", ""regulatory_approval"", ""strong_asset_portfolio""]",,,,0.0,,,"Delivery upside is an asset-progress proxy, not proof of management quality. Downside uses sourced company evidence. A missing risk signal means unscreened, not low risk. Historical outcomes are validation labels and are not score features."
CRMD,CorMedix Inc. Common Stock,49.92,0.0,0.0,0.0,0.0,49.92,insufficient_risk_evidence,market_only_risk_unscreened,50.8,1,2,[],"[""late_stage_delivery"", ""regulatory_approval"", ""strong_asset_portfolio""]",,,,0.0,,,"Delivery upside is an asset-progress proxy, not proof of management quality. Downside uses sourced company evidence. A missing risk signal means unscreened, not low risk. Historical outcomes are validation labels and are not score features."
SNDX,Syndax Pharmaceuticals Inc. Common Stock,49.74,0.0,0.0,0.0,0.0,49.74,insufficient_risk_evidence,market_only_risk_unscreened,59.2,1,2,[],"[""late_stage_delivery"", ""regulatory_approval"", ""strong_asset_portfolio""]",,,,0.0,,,"Delivery upside is an asset-progress proxy, not proof of management quality. Downside uses sourced company evidence. A missing risk signal means unscreened, not low risk. Historical outcomes are validation labels and are not score features."
KURA,Kura Oncology Inc. Common Stock,49.63,0.0,0.0,0.0,0.0,49.63,insufficient_risk_evidence,market_only_risk_unscreened,59.2,1,2,[],"[""late_stage_delivery"", ""regulatory_approval"", ""strong_asset_portfolio""]",,,,0.0,,,"Delivery upside is an asset-progress proxy, not proof of management quality. Downside uses sourced company evidence. A missing risk signal means unscreened, not low risk. Historical outcomes are validation labels and are not score features."
XFOR,X4 Pharmaceuticals Inc. Common Stock,49.44,0.0,0.0,0.0,0.0,49.44,insufficient_risk_evidence,market_only_risk_unscreened,50.8,1,2,[],"[""late_stage_delivery"", ""regulatory_approval"", ""strong_asset_portfolio""]",,,,0.0,,,"Delivery upside is an asset-progress proxy, not proof of management quality. Downside uses sourced company evidence. A missing risk signal means unscreened, not low risk. Historical outcomes are validation labels and are not score features."
GERN,Geron Corporation Common Stock,49.26,0.0,0.0,0.0,0.0,49.26,insufficient_risk_evidence,market_only_risk_unscreened,50.8,1,2,[],"[""late_stage_delivery"", ""regulatory_approval"", ""strong_asset_portfolio""]",,,,0.0,,,"Delivery upside is an asset-progress proxy, not proof of management quality. Downside uses sourced company evidence. A missing risk signal means unscreened, not low risk. Historical outcomes are validation labels and are not score features."
RYTM,Rhythm Pharmaceuticals Inc. Common Stock,49.03,0.0,0.0,0.0,0.0,49.03,insufficient_risk_evidence,market_only_risk_unscreened,59.2,1,2,[],"[""late_stage_delivery"", ""regulatory_approval""]",,,,0.0,,,"Delivery upside is an asset-progress proxy, not proof of management quality. Downside uses sourced company evidence. A missing risk signal means unscreened, not low risk. Historical outcomes are validation labels and are not score features."
TGTX,TG Therapeutics Inc. Common Stock,47.98,0.0,0.0,0.0,0.0,47.98,insufficient_risk_evidence,market_only_risk_unscreened,59.2,1,2,[],"[""late_stage_delivery"", ""regulatory_approval""]",,,,0.0,,,"Delivery upside is an asset-progress proxy, not proof of management quality. Downside uses sourced company evidence. A missing risk signal means unscreened, not low risk. Historical outcomes are validation labels and are not score features."
BFRI,Biofrontera Inc. Common Stock,47.17,0.0,0.0,0.0,0.0,47.17,insufficient_risk_evidence,market_only_risk_unscreened,50.8,1,2,[],"[""late_stage_delivery"", ""regulatory_approval""]",,,,0.0,,,"Delivery upside is an asset-progress proxy, not proof of management quality. Downside uses sourced company evidence. A missing risk signal means unscreened, not low risk. Historical outcomes are validation labels and are not score features."
VERA,Vera Therapeutics Inc. Class A Common Stock,47.12,0.0,0.0,0.0,0.0,47.12,insufficient_risk_evidence,market_only_risk_unscreened,59.2,1,2,[],"[""late_stage_delivery"", ""regulatory_approval""]",,,,0.0,,,"Delivery upside is an asset-progress proxy, not proof of management quality. Downside uses sourced company evidence. A missing risk signal means unscreened, not low risk. Historical outcomes are validation labels and are not score features."
LXRX,Lexicon Pharmaceuticals Inc. Common Stock,47.02,0.0,0.0,0.0,0.0,47.02,insufficient_risk_evidence,market_only_risk_unscreened,50.8,1,2,[],"[""late_stage_delivery"", ""regulatory_approval""]",,,,0.0,,,"Delivery upside is an asset-progress proxy, not proof of management quality. Downside uses sourced company evidence. A missing risk signal means unscreened, not low risk. Historical outcomes are validation labels and are not score features."
DNLI,Denali Therapeutics Inc. Common Stock,46.75,0.0,0.0,0.0,0.0,46.75,insufficient_risk_evidence,market_only_risk_unscreened,59.2,1,2,[],"[""late_stage_delivery"", ""regulatory_approval""]",,,,0.0,,,"Delivery upside is an asset-progress proxy, not proof of management quality. Downside uses sourced company evidence. A missing risk signal means unscreened, not low risk. Historical outcomes are validation labels and are not score features."
MDWD,MediWound Ltd. Ordinary Shares,46.73,0.0,0.0,0.0,0.0,46.73,insufficient_risk_evidence,market_only_risk_unscreened,59.2,1,2,[],"[""late_stage_delivery"", ""regulatory_approval""]",,,,0.0,,,"Delivery upside is an asset-progress proxy, not proof of management quality. Downside uses sourced company evidence. A missing risk signal means unscreened, not low risk. Historical outcomes are validation labels and are not score features."
NVS,Novartis AG Common Stock,46.03,0.0,0.0,0.0,0.0,46.03,insufficient_risk_evidence,market_only_risk_unscreened,50.8,2,2,[],"[""late_stage_delivery"", ""regulatory_approval""]",,,,0.0,,,"Delivery upside is an asset-progress proxy, not proof of management quality. Downside uses sourced company evidence. A missing risk signal means unscreened, not low risk. Historical outcomes are validation labels and are not score features."
BBIO,BridgeBio Pharma Inc. Common Stock,45.89,0.0,0.0,0.0,0.0,45.89,insufficient_risk_evidence,sparse_risk_unscreened,19.2,1,1,[],"[""late_stage_delivery"", ""regulatory_approval"", ""strong_asset_portfolio""]",,,,0.0,,,"Delivery upside is an asset-progress proxy, not proof of management quality. Downside uses sourced company evidence. A missing risk signal means unscreened, not low risk. Historical outcomes are validation labels and are not score features."
LENZ,LENZ Therapeutics Inc. Common Stock,45.89,0.0,0.0,0.0,0.0,45.89,insufficient_risk_evidence,sparse_risk_unscreened,19.2,1,1,[],"[""late_stage_delivery"", ""regulatory_approval"", ""strong_asset_portfolio""]",,,,0.0,,,"Delivery upside is an asset-progress proxy, not proof of management quality. Downside uses sourced company evidence. A missing risk signal means unscreened, not low risk. Historical outcomes are validation labels and are not score features."
GNLX,Genelux Corporation Common Stock,45.79,0.0,0.0,0.0,0.0,45.79,insufficient_risk_evidence,market_only_risk_unscreened,59.2,0,4,[],"[""late_stage_delivery""]",,,,0.0,,,"Delivery upside is an asset-progress proxy, not proof of management quality. Downside uses sourced company evidence. A missing risk signal means unscreened, not low risk. Historical outcomes are validation labels and are not score features."
MIST,Milestone Pharmaceuticals Inc. Common Shares,45.71,0.0,0.0,0.0,0.0,45.71,insufficient_risk_evidence,sparse_risk_unscreened,18.48,1,1,[],"[""late_stage_delivery"", ""regulatory_approval"", ""strong_asset_portfolio""]",,,,0.0,,,"Delivery upside is an asset-progress proxy, not proof of management quality. Downside uses sourced company evidence. A missing risk signal means unscreened, not low risk. Historical outcomes are validation labels and are not score features."
CADL,Candel Therapeutics Inc. Common Stock,45.62,0.0,0.0,0.0,0.0,45.62,insufficient_risk_evidence,market_only_risk_unscreened,59.2,0,3,[],"[""late_stage_delivery"", ""strong_asset_portfolio""]",,,,0.0,,,"Delivery upside is an asset-progress proxy, not proof of management quality. Downside uses sourced company evidence. A missing risk signal means unscreened, not low risk. Historical outcomes are validation labels and are not score features."
TARS,Tarsus Pharmaceuticals Inc. Common Stock,45.53,0.0,0.0,0.0,0.0,45.53,insufficient_risk_evidence,market_only_risk_unscreened,59.2,1,1,[],"[""late_stage_delivery"", ""regulatory_approval""]",,,,0.0,,,"Delivery upside is an asset-progress proxy, not proof of management quality. Downside uses sourced company evidence. A missing risk signal means unscreened, not low risk. Historical outcomes are validation labels and are not score features."
IBRX,ImmunityBio Inc. Common Stock,45.26,0.0,0.0,0.0,0.0,45.26,insufficient_risk_evidence,market_only_risk_unscreened,59.2,0,3,[],"[""late_stage_delivery"", ""strong_asset_portfolio""]",,,,0.0,,,"Delivery upside is an asset-progress proxy, not proof of management quality. Downside uses sourced company evidence. A missing risk signal means unscreened, not low risk. Historical outcomes are validation labels and are not score features."
LBRX,LB Pharmaceuticals Inc Common Stock,44.85,0.0,0.0,0.0,0.0,44.85,insufficient_risk_evidence,market_only_risk_unscreened,59.2,0,3,[],"[""late_stage_delivery"", ""strong_asset_portfolio""]",,,,0.0,,,"Delivery upside is an asset-progress proxy, not proof of management quality. Downside uses sourced company evidence. A missing risk signal means unscreened, not low risk. Historical outcomes are validation labels and are not score features."
REPL,Replimune Group Inc. Common Stock,44.82,0.0,0.0,0.0,0.0,44.82,insufficient_risk_evidence,market_only_risk_unscreened,59.2,0,3,[],"[""late_stage_delivery"", ""strong_asset_portfolio""]",,,,0.0,,,"Delivery upside is an asset-progress proxy, not proof of management quality. Downside uses sourced company evidence. A missing risk signal means unscreened, not low risk. Historical outcomes are validation labels and are not score features."
ADCT,ADC Therapeutics SA Common Shares,44.72,0.0,0.0,0.0,0.0,44.72,insufficient_risk_evidence,market_only_risk_unscreened,49.96,1,2,[],"[""late_stage_delivery"", ""regulatory_approval""]",,,,0.0,,,"Delivery upside is an asset-progress proxy, not proof of management quality. Downside uses sourced company evidence. A missing risk signal means unscreened, not low risk. Historical outcomes are validation labels and are not score features."
AUPH,Aurinia Pharmaceuticals Inc Ordinary Shares,44.37,0.0,0.0,0.0,0.0,44.37,insufficient_risk_evidence,market_only_risk_unscreened,59.2,1,1,[],"[""late_stage_delivery"", ""regulatory_approval""]",,,,0.0,,,"Delivery upside is an asset-progress proxy, not proof of management quality. Downside uses sourced company evidence. A missing risk signal means unscreened, not low risk. Historical outcomes are validation labels and are not score features."
CRVS,Corvus Pharmaceuticals Inc. Common Stock,44.2,0.0,0.0,0.0,0.0,44.2,insufficient_risk_evidence,market_only_risk_unscreened,59.2,0,3,[],"[""late_stage_delivery""]",,,,0.0,,,"Delivery upside is an asset-progress proxy, not proof of management quality. Downside uses sourced company evidence. A missing risk signal means unscreened, not low risk. Historical outcomes are validation labels and are not score features."
NERV,Minerva Neurosciences Inc Common Stock,44.18,0.0,0.0,0.0,0.0,44.18,insufficient_risk_evidence,market_only_risk_unscreened,59.2,0,3,[],"[""late_stage_delivery""]",,,,0.0,,,"Delivery upside is an asset-progress proxy, not proof of management quality. Downside uses sourced company evidence. A missing risk signal means unscreened, not low risk. Historical outcomes are validation labels and are not score features."
KOD,Kodiak Sciences Inc Common Stock,44.17,0.0,0.0,0.0,0.0,44.17,insufficient_risk_evidence,market_only_risk_unscreened,59.2,0,3,[],"[""late_stage_delivery""]",,,,0.0,,,"Delivery upside is an asset-progress proxy, not proof of management quality. Downside uses sourced company evidence. A missing risk signal means unscreened, not low risk. Historical outcomes are validation labels and are not score features."
FENC,Fennec Pharmaceuticals Inc. Common Stock,44.14,0.0,0.0,0.0,0.0,44.14,insufficient_risk_evidence,sparse_risk_unscreened,19.2,1,1,[],"[""late_stage_delivery"", ""regulatory_approval"", ""strong_asset_portfolio""]",,,,0.0,,,"Delivery upside is an asset-progress proxy, not proof of management quality. Downside uses sourced company evidence. A missing risk signal means unscreened, not low risk. Historical outcomes are validation labels and are not score features."
AVIR,Atea Pharmaceuticals Inc. Common Stock,44.07,0.0,0.0,0.0,0.0,44.07,insufficient_risk_evidence,market_only_risk_unscreened,59.2,0,4,[],"[""late_stage_delivery""]",,,,0.0,,,"Delivery upside is an asset-progress proxy, not proof of management quality. Downside uses sourced company evidence. A missing risk signal means unscreened, not low risk. Historical outcomes are validation labels and are not score features."
IVVD,Invivyd Inc. Common Stock,43.85,0.0,0.0,0.0,0.0,43.85,insufficient_risk_evidence,market_only_risk_unscreened,59.2,0,3,[],"[""late_stage_delivery""]",,,,0.0,,,"Delivery upside is an asset-progress proxy, not proof of management quality. Downside uses sourced company evidence. A missing risk signal means unscreened, not low risk. Historical outcomes are validation labels and are not score features."
NTLA,Intellia Therapeutics Inc. Common Stock,43.75,0.0,0.0,0.0,0.0,43.75,insufficient_risk_evidence,market_only_risk_unscreened,59.2,0,3,[],"[""late_stage_delivery""]",,,,0.0,,,"Delivery upside is an asset-progress proxy, not proof of management quality. Downside uses sourced company evidence. A missing risk signal means unscreened, not low risk. Historical outcomes are validation labels and are not score features."
SIGA,SIGA Technologies Inc. Common Stock,43.34,0.0,0.0,0.0,0.0,43.34,insufficient_risk_evidence,market_only_risk_unscreened,59.2,1,1,[],"[""late_stage_delivery"", ""regulatory_approval""]",,,,0.0,,,"Delivery upside is an asset-progress proxy, not proof of management quality. Downside uses sourced company evidence. A missing risk signal means unscreened, not low risk. Historical outcomes are validation labels and are not score features."
MANE,Veradermics Incorporated Common Stock,43.31,0.0,0.0,0.0,0.0,43.31,insufficient_risk_evidence,market_only_risk_unscreened,59.2,0,3,[],"[""late_stage_delivery""]",,,,0.0,,,"Delivery upside is an asset-progress proxy, not proof of management quality. Downside uses sourced company evidence. A missing risk signal means unscreened, not low risk. Historical outcomes are validation labels and are not score features."
PCVX,Vaxcyte Inc. Common Stock,43.19,0.0,0.0,0.0,0.0,43.19,insufficient_risk_evidence,market_only_risk_unscreened,59.2,0,3,[],"[""late_stage_delivery""]",,,,0.0,,,"Delivery upside is an asset-progress proxy, not proof of management quality. Downside uses sourced company evidence. A missing risk signal means unscreened, not low risk. Historical outcomes are validation labels and are not score features."
PBYI,Puma Biotechnology Inc Common Stock,42.78,0.0,0.0,0.0,0.0,42.78,insufficient_risk_evidence,market_only_risk_unscreened,50.8,1,1,[],"[""late_stage_delivery"", ""regulatory_approval""]",,,,0.0,,,"Delivery upside is an asset-progress proxy, not proof of management quality. Downside uses sourced company evidence. A missing risk signal means unscreened, not low risk. Historical outcomes are validation labels and are not score features."
SXTP,60 Degrees Pharmaceuticals Inc. Common Stock,42.67,0.0,0.0,0.0,0.0,42.67,insufficient_risk_evidence,market_only_risk_unscreened,50.8,1,1,[],"[""late_stage_delivery"", ""regulatory_approval""]",,,,0.0,,,"Delivery upside is an asset-progress proxy, not proof of management quality. Downside uses sourced company evidence. A missing risk signal means unscreened, not low risk. Historical outcomes are validation labels and are not score features."
TEVA,Teva Pharmaceutical Industries Limited American Depositary Shares,42.65,0.0,0.0,0.0,0.0,42.65,insufficient_risk_evidence,sparse_risk_unscreened,19.2,1,1,[],"[""late_stage_delivery"", ""regulatory_approval""]",,,,0.0,,,"Delivery upside is an asset-progress proxy, not proof of management quality. Downside uses sourced company evidence. A missing risk signal means unscreened, not low risk. Historical outcomes are validation labels and are not score features."
XENE,Xenon Pharmaceuticals Inc. Common Shares,42.36,0.0,0.0,0.0,0.0,42.36,insufficient_risk_evidence,market_only_risk_unscreened,50.8,0,2,[],"[""late_stage_delivery"", ""strong_asset_portfolio""]",,,,0.0,,,"Delivery upside is an asset-progress proxy, not proof of management quality. Downside uses sourced company evidence. A missing risk signal means unscreened, not low risk. Historical outcomes are validation labels and are not score features."
SPRY,ARS Pharmaceuticals Inc. Common Stock,42.31,0.0,0.0,0.0,0.0,42.31,insufficient_risk_evidence,market_only_risk_unscreened,58.36,1,1,[],"[""late_stage_delivery"", ""regulatory_approval""]",,,,0.0,,,"Delivery upside is an asset-progress proxy, not proof of management quality. Downside uses sourced company evidence. A missing risk signal means unscreened, not low risk. Historical outcomes are validation labels and are not score features."
EIKN,Eikon Therapeutics Inc. Common Stock,42.29,0.0,0.0,0.0,0.0,42.29,insufficient_risk_evidence,market_only_risk_unscreened,59.2,0,2,[],"[""late_stage_delivery""]",,,,0.0,,,"Delivery upside is an asset-progress proxy, not proof of management quality. Downside uses sourced company evidence. A missing risk signal means unscreened, not low risk. Historical outcomes are validation labels and are not score features."
CNSP,CNS Pharmaceuticals Inc. Common Stock,42.24,0.0,0.0,0.0,0.0,42.24,insufficient_risk_evidence,market_only_risk_unscreened,49.96,1,1,[],"[""late_stage_delivery"", ""regulatory_approval""]",,,,0.0,,,"Delivery upside is an asset-progress proxy, not proof of management quality. Downside uses sourced company evidence. A missing risk signal means unscreened, not low risk. Historical outcomes are validation labels and are not score features."
RVMD,Revolution Medicines Inc. Common Stock,41.99,0.0,0.0,0.0,0.0,41.99,insufficient_risk_evidence,market_only_risk_unscreened,59.2,0,2,[],"[""late_stage_delivery""]",,,,0.0,,,"Delivery upside is an asset-progress proxy, not proof of management quality. Downside uses sourced company evidence. A missing risk signal means unscreened, not low risk. Historical outcomes are validation labels and are not score features."
IDYA,IDEAYA Biosciences Inc. Common Stock,41.85,0.0,0.0,0.0,0.0,41.85,insufficient_risk_evidence,market_only_risk_unscreened,59.2,0,2,[],"[""late_stage_delivery""]",,,,0.0,,,"Delivery upside is an asset-progress proxy, not proof of management quality. Downside uses sourced company evidence. A missing risk signal means unscreened, not low risk. Historical outcomes are validation labels and are not score features."
IOVA,Iovance Biotherapeutics Inc. Common Stock,41.68,0.0,0.0,0.0,0.0,41.68,insufficient_risk_evidence,market_only_risk_unscreened,59.2,0,2,[],"[""late_stage_delivery""]",,,,0.0,,,"Delivery upside is an asset-progress proxy, not proof of management quality. Downside uses sourced company evidence. A missing risk signal means unscreened, not low risk. Historical outcomes are validation labels and are not score features."
KARD,Kardigan Inc. Common Stock,41.48,0.0,0.0,0.0,0.0,41.48,insufficient_risk_evidence,market_only_risk_unscreened,59.2,0,2,[],"[""late_stage_delivery""]",,,,0.0,,,"Delivery upside is an asset-progress proxy, not proof of management quality. Downside uses sourced company evidence. A missing risk signal means unscreened, not low risk. Historical outcomes are validation labels and are not score features."
LYEL,Lyell Immunopharma Inc. Common Stock,41.16,0.0,0.0,0.0,0.0,41.16,insufficient_risk_evidence,market_only_risk_unscreened,59.2,0,2,[],"[""late_stage_delivery""]",,,,0.0,,,"Delivery upside is an asset-progress proxy, not proof of management quality. Downside uses sourced company evidence. A missing risk signal means unscreened, not low risk. Historical outcomes are validation labels and are not score features."
TLX,Telix Pharmaceuticals Limited American Depositary Shares,41.03,0.0,0.0,0.0,0.0,41.03,insufficient_risk_evidence,sparse_risk_unscreened,18.48,1,1,[],"[""late_stage_delivery"", ""regulatory_approval""]",,,,0.0,,,"Delivery upside is an asset-progress proxy, not proof of management quality. Downside uses sourced company evidence. A missing risk signal means unscreened, not low risk. Historical outcomes are validation labels and are not score features."
TARA,Protara Therapeutics Inc.  Common Stock,40.93,0.0,0.0,0.0,0.0,40.93,insufficient_risk_evidence,market_only_risk_unscreened,50.8,0,2,[],"[""late_stage_delivery"", ""strong_asset_portfolio""]",,,,0.0,,,"Delivery upside is an asset-progress proxy, not proof of management quality. Downside uses sourced company evidence. A missing risk signal means unscreened, not low risk. Historical outcomes are validation labels and are not score features."
BTAI,BioXcel Therapeutics Inc. Common Stock,40.92,0.0,0.0,0.0,0.0,40.92,insufficient_risk_evidence,market_only_risk_unscreened,59.2,1,1,[],"[""late_stage_delivery"", ""regulatory_approval""]",,,,0.0,,,"Delivery upside is an asset-progress proxy, not proof of management quality. Downside uses sourced company evidence. A missing risk signal means unscreened, not low risk. Historical outcomes are validation labels and are not score features."
MBRX,Moleculin Biotech Inc. Common Stock,40.76,0.0,0.0,0.0,0.0,40.76,insufficient_risk_evidence,market_only_risk_unscreened,50.8,0,2,[],"[""late_stage_delivery"", ""strong_asset_portfolio""]",,,,0.0,,,"Delivery upside is an asset-progress proxy, not proof of management quality. Downside uses sourced company evidence. A missing risk signal means unscreened, not low risk. Historical outcomes are validation labels and are not score features."
IMRX,Immuneering Corporation Class A Common Stock,40.73,0.0,0.0,0.0,0.0,40.73,insufficient_risk_evidence,market_only_risk_unscreened,59.2,0,2,[],"[""late_stage_delivery""]",,,,0.0,,,"Delivery upside is an asset-progress proxy, not proof of management quality. Downside uses sourced company evidence. A missing risk signal means unscreened, not low risk. Historical outcomes are validation labels and are not score features."
IXHL,Incannex Healthcare Inc. Common Stock,40.7,0.0,0.0,0.0,0.0,40.7,insufficient_risk_evidence,market_only_risk_unscreened,59.2,0,4,[],"[""late_stage_delivery""]",,,,0.0,,,"Delivery upside is an asset-progress proxy, not proof of management quality. Downside uses sourced company evidence. A missing risk signal means unscreened, not low risk. Historical outcomes are validation labels and are not score features."
LONA,LeonaBio Inc. Common Stock,40.61,0.0,0.0,0.0,0.0,40.61,insufficient_risk_evidence,market_only_risk_unscreened,50.8,0,2,[],"[""late_stage_delivery"", ""strong_asset_portfolio""]",,,,0.0,,,"Delivery upside is an asset-progress proxy, not proof of management quality. Downside uses sourced company evidence. A missing risk signal means unscreened, not low risk. Historical outcomes are validation labels and are not score features."
SMMT,Summit Therapeutics Inc. Common Stock ,40.61,0.0,0.0,0.0,0.0,40.61,insufficient_risk_evidence,market_only_risk_unscreened,50.8,0,2,[],"[""late_stage_delivery"", ""strong_asset_portfolio""]",,,,0.0,,,"Delivery upside is an asset-progress proxy, not proof of management quality. Downside uses sourced company evidence. A missing risk signal means unscreened, not low risk. Historical outcomes are validation labels and are not score features."
DYN,Dyne Therapeutics Inc. Common Stock,40.59,0.0,0.0,0.0,0.0,40.59,insufficient_risk_evidence,market_only_risk_unscreened,59.2,0,2,[],"[""late_stage_delivery""]",,,,0.0,,,"Delivery upside is an asset-progress proxy, not proof of management quality. Downside uses sourced company evidence. A missing risk signal means unscreened, not low risk. Historical outcomes are validation labels and are not score features."
MNKD,MannKind Corporation Common Stock,40.55,0.0,0.0,0.0,0.0,40.55,insufficient_risk_evidence,market_only_risk_unscreened,59.2,1,1,[],"[""late_stage_delivery"", ""regulatory_approval""]",,,,0.0,,,"Delivery upside is an asset-progress proxy, not proof of management quality. Downside uses sourced company evidence. A missing risk signal means unscreened, not low risk. Historical outcomes are validation labels and are not score features."
RGNX,REGENXBIO Inc. Common Stock,40.54,0.0,0.0,0.0,0.0,40.54,insufficient_risk_evidence,market_only_risk_unscreened,59.2,0,3,[],"[""late_stage_delivery""]",,,,0.0,,,"Delivery upside is an asset-progress proxy, not proof of management quality. Downside uses sourced company evidence. A missing risk signal means unscreened, not low risk. Historical outcomes are validation labels and are not score features."
TNXP,Tonix Pharmaceuticals Holding Corp. Common Stock,40.44,0.0,0.0,0.0,0.0,40.44,insufficient_risk_evidence,market_only_risk_unscreened,59.2,1,1,[],"[""late_stage_delivery"", ""regulatory_approval""]",,,,0.0,,,"Delivery upside is an asset-progress proxy, not proof of management quality. Downside uses sourced company evidence. A missing risk signal means unscreened, not low risk. Historical outcomes are validation labels and are not score features."
BCTX,BriaCell Therapeutics Corp. Common Shares,40.43,0.0,0.0,0.0,0.0,40.43,insufficient_risk_evidence,market_only_risk_unscreened,59.2,0,2,[],"[""late_stage_delivery""]",,,,0.0,,,"Delivery upside is an asset-progress proxy, not proof of management quality. Downside uses sourced company evidence. A missing risk signal means unscreened, not low risk. Historical outcomes are validation labels and are not score features."
VTVT,vTv Therapeutics Inc. Class A Common Stock,40.37,0.0,0.0,0.0,0.0,40.37,insufficient_risk_evidence,market_only_risk_unscreened,50.8,0,2,[],"[""late_stage_delivery""]",,,,0.0,,,"Delivery upside is an asset-progress proxy, not proof of management quality. Downside uses sourced company evidence. A missing risk signal means unscreened, not low risk. Historical outcomes are validation labels and are not score features."
ARQT,Arcutis Biotherapeutics Inc. Common Stock,40.24,0.0,0.0,0.0,0.0,40.24,insufficient_risk_evidence,market_only_risk_unscreened,50.8,1,1,[],"[""late_stage_delivery"", ""regulatory_approval""]",,,,0.0,,,"Delivery upside is an asset-progress proxy, not proof of management quality. Downside uses sourced company evidence. A missing risk signal means unscreened, not low risk. Historical outcomes are validation labels and are not score features."
MAIA,MAIA Biotechnology Inc. Common Stock,40.21,0.0,0.0,0.0,0.0,40.21,insufficient_risk_evidence,market_only_risk_unscreened,50.8,0,2,[],"[""late_stage_delivery""]",,,,0.0,,,"Delivery upside is an asset-progress proxy, not proof of management quality. Downside uses sourced company evidence. A missing risk signal means unscreened, not low risk. Historical outcomes are validation labels and are not score features."
VIR,Vir Biotechnology Inc. Common Stock,40.13,0.0,0.0,0.0,0.0,40.13,insufficient_risk_evidence,market_only_risk_unscreened,59.2,0,2,[],"[""late_stage_delivery""]",,,,0.0,,,"Delivery upside is an asset-progress proxy, not proof of management quality. Downside uses sourced company evidence. A missing risk signal means unscreened, not low risk. Historical outcomes are validation labels and are not score features."
ALMS,Alumis Inc. Common Stock,40.03,0.0,0.0,0.0,0.0,40.03,insufficient_risk_evidence,market_only_risk_unscreened,59.2,0,2,[],"[""late_stage_delivery""]",,,,0.0,,,"Delivery upside is an asset-progress proxy, not proof of management quality. Downside uses sourced company evidence. A missing risk signal means unscreened, not low risk. Historical outcomes are validation labels and are not score features."
OCS,Oculis Holding AG Ordinary shares,40.01,0.0,0.0,0.0,0.0,40.01,insufficient_risk_evidence,market_only_risk_unscreened,50.8,0,2,[],"[""late_stage_delivery""]",,,,0.0,,,"Delivery upside is an asset-progress proxy, not proof of management quality. Downside uses sourced company evidence. A missing risk signal means unscreened, not low risk. Historical outcomes are validation labels and are not score features."
VCEL,Vericel Corporation Common Stock,39.95,0.0,0.0,0.0,0.0,39.95,insufficient_risk_evidence,market_only_risk_unscreened,50.8,0,2,[],"[""late_stage_delivery""]",,,,0.0,,,"Delivery upside is an asset-progress proxy, not proof of management quality. Downside uses sourced company evidence. A missing risk signal means unscreened, not low risk. Historical outcomes are validation labels and are not score features."
MGNX,MacroGenics Inc. Common Stock,39.79,0.0,0.0,0.0,0.0,39.79,insufficient_risk_evidence,market_only_risk_unscreened,59.2,1,1,[],"[""late_stage_delivery"", ""regulatory_approval""]",,,,0.0,,,"Delivery upside is an asset-progress proxy, not proof of management quality. Downside uses sourced company evidence. A missing risk signal means unscreened, not low risk. Historical outcomes are validation labels and are not score features."
OMER,Omeros Corporation Common Stock,39.77,0.0,0.0,0.0,0.0,39.77,insufficient_risk_evidence,market_only_risk_unscreened,59.2,1,1,[],"[""late_stage_delivery"", ""regulatory_approval""]",,,,0.0,,,"Delivery upside is an asset-progress proxy, not proof of management quality. Downside uses sourced company evidence. A missing risk signal means unscreened, not low risk. Historical outcomes are validation labels and are not score features."
PVLA,Palvella Therapeutics Inc. Common Stock,39.44,0.0,0.0,0.0,0.0,39.44,insufficient_risk_evidence,market_only_risk_unscreened,50.8,0,2,[],"[""late_stage_delivery""]",,,,0.0,,,"Delivery upside is an asset-progress proxy, not proof of management quality. Downside uses sourced company evidence. A missing risk signal means unscreened, not low risk. Historical outcomes are validation labels and are not score features."
SVRA,Savara Inc. Common Stock,39.36,0.0,0.0,0.0,0.0,39.36,insufficient_risk_evidence,market_only_risk_unscreened,50.8,0,2,[],"[""late_stage_delivery""]",,,,0.0,,,"Delivery upside is an asset-progress proxy, not proof of management quality. Downside uses sourced company evidence. A missing risk signal means unscreened, not low risk. Historical outcomes are validation labels and are not score features."
ANNX,Annexon Inc. Common Stock,38.99,0.0,0.0,0.0,0.0,38.99,insufficient_risk_evidence,market_only_risk_unscreened,50.8,0,2,[],"[""late_stage_delivery""]",,,,0.0,,,"Delivery upside is an asset-progress proxy, not proof of management quality. Downside uses sourced company evidence. A missing risk signal means unscreened, not low risk. Historical outcomes are validation labels and are not score features."
IPHA,Innate Pharma S.A. ADS,38.93,0.0,0.0,0.0,0.0,38.93,insufficient_risk_evidence,market_only_risk_unscreened,56.68,1,1,[],"[""late_stage_delivery"", ""regulatory_approval""]",,,,0.0,,,"Delivery upside is an asset-progress proxy, not proof of management quality. Downside uses sourced company evidence. A missing risk signal means unscreened, not low risk. Historical outcomes are validation labels and are not score features."
ALDX,Aldeyra Therapeutics Inc. Common Stock,38.82,0.0,0.0,0.0,0.0,38.82,insufficient_risk_evidence,market_only_risk_unscreened,50.8,0,2,[],"[""late_stage_delivery""]",,,,0.0,,,"Delivery upside is an asset-progress proxy, not proof of management quality. Downside uses sourced company evidence. A missing risk signal means unscreened, not low risk. Historical outcomes are validation labels and are not score features."
MESO,Mesoblast Limited American Depositary Shares,38.79,0.0,0.0,0.0,0.0,38.79,insufficient_risk_evidence,market_only_risk_unscreened,50.8,0,2,[],"[""late_stage_delivery""]",,,,0.0,,,"Delivery upside is an asset-progress proxy, not proof of management quality. Downside uses sourced company evidence. A missing risk signal means unscreened, not low risk. Historical outcomes are validation labels and are not score features."
OCGN,Ocugen Inc. Common Stock,38.43,0.0,0.0,0.0,0.0,38.43,insufficient_risk_evidence,market_only_risk_unscreened,59.2,0,2,[],"[""late_stage_delivery""]",,,,0.0,,,"Delivery upside is an asset-progress proxy, not proof of management quality. Downside uses sourced company evidence. A missing risk signal means unscreened, not low risk. Historical outcomes are validation labels and are not score features."
PDSB,PDS Biotechnology Corporation Common Stock,38.4,0.0,0.0,0.0,0.0,38.4,insufficient_risk_evidence,market_only_risk_unscreened,50.8,0,2,[],"[""late_stage_delivery""]",,,,0.0,,,"Delivery upside is an asset-progress proxy, not proof of management quality. Downside uses sourced company evidence. A missing risk signal means unscreened, not low risk. Historical outcomes are validation labels and are not score features."
DBVT,DBV Technologies S.A. American Depositary Shares,38.1,0.0,0.0,0.0,0.0,38.1,insufficient_risk_evidence,market_only_risk_unscreened,49.12,0,2,[],"[""late_stage_delivery""]",,,,0.0,,,"Delivery upside is an asset-progress proxy, not proof of management quality. Downside uses sourced company evidence. A missing risk signal means unscreened, not low risk. Historical outcomes are validation labels and are not score features."
MLTX,MoonLake Immunotherapeutics Class A Ordinary Shares,37.99,0.0,0.0,0.0,0.0,37.99,insufficient_risk_evidence,sparse_risk_unscreened,19.2,0,1,[],"[""late_stage_delivery"", ""strong_asset_portfolio""]",,,,0.0,,,"Delivery upside is an asset-progress proxy, not proof of management quality. Downside uses sourced company evidence. A missing risk signal means unscreened, not low risk. Historical outcomes are validation labels and are not score features."
RAPP,Rapport Therapeutics Inc. Common Stock,37.85,0.0,0.0,0.0,0.0,37.85,insufficient_risk_evidence,sparse_risk_unscreened,19.2,0,1,[],"[""late_stage_delivery"", ""strong_asset_portfolio""]",,,,0.0,,,"Delivery upside is an asset-progress proxy, not proof of management quality. Downside uses sourced company evidence. A missing risk signal means unscreened, not low risk. Historical outcomes are validation labels and are not score features."
COGT,Cogent Biosciences Inc. Common Stock,37.83,0.0,0.0,0.0,0.0,37.83,insufficient_risk_evidence,market_only_risk_unscreened,59.2,0,1,[],"[""late_stage_delivery""]",,,,0.0,,,"Delivery upside is an asset-progress proxy, not proof of management quality. Downside uses sourced company evidence. A missing risk signal means unscreened, not low risk. Historical outcomes are validation labels and are not score features."
DNTH,Dianthus Therapeutics Inc. Common Stock,37.71,0.0,0.0,0.0,0.0,37.71,insufficient_risk_evidence,sparse_risk_unscreened,19.2,0,1,[],"[""late_stage_delivery"", ""strong_asset_portfolio""]",,,,0.0,,,"Delivery upside is an asset-progress proxy, not proof of management quality. Downside uses sourced company evidence. A missing risk signal means unscreened, not low risk. Historical outcomes are validation labels and are not score features."
NKTR,Nektar Therapeutics  Common Stock,37.49,0.0,0.0,0.0,0.0,37.49,insufficient_risk_evidence,sparse_risk_unscreened,19.2,0,1,[],"[""late_stage_delivery"", ""strong_asset_portfolio""]",,,,0.0,,,"Delivery upside is an asset-progress proxy, not proof of management quality. Downside uses sourced company evidence. A missing risk signal means unscreened, not low risk. Historical outcomes are validation labels and are not score features."
FDMT,4D Molecular Therapeutics Inc. Common Stock,37.33,0.0,0.0,0.0,0.0,37.33,insufficient_risk_evidence,market_only_risk_unscreened,59.2,0,1,[],"[""late_stage_delivery""]",,,,0.0,,,"Delivery upside is an asset-progress proxy, not proof of management quality. Downside uses sourced company evidence. A missing risk signal means unscreened, not low risk. Historical outcomes are validation labels and are not score features."
TENX,Tenax Therapeutics Inc. Common Stock,37.28,0.0,0.0,0.0,0.0,37.28,insufficient_risk_evidence,sparse_risk_unscreened,19.2,0,1,[],"[""late_stage_delivery"", ""strong_asset_portfolio""]",,,,0.0,,,"Delivery upside is an asset-progress proxy, not proof of management quality. Downside uses sourced company evidence. A missing risk signal means unscreened, not low risk. Historical outcomes are validation labels and are not score features."
TRVI,Trevi Therapeutics Inc. Common Stock,37.21,0.0,0.0,0.0,0.0,37.21,insufficient_risk_evidence,sparse_risk_unscreened,19.2,0,1,[],"[""late_stage_delivery"", ""strong_asset_portfolio""]",,,,0.0,,,"Delivery upside is an asset-progress proxy, not proof of management quality. Downside uses sourced company evidence. A missing risk signal means unscreened, not low risk. Historical outcomes are validation labels and are not score features."
EOLS,Evolus Inc. Common Stock,36.91,0.0,0.0,0.0,0.0,36.91,insufficient_risk_evidence,sparse_risk_unscreened,19.2,1,1,[],"[""late_stage_delivery"", ""regulatory_approval""]",,,,0.0,,,"Delivery upside is an asset-progress proxy, not proof of management quality. Downside uses sourced company evidence. A missing risk signal means unscreened, not low risk. Historical outcomes are validation labels and are not score features."
HUMA,Humacyte Inc. Common Stock,36.88,0.0,0.0,0.0,0.0,36.88,insufficient_risk_evidence,market_only_risk_unscreened,50.8,0,2,[],"[""late_stage_delivery""]",,,,0.0,,,"Delivery upside is an asset-progress proxy, not proof of management quality. Downside uses sourced company evidence. A missing risk signal means unscreened, not low risk. Historical outcomes are validation labels and are not score features."
INTS,Intensity Therapeutics Inc. Common stock,36.8,0.0,0.0,0.0,0.0,36.8,insufficient_risk_evidence,market_only_risk_unscreened,50.8,0,2,[],"[""late_stage_delivery""]",,,,0.0,,,"Delivery upside is an asset-progress proxy, not proof of management quality. Downside uses sourced company evidence. A missing risk signal means unscreened, not low risk. Historical outcomes are validation labels and are not score features."
ANVS,Annovis Bio Inc. Common Stock,36.77,0.0,0.0,0.0,0.0,36.77,insufficient_risk_evidence,sparse_risk_unscreened,19.2,0,1,[],"[""late_stage_delivery"", ""strong_asset_portfolio""]",,,,0.0,,,"Delivery upside is an asset-progress proxy, not proof of management quality. Downside uses sourced company evidence. A missing risk signal means unscreened, not low risk. Historical outcomes are validation labels and are not score features."
IKT,Inhibikase Therapeutics Inc. Common Stock,36.57,0.0,0.0,0.0,0.0,36.57,insufficient_risk_evidence,sparse_risk_unscreened,19.2,0,1,[],"[""late_stage_delivery"", ""strong_asset_portfolio""]",,,,0.0,,,"Delivery upside is an asset-progress proxy, not proof of management quality. Downside uses sourced company evidence. A missing risk signal means unscreened, not low risk. Historical outcomes are validation labels and are not score features."
NRIX,Nurix Therapeutics Inc. Common stock,36.39,0.0,0.0,0.0,0.0,36.39,insufficient_risk_evidence,market_only_risk_unscreened,59.2,0,1,[],"[""late_stage_delivery""]",,,,0.0,,,"Delivery upside is an asset-progress proxy, not proof of management quality. Downside uses sourced company evidence. A missing risk signal means unscreened, not low risk. Historical outcomes are validation labels and are not score features."
SLGL,Sol-Gel Technologies Ltd. Ordinary Shares,36.34,0.0,0.0,0.0,0.0,36.34,insufficient_risk_evidence,market_only_risk_unscreened,50.8,0,2,[],"[""late_stage_delivery""]",,,,0.0,,,"Delivery upside is an asset-progress proxy, not proof of management quality. Downside uses sourced company evidence. A missing risk signal means unscreened, not low risk. Historical outcomes are validation labels and are not score features."
AVBP,ArriVent BioPharma Inc. Common Stock,36.26,0.0,0.0,0.0,0.0,36.26,insufficient_risk_evidence,market_only_risk_unscreened,59.2,0,2,[],"[""late_stage_delivery""]",,,,0.0,,,"Delivery upside is an asset-progress proxy, not proof of management quality. Downside uses sourced company evidence. A missing risk signal means unscreened, not low risk. Historical outcomes are validation labels and are not score features."
IRON,Disc Medicine Inc. Common Stock,36.2,0.0,0.0,0.0,0.0,36.2,insufficient_risk_evidence,market_only_risk_unscreened,59.2,0,1,[],"[""late_stage_delivery""]",,,,0.0,,,"Delivery upside is an asset-progress proxy, not proof of management quality. Downside uses sourced company evidence. A missing risk signal means unscreened, not low risk. Historical outcomes are validation labels and are not score features."
CABA,Cabaletta Bio Inc. Common Stock,36.15,0.0,0.0,0.0,0.0,36.15,insufficient_risk_evidence,market_only_risk_unscreened,59.2,0,1,[],"[""late_stage_delivery""]",,,,0.0,,,"Delivery upside is an asset-progress proxy, not proof of management quality. Downside uses sourced company evidence. A missing risk signal means unscreened, not low risk. Historical outcomes are validation labels and are not score features."
DFTX,Definium Therapeutics Inc. Common Shares,36.09,0.0,0.0,0.0,0.0,36.09,insufficient_risk_evidence,market_only_risk_unscreened,49.12,0,1,[],"[""late_stage_delivery""]",,,,0.0,,,"Delivery upside is an asset-progress proxy, not proof of management quality. Downside uses sourced company evidence. A missing risk signal means unscreened, not low risk. Historical outcomes are validation labels and are not score features."
DMAC,DiaMedica Therapeutics Inc. Common Stock,36.07,0.0,0.0,0.0,0.0,36.07,insufficient_risk_evidence,sparse_risk_unscreened,19.2,0,1,[],"[""late_stage_delivery"", ""strong_asset_portfolio""]",,,,0.0,,,"Delivery upside is an asset-progress proxy, not proof of management quality. Downside uses sourced company evidence. A missing risk signal means unscreened, not low risk. Historical outcomes are validation labels and are not score features."
GLSI,Greenwich LifeSciences Inc. Common Stock,36.07,0.0,0.0,0.0,0.0,36.07,insufficient_risk_evidence,sparse_risk_unscreened,19.2,0,1,[],"[""late_stage_delivery"", ""strong_asset_portfolio""]",,,,0.0,,,"Delivery upside is an asset-progress proxy, not proof of management quality. Downside uses sourced company evidence. A missing risk signal means unscreened, not low risk. Historical outcomes are validation labels and are not score features."
OGN,Organon & Co. Common Stock ,36.04,0.0,0.0,0.0,0.0,36.04,insufficient_risk_evidence,sparse_risk_unscreened,19.2,0,1,[],"[""late_stage_delivery"", ""strong_asset_portfolio""]",,,,0.0,,,"Delivery upside is an asset-progress proxy, not proof of management quality. Downside uses sourced company evidence. A missing risk signal means unscreened, not low risk. Historical outcomes are validation labels and are not score features."
PROK,ProKidney Corp. Class A Ordinary Shares,36.04,0.0,0.0,0.0,0.0,36.04,insufficient_risk_evidence,sparse_risk_unscreened,19.2,0,1,[],"[""late_stage_delivery"", ""strong_asset_portfolio""]",,,,0.0,,,"Delivery upside is an asset-progress proxy, not proof of management quality. Downside uses sourced company evidence. A missing risk signal means unscreened, not low risk. Historical outcomes are validation labels and are not score features."
KNSA,Kiniksa Pharmaceuticals International plc Class A Ordinary Shares,35.99,0.0,0.0,0.0,0.0,35.99,insufficient_risk_evidence,sparse_risk_unscreened,19.2,0,1,[],"[""late_stage_delivery"", ""strong_asset_portfolio""]",,,,0.0,,,"Delivery upside is an asset-progress proxy, not proof of management quality. Downside uses sourced company evidence. A missing risk signal means unscreened, not low risk. Historical outcomes are validation labels and are not score features."
CLDX,Celldex Therapeutics Inc.,35.82,0.0,0.0,0.0,0.0,35.82,insufficient_risk_evidence,market_only_risk_unscreened,50.8,0,1,[],"[""late_stage_delivery""]",,,,0.0,,,"Delivery upside is an asset-progress proxy, not proof of management quality. Downside uses sourced company evidence. A missing risk signal means unscreened, not low risk. Historical outcomes are validation labels and are not score features."
HURA,TuHURA Biosciences Inc. Common Stock,35.82,0.0,0.0,0.0,0.0,35.82,insufficient_risk_evidence,sparse_risk_unscreened,19.2,0,1,[],"[""late_stage_delivery""]",,,,0.0,,,"Delivery upside is an asset-progress proxy, not proof of management quality. Downside uses sourced company evidence. A missing risk signal means unscreened, not low risk. Historical outcomes are validation labels and are not score features."
RLAY,Relay Therapeutics Inc. Common Stock,35.81,0.0,0.0,0.0,0.0,35.81,insufficient_risk_evidence,market_only_risk_unscreened,59.2,0,1,[],"[""late_stage_delivery""]",,,,0.0,,,"Delivery upside is an asset-progress proxy, not proof of management quality. Downside uses sourced company evidence. A missing risk signal means unscreened, not low risk. Historical outcomes are validation labels and are not score features."
ALXO,ALX Oncology Holdings Inc. Common Stock,35.77,0.0,0.0,0.0,0.0,35.77,insufficient_risk_evidence,market_only_risk_unscreened,59.2,0,1,[],"[""late_stage_delivery""]",,,,0.0,,,"Delivery upside is an asset-progress proxy, not proof of management quality. Downside uses sourced company evidence. A missing risk signal means unscreened, not low risk. Historical outcomes are validation labels and are not score features."
IMNN,Imunon Inc. Common Stock,35.68,0.0,0.0,0.0,0.0,35.68,insufficient_risk_evidence,market_only_risk_unscreened,50.8,0,1,[],"[""late_stage_delivery""]",,,,0.0,,,"Delivery upside is an asset-progress proxy, not proof of management quality. Downside uses sourced company evidence. A missing risk signal means unscreened, not low risk. Historical outcomes are validation labels and are not score features."
AURA,Aura Biosciences Inc. Common Stock,35.54,0.0,0.0,0.0,0.0,35.54,insufficient_risk_evidence,market_only_risk_unscreened,59.2,0,1,[],"[""late_stage_delivery""]",,,,0.0,,,"Delivery upside is an asset-progress proxy, not proof of management quality. Downside uses sourced company evidence. A missing risk signal means unscreened, not low risk. Historical outcomes are validation labels and are not score features."
OLMA,Olema Pharmaceuticals Inc. Common Stock,35.53,0.0,0.0,0.0,0.0,35.53,insufficient_risk_evidence,market_only_risk_unscreened,50.8,0,1,[],"[""late_stage_delivery""]",,,,0.0,,,"Delivery upside is an asset-progress proxy, not proof of management quality. Downside uses sourced company evidence. A missing risk signal means unscreened, not low risk. Historical outcomes are validation labels and are not score features."
INBX,Inhibrx Biosciences Inc. Common Stock,35.36,0.0,0.0,0.0,0.0,35.36,insufficient_risk_evidence,market_only_risk_unscreened,59.2,0,1,[],"[""late_stage_delivery""]",,,,0.0,,,"Delivery upside is an asset-progress proxy, not proof of management quality. Downside uses sourced company evidence. A missing risk signal means unscreened, not low risk. Historical outcomes are validation labels and are not score features."
TSHA,Taysha Gene Therapies Inc. Common Stock,35.31,0.0,0.0,0.0,0.0,35.31,insufficient_risk_evidence,sparse_risk_unscreened,19.2,0,1,[],"[""late_stage_delivery""]",,,,0.0,,,"Delivery upside is an asset-progress proxy, not proof of management quality. Downside uses sourced company evidence. A missing risk signal means unscreened, not low risk. Historical outcomes are validation labels and are not score features."
TCRX,TScan Therapeutics Inc. Common Stock,35.3,0.0,0.0,0.0,0.0,35.3,insufficient_risk_evidence,market_only_risk_unscreened,59.2,0,1,[],"[""late_stage_delivery""]",,,,0.0,,,"Delivery upside is an asset-progress proxy, not proof of management quality. Downside uses sourced company evidence. A missing risk signal means unscreened, not low risk. Historical outcomes are validation labels and are not score features."
GENB,Generate Biomedicines Inc. Common Stock,35.24,0.0,0.0,0.0,0.0,35.24,insufficient_risk_evidence,market_only_risk_unscreened,59.2,0,1,[],"[""late_stage_delivery""]",,,,0.0,,,"Delivery upside is an asset-progress proxy, not proof of management quality. Downside uses sourced company evidence. A missing risk signal means unscreened, not low risk. Historical outcomes are validation labels and are not score features."
KRYS,Krystal Biotech Inc. Common Stock,35.24,0.0,0.0,0.0,0.0,35.24,insufficient_risk_evidence,market_only_risk_unscreened,59.2,0,1,[],"[""late_stage_delivery""]",,,,0.0,,,"Delivery upside is an asset-progress proxy, not proof of management quality. Downside uses sourced company evidence. A missing risk signal means unscreened, not low risk. Historical outcomes are validation labels and are not score features."
RNAC,Cartesian Therapeutics Inc. Common Stock,35.23,0.0,0.0,0.0,0.0,35.23,insufficient_risk_evidence,market_only_risk_unscreened,50.8,0,1,[],"[""late_stage_delivery""]",,,,0.0,,,"Delivery upside is an asset-progress proxy, not proof of management quality. Downside uses sourced company evidence. A missing risk signal means unscreened, not low risk. Historical outcomes are validation labels and are not score features."
SRRK,Scholar Rock Holding Corporation Common Stock,35.22,0.0,0.0,0.0,0.0,35.22,insufficient_risk_evidence,market_only_risk_unscreened,50.8,0,1,[],"[""late_stage_delivery""]",,,,0.0,,,"Delivery upside is an asset-progress proxy, not proof of management quality. Downside uses sourced company evidence. A missing risk signal means unscreened, not low risk. Historical outcomes are validation labels and are not score features."
KYTX,Kyverna Therapeutics Inc. Common Stock,35.18,0.0,0.0,0.0,0.0,35.18,insufficient_risk_evidence,market_only_risk_unscreened,59.2,0,1,[],"[""late_stage_delivery""]",,,,0.0,,,"Delivery upside is an asset-progress proxy, not proof of management quality. Downside uses sourced company evidence. A missing risk signal means unscreened, not low risk. Historical outcomes are validation labels and are not score features."
MBX,MBX Biosciences Inc. Common Stock,35.16,0.0,0.0,0.0,0.0,35.16,insufficient_risk_evidence,market_only_risk_unscreened,59.2,0,1,[],"[""late_stage_delivery""]",,,,0.0,,,"Delivery upside is an asset-progress proxy, not proof of management quality. Downside uses sourced company evidence. A missing risk signal means unscreened, not low risk. Historical outcomes are validation labels and are not score features."
CRDL,Cardiol Therapeutics Inc. Class A Common Shares,35.07,0.0,0.0,0.0,0.0,35.07,insufficient_risk_evidence,sparse_risk_unscreened,19.2,0,1,[],"[""late_stage_delivery""]",,,,0.0,,,"Delivery upside is an asset-progress proxy, not proof of management quality. Downside uses sourced company evidence. A missing risk signal means unscreened, not low risk. Historical outcomes are validation labels and are not score features."
ACHV,Achieve Life Sciences Inc. Common Shares,35.02,0.0,0.0,0.0,0.0,35.02,insufficient_risk_evidence,sparse_risk_unscreened,19.2,0,1,[],"[""late_stage_delivery""]",,,,0.0,,,"Delivery upside is an asset-progress proxy, not proof of management quality. Downside uses sourced company evidence. A missing risk signal means unscreened, not low risk. Historical outcomes are validation labels and are not score features."
HALO,Halozyme Therapeutics Inc. Common Stock,35.02,0.0,0.0,0.0,0.0,35.02,insufficient_risk_evidence,sparse_risk_unscreened,19.2,0,1,[],"[""late_stage_delivery""]",,,,0.0,,,"Delivery upside is an asset-progress proxy, not proof of management quality. Downside uses sourced company evidence. A missing risk signal means unscreened, not low risk. Historical outcomes are validation labels and are not score features."
VKTX,Viking Therapeutics Inc. Common Stock,35.02,0.0,0.0,0.0,0.0,35.02,insufficient_risk_evidence,sparse_risk_unscreened,19.2,0,1,[],"[""late_stage_delivery""]",,,,0.0,,,"Delivery upside is an asset-progress proxy, not proof of management quality. Downside uses sourced company evidence. A missing risk signal means unscreened, not low risk. Historical outcomes are validation labels and are not score features."
SLDB,Solid Biosciences Inc. Common Stock,35.0,0.0,0.0,0.0,0.0,35.0,insufficient_risk_evidence,market_only_risk_unscreened,59.2,0,1,[],"[""late_stage_delivery""]",,,,0.0,,,"Delivery upside is an asset-progress proxy, not proof of management quality. Downside uses sourced company evidence. A missing risk signal means unscreened, not low risk. Historical outcomes are validation labels and are not score features."
ERAS,Erasca Inc. Common Stock,34.91,0.0,0.0,0.0,0.0,34.91,insufficient_risk_evidence,market_only_risk_unscreened,59.2,0,1,[],"[""late_stage_delivery""]",,,,0.0,,,"Delivery upside is an asset-progress proxy, not proof of management quality. Downside uses sourced company evidence. A missing risk signal means unscreened, not low risk. Historical outcomes are validation labels and are not score features."
STOK,Stoke Therapeutics Inc. Common Stock,34.84,0.0,0.0,0.0,0.0,34.84,insufficient_risk_evidence,market_only_risk_unscreened,50.8,0,1,[],"[""late_stage_delivery""]",,,,0.0,,,"Delivery upside is an asset-progress proxy, not proof of management quality. Downside uses sourced company evidence. A missing risk signal means unscreened, not low risk. Historical outcomes are validation labels and are not score features."
VTGN,Vistagen Therapeutics Inc. Common Stock,34.76,0.0,0.0,0.0,0.0,34.76,insufficient_risk_evidence,market_only_risk_unscreened,50.8,0,1,[],"[""late_stage_delivery""]",,,,0.0,,,"Delivery upside is an asset-progress proxy, not proof of management quality. Downside uses sourced company evidence. A missing risk signal means unscreened, not low risk. Historical outcomes are validation labels and are not score features."
BLTE,Belite Bio Inc American Depositary Shares,34.75,0.0,0.0,0.0,0.0,34.75,insufficient_risk_evidence,sparse_risk_unscreened,19.2,0,1,[],"[""late_stage_delivery""]",,,,0.0,,,"Delivery upside is an asset-progress proxy, not proof of management quality. Downside uses sourced company evidence. A missing risk signal means unscreened, not low risk. Historical outcomes are validation labels and are not score features."
ENSC,Ensysce Biosciences Inc. Common Stock,34.71,0.0,0.0,0.0,0.0,34.71,insufficient_risk_evidence,market_only_risk_unscreened,50.8,0,1,[],"[""late_stage_delivery""]",,,,0.0,,,"Delivery upside is an asset-progress proxy, not proof of management quality. Downside uses sourced company evidence. A missing risk signal means unscreened, not low risk. Historical outcomes are validation labels and are not score features."
CMPX,Compass Therapeutics Inc. Common Stock,34.61,0.0,0.0,0.0,0.0,34.61,insufficient_risk_evidence,market_only_risk_unscreened,59.2,0,1,[],"[""late_stage_delivery""]",,,,0.0,,,"Delivery upside is an asset-progress proxy, not proof of management quality. Downside uses sourced company evidence. A missing risk signal means unscreened, not low risk. Historical outcomes are validation labels and are not score features."
IMUX,Immunic Inc. Common Stock,34.58,0.0,0.0,0.0,0.0,34.58,insufficient_risk_evidence,market_only_risk_unscreened,59.2,0,1,[],"[""late_stage_delivery""]",,,,0.0,,,"Delivery upside is an asset-progress proxy, not proof of management quality. Downside uses sourced company evidence. A missing risk signal means unscreened, not low risk. Historical outcomes are validation labels and are not score features."
GRCE,Grace Therapeutics Inc. Common Stock,34.41,0.0,0.0,0.0,0.0,34.41,insufficient_risk_evidence,market_only_risk_unscreened,50.8,0,2,[],"[""late_stage_delivery""]",,,,0.0,,,"Delivery upside is an asset-progress proxy, not proof of management quality. Downside uses sourced company evidence. A missing risk signal means unscreened, not low risk. Historical outcomes are validation labels and are not score features."
LKFT,Lakefront Biotherapeutics American Depositary Shares,34.39,0.0,0.0,0.0,0.0,34.39,insufficient_risk_evidence,market_only_risk_unscreened,49.96,0,1,[],"[""late_stage_delivery""]",,,,0.0,,,"Delivery upside is an asset-progress proxy, not proof of management quality. Downside uses sourced company evidence. A missing risk signal means unscreened, not low risk. Historical outcomes are validation labels and are not score features."
MLYS,Mineralys Therapeutics Inc. Common Stock,34.32,0.0,0.0,0.0,0.0,34.32,insufficient_risk_evidence,sparse_risk_unscreened,19.2,0,1,[],"[""late_stage_delivery""]",,,,0.0,,,"Delivery upside is an asset-progress proxy, not proof of management quality. Downside uses sourced company evidence. A missing risk signal means unscreened, not low risk. Historical outcomes are validation labels and are not score features."
NMRA,Neumora Therapeutics Inc. Common Stock,34.32,0.0,0.0,0.0,0.0,34.32,insufficient_risk_evidence,sparse_risk_unscreened,19.2,0,1,[],"[""late_stage_delivery""]",,,,0.0,,,"Delivery upside is an asset-progress proxy, not proof of management quality. Downside uses sourced company evidence. A missing risk signal means unscreened, not low risk. Historical outcomes are validation labels and are not score features."
BCAX,Bicara Therapeutics Inc. Common Stock,34.22,0.0,0.0,0.0,0.0,34.22,insufficient_risk_evidence,market_only_risk_unscreened,50.8,0,1,[],"[""late_stage_delivery""]",,,,0.0,,,"Delivery upside is an asset-progress proxy, not proof of management quality. Downside uses sourced company evidence. A missing risk signal means unscreened, not low risk. Historical outcomes are validation labels and are not score features."
ZBIO,Zenas BioPharma Inc. Common Stock,34.22,0.0,0.0,0.0,0.0,34.22,insufficient_risk_evidence,market_only_risk_unscreened,49.12,0,1,[],"[""late_stage_delivery""]",,,,0.0,,,"Delivery upside is an asset-progress proxy, not proof of management quality. Downside uses sourced company evidence. A missing risk signal means unscreened, not low risk. Historical outcomes are validation labels and are not score features."
IMNM,Immunome Inc. Common Stock,33.95,0.0,0.0,0.0,0.0,33.95,insufficient_risk_evidence,market_only_risk_unscreened,59.2,0,1,[],"[""late_stage_delivery""]",,,,0.0,,,"Delivery upside is an asset-progress proxy, not proof of management quality. Downside uses sourced company evidence. A missing risk signal means unscreened, not low risk. Historical outcomes are validation labels and are not score features."
RLMD,Relmada Therapeutics Inc. Common Stock,33.91,0.0,0.0,0.0,0.0,33.91,insufficient_risk_evidence,market_only_risk_unscreened,50.8,0,1,[],"[""late_stage_delivery""]",,,,0.0,,,"Delivery upside is an asset-progress proxy, not proof of management quality. Downside uses sourced company evidence. A missing risk signal means unscreened, not low risk. Historical outcomes are validation labels and are not score features."
KMDA,Kamada Ltd. Ordinary Shares,33.69,0.0,0.0,0.0,0.0,33.69,insufficient_risk_evidence,sparse_risk_unscreened,19.2,0,1,[],"[""late_stage_delivery""]",,,,0.0,,,"Delivery upside is an asset-progress proxy, not proof of management quality. Downside uses sourced company evidence. A missing risk signal means unscreened, not low risk. Historical outcomes are validation labels and are not score features."
MNOV,Medicinova Inc Common Stock,33.66,0.0,0.0,0.0,0.0,33.66,insufficient_risk_evidence,market_only_risk_unscreened,50.8,0,1,[],"[""late_stage_delivery""]",,,,0.0,,,"Delivery upside is an asset-progress proxy, not proof of management quality. Downside uses sourced company evidence. A missing risk signal means unscreened, not low risk. Historical outcomes are validation labels and are not score features."
ZLAB,Zai Lab Limited American Depositary Shares,33.61,0.0,0.0,0.0,0.0,33.61,insufficient_risk_evidence,market_only_risk_unscreened,56.68,0,1,[],"[""late_stage_delivery""]",,,,0.0,,,"Delivery upside is an asset-progress proxy, not proof of management quality. Downside uses sourced company evidence. A missing risk signal means unscreened, not low risk. Historical outcomes are validation labels and are not score features."
PLYX,Polaryx Therapeutics Inc. Common Stock,33.48,0.0,0.0,0.0,0.0,33.48,insufficient_risk_evidence,sparse_risk_unscreened,19.2,0,1,[],"[""late_stage_delivery""]",,,,0.0,,,"Delivery upside is an asset-progress proxy, not proof of management quality. Downside uses sourced company evidence. A missing risk signal means unscreened, not low risk. Historical outcomes are validation labels and are not score features."
NSRX,Nasus Pharma Ltd. Ordinary Shares,33.14,0.0,0.0,0.0,0.0,33.14,insufficient_risk_evidence,market_only_risk_unscreened,59.2,0,2,[],"[""late_stage_delivery""]",,,,0.0,,,"Delivery upside is an asset-progress proxy, not proof of management quality. Downside uses sourced company evidence. A missing risk signal means unscreened, not low risk. Historical outcomes are validation labels and are not score features."
SPRB,Spruce Biosciences Inc. Common Stock,32.96,0.0,0.0,0.0,0.0,32.96,insufficient_risk_evidence,sparse_risk_unscreened,19.2,0,1,[],"[""late_stage_delivery""]",,,,0.0,,,"Delivery upside is an asset-progress proxy, not proof of management quality. Downside uses sourced company evidence. A missing risk signal means unscreened, not low risk. Historical outcomes are validation labels and are not score features."
SLS,SELLAS Life Sciences Group Inc. Common Stock,32.54,0.0,0.0,0.0,0.0,32.54,insufficient_risk_evidence,market_only_risk_unscreened,50.8,0,1,[],"[""late_stage_delivery""]",,,,0.0,,,"Delivery upside is an asset-progress proxy, not proof of management quality. Downside uses sourced company evidence. A missing risk signal means unscreened, not low risk. Historical outcomes are validation labels and are not score features."
BLRX,BioLineRx Ltd. American Depositary Shares,31.83,0.0,0.0,0.0,0.0,31.83,insufficient_risk_evidence,sparse_risk_unscreened,19.2,0,1,[],"[""late_stage_delivery""]",,,,0.0,,,"Delivery upside is an asset-progress proxy, not proof of management quality. Downside uses sourced company evidence. A missing risk signal means unscreened, not low risk. Historical outcomes are validation labels and are not score features."
PTGX,Protagonist Therapeutics Inc. Common Stock,31.73,0.0,0.0,0.0,0.0,31.73,insufficient_risk_evidence,market_only_risk_unscreened,59.2,0,1,[],"[""late_stage_delivery""]",,,,0.0,,,"Delivery upside is an asset-progress proxy, not proof of management quality. Downside uses sourced company evidence. A missing risk signal means unscreened, not low risk. Historical outcomes are validation labels and are not score features."
TBPH,Theravance Biopharma Inc. Ordinary Shares,31.53,0.0,0.0,0.0,0.0,31.53,insufficient_risk_evidence,sparse_risk_unscreened,19.2,0,1,[],"[""late_stage_delivery""]",,,,0.0,,,"Delivery upside is an asset-progress proxy, not proof of management quality. Downside uses sourced company evidence. A missing risk signal means unscreened, not low risk. Historical outcomes are validation labels and are not score features."
NGNE,Neurogene Inc. Common Stock ,31.2,0.0,0.0,0.0,0.0,31.2,insufficient_risk_evidence,market_only_risk_unscreened,50.8,0,1,[],"[""late_stage_delivery""]",,,,0.0,,,"Delivery upside is an asset-progress proxy, not proof of management quality. Downside uses sourced company evidence. A missing risk signal means unscreened, not low risk. Historical outcomes are validation labels and are not score features."
SYRE,Spyre Therapeutics Inc. Common Stock,30.22,0.0,0.0,0.0,0.0,30.22,insufficient_risk_evidence,market_only_risk_unscreened,59.2,0,0,[],[],,,,0.0,,,"Delivery upside is an asset-progress proxy, not proof of management quality. Downside uses sourced company evidence. A missing risk signal means unscreened, not low risk. Historical outcomes are validation labels and are not score features."
ABEO,Abeona Therapeutics Inc. Common Stock,29.36,0.0,0.0,0.0,0.0,29.36,insufficient_risk_evidence,market_only_risk_unscreened,59.2,0,1,[],"[""late_stage_delivery""]",,,,0.0,,,"Delivery upside is an asset-progress proxy, not proof of management quality. Downside uses sourced company evidence. A missing risk signal means unscreened, not low risk. Historical outcomes are validation labels and are not score features."
MGTX,MeiraGTx Holdings plc Ordinary Shares,29.05,0.0,0.0,0.0,0.0,29.05,insufficient_risk_evidence,market_only_risk_unscreened,59.2,0,0,[],[],,,,0.0,,,"Delivery upside is an asset-progress proxy, not proof of management quality. Downside uses sourced company evidence. A missing risk signal means unscreened, not low risk. Historical outcomes are validation labels and are not score features."
EVMN,Evommune Inc. Common Stock,28.99,0.0,0.0,0.0,0.0,28.99,insufficient_risk_evidence,market_only_risk_unscreened,59.2,0,0,[],[],,,,0.0,,,"Delivery upside is an asset-progress proxy, not proof of management quality. Downside uses sourced company evidence. A missing risk signal means unscreened, not low risk. Historical outcomes are validation labels and are not score features."
TYRA,Tyra Biosciences Inc. Common Stock,28.96,0.0,0.0,0.0,0.0,28.96,insufficient_risk_evidence,market_only_risk_unscreened,59.2,0,0,[],[],,,,0.0,,,"Delivery upside is an asset-progress proxy, not proof of management quality. Downside uses sourced company evidence. A missing risk signal means unscreened, not low risk. Historical outcomes are validation labels and are not score features."
ORKA,Oruka Therapeutics Inc. Common Stock,28.83,0.0,0.0,0.0,0.0,28.83,insufficient_risk_evidence,market_only_risk_unscreened,59.2,0,0,[],[],,,,0.0,,,"Delivery upside is an asset-progress proxy, not proof of management quality. Downside uses sourced company evidence. A missing risk signal means unscreened, not low risk. Historical outcomes are validation labels and are not score features."
ANRO,Alto Neuroscience Inc. Common Stock,28.14,0.0,0.0,0.0,0.0,28.14,insufficient_risk_evidence,market_only_risk_unscreened,59.2,0,0,[],[],,,,0.0,,,"Delivery upside is an asset-progress proxy, not proof of management quality. Downside uses sourced company evidence. A missing risk signal means unscreened, not low risk. Historical outcomes are validation labels and are not score features."
EWTX,Edgewise Therapeutics Inc. Common Stock,28.13,0.0,0.0,0.0,0.0,28.13,insufficient_risk_evidence,market_only_risk_unscreened,59.2,0,0,[],[],,,,0.0,,,"Delivery upside is an asset-progress proxy, not proof of management quality. Downside uses sourced company evidence. A missing risk signal means unscreened, not low risk. Historical outcomes are validation labels and are not score features."
TRAW,Traws Pharma Inc. Common Stock,28.0,0.0,0.0,0.0,0.0,28.0,insufficient_risk_evidence,market_only_risk_unscreened,59.2,0,0,[],[],,,,0.0,,,"Delivery upside is an asset-progress proxy, not proof of management quality. Downside uses sourced company evidence. A missing risk signal means unscreened, not low risk. Historical outcomes are validation labels and are not score features."
ALGS,Aligos Therapeutics Inc. Common Stock,27.99,0.0,0.0,0.0,0.0,27.99,insufficient_risk_evidence,market_only_risk_unscreened,59.2,0,0,[],[],,,,0.0,,,"Delivery upside is an asset-progress proxy, not proof of management quality. Downside uses sourced company evidence. A missing risk signal means unscreened, not low risk. Historical outcomes are validation labels and are not score features."
KPRX,Kiora Pharmaceuticals Inc.  Common Stock,27.96,0.0,0.0,0.0,0.0,27.96,insufficient_risk_evidence,market_only_risk_unscreened,59.2,0,0,[],[],,,,0.0,,,"Delivery upside is an asset-progress proxy, not proof of management quality. Downside uses sourced company evidence. A missing risk signal means unscreened, not low risk. Historical outcomes are validation labels and are not score features."
ALLO,Allogene Therapeutics Inc. Common Stock,27.82,0.0,0.0,0.0,0.0,27.82,insufficient_risk_evidence,market_only_risk_unscreened,59.2,0,0,[],[],,,,0.0,,,"Delivery upside is an asset-progress proxy, not proof of management quality. Downside uses sourced company evidence. A missing risk signal means unscreened, not low risk. Historical outcomes are validation labels and are not score features."
AVLN,Avalyn Pharma Inc. Common Stock,27.78,0.0,0.0,0.0,0.0,27.78,insufficient_risk_evidence,market_only_risk_unscreened,50.8,0,0,[],[],,,,0.0,,,"Delivery upside is an asset-progress proxy, not proof of management quality. Downside uses sourced company evidence. A missing risk signal means unscreened, not low risk. Historical outcomes are validation labels and are not score features."
ACIU,AC Immune SA Common Stock,27.71,0.0,0.0,0.0,0.0,27.71,insufficient_risk_evidence,market_only_risk_unscreened,59.2,0,0,[],[],,,,0.0,,,"Delivery upside is an asset-progress proxy, not proof of management quality. Downside uses sourced company evidence. A missing risk signal means unscreened, not low risk. Historical outcomes are validation labels and are not score features."
MPLT,MapLight Therapeutics Inc. Common Stock,27.67,0.0,0.0,0.0,0.0,27.67,insufficient_risk_evidence,market_only_risk_unscreened,50.8,0,0,[],[],,,,0.0,,,"Delivery upside is an asset-progress proxy, not proof of management quality. Downside uses sourced company evidence. A missing risk signal means unscreened, not low risk. Historical outcomes are validation labels and are not score features."
TLSA,Tiziana Life Sciences Ltd. Common Shares,27.59,0.0,0.0,0.0,0.0,27.59,insufficient_risk_evidence,market_only_risk_unscreened,59.2,0,0,[],[],,,,0.0,,,"Delivery upside is an asset-progress proxy, not proof of management quality. Downside uses sourced company evidence. A missing risk signal means unscreened, not low risk. Historical outcomes are validation labels and are not score features."
ACTU,Actuate Therapeutics Inc. Common stock,27.43,0.0,0.0,0.0,0.0,27.43,insufficient_risk_evidence,market_only_risk_unscreened,59.2,0,0,[],[],,,,0.0,,,"Delivery upside is an asset-progress proxy, not proof of management quality. Downside uses sourced company evidence. A missing risk signal means unscreened, not low risk. Historical outcomes are validation labels and are not score features."
CTNM,Contineum Therapeutics Inc. Class A Common Stock,27.34,0.0,0.0,0.0,0.0,27.34,insufficient_risk_evidence,market_only_risk_unscreened,50.8,0,0,[],[],,,,0.0,,,"Delivery upside is an asset-progress proxy, not proof of management quality. Downside uses sourced company evidence. A missing risk signal means unscreened, not low risk. Historical outcomes are validation labels and are not score features."
BMEA,Biomea Fusion Inc. Common Stock,27.33,0.0,0.0,0.0,0.0,27.33,insufficient_risk_evidence,market_only_risk_unscreened,59.2,0,0,[],[],,,,0.0,,,"Delivery upside is an asset-progress proxy, not proof of management quality. Downside uses sourced company evidence. A missing risk signal means unscreened, not low risk. Historical outcomes are validation labels and are not score features."
NTHI,NeOnc Technologies Holdings Inc. Common Stock,27.26,0.0,0.0,0.0,0.0,27.26,insufficient_risk_evidence,market_only_risk_unscreened,59.2,0,0,[],[],,,,0.0,,,"Delivery upside is an asset-progress proxy, not proof of management quality. Downside uses sourced company evidence. A missing risk signal means unscreened, not low risk. Historical outcomes are validation labels and are not score features."
DWTX,Dogwood Therapeutics Inc. Common Stock,27.18,0.0,0.0,0.0,0.0,27.18,insufficient_risk_evidence,market_only_risk_unscreened,50.8,0,0,[],[],,,,0.0,,,"Delivery upside is an asset-progress proxy, not proof of management quality. Downside uses sourced company evidence. A missing risk signal means unscreened, not low risk. Historical outcomes are validation labels and are not score features."
SABS,SAB Biotherapeutics Inc. Common Stock,27.16,0.0,0.0,0.0,0.0,27.16,insufficient_risk_evidence,market_only_risk_unscreened,59.2,0,0,[],[],,,,0.0,,,"Delivery upside is an asset-progress proxy, not proof of management quality. Downside uses sourced company evidence. A missing risk signal means unscreened, not low risk. Historical outcomes are validation labels and are not score features."
TNGX,Tango Therapeutics Inc.,27.16,0.0,0.0,0.0,0.0,27.16,insufficient_risk_evidence,market_only_risk_unscreened,59.2,0,0,[],[],,,,0.0,,,"Delivery upside is an asset-progress proxy, not proof of management quality. Downside uses sourced company evidence. A missing risk signal means unscreened, not low risk. Historical outcomes are validation labels and are not score features."
ZURA,Zura Bio Limited Class A Ordinary Shares,27.12,0.0,0.0,0.0,0.0,27.12,insufficient_risk_evidence,market_only_risk_unscreened,59.2,0,0,[],[],,,,0.0,,,"Delivery upside is an asset-progress proxy, not proof of management quality. Downside uses sourced company evidence. A missing risk signal means unscreened, not low risk. Historical outcomes are validation labels and are not score features."
LTRN,Lantern Pharma Inc. Common Stock,26.96,0.0,0.0,0.0,0.0,26.96,insufficient_risk_evidence,market_only_risk_unscreened,59.2,0,0,[],[],,,,0.0,,,"Delivery upside is an asset-progress proxy, not proof of management quality. Downside uses sourced company evidence. A missing risk signal means unscreened, not low risk. Historical outcomes are validation labels and are not score features."
WVE,Wave Life Sciences Ltd. Ordinary Shares,26.95,0.0,0.0,0.0,0.0,26.95,insufficient_risk_evidence,market_only_risk_unscreened,56.68,0,0,[],[],,,,0.0,,,"Delivery upside is an asset-progress proxy, not proof of management quality. Downside uses sourced company evidence. A missing risk signal means unscreened, not low risk. Historical outcomes are validation labels and are not score features."
CLRB,Cellectar Biosciences Inc.  Common Stock,26.87,0.0,0.0,0.0,0.0,26.87,insufficient_risk_evidence,market_only_risk_unscreened,59.2,0,0,[],[],,,,0.0,,,"Delivery upside is an asset-progress proxy, not proof of management quality. Downside uses sourced company evidence. A missing risk signal means unscreened, not low risk. Historical outcomes are validation labels and are not score features."
NKTX,Nkarta Inc. Common Stock,26.85,0.0,0.0,0.0,0.0,26.85,insufficient_risk_evidence,market_only_risk_unscreened,59.2,0,0,[],[],,,,0.0,,,"Delivery upside is an asset-progress proxy, not proof of management quality. Downside uses sourced company evidence. A missing risk signal means unscreened, not low risk. Historical outcomes are validation labels and are not score features."
RADX,Radiopharm Theranostics Limited American Depositary Shares,26.81,0.0,0.0,0.0,0.0,26.81,insufficient_risk_evidence,market_only_risk_unscreened,59.2,0,0,[],[],,,,0.0,,,"Delivery upside is an asset-progress proxy, not proof of management quality. Downside uses sourced company evidence. A missing risk signal means unscreened, not low risk. Historical outcomes are validation labels and are not score features."
MAZE,Maze Therapeutics Inc. Common Stock,26.77,0.0,0.0,0.0,0.0,26.77,insufficient_risk_evidence,market_only_risk_unscreened,50.8,0,0,[],[],,,,0.0,,,"Delivery upside is an asset-progress proxy, not proof of management quality. Downside uses sourced company evidence. A missing risk signal means unscreened, not low risk. Historical outcomes are validation labels and are not score features."
PBLS,Parabilis Medicines Inc. Common Stock,26.76,0.0,0.0,0.0,0.0,26.76,insufficient_risk_evidence,market_only_risk_unscreened,50.8,0,0,[],[],,,,0.0,,,"Delivery upside is an asset-progress proxy, not proof of management quality. Downside uses sourced company evidence. A missing risk signal means unscreened, not low risk. Historical outcomes are validation labels and are not score features."
FATE,Fate Therapeutics Inc. Common Stock,26.72,0.0,0.0,0.0,0.0,26.72,insufficient_risk_evidence,market_only_risk_unscreened,59.2,0,0,[],[],,,,0.0,,,"Delivery upside is an asset-progress proxy, not proof of management quality. Downside uses sourced company evidence. A missing risk signal means unscreened, not low risk. Historical outcomes are validation labels and are not score features."
MOLN,Molecular Partners AG American Depositary Shares,26.72,0.0,0.0,0.0,0.0,26.72,insufficient_risk_evidence,market_only_risk_unscreened,59.2,0,0,[],[],,,,0.0,,,"Delivery upside is an asset-progress proxy, not proof of management quality. Downside uses sourced company evidence. A missing risk signal means unscreened, not low risk. Historical outcomes are validation labels and are not score features."
XNCR,Xencor Inc. Common Stock,26.58,0.0,0.0,0.0,0.0,26.58,insufficient_risk_evidence,market_only_risk_unscreened,59.2,0,0,[],[],,,,0.0,,,"Delivery upside is an asset-progress proxy, not proof of management quality. Downside uses sourced company evidence. A missing risk signal means unscreened, not low risk. Historical outcomes are validation labels and are not score features."
KYMR,Kymera Therapeutics Inc. Common Stock,26.55,0.0,0.0,0.0,0.0,26.55,insufficient_risk_evidence,market_only_risk_unscreened,50.8,0,0,[],[],,,,0.0,,,"Delivery upside is an asset-progress proxy, not proof of management quality. Downside uses sourced company evidence. A missing risk signal means unscreened, not low risk. Historical outcomes are validation labels and are not score features."
SPTX,Seaport Therapeutics Inc. Common Stock,26.3,0.0,0.0,0.0,0.0,26.3,insufficient_risk_evidence,sparse_risk_unscreened,19.2,0,0,[],[],,,,0.0,,,"Delivery upside is an asset-progress proxy, not proof of management quality. Downside uses sourced company evidence. A missing risk signal means unscreened, not low risk. Historical outcomes are validation labels and are not score features."
PMVP,PMV Pharmaceuticals Inc. Common Stock,26.23,0.0,0.0,0.0,0.0,26.23,insufficient_risk_evidence,market_only_risk_unscreened,59.2,0,0,[],[],,,,0.0,,,"Delivery upside is an asset-progress proxy, not proof of management quality. Downside uses sourced company evidence. A missing risk signal means unscreened, not low risk. Historical outcomes are validation labels and are not score features."
ALZN,Alzamend Neuro Inc. Common Stock,26.21,0.0,0.0,0.0,0.0,26.21,insufficient_risk_evidence,market_only_risk_unscreened,59.2,0,0,[],[],,,,0.0,,,"Delivery upside is an asset-progress proxy, not proof of management quality. Downside uses sourced company evidence. A missing risk signal means unscreened, not low risk. Historical outcomes are validation labels and are not score features."
BDTX,Black Diamond Therapeutics Inc. Common Stock,26.06,0.0,0.0,0.0,0.0,26.06,insufficient_risk_evidence,market_only_risk_unscreened,50.8,0,0,[],[],,,,0.0,,,"Delivery upside is an asset-progress proxy, not proof of management quality. Downside uses sourced company evidence. A missing risk signal means unscreened, not low risk. Historical outcomes are validation labels and are not score features."
IRD,Opus Genetics Inc. Common Stock,26.02,0.0,0.0,0.0,0.0,26.02,insufficient_risk_evidence,market_only_risk_unscreened,59.2,0,0,[],[],,,,0.0,,,"Delivery upside is an asset-progress proxy, not proof of management quality. Downside uses sourced company evidence. A missing risk signal means unscreened, not low risk. Historical outcomes are validation labels and are not score features."
APGE,Apogee Therapeutics Inc. Common Stock,25.93,0.0,0.0,0.0,0.0,25.93,insufficient_risk_evidence,market_only_risk_unscreened,50.8,0,0,[],[],,,,0.0,,,"Delivery upside is an asset-progress proxy, not proof of management quality. Downside uses sourced company evidence. A missing risk signal means unscreened, not low risk. Historical outcomes are validation labels and are not score features."
TRDA,Entrada Therapeutics Inc. Common Stock,25.91,0.0,0.0,0.0,0.0,25.91,insufficient_risk_evidence,market_only_risk_unscreened,50.8,0,0,[],[],,,,0.0,,,"Delivery upside is an asset-progress proxy, not proof of management quality. Downside uses sourced company evidence. A missing risk signal means unscreened, not low risk. Historical outcomes are validation labels and are not score features."
BEAM,Beam Therapeutics Inc. Common Stock,25.89,0.0,0.0,0.0,0.0,25.89,insufficient_risk_evidence,market_only_risk_unscreened,59.2,0,0,[],[],,,,0.0,,,"Delivery upside is an asset-progress proxy, not proof of management quality. Downside uses sourced company evidence. A missing risk signal means unscreened, not low risk. Historical outcomes are validation labels and are not score features."
ACRV,Acrivon Therapeutics Inc. Common Stock,25.81,0.0,0.0,0.0,0.0,25.81,insufficient_risk_evidence,market_only_risk_unscreened,50.8,0,0,[],[],,,,0.0,,,"Delivery upside is an asset-progress proxy, not proof of management quality. Downside uses sourced company evidence. A missing risk signal means unscreened, not low risk. Historical outcomes are validation labels and are not score features."
CHRS,Coherus Oncology Inc. Common Stock,25.81,0.0,0.0,0.0,0.0,25.81,insufficient_risk_evidence,market_only_risk_unscreened,59.2,0,0,[],[],,,,0.0,,,"Delivery upside is an asset-progress proxy, not proof of management quality. Downside uses sourced company evidence. A missing risk signal means unscreened, not low risk. Historical outcomes are validation labels and are not score features."
RCKT,Rocket Pharmaceuticals Inc. Common Stock,25.79,0.0,0.0,0.0,0.0,25.79,insufficient_risk_evidence,market_only_risk_unscreened,59.2,0,0,[],[],,,,0.0,,,"Delivery upside is an asset-progress proxy, not proof of management quality. Downside uses sourced company evidence. A missing risk signal means unscreened, not low risk. Historical outcomes are validation labels and are not score features."
ONCY,Oncolytics Biotech Inc. Common Stock,25.75,0.0,0.0,0.0,0.0,25.75,insufficient_risk_evidence,market_only_risk_unscreened,50.8,0,0,[],[],,,,0.0,,,"Delivery upside is an asset-progress proxy, not proof of management quality. Downside uses sourced company evidence. A missing risk signal means unscreened, not low risk. Historical outcomes are validation labels and are not score features."
LXEO,Lexeo Therapeutics Inc. Common Stock,25.65,0.0,0.0,0.0,0.0,25.65,insufficient_risk_evidence,market_only_risk_unscreened,59.2,0,0,[],[],,,,0.0,,,"Delivery upside is an asset-progress proxy, not proof of management quality. Downside uses sourced company evidence. A missing risk signal means unscreened, not low risk. Historical outcomes are validation labels and are not score features."
CLLS,Cellectis S.A. American Depositary Shares,25.64,0.0,0.0,0.0,0.0,25.64,insufficient_risk_evidence,market_only_risk_unscreened,59.2,0,0,[],[],,,,0.0,,,"Delivery upside is an asset-progress proxy, not proof of management quality. Downside uses sourced company evidence. A missing risk signal means unscreened, not low risk. Historical outcomes are validation labels and are not score features."
ALT,Altimmune Inc. Common Stock,25.63,0.0,0.0,0.0,0.0,25.63,insufficient_risk_evidence,sparse_risk_unscreened,19.2,0,0,[],[],,,,0.0,,,"Delivery upside is an asset-progress proxy, not proof of management quality. Downside uses sourced company evidence. A missing risk signal means unscreened, not low risk. Historical outcomes are validation labels and are not score features."
FTH,Faeth Therapeutics Inc. Common Stock,25.55,0.0,0.0,0.0,0.0,25.55,insufficient_risk_evidence,market_only_risk_unscreened,50.8,0,0,[],[],,,,0.0,,,"Delivery upside is an asset-progress proxy, not proof of management quality. Downside uses sourced company evidence. A missing risk signal means unscreened, not low risk. Historical outcomes are validation labels and are not score features."
ENTA,Enanta Pharmaceuticals Inc. Common Stock,25.5,0.0,0.0,0.0,0.0,25.5,insufficient_risk_evidence,market_only_risk_unscreened,50.8,0,0,[],[],,,,0.0,,,"Delivery upside is an asset-progress proxy, not proof of management quality. Downside uses sourced company evidence. A missing risk signal means unscreened, not low risk. Historical outcomes are validation labels and are not score features."
RXRX,Recursion Pharmaceuticals Inc. Class A Common Stock,25.45,0.0,0.0,0.0,0.0,25.45,insufficient_risk_evidence,market_only_risk_unscreened,50.8,0,0,[],[],,,,0.0,,,"Delivery upside is an asset-progress proxy, not proof of management quality. Downside uses sourced company evidence. A missing risk signal means unscreened, not low risk. Historical outcomes are validation labels and are not score features."
ORIC,Oric Pharmaceuticals Inc. Common Stock,25.42,0.0,0.0,0.0,0.0,25.42,insufficient_risk_evidence,market_only_risk_unscreened,59.2,0,0,[],[],,,,0.0,,,"Delivery upside is an asset-progress proxy, not proof of management quality. Downside uses sourced company evidence. A missing risk signal means unscreened, not low risk. Historical outcomes are validation labels and are not score features."
CLYM,Climb Bio Inc. Common Stock,25.31,0.0,0.0,0.0,0.0,25.31,insufficient_risk_evidence,market_only_risk_unscreened,50.8,0,0,[],[],,,,0.0,,,"Delivery upside is an asset-progress proxy, not proof of management quality. Downside uses sourced company evidence. A missing risk signal means unscreened, not low risk. Historical outcomes are validation labels and are not score features."
TECX,Tectonic Therapeutic Inc. Common Stock,25.31,0.0,0.0,0.0,0.0,25.31,insufficient_risk_evidence,market_only_risk_unscreened,50.8,0,0,[],[],,,,0.0,,,"Delivery upside is an asset-progress proxy, not proof of management quality. Downside uses sourced company evidence. A missing risk signal means unscreened, not low risk. Historical outcomes are validation labels and are not score features."
XBIT,XBiotech Inc. Common Stock,25.3,0.0,0.0,0.0,0.0,25.3,insufficient_risk_evidence,market_only_risk_unscreened,50.8,0,0,[],[],,,,0.0,,,"Delivery upside is an asset-progress proxy, not proof of management quality. Downside uses sourced company evidence. A missing risk signal means unscreened, not low risk. Historical outcomes are validation labels and are not score features."
VERU,Veru Inc. Common Stock,25.29,0.0,0.0,0.0,0.0,25.29,insufficient_risk_evidence,sparse_risk_unscreened,19.2,0,0,[],[],,,,0.0,,,"Delivery upside is an asset-progress proxy, not proof of management quality. Downside uses sourced company evidence. A missing risk signal means unscreened, not low risk. Historical outcomes are validation labels and are not score features."
MSLE,Satellos Bioscience Inc. Common Stock,25.27,0.0,0.0,0.0,0.0,25.27,insufficient_risk_evidence,sparse_risk_unscreened,19.2,0,0,[],[],,,,0.0,,,"Delivery upside is an asset-progress proxy, not proof of management quality. Downside uses sourced company evidence. A missing risk signal means unscreened, not low risk. Historical outcomes are validation labels and are not score features."
PEPG,PepGen Inc. Common Stock,25.24,0.0,0.0,0.0,0.0,25.24,insufficient_risk_evidence,sparse_risk_unscreened,19.2,0,0,[],[],,,,0.0,,,"Delivery upside is an asset-progress proxy, not proof of management quality. Downside uses sourced company evidence. A missing risk signal means unscreened, not low risk. Historical outcomes are validation labels and are not score features."
CGEM,Cullinan Therapeutics Inc. Common Stock,25.22,0.0,0.0,0.0,0.0,25.22,insufficient_risk_evidence,market_only_risk_unscreened,59.2,0,0,[],[],,,,0.0,,,"Delivery upside is an asset-progress proxy, not proof of management quality. Downside uses sourced company evidence. A missing risk signal means unscreened, not low risk. Historical outcomes are validation labels and are not score features."
PGEN,Precigen Inc. Common Stock,25.21,0.0,0.0,0.0,0.0,25.21,insufficient_risk_evidence,market_only_risk_unscreened,59.2,0,0,[],[],,,,0.0,,,"Delivery upside is an asset-progress proxy, not proof of management quality. Downside uses sourced company evidence. A missing risk signal means unscreened, not low risk. Historical outcomes are validation labels and are not score features."
IGC,IGC Pharma Inc. Common Stock,25.18,0.0,0.0,0.0,0.0,25.18,insufficient_risk_evidence,sparse_risk_unscreened,19.2,0,0,[],[],,,,0.0,,,"Delivery upside is an asset-progress proxy, not proof of management quality. Downside uses sourced company evidence. A missing risk signal means unscreened, not low risk. Historical outcomes are validation labels and are not score features."
BIOA,BioAge Labs Inc. Common Stock,25.17,0.0,0.0,0.0,0.0,25.17,insufficient_risk_evidence,sparse_risk_unscreened,19.2,0,0,[],[],,,,0.0,,,"Delivery upside is an asset-progress proxy, not proof of management quality. Downside uses sourced company evidence. A missing risk signal means unscreened, not low risk. Historical outcomes are validation labels and are not score features."
CCCC,C4 Therapeutics Inc. Common Stock,25.16,0.0,0.0,0.0,0.0,25.16,insufficient_risk_evidence,sparse_risk_unscreened,19.2,0,0,[],[],,,,0.0,,,"Delivery upside is an asset-progress proxy, not proof of management quality. Downside uses sourced company evidence. A missing risk signal means unscreened, not low risk. Historical outcomes are validation labels and are not score features."
COYA,Coya Therapeutics Inc. Common Stock,25.02,0.0,0.0,0.0,0.0,25.02,insufficient_risk_evidence,sparse_risk_unscreened,19.2,0,0,[],[],,,,0.0,,,"Delivery upside is an asset-progress proxy, not proof of management quality. Downside uses sourced company evidence. A missing risk signal means unscreened, not low risk. Historical outcomes are validation labels and are not score features."
RNTX,Rein Therapeutics Inc. Common Stock,25.02,0.0,0.0,0.0,0.0,25.02,insufficient_risk_evidence,sparse_risk_unscreened,19.2,0,0,[],[],,,,0.0,,,"Delivery upside is an asset-progress proxy, not proof of management quality. Downside uses sourced company evidence. A missing risk signal means unscreened, not low risk. Historical outcomes are validation labels and are not score features."
CRBP,Corbus Pharmaceuticals Holdings Inc. Common Stock,24.99,0.0,0.0,0.0,0.0,24.99,insufficient_risk_evidence,market_only_risk_unscreened,59.2,0,0,[],[],,,,0.0,,,"Delivery upside is an asset-progress proxy, not proof of management quality. Downside uses sourced company evidence. A missing risk signal means unscreened, not low risk. Historical outcomes are validation labels and are not score features."
FBRX,Forte Biosciences Inc. Common Stock,24.99,0.0,0.0,0.0,0.0,24.99,insufficient_risk_evidence,market_only_risk_unscreened,59.2,0,0,[],[],,,,0.0,,,"Delivery upside is an asset-progress proxy, not proof of management quality. Downside uses sourced company evidence. A missing risk signal means unscreened, not low risk. Historical outcomes are validation labels and are not score features."
LABT,Lakewood-Amedex Biotherapeutics Inc. Common Stock,24.97,0.0,0.0,0.0,0.0,24.97,insufficient_risk_evidence,market_only_risk_unscreened,56.68,0,0,[],[],,,,0.0,,,"Delivery upside is an asset-progress proxy, not proof of management quality. Downside uses sourced company evidence. A missing risk signal means unscreened, not low risk. Historical outcomes are validation labels and are not score features."
TTRX,Turn Therapeutics Inc. Common Stock,24.97,0.0,0.0,0.0,0.0,24.97,insufficient_risk_evidence,sparse_risk_unscreened,19.2,0,0,[],[],,,,0.0,,,"Delivery upside is an asset-progress proxy, not proof of management quality. Downside uses sourced company evidence. A missing risk signal means unscreened, not low risk. Historical outcomes are validation labels and are not score features."
ARCT,Arcturus Therapeutics Holdings Inc. Common Stock,24.89,0.0,0.0,0.0,0.0,24.89,insufficient_risk_evidence,market_only_risk_unscreened,50.8,0,0,[],[],,,,0.0,,,"Delivery upside is an asset-progress proxy, not proof of management quality. Downside uses sourced company evidence. A missing risk signal means unscreened, not low risk. Historical outcomes are validation labels and are not score features."
UPB,Upstream Bio Inc. Common Stock,24.88,0.0,0.0,0.0,0.0,24.88,insufficient_risk_evidence,sparse_risk_unscreened,19.2,0,0,[],[],,,,0.0,,,"Delivery upside is an asset-progress proxy, not proof of management quality. Downside uses sourced company evidence. A missing risk signal means unscreened, not low risk. Historical outcomes are validation labels and are not score features."
INKT,MiNK Therapeutics Inc. Common Stock,24.86,0.0,0.0,0.0,0.0,24.86,insufficient_risk_evidence,sparse_risk_unscreened,19.2,0,0,[],[],,,,0.0,,,"Delivery upside is an asset-progress proxy, not proof of management quality. Downside uses sourced company evidence. A missing risk signal means unscreened, not low risk. Historical outcomes are validation labels and are not score features."
GANX,Gain Therapeutics Inc. Common Stock,24.85,0.0,0.0,0.0,0.0,24.85,insufficient_risk_evidence,market_only_risk_unscreened,59.2,0,0,[],[],,,,0.0,,,"Delivery upside is an asset-progress proxy, not proof of management quality. Downside uses sourced company evidence. A missing risk signal means unscreened, not low risk. Historical outcomes are validation labels and are not score features."
LRMR,Larimar Therapeutics Inc. Common Stock,24.83,0.0,0.0,0.0,0.0,24.83,insufficient_risk_evidence,sparse_risk_unscreened,19.2,0,0,[],[],,,,0.0,,,"Delivery upside is an asset-progress proxy, not proof of management quality. Downside uses sourced company evidence. A missing risk signal means unscreened, not low risk. Historical outcomes are validation labels and are not score features."
KYNB,Kyntra Bio Inc. Common Stock,24.77,0.0,0.0,0.0,0.0,24.77,insufficient_risk_evidence,sparse_risk_unscreened,19.2,0,0,[],[],,,,0.0,,,"Delivery upside is an asset-progress proxy, not proof of management quality. Downside uses sourced company evidence. A missing risk signal means unscreened, not low risk. Historical outcomes are validation labels and are not score features."
BNTC,Benitec Biopharma Inc. Common Stock,24.74,0.0,0.0,0.0,0.0,24.74,insufficient_risk_evidence,market_only_risk_unscreened,59.2,0,0,[],[],,,,0.0,,,"Delivery upside is an asset-progress proxy, not proof of management quality. Downside uses sourced company evidence. A missing risk signal means unscreened, not low risk. Historical outcomes are validation labels and are not score features."
JBIO,Jade Biosciences Inc. Common Stock,24.73,0.0,0.0,0.0,0.0,24.73,insufficient_risk_evidence,market_only_risk_unscreened,50.8,0,0,[],[],,,,0.0,,,"Delivery upside is an asset-progress proxy, not proof of management quality. Downside uses sourced company evidence. A missing risk signal means unscreened, not low risk. Historical outcomes are validation labels and are not score features."
OPK,OPKO Health Inc. Common Stock,24.72,0.0,0.0,0.0,0.0,24.72,insufficient_risk_evidence,market_only_risk_unscreened,50.8,0,0,[],[],,,,0.0,,,"Delivery upside is an asset-progress proxy, not proof of management quality. Downside uses sourced company evidence. A missing risk signal means unscreened, not low risk. Historical outcomes are validation labels and are not score features."
ODTX,Odyssey Therapeutics Inc. Common Stock,24.62,0.0,0.0,0.0,0.0,24.62,insufficient_risk_evidence,sparse_risk_unscreened,19.2,0,0,[],[],,,,0.0,,,"Delivery upside is an asset-progress proxy, not proof of management quality. Downside uses sourced company evidence. A missing risk signal means unscreened, not low risk. Historical outcomes are validation labels and are not score features."
GNPX,Genprex Inc. Common Stock,24.47,0.0,0.0,0.0,0.0,24.47,insufficient_risk_evidence,sparse_risk_unscreened,19.2,0,0,[],[],,,,0.0,,,"Delivery upside is an asset-progress proxy, not proof of management quality. Downside uses sourced company evidence. A missing risk signal means unscreened, not low risk. Historical outcomes are validation labels and are not score features."
CRIS,Curis Inc. Common Stock,24.45,0.0,0.0,0.0,0.0,24.45,insufficient_risk_evidence,sparse_risk_unscreened,19.2,0,0,[],[],,,,0.0,,,"Delivery upside is an asset-progress proxy, not proof of management quality. Downside uses sourced company evidence. A missing risk signal means unscreened, not low risk. Historical outcomes are validation labels and are not score features."
SION,Sionna Therapeutics Inc. Common Stock,24.45,0.0,0.0,0.0,0.0,24.45,insufficient_risk_evidence,market_only_risk_unscreened,59.2,0,0,[],[],,,,0.0,,,"Delivery upside is an asset-progress proxy, not proof of management quality. Downside uses sourced company evidence. A missing risk signal means unscreened, not low risk. Historical outcomes are validation labels and are not score features."
GLUE,Monte Rosa Therapeutics Inc. Common Stock,24.36,0.0,0.0,0.0,0.0,24.36,insufficient_risk_evidence,market_only_risk_unscreened,50.8,0,0,[],[],,,,0.0,,,"Delivery upside is an asset-progress proxy, not proof of management quality. Downside uses sourced company evidence. A missing risk signal means unscreened, not low risk. Historical outcomes are validation labels and are not score features."
CGEN,Compugen Ltd. Ordinary Shares,24.3,0.0,0.0,0.0,0.0,24.3,insufficient_risk_evidence,market_only_risk_unscreened,50.8,0,0,[],[],,,,0.0,,,"Delivery upside is an asset-progress proxy, not proof of management quality. Downside uses sourced company evidence. A missing risk signal means unscreened, not low risk. Historical outcomes are validation labels and are not score features."
DARE,Dare Bioscience Inc. Common Stock,24.28,0.0,0.0,0.0,0.0,24.28,insufficient_risk_evidence,market_only_risk_unscreened,50.8,0,0,[],[],,,,0.0,,,"Delivery upside is an asset-progress proxy, not proof of management quality. Downside uses sourced company evidence. A missing risk signal means unscreened, not low risk. Historical outcomes are validation labels and are not score features."
BIVI,BioVie Inc. Class A Common Stock,24.25,0.0,0.0,0.0,0.0,24.25,insufficient_risk_evidence,sparse_risk_unscreened,19.2,0,0,[],[],,,,0.0,,,"Delivery upside is an asset-progress proxy, not proof of management quality. Downside uses sourced company evidence. A missing risk signal means unscreened, not low risk. Historical outcomes are validation labels and are not score features."
AKTS,Aktis Oncology Inc. Common stock,24.17,0.0,0.0,0.0,0.0,24.17,insufficient_risk_evidence,market_only_risk_unscreened,59.2,0,0,[],[],,,,0.0,,,"Delivery upside is an asset-progress proxy, not proof of management quality. Downside uses sourced company evidence. A missing risk signal means unscreened, not low risk. Historical outcomes are validation labels and are not score features."
ARTV,Artiva Biotherapeutics Inc. Common Stock,24.16,0.0,0.0,0.0,0.0,24.16,insufficient_risk_evidence,market_only_risk_unscreened,50.8,0,0,[],[],,,,0.0,,,"Delivery upside is an asset-progress proxy, not proof of management quality. Downside uses sourced company evidence. A missing risk signal means unscreened, not low risk. Historical outcomes are validation labels and are not score features."
NXTC,NextCure Inc. Common Stock,24.14,0.0,0.0,0.0,0.0,24.14,insufficient_risk_evidence,market_only_risk_unscreened,59.2,0,0,[],[],,,,0.0,,,"Delivery upside is an asset-progress proxy, not proof of management quality. Downside uses sourced company evidence. A missing risk signal means unscreened, not low risk. Historical outcomes are validation labels and are not score features."
PYXS,Pyxis Oncology Inc. Common Stock,24.14,0.0,0.0,0.0,0.0,24.14,insufficient_risk_evidence,market_only_risk_unscreened,50.8,0,0,[],[],,,,0.0,,,"Delivery upside is an asset-progress proxy, not proof of management quality. Downside uses sourced company evidence. A missing risk signal means unscreened, not low risk. Historical outcomes are validation labels and are not score features."
CBIO,Crescent Biopharma Inc. Common Stock,24.08,0.0,0.0,0.0,0.0,24.08,insufficient_risk_evidence,sparse_risk_unscreened,19.2,0,0,[],[],,,,0.0,,,"Delivery upside is an asset-progress proxy, not proof of management quality. Downside uses sourced company evidence. A missing risk signal means unscreened, not low risk. Historical outcomes are validation labels and are not score features."
CNTX,Context Therapeutics Inc. Common Stock,23.94,0.0,0.0,0.0,0.0,23.94,insufficient_risk_evidence,market_only_risk_unscreened,59.2,0,0,[],[],,,,0.0,,,"Delivery upside is an asset-progress proxy, not proof of management quality. Downside uses sourced company evidence. A missing risk signal means unscreened, not low risk. Historical outcomes are validation labels and are not score features."
TVRD,Tvardi Therapeutics Inc. Common Stock,23.86,0.0,0.0,0.0,0.0,23.86,insufficient_risk_evidence,sparse_risk_unscreened,19.2,0,0,[],[],,,,0.0,,,"Delivery upside is an asset-progress proxy, not proof of management quality. Downside uses sourced company evidence. A missing risk signal means unscreened, not low risk. Historical outcomes are validation labels and are not score features."
QTTB,Q32 Bio Inc. Common Stock,23.82,0.0,0.0,0.0,0.0,23.82,insufficient_risk_evidence,market_only_risk_unscreened,50.8,0,0,[],[],,,,0.0,,,"Delivery upside is an asset-progress proxy, not proof of management quality. Downside uses sourced company evidence. A missing risk signal means unscreened, not low risk. Historical outcomes are validation labels and are not score features."
AZTR,Azitra Inc Common Stock,23.63,0.0,0.0,0.0,0.0,23.63,insufficient_risk_evidence,market_only_risk_unscreened,50.8,0,0,[],[],,,,0.0,,,"Delivery upside is an asset-progress proxy, not proof of management quality. Downside uses sourced company evidence. A missing risk signal means unscreened, not low risk. Historical outcomes are validation labels and are not score features."
BOLT,Bolt Biotherapeutics Inc. Common Stock,23.62,0.0,0.0,0.0,0.0,23.62,insufficient_risk_evidence,sparse_risk_unscreened,19.2,0,0,[],[],,,,0.0,,,"Delivery upside is an asset-progress proxy, not proof of management quality. Downside uses sourced company evidence. A missing risk signal means unscreened, not low risk. Historical outcomes are validation labels and are not score features."
DSGN,Design Therapeutics Inc. Common Stock,23.61,0.0,0.0,0.0,0.0,23.61,insufficient_risk_evidence,market_only_risk_unscreened,50.8,0,0,[],[],,,,0.0,,,"Delivery upside is an asset-progress proxy, not proof of management quality. Downside uses sourced company evidence. A missing risk signal means unscreened, not low risk. Historical outcomes are validation labels and are not score features."
EPRX,Eupraxia Pharmaceuticals Inc. Common Stock,23.6,0.0,0.0,0.0,0.0,23.6,insufficient_risk_evidence,sparse_risk_unscreened,19.2,0,0,[],[],,,,0.0,,,"Delivery upside is an asset-progress proxy, not proof of management quality. Downside uses sourced company evidence. A missing risk signal means unscreened, not low risk. Historical outcomes are validation labels and are not score features."
ARVN,Arvinas Inc. Common Stock,23.47,0.0,0.0,0.0,0.0,23.47,insufficient_risk_evidence,market_only_risk_unscreened,50.8,0,0,[],[],,,,0.0,,,"Delivery upside is an asset-progress proxy, not proof of management quality. Downside uses sourced company evidence. A missing risk signal means unscreened, not low risk. Historical outcomes are validation labels and are not score features."
CMND,Clearmind Medicine Inc. Common Shares,23.43,0.0,0.0,0.0,0.0,23.43,insufficient_risk_evidence,sparse_risk_unscreened,19.2,0,0,[],[],,,,0.0,,,"Delivery upside is an asset-progress proxy, not proof of management quality. Downside uses sourced company evidence. A missing risk signal means unscreened, not low risk. Historical outcomes are validation labels and are not score features."
ALLR,Allarity Therapeutics Inc. Common Stock,23.4,0.0,0.0,0.0,0.0,23.4,insufficient_risk_evidence,sparse_risk_unscreened,19.2,0,0,[],[],,,,0.0,,,"Delivery upside is an asset-progress proxy, not proof of management quality. Downside uses sourced company evidence. A missing risk signal means unscreened, not low risk. Historical outcomes are validation labels and are not score features."
ELVN,Enliven Therapeutics Inc. Common Stock,23.39,0.0,0.0,0.0,0.0,23.39,insufficient_risk_evidence,market_only_risk_unscreened,59.2,0,0,[],[],,,,0.0,,,"Delivery upside is an asset-progress proxy, not proof of management quality. Downside uses sourced company evidence. A missing risk signal means unscreened, not low risk. Historical outcomes are validation labels and are not score features."
ANL,Adlai Nortye Ltd. American Depositary Shares,23.38,0.0,0.0,0.0,0.0,23.38,insufficient_risk_evidence,market_only_risk_unscreened,56.68,0,0,[],[],,,,0.0,,,"Delivery upside is an asset-progress proxy, not proof of management quality. Downside uses sourced company evidence. A missing risk signal means unscreened, not low risk. Historical outcomes are validation labels and are not score features."
CALC,CalciMedica Inc. Common Stock,23.38,0.0,0.0,0.0,0.0,23.38,insufficient_risk_evidence,sparse_risk_unscreened,19.2,0,0,[],[],,,,0.0,,,"Delivery upside is an asset-progress proxy, not proof of management quality. Downside uses sourced company evidence. A missing risk signal means unscreened, not low risk. Historical outcomes are validation labels and are not score features."
SKYE,Skye Bioscience Inc. Common Stock,23.38,0.0,0.0,0.0,0.0,23.38,insufficient_risk_evidence,market_only_risk_unscreened,50.8,0,0,[],[],,,,0.0,,,"Delivery upside is an asset-progress proxy, not proof of management quality. Downside uses sourced company evidence. A missing risk signal means unscreened, not low risk. Historical outcomes are validation labels and are not score features."
KROS,Keros Therapeutics Inc. Common Stock,23.33,0.0,0.0,0.0,0.0,23.33,insufficient_risk_evidence,sparse_risk_unscreened,19.2,0,0,[],[],,,,0.0,,,"Delivery upside is an asset-progress proxy, not proof of management quality. Downside uses sourced company evidence. A missing risk signal means unscreened, not low risk. Historical outcomes are validation labels and are not score features."
APRE,Aprea Therapeutics Inc. Common stock,23.24,0.0,0.0,0.0,0.0,23.24,insufficient_risk_evidence,market_only_risk_unscreened,50.8,0,0,[],[],,,,0.0,,,"Delivery upside is an asset-progress proxy, not proof of management quality. Downside uses sourced company evidence. A missing risk signal means unscreened, not low risk. Historical outcomes are validation labels and are not score features."
ACRS,Aclaris Therapeutics Inc. Common Stock,23.22,0.0,0.0,0.0,0.0,23.22,insufficient_risk_evidence,sparse_risk_unscreened,19.2,0,0,[],[],,,,0.0,,,"Delivery upside is an asset-progress proxy, not proof of management quality. Downside uses sourced company evidence. A missing risk signal means unscreened, not low risk. Historical outcomes are validation labels and are not score features."
CRDF,Cardiff Oncology Inc. Common Stock,23.22,0.0,0.0,0.0,0.0,23.22,insufficient_risk_evidence,sparse_risk_unscreened,19.2,0,0,[],[],,,,0.0,,,"Delivery upside is an asset-progress proxy, not proof of management quality. Downside uses sourced company evidence. A missing risk signal means unscreened, not low risk. Historical outcomes are validation labels and are not score features."
JANX,Janux Therapeutics Inc. Common Stock,23.16,0.0,0.0,0.0,0.0,23.16,insufficient_risk_evidence,market_only_risk_unscreened,59.2,0,0,[],[],,,,0.0,,,"Delivery upside is an asset-progress proxy, not proof of management quality. Downside uses sourced company evidence. A missing risk signal means unscreened, not low risk. Historical outcomes are validation labels and are not score features."
DTIL,Precision BioSciences Inc. Common Stock,23.1,0.0,0.0,0.0,0.0,23.1,insufficient_risk_evidence,market_only_risk_unscreened,50.8,0,0,[],[],,,,0.0,,,"Delivery upside is an asset-progress proxy, not proof of management quality. Downside uses sourced company evidence. A missing risk signal means unscreened, not low risk. Historical outcomes are validation labels and are not score features."
ATOS,Atossa Therapeutics Inc. Common Stock,23.09,0.0,0.0,0.0,0.0,23.09,insufficient_risk_evidence,sparse_risk_unscreened,19.2,0,0,[],[],,,,0.0,,,"Delivery upside is an asset-progress proxy, not proof of management quality. Downside uses sourced company evidence. A missing risk signal means unscreened, not low risk. Historical outcomes are validation labels and are not score features."
COCP,Cocrystal Pharma Inc. Common Stock,23.04,0.0,0.0,0.0,0.0,23.04,insufficient_risk_evidence,sparse_risk_unscreened,19.2,0,0,[],[],,,,0.0,,,"Delivery upside is an asset-progress proxy, not proof of management quality. Downside uses sourced company evidence. A missing risk signal means unscreened, not low risk. Historical outcomes are validation labels and are not score features."
ACXP,Acurx Pharmaceuticals Inc. Common Stock,23.03,0.0,0.0,0.0,0.0,23.03,insufficient_risk_evidence,sparse_risk_unscreened,19.2,0,0,[],[],,,,0.0,,,"Delivery upside is an asset-progress proxy, not proof of management quality. Downside uses sourced company evidence. A missing risk signal means unscreened, not low risk. Historical outcomes are validation labels and are not score features."
CPHI,China Pharma Holdings Inc. Common Stock,22.99,0.0,0.0,0.0,0.0,22.99,insufficient_risk_evidence,sparse_risk_unscreened,18.48,0,0,[],[],,,,0.0,,,"Delivery upside is an asset-progress proxy, not proof of management quality. Downside uses sourced company evidence. A missing risk signal means unscreened, not low risk. Historical outcomes are validation labels and are not score features."
PHGE,BiomX Inc. COmmon Stock,22.93,0.0,0.0,0.0,0.0,22.93,insufficient_risk_evidence,sparse_risk_unscreened,19.2,0,0,[],[],,,,0.0,,,"Delivery upside is an asset-progress proxy, not proof of management quality. Downside uses sourced company evidence. A missing risk signal means unscreened, not low risk. Historical outcomes are validation labels and are not score features."
ANAB,AnaptysBio Inc. Common Stock,22.89,0.0,0.0,0.0,0.0,22.89,insufficient_risk_evidence,sparse_risk_unscreened,19.2,0,0,[],[],,,,0.0,,,"Delivery upside is an asset-progress proxy, not proof of management quality. Downside uses sourced company evidence. A missing risk signal means unscreened, not low risk. Historical outcomes are validation labels and are not score features."
DRUG,Bright Minds Biosciences Inc. Common Stock,22.86,0.0,0.0,0.0,0.0,22.86,insufficient_risk_evidence,sparse_risk_unscreened,18.48,0,0,[],[],,,,0.0,,,"Delivery upside is an asset-progress proxy, not proof of management quality. Downside uses sourced company evidence. A missing risk signal means unscreened, not low risk. Historical outcomes are validation labels and are not score features."
RCUS,Arcus Biosciences Inc. Common Stock,22.8,0.0,0.0,0.0,0.0,22.8,insufficient_risk_evidence,market_only_risk_unscreened,59.2,0,0,[],[],,,,0.0,,,"Delivery upside is an asset-progress proxy, not proof of management quality. Downside uses sourced company evidence. A missing risk signal means unscreened, not low risk. Historical outcomes are validation labels and are not score features."
HOWL,Werewolf Therapeutics Inc. Common Stock,22.69,0.0,0.0,0.0,0.0,22.69,insufficient_risk_evidence,market_only_risk_unscreened,50.8,0,0,[],[],,,,0.0,,,"Delivery upside is an asset-progress proxy, not proof of management quality. Downside uses sourced company evidence. A missing risk signal means unscreened, not low risk. Historical outcomes are validation labels and are not score features."
PLRX,Pliant Therapeutics Inc. Common Stock,22.67,0.0,0.0,0.0,0.0,22.67,insufficient_risk_evidence,sparse_risk_unscreened,19.2,0,0,[],[],,,,0.0,,,"Delivery upside is an asset-progress proxy, not proof of management quality. Downside uses sourced company evidence. A missing risk signal means unscreened, not low risk. Historical outcomes are validation labels and are not score features."
WHWK,Whitehawk Therapeutics Inc. Common Stock,22.66,0.0,0.0,0.0,0.0,22.66,insufficient_risk_evidence,market_only_risk_unscreened,50.8,0,0,[],[],,,,0.0,,,"Delivery upside is an asset-progress proxy, not proof of management quality. Downside uses sourced company evidence. A missing risk signal means unscreened, not low risk. Historical outcomes are validation labels and are not score features."
ELDN,Eledon Pharmaceuticals Inc. Common Stock,22.63,0.0,0.0,0.0,0.0,22.63,insufficient_risk_evidence,sparse_risk_unscreened,19.2,0,0,[],[],,,,0.0,,,"Delivery upside is an asset-progress proxy, not proof of management quality. Downside uses sourced company evidence. A missing risk signal means unscreened, not low risk. Historical outcomes are validation labels and are not score features."
ABCL,AbCellera Biologics Inc. Common Shares,22.59,0.0,0.0,0.0,0.0,22.59,insufficient_risk_evidence,market_only_risk_unscreened,50.8,0,0,[],[],,,,0.0,,,"Delivery upside is an asset-progress proxy, not proof of management quality. Downside uses sourced company evidence. A missing risk signal means unscreened, not low risk. Historical outcomes are validation labels and are not score features."
TNYA,Tenaya Therapeutics Inc. Common Stock,22.59,0.0,0.0,0.0,0.0,22.59,insufficient_risk_evidence,market_only_risk_unscreened,50.8,0,0,[],[],,,,0.0,,,"Delivery upside is an asset-progress proxy, not proof of management quality. Downside uses sourced company evidence. A missing risk signal means unscreened, not low risk. Historical outcomes are validation labels and are not score features."
ATYR,aTyr Pharma Inc. Common Stock,22.5,0.0,0.0,0.0,0.0,22.5,insufficient_risk_evidence,market_only_risk_unscreened,50.8,0,0,[],[],,,,0.0,,,"Delivery upside is an asset-progress proxy, not proof of management quality. Downside uses sourced company evidence. A missing risk signal means unscreened, not low risk. Historical outcomes are validation labels and are not score features."
BCAB,BioAtla Inc. Common Stock,22.49,0.0,0.0,0.0,0.0,22.49,insufficient_risk_evidence,market_only_risk_unscreened,59.2,0,0,[],[],,,,0.0,,,"Delivery upside is an asset-progress proxy, not proof of management quality. Downside uses sourced company evidence. A missing risk signal means unscreened, not low risk. Historical outcomes are validation labels and are not score features."
JSPR,Jasper Therapeutics Inc. Common Stock,22.41,0.0,0.0,0.0,0.0,22.41,insufficient_risk_evidence,sparse_risk_unscreened,19.2,0,0,[],[],,,,0.0,,,"Delivery upside is an asset-progress proxy, not proof of management quality. Downside uses sourced company evidence. A missing risk signal means unscreened, not low risk. Historical outcomes are validation labels and are not score features."
MRKR,Marker Therapeutics Inc. Common Stock,22.41,0.0,0.0,0.0,0.0,22.41,insufficient_risk_evidence,market_only_risk_unscreened,59.2,0,0,[],[],,,,0.0,,,"Delivery upside is an asset-progress proxy, not proof of management quality. Downside uses sourced company evidence. A missing risk signal means unscreened, not low risk. Historical outcomes are validation labels and are not score features."
CTMX,CytomX Therapeutics Inc. Common Stock,22.37,0.0,0.0,0.0,0.0,22.37,insufficient_risk_evidence,market_only_risk_unscreened,50.8,0,0,[],[],,,,0.0,,,"Delivery upside is an asset-progress proxy, not proof of management quality. Downside uses sourced company evidence. A missing risk signal means unscreened, not low risk. Historical outcomes are validation labels and are not score features."
TELO,Telomir Pharmaceuticals Inc. Common Stock,22.32,0.0,0.0,0.0,0.0,22.32,insufficient_risk_evidence,sparse_risk_unscreened,19.2,0,0,[],[],,,,0.0,,,"Delivery upside is an asset-progress proxy, not proof of management quality. Downside uses sourced company evidence. A missing risk signal means unscreened, not low risk. Historical outcomes are validation labels and are not score features."
ABOS,Acumen Pharmaceuticals Inc. Common Stock,22.31,0.0,0.0,0.0,0.0,22.31,insufficient_risk_evidence,sparse_risk_unscreened,19.2,0,0,[],[],,,,0.0,,,"Delivery upside is an asset-progress proxy, not proof of management quality. Downside uses sourced company evidence. A missing risk signal means unscreened, not low risk. Historical outcomes are validation labels and are not score features."
CGTX,Cognition Therapeutics Inc. Common Stock,22.31,0.0,0.0,0.0,0.0,22.31,insufficient_risk_evidence,sparse_risk_unscreened,19.2,0,0,[],[],,,,0.0,,,"Delivery upside is an asset-progress proxy, not proof of management quality. Downside uses sourced company evidence. A missing risk signal means unscreened, not low risk. Historical outcomes are validation labels and are not score features."
APLM,Apollomics Inc. Class A Ordinary Shares,22.27,0.0,0.0,0.0,0.0,22.27,insufficient_risk_evidence,sparse_risk_unscreened,19.2,0,0,[],[],,,,0.0,,,"Delivery upside is an asset-progress proxy, not proof of management quality. Downside uses sourced company evidence. A missing risk signal means unscreened, not low risk. Historical outcomes are validation labels and are not score features."
LEGN,Legend Biotech Corporation American Depositary Shares,22.02,0.0,0.0,0.0,0.0,22.02,insufficient_risk_evidence,market_only_risk_unscreened,56.68,0,0,[],[],,,,0.0,,,"Delivery upside is an asset-progress proxy, not proof of management quality. Downside uses sourced company evidence. A missing risk signal means unscreened, not low risk. Historical outcomes are validation labels and are not score features."
ELTX,Elicio Therapeutics Inc. Common Stock,22.01,0.0,0.0,0.0,0.0,22.01,insufficient_risk_evidence,sparse_risk_unscreened,19.2,0,0,[],[],,,,0.0,,,"Delivery upside is an asset-progress proxy, not proof of management quality. Downside uses sourced company evidence. A missing risk signal means unscreened, not low risk. Historical outcomes are validation labels and are not score features."
EVAX,Evaxion A/S American Depositary Share,21.94,0.0,0.0,0.0,0.0,21.94,insufficient_risk_evidence,market_only_risk_unscreened,49.12,0,0,[],[],,,,0.0,,,"Delivery upside is an asset-progress proxy, not proof of management quality. Downside uses sourced company evidence. A missing risk signal means unscreened, not low risk. Historical outcomes are validation labels and are not score features."
RANI,Rani Therapeutics Holdings Inc. Class A Common Stock,21.9,0.0,0.0,0.0,0.0,21.9,insufficient_risk_evidence,market_only_risk_unscreened,50.8,0,0,[],[],,,,0.0,,,"Delivery upside is an asset-progress proxy, not proof of management quality. Downside uses sourced company evidence. A missing risk signal means unscreened, not low risk. Historical outcomes are validation labels and are not score features."
NVCT,Nuvectis Pharma Inc. Common Stock,21.61,0.0,0.0,0.0,0.0,21.61,insufficient_risk_evidence,market_only_risk_unscreened,50.8,0,0,[],[],,,,0.0,,,"Delivery upside is an asset-progress proxy, not proof of management quality. Downside uses sourced company evidence. A missing risk signal means unscreened, not low risk. Historical outcomes are validation labels and are not score features."
SDGR,Schrodinger Inc. Common Stock,21.53,0.0,0.0,0.0,0.0,21.53,insufficient_risk_evidence,market_only_risk_unscreened,50.8,0,0,[],[],,,,0.0,,,"Delivery upside is an asset-progress proxy, not proof of management quality. Downside uses sourced company evidence. A missing risk signal means unscreened, not low risk. Historical outcomes are validation labels and are not score features."
PCSA,Processa Pharmaceuticals Inc. Common Stock,21.36,0.0,0.0,0.0,0.0,21.36,insufficient_risk_evidence,sparse_risk_unscreened,19.2,0,0,[],[],,,,0.0,,,"Delivery upside is an asset-progress proxy, not proof of management quality. Downside uses sourced company evidence. A missing risk signal means unscreened, not low risk. Historical outcomes are validation labels and are not score features."
PTN,Palatin Technologies Inc. Common Stock,21.21,0.0,0.0,0.0,0.0,21.21,insufficient_risk_evidence,market_only_risk_unscreened,50.8,0,0,[],[],,,,0.0,,,"Delivery upside is an asset-progress proxy, not proof of management quality. Downside uses sourced company evidence. A missing risk signal means unscreened, not low risk. Historical outcomes are validation labels and are not score features."
PASG,Passage Bio Inc. Common Stock,21.14,0.0,0.0,0.0,0.0,21.14,insufficient_risk_evidence,sparse_risk_unscreened,19.2,0,0,[],[],,,,0.0,,,"Delivery upside is an asset-progress proxy, not proof of management quality. Downside uses sourced company evidence. A missing risk signal means unscreened, not low risk. Historical outcomes are validation labels and are not score features."
FULC,Fulcrum Therapeutics Inc. Common Stock,21.05,0.0,0.0,0.0,0.0,21.05,insufficient_risk_evidence,sparse_risk_unscreened,19.2,0,0,[],[],,,,0.0,,,"Delivery upside is an asset-progress proxy, not proof of management quality. Downside uses sourced company evidence. A missing risk signal means unscreened, not low risk. Historical outcomes are validation labels and are not score features."
TOVX,Theriva Biologics Inc. Common Stock,20.87,0.0,0.0,0.0,0.0,20.87,insufficient_risk_evidence,sparse_risk_unscreened,18.48,0,0,[],[],,,,0.0,,,"Delivery upside is an asset-progress proxy, not proof of management quality. Downside uses sourced company evidence. A missing risk signal means unscreened, not low risk. Historical outcomes are validation labels and are not score features."
STRO,Sutro Biopharma Inc. Common Stock,20.74,0.0,0.0,0.0,0.0,20.74,insufficient_risk_evidence,sparse_risk_unscreened,19.2,0,0,[],[],,,,0.0,,,"Delivery upside is an asset-progress proxy, not proof of management quality. Downside uses sourced company evidence. A missing risk signal means unscreened, not low risk. Historical outcomes are validation labels and are not score features."
KTTA,Pasithea Therapeutics Corp. Common Stock,20.59,0.0,0.0,0.0,0.0,20.59,insufficient_risk_evidence,market_only_risk_unscreened,50.8,0,0,[],[],,,,0.0,,,"Delivery upside is an asset-progress proxy, not proof of management quality. Downside uses sourced company evidence. A missing risk signal means unscreened, not low risk. Historical outcomes are validation labels and are not score features."
SEPN,Septerna Inc. Common Stock,20.58,0.0,0.0,0.0,0.0,20.58,insufficient_risk_evidence,sparse_risk_unscreened,19.2,0,0,[],[],,,,0.0,,,"Delivery upside is an asset-progress proxy, not proof of management quality. Downside uses sourced company evidence. A missing risk signal means unscreened, not low risk. Historical outcomes are validation labels and are not score features."
GHRS,GH Research PLC Ordinary Shares,20.56,0.0,0.0,0.0,0.0,20.56,insufficient_risk_evidence,sparse_risk_unscreened,18.48,0,0,[],[],,,,0.0,,,"Delivery upside is an asset-progress proxy, not proof of management quality. Downside uses sourced company evidence. A missing risk signal means unscreened, not low risk. Historical outcomes are validation labels and are not score features."
PRLD,Prelude Therapeutics Incorporated Common Stock,20.37,0.0,0.0,0.0,0.0,20.37,insufficient_risk_evidence,sparse_risk_unscreened,19.2,0,0,[],[],,,,0.0,,,"Delivery upside is an asset-progress proxy, not proof of management quality. Downside uses sourced company evidence. A missing risk signal means unscreened, not low risk. Historical outcomes are validation labels and are not score features."
BOLD,Boundless Bio Inc. Common Stock,20.35,0.0,0.0,0.0,0.0,20.35,insufficient_risk_evidence,sparse_risk_unscreened,19.2,0,0,[],[],,,,0.0,,,"Delivery upside is an asset-progress proxy, not proof of management quality. Downside uses sourced company evidence. A missing risk signal means unscreened, not low risk. Historical outcomes are validation labels and are not score features."
CRSP,CRISPR Therapeutics AG Common Shares,20.31,0.0,0.0,0.0,0.0,20.31,insufficient_risk_evidence,sparse_risk_unscreened,19.2,0,0,[],[],,,,0.0,,,"Delivery upside is an asset-progress proxy, not proof of management quality. Downside uses sourced company evidence. A missing risk signal means unscreened, not low risk. Historical outcomes are validation labels and are not score features."
INDP,Indaptus Therapeutics Inc. Common Stock,20.12,0.0,0.0,0.0,0.0,20.12,insufficient_risk_evidence,sparse_risk_unscreened,19.2,0,0,[],[],,,,0.0,,,"Delivery upside is an asset-progress proxy, not proof of management quality. Downside uses sourced company evidence. A missing risk signal means unscreened, not low risk. Historical outcomes are validation labels and are not score features."
OGEN,Oragenics Inc. Common Stock,19.89,0.0,0.0,0.0,0.0,19.89,insufficient_risk_evidence,sparse_risk_unscreened,19.2,0,0,[],[],,,,0.0,,,"Delivery upside is an asset-progress proxy, not proof of management quality. Downside uses sourced company evidence. A missing risk signal means unscreened, not low risk. Historical outcomes are validation labels and are not score features."
SER,Serina Therapeutics Inc. Common Stock,19.89,0.0,0.0,0.0,0.0,19.89,insufficient_risk_evidence,sparse_risk_unscreened,19.2,0,0,[],[],,,,0.0,,,"Delivery upside is an asset-progress proxy, not proof of management quality. Downside uses sourced company evidence. A missing risk signal means unscreened, not low risk. Historical outcomes are validation labels and are not score features."
GLMD,Galmed Pharmaceuticals Ltd. Ordinary Shares,19.77,0.0,0.0,0.0,0.0,19.77,insufficient_risk_evidence,sparse_risk_unscreened,19.2,0,0,[],[],,,,0.0,,,"Delivery upside is an asset-progress proxy, not proof of management quality. Downside uses sourced company evidence. A missing risk signal means unscreened, not low risk. Historical outcomes are validation labels and are not score features."
IBIO,iBio Inc. Common Stock,19.77,0.0,0.0,0.0,0.0,19.77,insufficient_risk_evidence,sparse_risk_unscreened,19.2,0,0,[],[],,,,0.0,,,"Delivery upside is an asset-progress proxy, not proof of management quality. Downside uses sourced company evidence. A missing risk signal means unscreened, not low risk. Historical outcomes are validation labels and are not score features."
VYGR,Voyager Therapeutics Inc. Common Stock,19.67,0.0,0.0,0.0,0.0,19.67,insufficient_risk_evidence,sparse_risk_unscreened,19.2,0,0,[],[],,,,0.0,,,"Delivery upside is an asset-progress proxy, not proof of management quality. Downside uses sourced company evidence. A missing risk signal means unscreened, not low risk. Historical outcomes are validation labels and are not score features."
BCDA,BioCardia Inc. Common Stock,19.52,0.0,0.0,0.0,0.0,19.52,insufficient_risk_evidence,sparse_risk_unscreened,19.2,0,0,[],[],,,,0.0,,,"Delivery upside is an asset-progress proxy, not proof of management quality. Downside uses sourced company evidence. A missing risk signal means unscreened, not low risk. Historical outcomes are validation labels and are not score features."
AVXL,Anavex Life Sciences Corp. Common Stock,19.49,0.0,0.0,0.0,0.0,19.49,insufficient_risk_evidence,sparse_risk_unscreened,19.2,0,0,[],[],,,,0.0,,,"Delivery upside is an asset-progress proxy, not proof of management quality. Downside uses sourced company evidence. A missing risk signal means unscreened, not low risk. Historical outcomes are validation labels and are not score features."
LCTX,Lineage Cell Therapeutics Inc. Common Stock,19.19,0.0,0.0,0.0,0.0,19.19,insufficient_risk_evidence,sparse_risk_unscreened,19.2,0,0,[],[],,,,0.0,,,"Delivery upside is an asset-progress proxy, not proof of management quality. Downside uses sourced company evidence. A missing risk signal means unscreened, not low risk. Historical outcomes are validation labels and are not score features."
LGVN,Longeveron Inc. Class A Common Stock,19.19,0.0,0.0,0.0,0.0,19.19,insufficient_risk_evidence,sparse_risk_unscreened,19.2,0,0,[],[],,,,0.0,,,"Delivery upside is an asset-progress proxy, not proof of management quality. Downside uses sourced company evidence. A missing risk signal means unscreened, not low risk. Historical outcomes are validation labels and are not score features."
RNAZ,TransCode Therapeutics Inc. Common Stock,19.07,0.0,0.0,0.0,0.0,19.07,insufficient_risk_evidence,sparse_risk_unscreened,19.2,0,0,[],[],,,,0.0,,,"Delivery upside is an asset-progress proxy, not proof of management quality. Downside uses sourced company evidence. A missing risk signal means unscreened, not low risk. Historical outcomes are validation labels and are not score features."
PRME,Prime Medicine Inc. Common Stock,18.93,0.0,0.0,0.0,0.0,18.93,insufficient_risk_evidence,sparse_risk_unscreened,19.2,0,0,[],[],,,,0.0,,,"Delivery upside is an asset-progress proxy, not proof of management quality. Downside uses sourced company evidence. A missing risk signal means unscreened, not low risk. Historical outcomes are validation labels and are not score features."
EDIT,Editas Medicine Inc. Common Stock,18.56,0.0,0.0,0.0,0.0,18.56,insufficient_risk_evidence,sparse_risk_unscreened,19.2,0,0,[],[],,,,0.0,,,"Delivery upside is an asset-progress proxy, not proof of management quality. Downside uses sourced company evidence. A missing risk signal means unscreened, not low risk. Historical outcomes are validation labels and are not score features."
BRNS,Barinthus Biotherapeutics plc American Depositary Shares,18.55,0.0,0.0,0.0,0.0,18.55,insufficient_risk_evidence,sparse_risk_unscreened,19.2,0,0,[],[],,,,0.0,,,"Delivery upside is an asset-progress proxy, not proof of management quality. Downside uses sourced company evidence. A missing risk signal means unscreened, not low risk. Historical outcomes are validation labels and are not score features."
INAB,IN8bio Inc. Common Stock,18.47,0.0,0.0,0.0,0.0,18.47,insufficient_risk_evidence,market_only_risk_unscreened,50.8,0,0,[],[],,,,0.0,,,"Delivery upside is an asset-progress proxy, not proof of management quality. Downside uses sourced company evidence. A missing risk signal means unscreened, not low risk. Historical outcomes are validation labels and are not score features."
STTK,Shattuck Labs Inc. Common Stock,18.45,0.0,0.0,0.0,0.0,18.45,insufficient_risk_evidence,sparse_risk_unscreened,19.2,0,0,[],[],,,,0.0,,,"Delivery upside is an asset-progress proxy, not proof of management quality. Downside uses sourced company evidence. A missing risk signal means unscreened, not low risk. Historical outcomes are validation labels and are not score features."
CRBU,Caribou Biosciences Inc. Common Stock,18.25,0.0,0.0,0.0,0.0,18.25,insufficient_risk_evidence,sparse_risk_unscreened,19.2,0,0,[],[],,,,0.0,,,"Delivery upside is an asset-progress proxy, not proof of management quality. Downside uses sourced company evidence. A missing risk signal means unscreened, not low risk. Historical outcomes are validation labels and are not score features."
HROW,Harrow Inc. Common Stock,18.12,0.0,0.0,0.0,0.0,18.12,insufficient_risk_evidence,market_only_risk_unscreened,59.2,0,0,[],[],,,,0.0,,,"Delivery upside is an asset-progress proxy, not proof of management quality. Downside uses sourced company evidence. A missing risk signal means unscreened, not low risk. Historical outcomes are validation labels and are not score features."
SANA,Sana Biotechnology Inc. Common Stock,18.08,0.0,0.0,0.0,0.0,18.08,insufficient_risk_evidence,market_only_risk_unscreened,50.8,0,0,[],[],,,,0.0,,,"Delivery upside is an asset-progress proxy, not proof of management quality. Downside uses sourced company evidence. A missing risk signal means unscreened, not low risk. Historical outcomes are validation labels and are not score features."
HCWB,HCW Biologics Inc. Common Stock,17.99,0.0,0.0,0.0,0.0,17.99,insufficient_risk_evidence,sparse_risk_unscreened,19.2,0,0,[],[],,,,0.0,,,"Delivery upside is an asset-progress proxy, not proof of management quality. Downside uses sourced company evidence. A missing risk signal means unscreened, not low risk. Historical outcomes are validation labels and are not score features."
PHIO,Phio Pharmaceuticals Corp. Common Stock,17.99,0.0,0.0,0.0,0.0,17.99,insufficient_risk_evidence,sparse_risk_unscreened,19.2,0,0,[],[],,,,0.0,,,"Delivery upside is an asset-progress proxy, not proof of management quality. Downside uses sourced company evidence. A missing risk signal means unscreened, not low risk. Historical outcomes are validation labels and are not score features."
AXGN,Axogen Inc. Common Stock,17.87,0.0,0.0,0.0,0.0,17.87,insufficient_risk_evidence,sparse_risk_unscreened,19.2,0,0,[],[],,,,0.0,,,"Delivery upside is an asset-progress proxy, not proof of management quality. Downside uses sourced company evidence. A missing risk signal means unscreened, not low risk. Historical outcomes are validation labels and are not score features."
SNTI,Senti Biosciences Holdings Inc. Common Stock,17.81,0.0,0.0,0.0,0.0,17.81,insufficient_risk_evidence,sparse_risk_unscreened,19.2,0,0,[],[],,,,0.0,,,"Delivery upside is an asset-progress proxy, not proof of management quality. Downside uses sourced company evidence. A missing risk signal means unscreened, not low risk. Historical outcomes are validation labels and are not score features."
MNPR,Monopar Therapeutics Inc. Common Stock,17.58,0.0,0.0,0.0,0.0,17.58,insufficient_risk_evidence,market_only_risk_unscreened,50.8,0,0,[],[],,,,0.0,,,"Delivery upside is an asset-progress proxy, not proof of management quality. Downside uses sourced company evidence. A missing risk signal means unscreened, not low risk. Historical outcomes are validation labels and are not score features."
PALI,Palisade Bio Inc. Common Stock,17.2,0.0,0.0,0.0,0.0,17.2,insufficient_risk_evidence,sparse_risk_unscreened,19.2,0,0,[],[],,,,0.0,,,"Delivery upside is an asset-progress proxy, not proof of management quality. Downside uses sourced company evidence. A missing risk signal means unscreened, not low risk. Historical outcomes are validation labels and are not score features."
FHTX,Foghorn Therapeutics Inc. Common Stock,17.11,0.0,0.0,0.0,0.0,17.11,insufficient_risk_evidence,market_only_risk_unscreened,50.8,0,0,[],[],,,,0.0,,,"Delivery upside is an asset-progress proxy, not proof of management quality. Downside uses sourced company evidence. A missing risk signal means unscreened, not low risk. Historical outcomes are validation labels and are not score features."
NVAX,Novavax Inc. Common Stock,16.86,0.0,0.0,0.0,0.0,16.86,insufficient_risk_evidence,sparse_risk_unscreened,19.2,0,0,[],[],,,,0.0,,,"Delivery upside is an asset-progress proxy, not proof of management quality. Downside uses sourced company evidence. A missing risk signal means unscreened, not low risk. Historical outcomes are validation labels and are not score features."
EBS,Emergent BioSolutions Inc. Common Stock,16.52,0.0,0.0,0.0,0.0,16.52,insufficient_risk_evidence,sparse_risk_unscreened,19.2,0,0,[],[],,,,0.0,,,"Delivery upside is an asset-progress proxy, not proof of management quality. Downside uses sourced company evidence. A missing risk signal means unscreened, not low risk. Historical outcomes are validation labels and are not score features."
VTRS,Viatris Inc. Common Stock,16.52,0.0,0.0,0.0,0.0,16.52,insufficient_risk_evidence,sparse_risk_unscreened,19.2,0,0,[],[],,,,0.0,,,"Delivery upside is an asset-progress proxy, not proof of management quality. Downside uses sourced company evidence. A missing risk signal means unscreened, not low risk. Historical outcomes are validation labels and are not score features."
APVO,Aptevo Therapeutics Inc. Common Stock,16.37,0.0,0.0,0.0,0.0,16.37,insufficient_risk_evidence,sparse_risk_unscreened,19.2,0,0,[],[],,,,0.0,,,"Delivery upside is an asset-progress proxy, not proof of management quality. Downside uses sourced company evidence. A missing risk signal means unscreened, not low risk. Historical outcomes are validation labels and are not score features."
ADAG,Adagene Inc. American Depositary Shares,15.85,0.0,0.0,0.0,0.0,15.85,insufficient_risk_evidence,sparse_risk_unscreened,19.2,0,0,[],[],,,,0.0,,,"Delivery upside is an asset-progress proxy, not proof of management quality. Downside uses sourced company evidence. A missing risk signal means unscreened, not low risk. Historical outcomes are validation labels and are not score features."
GDTC,CytoMed Therapeutics Limited Ordinary Shares,15.6,0.0,0.0,0.0,0.0,15.6,insufficient_risk_evidence,sparse_risk_unscreened,18.48,0,0,[],[],,,,0.0,,,"Delivery upside is an asset-progress proxy, not proof of management quality. Downside uses sourced company evidence. A missing risk signal means unscreened, not low risk. Historical outcomes are validation labels and are not score features."
IPSC,Century Therapeutics Inc. Common Stock,15.45,0.0,0.0,0.0,0.0,15.45,insufficient_risk_evidence,sparse_risk_unscreened,19.2,0,0,[],[],,,,0.0,,,"Delivery upside is an asset-progress proxy, not proof of management quality. Downside uses sourced company evidence. A missing risk signal means unscreened, not low risk. Historical outcomes are validation labels and are not score features."
HYPR,Hyperfine Inc. Class A Common Stock,13.98,0.0,0.0,0.0,0.0,13.98,insufficient_risk_evidence,sparse_risk_unscreened,19.2,0,0,[],[],,,,0.0,,,"Delivery upside is an asset-progress proxy, not proof of management quality. Downside uses sourced company evidence. A missing risk signal means unscreened, not low risk. Historical outcomes are validation labels and are not score features."
AAPG,Ascentage Pharma Group International American Depository Shares,1.5,0.0,0.0,0.0,0.0,1.5,insufficient_risk_evidence,sparse_risk_unscreened,6.0,0,0,[],[],,,,0.0,,,"Delivery upside is an asset-progress proxy, not proof of management quality. Downside uses sourced company evidence. A missing risk signal means unscreened, not low risk. Historical outcomes are validation labels and are not score features."
AARD,Aardvark Therapeutics Inc. Common Stock,1.5,0.0,0.0,0.0,0.0,1.5,insufficient_risk_evidence,sparse_risk_unscreened,6.0,0,0,[],[],,,,0.0,,,"Delivery upside is an asset-progress proxy, not proof of management quality. Downside uses sourced company evidence. A missing risk signal means unscreened, not low risk. Historical outcomes are validation labels and are not score features."
ABSI,Absci Corporation Common Stock,1.5,0.0,0.0,0.0,0.0,1.5,insufficient_risk_evidence,sparse_risk_unscreened,6.0,0,0,[],[],,,,0.0,,,"Delivery upside is an asset-progress proxy, not proof of management quality. Downside uses sourced company evidence. A missing risk signal means unscreened, not low risk. Historical outcomes are validation labels and are not score features."
ABT,Abbott Laboratories Common Stock,1.5,0.0,0.0,0.0,0.0,1.5,insufficient_risk_evidence,sparse_risk_unscreened,6.0,0,0,[],[],,,,0.0,,,"Delivery upside is an asset-progress proxy, not proof of management quality. Downside uses sourced company evidence. A missing risk signal means unscreened, not low risk. Historical outcomes are validation labels and are not score features."
ABUS,Arbutus Biopharma Corporation Common Stock,1.5,0.0,0.0,0.0,0.0,1.5,insufficient_risk_evidence,sparse_risk_unscreened,6.0,0,0,[],[],,,,0.0,,,"Delivery upside is an asset-progress proxy, not proof of management quality. Downside uses sourced company evidence. A missing risk signal means unscreened, not low risk. Historical outcomes are validation labels and are not score features."
ABVC,ABVC BioPharma Inc. Common Stock,1.5,0.0,0.0,0.0,0.0,1.5,insufficient_risk_evidence,sparse_risk_unscreened,6.0,0,0,[],[],,,,0.0,,,"Delivery upside is an asset-progress proxy, not proof of management quality. Downside uses sourced company evidence. A missing risk signal means unscreened, not low risk. Historical outcomes are validation labels and are not score features."
ABVX,Abivax SA American Depositary Shares,1.5,0.0,0.0,0.0,0.0,1.5,insufficient_risk_evidence,sparse_risk_unscreened,6.0,0,0,[],[],,,,0.0,,,"Delivery upside is an asset-progress proxy, not proof of management quality. Downside uses sourced company evidence. A missing risk signal means unscreened, not low risk. Historical outcomes are validation labels and are not score features."
ACB,Aurora Cannabis Inc. Common Shares,1.5,0.0,0.0,0.0,0.0,1.5,insufficient_risk_evidence,sparse_risk_unscreened,6.0,0,0,[],[],,,,0.0,,,"Delivery upside is an asset-progress proxy, not proof of management quality. Downside uses sourced company evidence. A missing risk signal means unscreened, not low risk. Historical outcomes are validation labels and are not score features."
ACET,Adicet Bio Inc. Common Stock,1.5,0.0,0.0,0.0,0.0,1.5,insufficient_risk_evidence,sparse_risk_unscreened,6.0,0,0,[],[],,,,0.0,,,"Delivery upside is an asset-progress proxy, not proof of management quality. Downside uses sourced company evidence. A missing risk signal means unscreened, not low risk. Historical outcomes are validation labels and are not score features."
ADIL,Adial Pharmaceuticals Inc Common Stock,1.5,0.0,0.0,0.0,0.0,1.5,insufficient_risk_evidence,sparse_risk_unscreened,6.0,0,0,[],[],,,,0.0,,,"Delivery upside is an asset-progress proxy, not proof of management quality. Downside uses sourced company evidence. A missing risk signal means unscreened, not low risk. Historical outcomes are validation labels and are not score features."
ADMA,ADMA Biologics Inc Common Stock,1.5,0.0,0.0,0.0,0.0,1.5,insufficient_risk_evidence,sparse_risk_unscreened,6.0,0,0,[],[],,,,0.0,,,"Delivery upside is an asset-progress proxy, not proof of management quality. Downside uses sourced company evidence. A missing risk signal means unscreened, not low risk. Historical outcomes are validation labels and are not score features."
ADPT,Adaptive Biotechnologies Corporation Common Stock,1.5,0.0,0.0,0.0,0.0,1.5,insufficient_risk_evidence,sparse_risk_unscreened,6.0,0,0,[],[],,,,0.0,,,"Delivery upside is an asset-progress proxy, not proof of management quality. Downside uses sourced company evidence. A missing risk signal means unscreened, not low risk. Historical outcomes are validation labels and are not score features."
ADXN,Addex Therapeutics Ltd American Depositary Shares,1.5,0.0,0.0,0.0,0.0,1.5,insufficient_risk_evidence,sparse_risk_unscreened,6.0,0,0,[],[],,,,0.0,,,"Delivery upside is an asset-progress proxy, not proof of management quality. Downside uses sourced company evidence. A missing risk signal means unscreened, not low risk. Historical outcomes are validation labels and are not score features."
AEON,AEON Biopharma Inc. Class A Common Stock,1.5,0.0,0.0,0.0,0.0,1.5,insufficient_risk_evidence,sparse_risk_unscreened,6.0,0,0,[],[],,,,0.0,,,"Delivery upside is an asset-progress proxy, not proof of management quality. Downside uses sourced company evidence. A missing risk signal means unscreened, not low risk. Historical outcomes are validation labels and are not score features."
AGEN,Agenus Inc. Common Stock,1.5,0.0,0.0,0.0,0.0,1.5,insufficient_risk_evidence,sparse_risk_unscreened,6.0,0,0,[],[],,,,0.0,,,"Delivery upside is an asset-progress proxy, not proof of management quality. Downside uses sourced company evidence. A missing risk signal means unscreened, not low risk. Historical outcomes are validation labels and are not score features."
AGL,agilon health inc. Common Stock,1.5,0.0,0.0,0.0,0.0,1.5,insufficient_risk_evidence,sparse_risk_unscreened,6.0,0,0,[],[],,,,0.0,,,"Delivery upside is an asset-progress proxy, not proof of management quality. Downside uses sourced company evidence. A missing risk signal means unscreened, not low risk. Historical outcomes are validation labels and are not score features."
AGMB,AgomAb Therapeutics NV American Depositary Shares,1.5,0.0,0.0,0.0,0.0,1.5,insufficient_risk_evidence,sparse_risk_unscreened,6.0,0,0,[],[],,,,0.0,,,"Delivery upside is an asset-progress proxy, not proof of management quality. Downside uses sourced company evidence. A missing risk signal means unscreened, not low risk. Historical outcomes are validation labels and are not score features."
AIM,AIM ImmunoTech Inc. Common Stock,1.5,0.0,0.0,0.0,0.0,1.5,insufficient_risk_evidence,sparse_risk_unscreened,6.0,0,0,[],[],,,,0.0,,,"Delivery upside is an asset-progress proxy, not proof of management quality. Downside uses sourced company evidence. A missing risk signal means unscreened, not low risk. Historical outcomes are validation labels and are not score features."
AIXC,AIxCrypto Holdings Inc. Common Stock,1.5,0.0,0.0,0.0,0.0,1.5,insufficient_risk_evidence,sparse_risk_unscreened,6.0,0,0,[],[],,,,0.0,,,"Delivery upside is an asset-progress proxy, not proof of management quality. Downside uses sourced company evidence. A missing risk signal means unscreened, not low risk. Historical outcomes are validation labels and are not score features."
AKAN,Akanda Corp. Common Shares,1.5,0.0,0.0,0.0,0.0,1.5,insufficient_risk_evidence,sparse_risk_unscreened,6.0,0,0,[],[],,,,0.0,,,"Delivery upside is an asset-progress proxy, not proof of management quality. Downside uses sourced company evidence. A missing risk signal means unscreened, not low risk. Historical outcomes are validation labels and are not score features."
AKTX,Akari Therapeutics plc ADS,1.5,0.0,0.0,0.0,0.0,1.5,insufficient_risk_evidence,sparse_risk_unscreened,6.0,0,0,[],[],,,,0.0,,,"Delivery upside is an asset-progress proxy, not proof of management quality. Downside uses sourced company evidence. A missing risk signal means unscreened, not low risk. Historical outcomes are validation labels and are not score features."
ALEC,Alector Inc. Common Stock,1.5,0.0,0.0,0.0,0.0,1.5,insufficient_risk_evidence,sparse_risk_unscreened,6.0,0,0,[],[],,,,0.0,,,"Delivery upside is an asset-progress proxy, not proof of management quality. Downside uses sourced company evidence. A missing risk signal means unscreened, not low risk. Historical outcomes are validation labels and are not score features."
ALVO,Alvotech Ordinary Shares,1.5,0.0,0.0,0.0,0.0,1.5,insufficient_risk_evidence,sparse_risk_unscreened,6.0,0,0,[],[],,,,0.0,,,"Delivery upside is an asset-progress proxy, not proof of management quality. Downside uses sourced company evidence. A missing risk signal means unscreened, not low risk. Historical outcomes are validation labels and are not score features."
AMRN,Amarin Corporation plc,1.5,0.0,0.0,0.0,0.0,1.5,insufficient_risk_evidence,sparse_risk_unscreened,6.0,0,0,[],[],,,,0.0,,,"Delivery upside is an asset-progress proxy, not proof of management quality. Downside uses sourced company evidence. A missing risk signal means unscreened, not low risk. Historical outcomes are validation labels and are not score features."
ANIX,Anixa Biosciences Inc. Common Stock,1.5,0.0,0.0,0.0,0.0,1.5,insufficient_risk_evidence,sparse_risk_unscreened,6.0,0,0,[],[],,,,0.0,,,"Delivery upside is an asset-progress proxy, not proof of management quality. Downside uses sourced company evidence. A missing risk signal means unscreened, not low risk. Historical outcomes are validation labels and are not score features."
ANTX,AN2 Therapeutics Inc. Common Stock,1.5,0.0,0.0,0.0,0.0,1.5,insufficient_risk_evidence,sparse_risk_unscreened,6.0,0,0,[],[],,,,0.0,,,"Delivery upside is an asset-progress proxy, not proof of management quality. Downside uses sourced company evidence. A missing risk signal means unscreened, not low risk. Historical outcomes are validation labels and are not score features."
APUS,Apimeds Pharmaceuticals US Inc. Common Stock,1.5,0.0,0.0,0.0,0.0,1.5,insufficient_risk_evidence,sparse_risk_unscreened,6.0,0,0,[],[],,,,0.0,,,"Delivery upside is an asset-progress proxy, not proof of management quality. Downside uses sourced company evidence. A missing risk signal means unscreened, not low risk. Historical outcomes are validation labels and are not score features."
AQST,Aquestive Therapeutics Inc. Common Stock,1.5,0.0,0.0,0.0,0.0,1.5,insufficient_risk_evidence,sparse_risk_unscreened,6.0,0,0,[],[],,,,0.0,,,"Delivery upside is an asset-progress proxy, not proof of management quality. Downside uses sourced company evidence. A missing risk signal means unscreened, not low risk. Historical outcomes are validation labels and are not score features."
ARMP,Armata Pharmaceuticals Inc. Common Stock,1.5,0.0,0.0,0.0,0.0,1.5,insufficient_risk_evidence,sparse_risk_unscreened,6.0,0,0,[],[],,,,0.0,,,"Delivery upside is an asset-progress proxy, not proof of management quality. Downside uses sourced company evidence. A missing risk signal means unscreened, not low risk. Historical outcomes are validation labels and are not score features."
ARTL,Artelo Biosciences Inc. Common Stock,1.5,0.0,0.0,0.0,0.0,1.5,insufficient_risk_evidence,sparse_risk_unscreened,6.0,0,0,[],[],,,,0.0,,,"Delivery upside is an asset-progress proxy, not proof of management quality. Downside uses sourced company evidence. A missing risk signal means unscreened, not low risk. Historical outcomes are validation labels and are not score features."
ASBP,Aspire Biopharma Holdings Inc. Common Stock,1.5,0.0,0.0,0.0,0.0,1.5,insufficient_risk_evidence,sparse_risk_unscreened,6.0,0,0,[],[],,,,0.0,,,"Delivery upside is an asset-progress proxy, not proof of management quality. Downside uses sourced company evidence. A missing risk signal means unscreened, not low risk. Historical outcomes are validation labels and are not score features."
ASMB,Assembly Biosciences Inc. Common Stock,1.5,0.0,0.0,0.0,0.0,1.5,insufficient_risk_evidence,sparse_risk_unscreened,6.0,0,0,[],[],,,,0.0,,,"Delivery upside is an asset-progress proxy, not proof of management quality. Downside uses sourced company evidence. A missing risk signal means unscreened, not low risk. Historical outcomes are validation labels and are not score features."
ATAI,AtaiBeckley Inc. Common Stock,1.5,0.0,0.0,0.0,0.0,1.5,insufficient_risk_evidence,sparse_risk_unscreened,6.0,0,0,[],[],,,,0.0,,,"Delivery upside is an asset-progress proxy, not proof of management quality. Downside uses sourced company evidence. A missing risk signal means unscreened, not low risk. Historical outcomes are validation labels and are not score features."
ATHE,Alterity Therapeutics Limited American Depositary Shares,1.5,0.0,0.0,0.0,0.0,1.5,insufficient_risk_evidence,sparse_risk_unscreened,6.0,0,0,[],[],,,,0.0,,,"Delivery upside is an asset-progress proxy, not proof of management quality. Downside uses sourced company evidence. A missing risk signal means unscreened, not low risk. Historical outcomes are validation labels and are not score features."
ATNM,Actinium Pharmaceuticals Inc. (Delaware) Common Stock,1.5,0.0,0.0,0.0,0.0,1.5,insufficient_risk_evidence,sparse_risk_unscreened,6.0,0,0,[],[],,,,0.0,,,"Delivery upside is an asset-progress proxy, not proof of management quality. Downside uses sourced company evidence. A missing risk signal means unscreened, not low risk. Historical outcomes are validation labels and are not score features."
ATRA,Atara Biotherapeutics Inc. Common Stock,1.5,0.0,0.0,0.0,0.0,1.5,insufficient_risk_evidence,sparse_risk_unscreened,6.0,0,0,[],[],,,,0.0,,,"Delivery upside is an asset-progress proxy, not proof of management quality. Downside uses sourced company evidence. A missing risk signal means unscreened, not low risk. Historical outcomes are validation labels and are not score features."
AUTL,Autolus Therapeutics plc American Depositary Share,1.5,0.0,0.0,0.0,0.0,1.5,insufficient_risk_evidence,sparse_risk_unscreened,6.0,0,0,[],[],,,,0.0,,,"Delivery upside is an asset-progress proxy, not proof of management quality. Downside uses sourced company evidence. A missing risk signal means unscreened, not low risk. Historical outcomes are validation labels and are not score features."
AVTX,Avalo Therapeutics Inc. Common Stock,1.5,0.0,0.0,0.0,0.0,1.5,insufficient_risk_evidence,sparse_risk_unscreened,6.0,0,0,[],[],,,,0.0,,,"Delivery upside is an asset-progress proxy, not proof of management quality. Downside uses sourced company evidence. A missing risk signal means unscreened, not low risk. Historical outcomes are validation labels and are not score features."
AYTU,Aytu BioPharma Inc.  Common Stock,1.5,0.0,0.0,0.0,0.0,1.5,insufficient_risk_evidence,sparse_risk_unscreened,6.0,0,0,[],[],,,,0.0,,,"Delivery upside is an asset-progress proxy, not proof of management quality. Downside uses sourced company evidence. A missing risk signal means unscreened, not low risk. Historical outcomes are validation labels and are not score features."
BBOT,BridgeBio Oncology Therapeutics Inc. Common Stock  ,1.5,0.0,0.0,0.0,0.0,1.5,insufficient_risk_evidence,sparse_risk_unscreened,6.0,0,0,[],[],,,,0.0,,,"Delivery upside is an asset-progress proxy, not proof of management quality. Downside uses sourced company evidence. A missing risk signal means unscreened, not low risk. Historical outcomes are validation labels and are not score features."
BCYC,Bicycle Therapeutics plc American Depositary Shares,1.5,0.0,0.0,0.0,0.0,1.5,insufficient_risk_evidence,sparse_risk_unscreened,6.0,0,0,[],[],,,,0.0,,,"Delivery upside is an asset-progress proxy, not proof of management quality. Downside uses sourced company evidence. A missing risk signal means unscreened, not low risk. Historical outcomes are validation labels and are not score features."
BDRX,Biodexa Pharmaceuticals plc American Depositary Shs,1.5,0.0,0.0,0.0,0.0,1.5,insufficient_risk_evidence,sparse_risk_unscreened,6.0,0,0,[],[],,,,0.0,,,"Delivery upside is an asset-progress proxy, not proof of management quality. Downside uses sourced company evidence. A missing risk signal means unscreened, not low risk. Historical outcomes are validation labels and are not score features."
BFRG,Bullfrog AI Holdings Inc. Common Stock,1.5,0.0,0.0,0.0,0.0,1.5,insufficient_risk_evidence,sparse_risk_unscreened,6.0,0,0,[],[],,,,0.0,,,"Delivery upside is an asset-progress proxy, not proof of management quality. Downside uses sourced company evidence. A missing risk signal means unscreened, not low risk. Historical outcomes are validation labels and are not score features."
BGM,BGM Group Ltd. Class A Ordinary Shares,1.5,0.0,0.0,0.0,0.0,1.5,insufficient_risk_evidence,sparse_risk_unscreened,6.0,0,0,[],[],,,,0.0,,,"Delivery upside is an asset-progress proxy, not proof of management quality. Downside uses sourced company evidence. A missing risk signal means unscreened, not low risk. Historical outcomes are validation labels and are not score features."
BGMS,Bio Green Med Solution Inc. Common Stock,1.5,0.0,0.0,0.0,0.0,1.5,insufficient_risk_evidence,sparse_risk_unscreened,6.0,0,0,[],[],,,,0.0,,,"Delivery upside is an asset-progress proxy, not proof of management quality. Downside uses sourced company evidence. A missing risk signal means unscreened, not low risk. Historical outcomes are validation labels and are not score features."
BHC,Bausch Health Companies Inc. Common Stock,1.5,0.0,0.0,0.0,0.0,1.5,insufficient_risk_evidence,sparse_risk_unscreened,6.0,0,0,[],[],,,,0.0,,,"Delivery upside is an asset-progress proxy, not proof of management quality. Downside uses sourced company evidence. A missing risk signal means unscreened, not low risk. Historical outcomes are validation labels and are not score features."
BHVN,Biohaven Ltd. Common Shares ,1.5,0.0,0.0,0.0,0.0,1.5,insufficient_risk_evidence,sparse_risk_unscreened,6.0,0,0,[],[],,,,0.0,,,"Delivery upside is an asset-progress proxy, not proof of management quality. Downside uses sourced company evidence. A missing risk signal means unscreened, not low risk. Historical outcomes are validation labels and are not score features."
BIAF,bioAffinity Technologies Inc. Common Stock,1.5,0.0,0.0,0.0,0.0,1.5,insufficient_risk_evidence,sparse_risk_unscreened,6.0,0,0,[],[],,,,0.0,,,"Delivery upside is an asset-progress proxy, not proof of management quality. Downside uses sourced company evidence. A missing risk signal means unscreened, not low risk. Historical outcomes are validation labels and are not score features."
BKHA,Black Hawk Acquisition Corporation Class A Ordinary Shares,1.5,0.0,0.0,0.0,0.0,1.5,insufficient_risk_evidence,sparse_risk_unscreened,6.0,0,0,[],[],,,,0.0,,,"Delivery upside is an asset-progress proxy, not proof of management quality. Downside uses sourced company evidence. A missing risk signal means unscreened, not low risk. Historical outcomes are validation labels and are not score features."
BLFS,BioLife Solutions Inc. Common Stock,1.5,0.0,0.0,0.0,0.0,1.5,insufficient_risk_evidence,sparse_risk_unscreened,6.0,0,0,[],[],,,,0.0,,,"Delivery upside is an asset-progress proxy, not proof of management quality. Downside uses sourced company evidence. A missing risk signal means unscreened, not low risk. Historical outcomes are validation labels and are not score features."
BMRA,Biomerica Inc. Common Stock,1.5,0.0,0.0,0.0,0.0,1.5,insufficient_risk_evidence,sparse_risk_unscreened,6.0,0,0,[],[],,,,0.0,,,"Delivery upside is an asset-progress proxy, not proof of management quality. Downside uses sourced company evidence. A missing risk signal means unscreened, not low risk. Historical outcomes are validation labels and are not score features."
BON,Bon Natural Life Limited Class A Ordinary Shares,1.5,0.0,0.0,0.0,0.0,1.5,insufficient_risk_evidence,sparse_risk_unscreened,6.0,0,0,[],[],,,,0.0,,,"Delivery upside is an asset-progress proxy, not proof of management quality. Downside uses sourced company evidence. A missing risk signal means unscreened, not low risk. Historical outcomes are validation labels and are not score features."
BTI,British American Tobacco  Industries p.l.c. Common Stock ADR,1.5,0.0,0.0,0.0,0.0,1.5,insufficient_risk_evidence,sparse_risk_unscreened,6.0,0,0,[],[],,,,0.0,,,"Delivery upside is an asset-progress proxy, not proof of management quality. Downside uses sourced company evidence. A missing risk signal means unscreened, not low risk. Historical outcomes are validation labels and are not score features."
BTMD,Biote Corp. Class A Common Stock,1.5,0.0,0.0,0.0,0.0,1.5,insufficient_risk_evidence,sparse_risk_unscreened,6.0,0,0,[],[],,,,0.0,,,"Delivery upside is an asset-progress proxy, not proof of management quality. Downside uses sourced company evidence. A missing risk signal means unscreened, not low risk. Historical outcomes are validation labels and are not score features."
BTTC,Black Titan Corporation Ordinary Shares,1.5,0.0,0.0,0.0,0.0,1.5,insufficient_risk_evidence,sparse_risk_unscreened,6.0,0,0,[],[],,,,0.0,,,"Delivery upside is an asset-progress proxy, not proof of management quality. Downside uses sourced company evidence. A missing risk signal means unscreened, not low risk. Historical outcomes are validation labels and are not score features."
BYSI,BeyondSpring Inc. Ordinary Shares,1.5,0.0,0.0,0.0,0.0,1.5,insufficient_risk_evidence,sparse_risk_unscreened,6.0,0,0,[],[],,,,0.0,,,"Delivery upside is an asset-progress proxy, not proof of management quality. Downside uses sourced company evidence. A missing risk signal means unscreened, not low risk. Historical outcomes are validation labels and are not score features."
CANF,Can-Fite Biopharma Ltd American Depositary Shares each representing two (2) Ordinary Shares,1.5,0.0,0.0,0.0,0.0,1.5,insufficient_risk_evidence,sparse_risk_unscreened,6.0,0,0,[],[],,,,0.0,,,"Delivery upside is an asset-progress proxy, not proof of management quality. Downside uses sourced company evidence. A missing risk signal means unscreened, not low risk. Historical outcomes are validation labels and are not score features."
CAPS,Capstone Holding Corp. Common Stock,1.5,0.0,0.0,0.0,0.0,1.5,insufficient_risk_evidence,sparse_risk_unscreened,6.0,0,0,[],[],,,,0.0,,,"Delivery upside is an asset-progress proxy, not proof of management quality. Downside uses sourced company evidence. A missing risk signal means unscreened, not low risk. Historical outcomes are validation labels and are not score features."
CBLL,CeriBell Inc. Common Stock,1.5,0.0,0.0,0.0,0.0,1.5,insufficient_risk_evidence,sparse_risk_unscreened,6.0,0,0,[],[],,,,0.0,,,"Delivery upside is an asset-progress proxy, not proof of management quality. Downside uses sourced company evidence. A missing risk signal means unscreened, not low risk. Historical outcomes are validation labels and are not score features."
CCEL,Cryo-Cell International Inc. Common Stock,1.5,0.0,0.0,0.0,0.0,1.5,insufficient_risk_evidence,sparse_risk_unscreened,6.0,0,0,[],[],,,,0.0,,,"Delivery upside is an asset-progress proxy, not proof of management quality. Downside uses sourced company evidence. A missing risk signal means unscreened, not low risk. Historical outcomes are validation labels and are not score features."
CDIO,Cardio Diagnostics Holdings Inc. Common stock,1.5,0.0,0.0,0.0,0.0,1.5,insufficient_risk_evidence,sparse_risk_unscreened,6.0,0,0,[],[],,,,0.0,,,"Delivery upside is an asset-progress proxy, not proof of management quality. Downside uses sourced company evidence. A missing risk signal means unscreened, not low risk. Historical outcomes are validation labels and are not score features."
CDT,CDT Equity Inc. Common Stock,1.5,0.0,0.0,0.0,0.0,1.5,insufficient_risk_evidence,sparse_risk_unscreened,6.0,0,0,[],[],,,,0.0,,,"Delivery upside is an asset-progress proxy, not proof of management quality. Downside uses sourced company evidence. A missing risk signal means unscreened, not low risk. Historical outcomes are validation labels and are not score features."
CELU,Celularity Inc. Class A Common Stock,1.5,0.0,0.0,0.0,0.0,1.5,insufficient_risk_evidence,sparse_risk_unscreened,6.0,0,0,[],[],,,,0.0,,,"Delivery upside is an asset-progress proxy, not proof of management quality. Downside uses sourced company evidence. A missing risk signal means unscreened, not low risk. Historical outcomes are validation labels and are not score features."
CGC,Canopy Growth Corporation Common Shares,1.5,0.0,0.0,0.0,0.0,1.5,insufficient_risk_evidence,sparse_risk_unscreened,6.0,0,0,[],[],,,,0.0,,,"Delivery upside is an asset-progress proxy, not proof of management quality. Downside uses sourced company evidence. A missing risk signal means unscreened, not low risk. Historical outcomes are validation labels and are not score features."
CGON,CG Oncology Inc. Common stock,1.5,0.0,0.0,0.0,0.0,1.5,insufficient_risk_evidence,sparse_risk_unscreened,6.0,0,0,[],[],,,,0.0,,,"Delivery upside is an asset-progress proxy, not proof of management quality. Downside uses sourced company evidence. A missing risk signal means unscreened, not low risk. Historical outcomes are validation labels and are not score features."
CING,Cingulate Inc. Common Stock,1.5,0.0,0.0,0.0,0.0,1.5,insufficient_risk_evidence,sparse_risk_unscreened,6.0,0,0,[],[],,,,0.0,,,"Delivery upside is an asset-progress proxy, not proof of management quality. Downside uses sourced company evidence. A missing risk signal means unscreened, not low risk. Historical outcomes are validation labels and are not score features."
CLDI,Calidi Biotherapeutics Inc. Common Stock,1.5,0.0,0.0,0.0,0.0,1.5,insufficient_risk_evidence,sparse_risk_unscreened,6.0,0,0,[],[],,,,0.0,,,"Delivery upside is an asset-progress proxy, not proof of management quality. Downside uses sourced company evidence. A missing risk signal means unscreened, not low risk. Historical outcomes are validation labels and are not score features."
CLNN,Clene Inc. Common Stock,1.5,0.0,0.0,0.0,0.0,1.5,insufficient_risk_evidence,sparse_risk_unscreened,6.0,0,0,[],[],,,,0.0,,,"Delivery upside is an asset-progress proxy, not proof of management quality. Downside uses sourced company evidence. A missing risk signal means unscreened, not low risk. Historical outcomes are validation labels and are not score features."
CMMB,Chemomab Therapeutics Ltd. American Depositary Share,1.5,0.0,0.0,0.0,0.0,1.5,insufficient_risk_evidence,sparse_risk_unscreened,6.0,0,0,[],[],,,,0.0,,,"Delivery upside is an asset-progress proxy, not proof of management quality. Downside uses sourced company evidence. A missing risk signal means unscreened, not low risk. Historical outcomes are validation labels and are not score features."
CMPS,COMPASS Pathways Plc American Depository Shares,1.5,0.0,0.0,0.0,0.0,1.5,insufficient_risk_evidence,sparse_risk_unscreened,6.0,0,0,[],[],,,,0.0,,,"Delivery upside is an asset-progress proxy, not proof of management quality. Downside uses sourced company evidence. A missing risk signal means unscreened, not low risk. Historical outcomes are validation labels and are not score features."
CNMD,CONMED Corporation Common Stock,1.5,0.0,0.0,0.0,0.0,1.5,insufficient_risk_evidence,sparse_risk_unscreened,6.0,0,0,[],[],,,,0.0,,,"Delivery upside is an asset-progress proxy, not proof of management quality. Downside uses sourced company evidence. A missing risk signal means unscreened, not low risk. Historical outcomes are validation labels and are not score features."
CNTB,Connect Biopharma Holdings Limited Ordinary Shares,1.5,0.0,0.0,0.0,0.0,1.5,insufficient_risk_evidence,sparse_risk_unscreened,6.0,0,0,[],[],,,,0.0,,,"Delivery upside is an asset-progress proxy, not proof of management quality. Downside uses sourced company evidence. A missing risk signal means unscreened, not low risk. Historical outcomes are validation labels and are not score features."
CNTN,Canton Strategic Holdings Inc. Common Stock,1.5,0.0,0.0,0.0,0.0,1.5,insufficient_risk_evidence,sparse_risk_unscreened,6.0,0,0,[],[],,,,0.0,,,"Delivery upside is an asset-progress proxy, not proof of management quality. Downside uses sourced company evidence. A missing risk signal means unscreened, not low risk. Historical outcomes are validation labels and are not score features."
COAG,Hemab Therapeutics Holdings Inc. Common Stock,1.5,0.0,0.0,0.0,0.0,1.5,insufficient_risk_evidence,sparse_risk_unscreened,6.0,0,0,[],[],,,,0.0,,,"Delivery upside is an asset-progress proxy, not proof of management quality. Downside uses sourced company evidence. A missing risk signal means unscreened, not low risk. Historical outcomes are validation labels and are not score features."
CRL,Charles River Laboratories International Inc. Common Stock,1.5,0.0,0.0,0.0,0.0,1.5,insufficient_risk_evidence,sparse_risk_unscreened,6.0,0,0,[],[],,,,0.0,,,"Delivery upside is an asset-progress proxy, not proof of management quality. Downside uses sourced company evidence. A missing risk signal means unscreened, not low risk. Historical outcomes are validation labels and are not score features."
CRON,Cronos Group Inc. Common Share,1.5,0.0,0.0,0.0,0.0,1.5,insufficient_risk_evidence,sparse_risk_unscreened,6.0,0,0,[],[],,,,0.0,,,"Delivery upside is an asset-progress proxy, not proof of management quality. Downside uses sourced company evidence. A missing risk signal means unscreened, not low risk. Historical outcomes are validation labels and are not score features."
CRVO,CervoMed Inc. Common Stock,1.5,0.0,0.0,0.0,0.0,1.5,insufficient_risk_evidence,sparse_risk_unscreened,6.0,0,0,[],[],,,,0.0,,,"Delivery upside is an asset-progress proxy, not proof of management quality. Downside uses sourced company evidence. A missing risk signal means unscreened, not low risk. Historical outcomes are validation labels and are not score features."
CSBR,Champions Oncology Inc. Common Stock,1.5,0.0,0.0,0.0,0.0,1.5,insufficient_risk_evidence,sparse_risk_unscreened,6.0,0,0,[],[],,,,0.0,,,"Delivery upside is an asset-progress proxy, not proof of management quality. Downside uses sourced company evidence. A missing risk signal means unscreened, not low risk. Historical outcomes are validation labels and are not score features."
CTOR,Citius Oncology Inc. Common Stock,1.5,0.0,0.0,0.0,0.0,1.5,insufficient_risk_evidence,sparse_risk_unscreened,6.0,0,0,[],[],,,,0.0,,,"Delivery upside is an asset-progress proxy, not proof of management quality. Downside uses sourced company evidence. A missing risk signal means unscreened, not low risk. Historical outcomes are validation labels and are not score features."
CTXR,Citius Pharmaceuticals Inc. Common Stock,1.5,0.0,0.0,0.0,0.0,1.5,insufficient_risk_evidence,sparse_risk_unscreened,6.0,0,0,[],[],,,,0.0,,,"Delivery upside is an asset-progress proxy, not proof of management quality. Downside uses sourced company evidence. A missing risk signal means unscreened, not low risk. Historical outcomes are validation labels and are not score features."
CUE,Cue Biopharma Inc. Common Stock,1.5,0.0,0.0,0.0,0.0,1.5,insufficient_risk_evidence,sparse_risk_unscreened,6.0,0,0,[],[],,,,0.0,,,"Delivery upside is an asset-progress proxy, not proof of management quality. Downside uses sourced company evidence. A missing risk signal means unscreened, not low risk. Historical outcomes are validation labels and are not score features."
CUPR,Cuprina Holdings (Cayman) Limited Class A Ordinary Shares,1.5,0.0,0.0,0.0,0.0,1.5,insufficient_risk_evidence,sparse_risk_unscreened,6.0,0,0,[],[],,,,0.0,,,"Delivery upside is an asset-progress proxy, not proof of management quality. Downside uses sourced company evidence. A missing risk signal means unscreened, not low risk. Historical outcomes are validation labels and are not score features."
CURX,Curanex Pharmaceuticals Inc Common Stock,1.5,0.0,0.0,0.0,0.0,1.5,insufficient_risk_evidence,sparse_risk_unscreened,6.0,0,0,[],[],,,,0.0,,,"Delivery upside is an asset-progress proxy, not proof of management quality. Downside uses sourced company evidence. A missing risk signal means unscreened, not low risk. Historical outcomes are validation labels and are not score features."
CV,CapsoVision Inc. Common Stock,1.5,0.0,0.0,0.0,0.0,1.5,insufficient_risk_evidence,sparse_risk_unscreened,6.0,0,0,[],[],,,,0.0,,,"Delivery upside is an asset-progress proxy, not proof of management quality. Downside uses sourced company evidence. A missing risk signal means unscreened, not low risk. Historical outcomes are validation labels and are not score features."
CVKD,Cadrenal Therapeutics Inc. Common Stock,1.5,0.0,0.0,0.0,0.0,1.5,insufficient_risk_evidence,sparse_risk_unscreened,6.0,0,0,[],[],,,,0.0,,,"Delivery upside is an asset-progress proxy, not proof of management quality. Downside uses sourced company evidence. A missing risk signal means unscreened, not low risk. Historical outcomes are validation labels and are not score features."
CVM,Cel-Sci Corporation Common Stock,1.5,0.0,0.0,0.0,0.0,1.5,insufficient_risk_evidence,sparse_risk_unscreened,6.0,0,0,[],[],,,,0.0,,,"Delivery upside is an asset-progress proxy, not proof of management quality. Downside uses sourced company evidence. A missing risk signal means unscreened, not low risk. Historical outcomes are validation labels and are not score features."
CYCN,Cyclerion Therapeutics Inc. Common Stock,1.5,0.0,0.0,0.0,0.0,1.5,insufficient_risk_evidence,sparse_risk_unscreened,6.0,0,0,[],[],,,,0.0,,,"Delivery upside is an asset-progress proxy, not proof of management quality. Downside uses sourced company evidence. A missing risk signal means unscreened, not low risk. Historical outcomes are validation labels and are not score features."
CYPH,Cypherpunk Technologies Inc. Common Stock,1.5,0.0,0.0,0.0,0.0,1.5,insufficient_risk_evidence,sparse_risk_unscreened,6.0,0,0,[],[],,,,0.0,,,"Delivery upside is an asset-progress proxy, not proof of management quality. Downside uses sourced company evidence. A missing risk signal means unscreened, not low risk. Historical outcomes are validation labels and are not score features."
CYRX,CryoPort Inc. Common Stock,1.5,0.0,0.0,0.0,0.0,1.5,insufficient_risk_evidence,sparse_risk_unscreened,6.0,0,0,[],[],,,,0.0,,,"Delivery upside is an asset-progress proxy, not proof of management quality. Downside uses sourced company evidence. A missing risk signal means unscreened, not low risk. Historical outcomes are validation labels and are not score features."
DCOY,Decoy Therapeutics Inc. Common Stock,1.5,0.0,0.0,0.0,0.0,1.5,insufficient_risk_evidence,sparse_risk_unscreened,6.0,0,0,[],[],,,,0.0,,,"Delivery upside is an asset-progress proxy, not proof of management quality. Downside uses sourced company evidence. A missing risk signal means unscreened, not low risk. Historical outcomes are validation labels and are not score features."
DMRA,Damora Therapeutics Inc. Ordinary Shares,1.5,0.0,0.0,0.0,0.0,1.5,insufficient_risk_evidence,sparse_risk_unscreened,6.0,0,0,[],[],,,,0.0,,,"Delivery upside is an asset-progress proxy, not proof of management quality. Downside uses sourced company evidence. A missing risk signal means unscreened, not low risk. Historical outcomes are validation labels and are not score features."
DNA,Ginkgo Bioworks Holdings Inc. Class A Common Stock,1.5,0.0,0.0,0.0,0.0,1.5,insufficient_risk_evidence,sparse_risk_unscreened,6.0,0,0,[],[],,,,0.0,,,"Delivery upside is an asset-progress proxy, not proof of management quality. Downside uses sourced company evidence. A missing risk signal means unscreened, not low risk. Historical outcomes are validation labels and are not score features."
DOMH,Dominari Holdings Inc. Common Stock,1.5,0.0,0.0,0.0,0.0,1.5,insufficient_risk_evidence,sparse_risk_unscreened,6.0,0,0,[],[],,,,0.0,,,"Delivery upside is an asset-progress proxy, not proof of management quality. Downside uses sourced company evidence. A missing risk signal means unscreened, not low risk. Historical outcomes are validation labels and are not score features."
DRMA,Dermata Therapeutics Inc. Common Stock,1.5,0.0,0.0,0.0,0.0,1.5,insufficient_risk_evidence,sparse_risk_unscreened,6.0,0,0,[],[],,,,0.0,,,"Delivery upside is an asset-progress proxy, not proof of management quality. Downside uses sourced company evidence. A missing risk signal means unscreened, not low risk. Historical outcomes are validation labels and are not score features."
DVA,DaVita Inc. Common Stock,1.5,0.0,0.0,0.0,0.0,1.5,insufficient_risk_evidence,sparse_risk_unscreened,6.0,0,0,[],[],,,,0.0,,,"Delivery upside is an asset-progress proxy, not proof of management quality. Downside uses sourced company evidence. A missing risk signal means unscreened, not low risk. Historical outcomes are validation labels and are not score features."
DYAI,Dyadic International Inc. Common Stock,1.5,0.0,0.0,0.0,0.0,1.5,insufficient_risk_evidence,sparse_risk_unscreened,6.0,0,0,[],[],,,,0.0,,,"Delivery upside is an asset-progress proxy, not proof of management quality. Downside uses sourced company evidence. A missing risk signal means unscreened, not low risk. Historical outcomes are validation labels and are not score features."
ECOR,electroCore Inc. Common Stock,1.5,0.0,0.0,0.0,0.0,1.5,insufficient_risk_evidence,sparse_risk_unscreened,6.0,0,0,[],[],,,,0.0,,,"Delivery upside is an asset-progress proxy, not proof of management quality. Downside uses sourced company evidence. A missing risk signal means unscreened, not low risk. Historical outcomes are validation labels and are not score features."
EDSA,Edesa Biotech Inc. Common Shares,1.5,0.0,0.0,0.0,0.0,1.5,insufficient_risk_evidence,sparse_risk_unscreened,6.0,0,0,[],[],,,,0.0,,,"Delivery upside is an asset-progress proxy, not proof of management quality. Downside uses sourced company evidence. A missing risk signal means unscreened, not low risk. Historical outcomes are validation labels and are not score features."
ELAB,PMGC Holdings Inc. Common Stock,1.5,0.0,0.0,0.0,0.0,1.5,insufficient_risk_evidence,sparse_risk_unscreened,6.0,0,0,[],[],,,,0.0,,,"Delivery upside is an asset-progress proxy, not proof of management quality. Downside uses sourced company evidence. A missing risk signal means unscreened, not low risk. Historical outcomes are validation labels and are not score features."
ELAN,Elanco Animal Health Incorporated Common Stock,1.5,0.0,0.0,0.0,0.0,1.5,insufficient_risk_evidence,sparse_risk_unscreened,6.0,0,0,[],[],,,,0.0,,,"Delivery upside is an asset-progress proxy, not proof of management quality. Downside uses sourced company evidence. A missing risk signal means unscreened, not low risk. Historical outcomes are validation labels and are not score features."
ELMD,Electromed Inc. Common Stock,1.5,0.0,0.0,0.0,0.0,1.5,insufficient_risk_evidence,sparse_risk_unscreened,6.0,0,0,[],[],,,,0.0,,,"Delivery upside is an asset-progress proxy, not proof of management quality. Downside uses sourced company evidence. A missing risk signal means unscreened, not low risk. Historical outcomes are validation labels and are not score features."
ELUT,Elutia Inc. Class A Common Stock,1.5,0.0,0.0,0.0,0.0,1.5,insufficient_risk_evidence,sparse_risk_unscreened,6.0,0,0,[],[],,,,0.0,,,"Delivery upside is an asset-progress proxy, not proof of management quality. Downside uses sourced company evidence. A missing risk signal means unscreened, not low risk. Historical outcomes are validation labels and are not score features."
EMIS,Emmis Acquisition Corp. Class A Ordinary Shares,1.5,0.0,0.0,0.0,0.0,1.5,insufficient_risk_evidence,sparse_risk_unscreened,6.0,0,0,[],[],,,,0.0,,,"Delivery upside is an asset-progress proxy, not proof of management quality. Downside uses sourced company evidence. A missing risk signal means unscreened, not low risk. Historical outcomes are validation labels and are not score features."
ENGN,enGene Therapeutics Inc. Common Stock,1.5,0.0,0.0,0.0,0.0,1.5,insufficient_risk_evidence,sparse_risk_unscreened,6.0,0,0,[],[],,,,0.0,,,"Delivery upside is an asset-progress proxy, not proof of management quality. Downside uses sourced company evidence. A missing risk signal means unscreened, not low risk. Historical outcomes are validation labels and are not score features."
ENLV,Enlivex Ltd. Ordinary Shares,1.5,0.0,0.0,0.0,0.0,1.5,insufficient_risk_evidence,sparse_risk_unscreened,6.0,0,0,[],[],,,,0.0,,,"Delivery upside is an asset-progress proxy, not proof of management quality. Downside uses sourced company evidence. A missing risk signal means unscreened, not low risk. Historical outcomes are validation labels and are not score features."
ENTX,Entera Bio Ltd. Ordinary Shares,1.5,0.0,0.0,0.0,0.0,1.5,insufficient_risk_evidence,sparse_risk_unscreened,6.0,0,0,[],[],,,,0.0,,,"Delivery upside is an asset-progress proxy, not proof of management quality. Downside uses sourced company evidence. A missing risk signal means unscreened, not low risk. Historical outcomes are validation labels and are not score features."
ENVB,Enveric Biosciences Inc. Common Stock,1.5,0.0,0.0,0.0,0.0,1.5,insufficient_risk_evidence,sparse_risk_unscreened,6.0,0,0,[],[],,,,0.0,,,"Delivery upside is an asset-progress proxy, not proof of management quality. Downside uses sourced company evidence. A missing risk signal means unscreened, not low risk. Historical outcomes are validation labels and are not score features."
EQ,Equillium Inc. Common Stock,1.5,0.0,0.0,0.0,0.0,1.5,insufficient_risk_evidence,sparse_risk_unscreened,6.0,0,0,[],[],,,,0.0,,,"Delivery upside is an asset-progress proxy, not proof of management quality. Downside uses sourced company evidence. A missing risk signal means unscreened, not low risk. Historical outcomes are validation labels and are not score features."
ERNA,Ernexa Therapeutics Inc. Common Stock,1.5,0.0,0.0,0.0,0.0,1.5,insufficient_risk_evidence,sparse_risk_unscreened,6.0,0,0,[],[],,,,0.0,,,"Delivery upside is an asset-progress proxy, not proof of management quality. Downside uses sourced company evidence. A missing risk signal means unscreened, not low risk. Historical outcomes are validation labels and are not score features."
ESLA,Estrella Immunopharma Inc. Common Stock,1.5,0.0,0.0,0.0,0.0,1.5,insufficient_risk_evidence,sparse_risk_unscreened,6.0,0,0,[],[],,,,0.0,,,"Delivery upside is an asset-progress proxy, not proof of management quality. Downside uses sourced company evidence. A missing risk signal means unscreened, not low risk. Historical outcomes are validation labels and are not score features."
EVO,Evotec SE American Depositary Shares,1.5,0.0,0.0,0.0,0.0,1.5,insufficient_risk_evidence,sparse_risk_unscreened,6.0,0,0,[],[],,,,0.0,,,"Delivery upside is an asset-progress proxy, not proof of management quality. Downside uses sourced company evidence. A missing risk signal means unscreened, not low risk. Historical outcomes are validation labels and are not score features."
EXOZ,eXoZymes Inc. Common Stock,1.5,0.0,0.0,0.0,0.0,1.5,insufficient_risk_evidence,sparse_risk_unscreened,6.0,0,0,[],[],,,,0.0,,,"Delivery upside is an asset-progress proxy, not proof of management quality. Downside uses sourced company evidence. A missing risk signal means unscreened, not low risk. Historical outcomes are validation labels and are not score features."
FBIO,Fortress Biotech Inc. Common Stock,1.5,0.0,0.0,0.0,0.0,1.5,insufficient_risk_evidence,sparse_risk_unscreened,6.0,0,0,[],[],,,,0.0,,,"Delivery upside is an asset-progress proxy, not proof of management quality. Downside uses sourced company evidence. A missing risk signal means unscreened, not low risk. Historical outcomes are validation labels and are not score features."
FBIOP,Fortress Biotech Inc. 9.375% Series A Cumulative Redeemable Perpetual Preferred Stock,1.5,0.0,0.0,0.0,0.0,1.5,insufficient_risk_evidence,sparse_risk_unscreened,6.0,0,0,[],[],,,,0.0,,,"Delivery upside is an asset-progress proxy, not proof of management quality. Downside uses sourced company evidence. A missing risk signal means unscreened, not low risk. Historical outcomes are validation labels and are not score features."
FBLG,FibroBiologics Inc. Common Stock,1.5,0.0,0.0,0.0,0.0,1.5,insufficient_risk_evidence,sparse_risk_unscreened,6.0,0,0,[],[],,,,0.0,,,"Delivery upside is an asset-progress proxy, not proof of management quality. Downside uses sourced company evidence. A missing risk signal means unscreened, not low risk. Historical outcomes are validation labels and are not score features."
FLNA,Filana Therapeutics Inc. Common Stock,1.5,0.0,0.0,0.0,0.0,1.5,insufficient_risk_evidence,sparse_risk_unscreened,6.0,0,0,[],[],,,,0.0,,,"Delivery upside is an asset-progress proxy, not proof of management quality. Downside uses sourced company evidence. A missing risk signal means unscreened, not low risk. Historical outcomes are validation labels and are not score features."
FMS,Fresenius Medical Care AG American Depositary Shares (Each representing 1/2 of an Ordinary Share),1.5,0.0,0.0,0.0,0.0,1.5,insufficient_risk_evidence,sparse_risk_unscreened,6.0,0,0,[],[],,,,0.0,,,"Delivery upside is an asset-progress proxy, not proof of management quality. Downside uses sourced company evidence. A missing risk signal means unscreened, not low risk. Historical outcomes are validation labels and are not score features."
FOCL,EDAP TMS S.A. American Depositary Shares,1.5,0.0,0.0,0.0,0.0,1.5,insufficient_risk_evidence,sparse_risk_unscreened,6.0,0,0,[],[],,,,0.0,,,"Delivery upside is an asset-progress proxy, not proof of management quality. Downside uses sourced company evidence. A missing risk signal means unscreened, not low risk. Historical outcomes are validation labels and are not score features."
FRMM,Forum Markets Incorporated Common Stock,1.5,0.0,0.0,0.0,0.0,1.5,insufficient_risk_evidence,sparse_risk_unscreened,6.0,0,0,[],[],,,,0.0,,,"Delivery upside is an asset-progress proxy, not proof of management quality. Downside uses sourced company evidence. A missing risk signal means unscreened, not low risk. Historical outcomes are validation labels and are not score features."
FTLF,FitLife Brands Inc. Common Stock,1.5,0.0,0.0,0.0,0.0,1.5,insufficient_risk_evidence,sparse_risk_unscreened,6.0,0,0,[],[],,,,0.0,,,"Delivery upside is an asset-progress proxy, not proof of management quality. Downside uses sourced company evidence. A missing risk signal means unscreened, not low risk. Historical outcomes are validation labels and are not score features."
GALT,Galectin Therapeutics Inc. Common Stock,1.5,0.0,0.0,0.0,0.0,1.5,insufficient_risk_evidence,sparse_risk_unscreened,6.0,0,0,[],[],,,,0.0,,,"Delivery upside is an asset-progress proxy, not proof of management quality. Downside uses sourced company evidence. A missing risk signal means unscreened, not low risk. Historical outcomes are validation labels and are not score features."
GELS,Gelteq Limited Ordinary Shares,1.5,0.0,0.0,0.0,0.0,1.5,insufficient_risk_evidence,sparse_risk_unscreened,6.0,0,0,[],[],,,,0.0,,,"Delivery upside is an asset-progress proxy, not proof of management quality. Downside uses sourced company evidence. A missing risk signal means unscreened, not low risk. Historical outcomes are validation labels and are not score features."
GLAS,Glass House Brands Inc. Subordinate Voting Shares,1.5,0.0,0.0,0.0,0.0,1.5,insufficient_risk_evidence,sparse_risk_unscreened,6.0,0,0,[],[],,,,0.0,,,"Delivery upside is an asset-progress proxy, not proof of management quality. Downside uses sourced company evidence. A missing risk signal means unscreened, not low risk. Historical outcomes are validation labels and are not score features."
GMAB,Genmab A/S ADS,1.5,0.0,0.0,0.0,0.0,1.5,insufficient_risk_evidence,sparse_risk_unscreened,6.0,0,0,[],[],,,,0.0,,,"Delivery upside is an asset-progress proxy, not proof of management quality. Downside uses sourced company evidence. A missing risk signal means unscreened, not low risk. Historical outcomes are validation labels and are not score features."
GNTA,Genenta Science S.p.A. American Depositary Shares,1.5,0.0,0.0,0.0,0.0,1.5,insufficient_risk_evidence,sparse_risk_unscreened,6.0,0,0,[],[],,,,0.0,,,"Delivery upside is an asset-progress proxy, not proof of management quality. Downside uses sourced company evidence. A missing risk signal means unscreened, not low risk. Historical outcomes are validation labels and are not score features."
GOSS,Gossamer Bio Inc. Common Stock,1.5,0.0,0.0,0.0,0.0,1.5,insufficient_risk_evidence,sparse_risk_unscreened,6.0,0,0,[],[],,,,0.0,,,"Delivery upside is an asset-progress proxy, not proof of management quality. Downside uses sourced company evidence. A missing risk signal means unscreened, not low risk. Historical outcomes are validation labels and are not score features."
GOVX,GeoVax Labs Inc. Common Stock,1.5,0.0,0.0,0.0,0.0,1.5,insufficient_risk_evidence,sparse_risk_unscreened,6.0,0,0,[],[],,,,0.0,,,"Delivery upside is an asset-progress proxy, not proof of management quality. Downside uses sourced company evidence. A missing risk signal means unscreened, not low risk. Historical outcomes are validation labels and are not score features."
GPCR,Structure Therapeutics Inc. American Depositary Shares,1.5,0.0,0.0,0.0,0.0,1.5,insufficient_risk_evidence,sparse_risk_unscreened,6.0,0,0,[],[],,,,0.0,,,"Delivery upside is an asset-progress proxy, not proof of management quality. Downside uses sourced company evidence. A missing risk signal means unscreened, not low risk. Historical outcomes are validation labels and are not score features."
GRDX,GridAI Technologies Corp. Common Stock,1.5,0.0,0.0,0.0,0.0,1.5,insufficient_risk_evidence,sparse_risk_unscreened,6.0,0,0,[],[],,,,0.0,,,"Delivery upside is an asset-progress proxy, not proof of management quality. Downside uses sourced company evidence. A missing risk signal means unscreened, not low risk. Historical outcomes are validation labels and are not score features."
GRFS,Grifols S.A. American Depositary Shares,1.5,0.0,0.0,0.0,0.0,1.5,insufficient_risk_evidence,sparse_risk_unscreened,6.0,0,0,[],[],,,,0.0,,,"Delivery upside is an asset-progress proxy, not proof of management quality. Downside uses sourced company evidence. A missing risk signal means unscreened, not low risk. Historical outcomes are validation labels and are not score features."
GRI,GRI Bio Inc. Common Stock,1.5,0.0,0.0,0.0,0.0,1.5,insufficient_risk_evidence,sparse_risk_unscreened,6.0,0,0,[],[],,,,0.0,,,"Delivery upside is an asset-progress proxy, not proof of management quality. Downside uses sourced company evidence. A missing risk signal means unscreened, not low risk. Historical outcomes are validation labels and are not score features."
GRML,Greenland Mines Ltd. Common Stock,1.5,0.0,0.0,0.0,0.0,1.5,insufficient_risk_evidence,sparse_risk_unscreened,6.0,0,0,[],[],,,,0.0,,,"Delivery upside is an asset-progress proxy, not proof of management quality. Downside uses sourced company evidence. A missing risk signal means unscreened, not low risk. Historical outcomes are validation labels and are not score features."
GSK,GSK plc American Depositary Shares (Each representing two Ordinary Shares),1.5,0.0,0.0,0.0,0.0,1.5,insufficient_risk_evidence,sparse_risk_unscreened,6.0,0,0,[],[],,,,0.0,,,"Delivery upside is an asset-progress proxy, not proof of management quality. Downside uses sourced company evidence. A missing risk signal means unscreened, not low risk. Historical outcomes are validation labels and are not score features."
GTBP,GT Biopharma Inc. Common Stock,1.5,0.0,0.0,0.0,0.0,1.5,insufficient_risk_evidence,sparse_risk_unscreened,6.0,0,0,[],[],,,,0.0,,,"Delivery upside is an asset-progress proxy, not proof of management quality. Downside uses sourced company evidence. A missing risk signal means unscreened, not low risk. Historical outcomes are validation labels and are not score features."
GYRE,Gyre Therapeutics Inc. Common Stock,1.5,0.0,0.0,0.0,0.0,1.5,insufficient_risk_evidence,sparse_risk_unscreened,6.0,0,0,[],[],,,,0.0,,,"Delivery upside is an asset-progress proxy, not proof of management quality. Downside uses sourced company evidence. A missing risk signal means unscreened, not low risk. Historical outcomes are validation labels and are not score features."
HCM,HUTCHMED (China) Limited American Depositary Shares,1.5,0.0,0.0,0.0,0.0,1.5,insufficient_risk_evidence,sparse_risk_unscreened,6.0,0,0,[],[],,,,0.0,,,"Delivery upside is an asset-progress proxy, not proof of management quality. Downside uses sourced company evidence. A missing risk signal means unscreened, not low risk. Historical outcomes are validation labels and are not score features."
HELP,Cybin Inc. Common Stock,1.5,0.0,0.0,0.0,0.0,1.5,insufficient_risk_evidence,sparse_risk_unscreened,6.0,0,0,[],[],,,,0.0,,,"Delivery upside is an asset-progress proxy, not proof of management quality. Downside uses sourced company evidence. A missing risk signal means unscreened, not low risk. Historical outcomes are validation labels and are not score features."
HSDT,Solana Company Class A Common Stock (DE),1.5,0.0,0.0,0.0,0.0,1.5,insufficient_risk_evidence,sparse_risk_unscreened,6.0,0,0,[],[],,,,0.0,,,"Delivery upside is an asset-progress proxy, not proof of management quality. Downside uses sourced company evidence. A missing risk signal means unscreened, not low risk. Historical outcomes are validation labels and are not score features."
HYFT,MindWalk Holdings Corp. Common Stock,1.5,0.0,0.0,0.0,0.0,1.5,insufficient_risk_evidence,sparse_risk_unscreened,6.0,0,0,[],[],,,,0.0,,,"Delivery upside is an asset-progress proxy, not proof of management quality. Downside uses sourced company evidence. A missing risk signal means unscreened, not low risk. Historical outcomes are validation labels and are not score features."
HYPD,Hyperion DeFi Inc. Common Stock,1.5,0.0,0.0,0.0,0.0,1.5,insufficient_risk_evidence,sparse_risk_unscreened,6.0,0,0,[],[],,,,0.0,,,"Delivery upside is an asset-progress proxy, not proof of management quality. Downside uses sourced company evidence. A missing risk signal means unscreened, not low risk. Historical outcomes are validation labels and are not score features."
IBO,Impact BioMedical Inc. Common Stock,1.5,0.0,0.0,0.0,0.0,1.5,insufficient_risk_evidence,sparse_risk_unscreened,6.0,0,0,[],[],,,,0.0,,,"Delivery upside is an asset-progress proxy, not proof of management quality. Downside uses sourced company evidence. A missing risk signal means unscreened, not low risk. Historical outcomes are validation labels and are not score features."
ICCC,ImmuCell Corporation Common Stock,1.5,0.0,0.0,0.0,0.0,1.5,insufficient_risk_evidence,sparse_risk_unscreened,6.0,0,0,[],[],,,,0.0,,,"Delivery upside is an asset-progress proxy, not proof of management quality. Downside uses sourced company evidence. A missing risk signal means unscreened, not low risk. Historical outcomes are validation labels and are not score features."
ICLR,ICON plc Ordinary Shares,1.5,0.0,0.0,0.0,0.0,1.5,insufficient_risk_evidence,sparse_risk_unscreened,6.0,0,0,[],[],,,,0.0,,,"Delivery upside is an asset-progress proxy, not proof of management quality. Downside uses sourced company evidence. A missing risk signal means unscreened, not low risk. Historical outcomes are validation labels and are not score features."
IDXX,IDEXX Laboratories Inc. Common Stock,1.5,0.0,0.0,0.0,0.0,1.5,insufficient_risk_evidence,sparse_risk_unscreened,6.0,0,0,[],[],,,,0.0,,,"Delivery upside is an asset-progress proxy, not proof of management quality. Downside uses sourced company evidence. A missing risk signal means unscreened, not low risk. Historical outcomes are validation labels and are not score features."
IFRX,InflaRx N.V. Common Stock,1.5,0.0,0.0,0.0,0.0,1.5,insufficient_risk_evidence,sparse_risk_unscreened,6.0,0,0,[],[],,,,0.0,,,"Delivery upside is an asset-progress proxy, not proof of management quality. Downside uses sourced company evidence. A missing risk signal means unscreened, not low risk. Historical outcomes are validation labels and are not score features."
IMA,ImageneBio Inc. Common Stock,1.5,0.0,0.0,0.0,0.0,1.5,insufficient_risk_evidence,sparse_risk_unscreened,6.0,0,0,[],[],,,,0.0,,,"Delivery upside is an asset-progress proxy, not proof of management quality. Downside uses sourced company evidence. A missing risk signal means unscreened, not low risk. Historical outcomes are validation labels and are not score features."
IMCC,IM Cannabis Corp. Common Shares,1.5,0.0,0.0,0.0,0.0,1.5,insufficient_risk_evidence,sparse_risk_unscreened,6.0,0,0,[],[],,,,0.0,,,"Delivery upside is an asset-progress proxy, not proof of management quality. Downside uses sourced company evidence. A missing risk signal means unscreened, not low risk. Historical outcomes are validation labels and are not score features."
IMDX,Insight Molecular Diagnostics Inc. Common Stock,1.5,0.0,0.0,0.0,0.0,1.5,insufficient_risk_evidence,sparse_risk_unscreened,6.0,0,0,[],[],,,,0.0,,,"Delivery upside is an asset-progress proxy, not proof of management quality. Downside uses sourced company evidence. A missing risk signal means unscreened, not low risk. Historical outcomes are validation labels and are not score features."
IMMP,Immutep Limited American Depositary Shares,1.5,0.0,0.0,0.0,0.0,1.5,insufficient_risk_evidence,sparse_risk_unscreened,6.0,0,0,[],[],,,,0.0,,,"Delivery upside is an asset-progress proxy, not proof of management quality. Downside uses sourced company evidence. A missing risk signal means unscreened, not low risk. Historical outcomes are validation labels and are not score features."
IMMX,Immix Biopharma Inc. Common Stock,1.5,0.0,0.0,0.0,0.0,1.5,insufficient_risk_evidence,sparse_risk_unscreened,6.0,0,0,[],[],,,,0.0,,,"Delivery upside is an asset-progress proxy, not proof of management quality. Downside uses sourced company evidence. A missing risk signal means unscreened, not low risk. Historical outcomes are validation labels and are not score features."
IMRN,Immuron Limited American Depositary Shares,1.5,0.0,0.0,0.0,0.0,1.5,insufficient_risk_evidence,sparse_risk_unscreened,6.0,0,0,[],[],,,,0.0,,,"Delivery upside is an asset-progress proxy, not proof of management quality. Downside uses sourced company evidence. A missing risk signal means unscreened, not low risk. Historical outcomes are validation labels and are not score features."
IMTX,Immatics N.V. Ordinary Shares,1.5,0.0,0.0,0.0,0.0,1.5,insufficient_risk_evidence,sparse_risk_unscreened,6.0,0,0,[],[],,,,0.0,,,"Delivery upside is an asset-progress proxy, not proof of management quality. Downside uses sourced company evidence. A missing risk signal means unscreened, not low risk. Historical outcomes are validation labels and are not score features."
IMVT,Immunovant Inc. Common Stock,1.5,0.0,0.0,0.0,0.0,1.5,insufficient_risk_evidence,sparse_risk_unscreened,6.0,0,0,[],[],,,,0.0,,,"Delivery upside is an asset-progress proxy, not proof of management quality. Downside uses sourced company evidence. A missing risk signal means unscreened, not low risk. Historical outcomes are validation labels and are not score features."
INCR,Intercure Ltd. Ordinary Shares,1.5,0.0,0.0,0.0,0.0,1.5,insufficient_risk_evidence,sparse_risk_unscreened,6.0,0,0,[],[],,,,0.0,,,"Delivery upside is an asset-progress proxy, not proof of management quality. Downside uses sourced company evidence. A missing risk signal means unscreened, not low risk. Historical outcomes are validation labels and are not score features."
INDV,Indivior Pharmaceuticals Inc. Common Stock,1.5,0.0,0.0,0.0,0.0,1.5,insufficient_risk_evidence,sparse_risk_unscreened,6.0,0,0,[],[],,,,0.0,,,"Delivery upside is an asset-progress proxy, not proof of management quality. Downside uses sourced company evidence. A missing risk signal means unscreened, not low risk. Historical outcomes are validation labels and are not score features."
INM,InMed Pharmaceuticals Inc. Common Shares,1.5,0.0,0.0,0.0,0.0,1.5,insufficient_risk_evidence,sparse_risk_unscreened,6.0,0,0,[],[],,,,0.0,,,"Delivery upside is an asset-progress proxy, not proof of management quality. Downside uses sourced company evidence. A missing risk signal means unscreened, not low risk. Historical outcomes are validation labels and are not score features."
INMB,INmune Bio Inc. Common stock,1.5,0.0,0.0,0.0,0.0,1.5,insufficient_risk_evidence,sparse_risk_unscreened,6.0,0,0,[],[],,,,0.0,,,"Delivery upside is an asset-progress proxy, not proof of management quality. Downside uses sourced company evidence. A missing risk signal means unscreened, not low risk. Historical outcomes are validation labels and are not score features."
INMD,InMode Ltd. Ordinary Shares,1.5,0.0,0.0,0.0,0.0,1.5,insufficient_risk_evidence,sparse_risk_unscreened,6.0,0,0,[],[],,,,0.0,,,"Delivery upside is an asset-progress proxy, not proof of management quality. Downside uses sourced company evidence. A missing risk signal means unscreened, not low risk. Historical outcomes are validation labels and are not score features."
INVA,Innoviva Inc. Common Stock,1.5,0.0,0.0,0.0,0.0,1.5,insufficient_risk_evidence,sparse_risk_unscreened,6.0,0,0,[],[],,,,0.0,,,"Delivery upside is an asset-progress proxy, not proof of management quality. Downside uses sourced company evidence. A missing risk signal means unscreened, not low risk. Historical outcomes are validation labels and are not score features."
IPEX,Inflection Point Acquisition Corp. V Class A Ordinary Shares,1.5,0.0,0.0,0.0,0.0,1.5,insufficient_risk_evidence,sparse_risk_unscreened,6.0,0,0,[],[],,,,0.0,,,"Delivery upside is an asset-progress proxy, not proof of management quality. Downside uses sourced company evidence. A missing risk signal means unscreened, not low risk. Historical outcomes are validation labels and are not score features."
IQV,IQVIA Holdings Inc. Common Stock,1.5,0.0,0.0,0.0,0.0,1.5,insufficient_risk_evidence,sparse_risk_unscreened,6.0,0,0,[],[],,,,0.0,,,"Delivery upside is an asset-progress proxy, not proof of management quality. Downside uses sourced company evidence. A missing risk signal means unscreened, not low risk. Historical outcomes are validation labels and are not score features."
IRIX,IRIDEX Corporation Common Stock,1.5,0.0,0.0,0.0,0.0,1.5,insufficient_risk_evidence,sparse_risk_unscreened,6.0,0,0,[],[],,,,0.0,,,"Delivery upside is an asset-progress proxy, not proof of management quality. Downside uses sourced company evidence. A missing risk signal means unscreened, not low risk. Historical outcomes are validation labels and are not score features."
IRWD,Ironwood Pharmaceuticals Inc. Class A Common Stock,1.5,0.0,0.0,0.0,0.0,1.5,insufficient_risk_evidence,sparse_risk_unscreened,6.0,0,0,[],[],,,,0.0,,,"Delivery upside is an asset-progress proxy, not proof of management quality. Downside uses sourced company evidence. A missing risk signal means unscreened, not low risk. Historical outcomes are validation labels and are not score features."
ISPC,iSpecimen Inc. Common Stock,1.5,0.0,0.0,0.0,0.0,1.5,insufficient_risk_evidence,sparse_risk_unscreened,6.0,0,0,[],[],,,,0.0,,,"Delivery upside is an asset-progress proxy, not proof of management quality. Downside uses sourced company evidence. A missing risk signal means unscreened, not low risk. Historical outcomes are validation labels and are not score features."
ISPR,Ispire Technology Inc. Common Stock,1.5,0.0,0.0,0.0,0.0,1.5,insufficient_risk_evidence,sparse_risk_unscreened,6.0,0,0,[],[],,,,0.0,,,"Delivery upside is an asset-progress proxy, not proof of management quality. Downside uses sourced company evidence. A missing risk signal means unscreened, not low risk. Historical outcomes are validation labels and are not score features."
ITGR,Integer Holdings Corporation Common Stock,1.5,0.0,0.0,0.0,0.0,1.5,insufficient_risk_evidence,sparse_risk_unscreened,6.0,0,0,[],[],,,,0.0,,,"Delivery upside is an asset-progress proxy, not proof of management quality. Downside uses sourced company evidence. A missing risk signal means unscreened, not low risk. Historical outcomes are validation labels and are not score features."
ITOC,iTonic Holdings Ltd Class A Ordinary Shares,1.5,0.0,0.0,0.0,0.0,1.5,insufficient_risk_evidence,sparse_risk_unscreened,6.0,0,0,[],[],,,,0.0,,,"Delivery upside is an asset-progress proxy, not proof of management quality. Downside uses sourced company evidence. A missing risk signal means unscreened, not low risk. Historical outcomes are validation labels and are not score features."
IVA,Inventiva S.A. American Depository Shares,1.5,0.0,0.0,0.0,0.0,1.5,insufficient_risk_evidence,sparse_risk_unscreened,6.0,0,0,[],[],,,,0.0,,,"Delivery upside is an asset-progress proxy, not proof of management quality. Downside uses sourced company evidence. A missing risk signal means unscreened, not low risk. Historical outcomes are validation labels and are not score features."
JAGX,Jaguar Health Inc. Common Stock,1.5,0.0,0.0,0.0,0.0,1.5,insufficient_risk_evidence,sparse_risk_unscreened,6.0,0,0,[],[],,,,0.0,,,"Delivery upside is an asset-progress proxy, not proof of management quality. Downside uses sourced company evidence. A missing risk signal means unscreened, not low risk. Historical outcomes are validation labels and are not score features."
JNJ,Johnson & Johnson Common Stock,1.5,0.0,0.0,0.0,0.0,1.5,insufficient_risk_evidence,sparse_risk_unscreened,6.0,0,0,[],[],,,,0.0,,,"Delivery upside is an asset-progress proxy, not proof of management quality. Downside uses sourced company evidence. A missing risk signal means unscreened, not low risk. Historical outcomes are validation labels and are not score features."
JUNS,Jupiter Neurosciences Inc. Common Stock,1.5,0.0,0.0,0.0,0.0,1.5,insufficient_risk_evidence,sparse_risk_unscreened,6.0,0,0,[],[],,,,0.0,,,"Delivery upside is an asset-progress proxy, not proof of management quality. Downside uses sourced company evidence. A missing risk signal means unscreened, not low risk. Historical outcomes are validation labels and are not score features."
KALA,KALA BIO Inc. Common Stock,1.5,0.0,0.0,0.0,0.0,1.5,insufficient_risk_evidence,sparse_risk_unscreened,6.0,0,0,[],[],,,,0.0,,,"Delivery upside is an asset-progress proxy, not proof of management quality. Downside uses sourced company evidence. A missing risk signal means unscreened, not low risk. Historical outcomes are validation labels and are not score features."
KAPA,Kairos Pharma Ltd. Common Stock,1.5,0.0,0.0,0.0,0.0,1.5,insufficient_risk_evidence,sparse_risk_unscreened,6.0,0,0,[],[],,,,0.0,,,"Delivery upside is an asset-progress proxy, not proof of management quality. Downside uses sourced company evidence. A missing risk signal means unscreened, not low risk. Historical outcomes are validation labels and are not score features."
KLRA,Kailera Therapeutics Inc. Common Stock,1.5,0.0,0.0,0.0,0.0,1.5,insufficient_risk_evidence,sparse_risk_unscreened,6.0,0,0,[],[],,,,0.0,,,"Delivery upside is an asset-progress proxy, not proof of management quality. Downside uses sourced company evidence. A missing risk signal means unscreened, not low risk. Historical outcomes are validation labels and are not score features."
KLRS,Kalaris Therapeutics Inc. Common Stock,1.5,0.0,0.0,0.0,0.0,1.5,insufficient_risk_evidence,sparse_risk_unscreened,6.0,0,0,[],[],,,,0.0,,,"Delivery upside is an asset-progress proxy, not proof of management quality. Downside uses sourced company evidence. A missing risk signal means unscreened, not low risk. Historical outcomes are validation labels and are not score features."
KRRO,Korro Bio Inc. Common Stock,1.5,0.0,0.0,0.0,0.0,1.5,insufficient_risk_evidence,sparse_risk_unscreened,6.0,0,0,[],[],,,,0.0,,,"Delivery upside is an asset-progress proxy, not proof of management quality. Downside uses sourced company evidence. A missing risk signal means unscreened, not low risk. Historical outcomes are validation labels and are not score features."
KZIA,Kazia Therapeutics Limited American Depositary Shares,1.5,0.0,0.0,0.0,0.0,1.5,insufficient_risk_evidence,sparse_risk_unscreened,6.0,0,0,[],[],,,,0.0,,,"Delivery upside is an asset-progress proxy, not proof of management quality. Downside uses sourced company evidence. A missing risk signal means unscreened, not low risk. Historical outcomes are validation labels and are not score features."
LEXX,Lexaria Bioscience Corp. Common Stock,1.5,0.0,0.0,0.0,0.0,1.5,insufficient_risk_evidence,sparse_risk_unscreened,6.0,0,0,[],[],,,,0.0,,,"Delivery upside is an asset-progress proxy, not proof of management quality. Downside uses sourced company evidence. A missing risk signal means unscreened, not low risk. Historical outcomes are validation labels and are not score features."
LFCR,Lifecore Biomedical Inc. Common Stock,1.5,0.0,0.0,0.0,0.0,1.5,insufficient_risk_evidence,sparse_risk_unscreened,6.0,0,0,[],[],,,,0.0,,,"Delivery upside is an asset-progress proxy, not proof of management quality. Downside uses sourced company evidence. A missing risk signal means unscreened, not low risk. Historical outcomes are validation labels and are not score features."
LFVN,Lifevantage Corporation Common Stock (Delaware),1.5,0.0,0.0,0.0,0.0,1.5,insufficient_risk_evidence,sparse_risk_unscreened,6.0,0,0,[],[],,,,0.0,,,"Delivery upside is an asset-progress proxy, not proof of management quality. Downside uses sourced company evidence. A missing risk signal means unscreened, not low risk. Historical outcomes are validation labels and are not score features."
LGND,Ligand Pharmaceuticals Incorporated Common Stock,1.5,0.0,0.0,0.0,0.0,1.5,insufficient_risk_evidence,sparse_risk_unscreened,6.0,0,0,[],[],,,,0.0,,,"Delivery upside is an asset-progress proxy, not proof of management quality. Downside uses sourced company evidence. A missing risk signal means unscreened, not low risk. Historical outcomes are validation labels and are not score features."
LIMN,Liminatus Pharma Inc. Class A Common Stock,1.5,0.0,0.0,0.0,0.0,1.5,insufficient_risk_evidence,sparse_risk_unscreened,6.0,0,0,[],[],,,,0.0,,,"Delivery upside is an asset-progress proxy, not proof of management quality. Downside uses sourced company evidence. A missing risk signal means unscreened, not low risk. Historical outcomes are validation labels and are not score features."
LITS,Lite Strategy Inc. Common Stock,1.5,0.0,0.0,0.0,0.0,1.5,insufficient_risk_evidence,sparse_risk_unscreened,6.0,0,0,[],[],,,,0.0,,,"Delivery upside is an asset-progress proxy, not proof of management quality. Downside uses sourced company evidence. A missing risk signal means unscreened, not low risk. Historical outcomes are validation labels and are not score features."
LIVN,LivaNova PLC Ordinary Shares,1.5,0.0,0.0,0.0,0.0,1.5,insufficient_risk_evidence,sparse_risk_unscreened,6.0,0,0,[],[],,,,0.0,,,"Delivery upside is an asset-progress proxy, not proof of management quality. Downside uses sourced company evidence. A missing risk signal means unscreened, not low risk. Historical outcomes are validation labels and are not score features."
LNAI,Lunai Bioworks Inc. Common Stock,1.5,0.0,0.0,0.0,0.0,1.5,insufficient_risk_evidence,sparse_risk_unscreened,6.0,0,0,[],[],,,,0.0,,,"Delivery upside is an asset-progress proxy, not proof of management quality. Downside uses sourced company evidence. A missing risk signal means unscreened, not low risk. Historical outcomes are validation labels and are not score features."
LNTH,Lantheus Holdings Inc. Common Stock,1.5,0.0,0.0,0.0,0.0,1.5,insufficient_risk_evidence,sparse_risk_unscreened,6.0,0,0,[],[],,,,0.0,,,"Delivery upside is an asset-progress proxy, not proof of management quality. Downside uses sourced company evidence. A missing risk signal means unscreened, not low risk. Historical outcomes are validation labels and are not score features."
LPCN,Lipocine Inc. Common Stock,1.5,0.0,0.0,0.0,0.0,1.5,insufficient_risk_evidence,sparse_risk_unscreened,6.0,0,0,[],[],,,,0.0,,,"Delivery upside is an asset-progress proxy, not proof of management quality. Downside uses sourced company evidence. A missing risk signal means unscreened, not low risk. Historical outcomes are validation labels and are not score features."
LQDA,Liquidia Corporation Common Stock,1.5,0.0,0.0,0.0,0.0,1.5,insufficient_risk_evidence,sparse_risk_unscreened,6.0,0,0,[],[],,,,0.0,,,"Delivery upside is an asset-progress proxy, not proof of management quality. Downside uses sourced company evidence. A missing risk signal means unscreened, not low risk. Historical outcomes are validation labels and are not score features."
LSTA,Lisata Therapeutics Inc. Common Stock,1.5,0.0,0.0,0.0,0.0,1.5,insufficient_risk_evidence,sparse_risk_unscreened,6.0,0,0,[],[],,,,0.0,,,"Delivery upside is an asset-progress proxy, not proof of management quality. Downside uses sourced company evidence. A missing risk signal means unscreened, not low risk. Historical outcomes are validation labels and are not score features."
MBIO,Mustang Bio Inc. Common Stock,1.5,0.0,0.0,0.0,0.0,1.5,insufficient_risk_evidence,sparse_risk_unscreened,6.0,0,0,[],[],,,,0.0,,,"Delivery upside is an asset-progress proxy, not proof of management quality. Downside uses sourced company evidence. A missing risk signal means unscreened, not low risk. Historical outcomes are validation labels and are not score features."
MBOT,Microbot Medical Inc. Common Stock,1.5,0.0,0.0,0.0,0.0,1.5,insufficient_risk_evidence,sparse_risk_unscreened,6.0,0,0,[],[],,,,0.0,,,"Delivery upside is an asset-progress proxy, not proof of management quality. Downside uses sourced company evidence. A missing risk signal means unscreened, not low risk. Historical outcomes are validation labels and are not score features."
MCRB,Seres Therapeutics Inc. Common Stock,1.5,0.0,0.0,0.0,0.0,1.5,insufficient_risk_evidence,sparse_risk_unscreened,6.0,0,0,[],[],,,,0.0,,,"Delivery upside is an asset-progress proxy, not proof of management quality. Downside uses sourced company evidence. A missing risk signal means unscreened, not low risk. Historical outcomes are validation labels and are not score features."
MDCX,Medicus Pharma Ltd. Common Stock  ,1.5,0.0,0.0,0.0,0.0,1.5,insufficient_risk_evidence,sparse_risk_unscreened,6.0,0,0,[],[],,,,0.0,,,"Delivery upside is an asset-progress proxy, not proof of management quality. Downside uses sourced company evidence. A missing risk signal means unscreened, not low risk. Historical outcomes are validation labels and are not score features."
MDT,Medtronic plc. Ordinary Shares,1.5,0.0,0.0,0.0,0.0,1.5,insufficient_risk_evidence,sparse_risk_unscreened,6.0,0,0,[],[],,,,0.0,,,"Delivery upside is an asset-progress proxy, not proof of management quality. Downside uses sourced company evidence. A missing risk signal means unscreened, not low risk. Historical outcomes are validation labels and are not score features."
MDXG,MiMedx Group Inc Common Stock,1.5,0.0,0.0,0.0,0.0,1.5,insufficient_risk_evidence,sparse_risk_unscreened,6.0,0,0,[],[],,,,0.0,,,"Delivery upside is an asset-progress proxy, not proof of management quality. Downside uses sourced company evidence. A missing risk signal means unscreened, not low risk. Historical outcomes are validation labels and are not score features."
MEDP,Medpace Holdings Inc. Common Stock,1.5,0.0,0.0,0.0,0.0,1.5,insufficient_risk_evidence,sparse_risk_unscreened,6.0,0,0,[],[],,,,0.0,,,"Delivery upside is an asset-progress proxy, not proof of management quality. Downside uses sourced company evidence. A missing risk signal means unscreened, not low risk. Historical outcomes are validation labels and are not score features."
MENS,Jyong Biotech Ltd. Ordinary Shares,1.5,0.0,0.0,0.0,0.0,1.5,insufficient_risk_evidence,sparse_risk_unscreened,6.0,0,0,[],[],,,,0.0,,,"Delivery upside is an asset-progress proxy, not proof of management quality. Downside uses sourced company evidence. A missing risk signal means unscreened, not low risk. Historical outcomes are validation labels and are not score features."
MGRX,Mangoceuticals Inc. Common Stock,1.5,0.0,0.0,0.0,0.0,1.5,insufficient_risk_evidence,sparse_risk_unscreened,6.0,0,0,[],[],,,,0.0,,,"Delivery upside is an asset-progress proxy, not proof of management quality. Downside uses sourced company evidence. A missing risk signal means unscreened, not low risk. Historical outcomes are validation labels and are not score features."
MGX,Metagenomi Therapeutics Inc. Common Stock,1.5,0.0,0.0,0.0,0.0,1.5,insufficient_risk_evidence,sparse_risk_unscreened,6.0,0,0,[],[],,,,0.0,,,"Delivery upside is an asset-progress proxy, not proof of management quality. Downside uses sourced company evidence. A missing risk signal means unscreened, not low risk. Historical outcomes are validation labels and are not score features."
MIRA,MIRA Pharmaceuticals Inc. Common Stock,1.5,0.0,0.0,0.0,0.0,1.5,insufficient_risk_evidence,sparse_risk_unscreened,6.0,0,0,[],[],,,,0.0,,,"Delivery upside is an asset-progress proxy, not proof of management quality. Downside uses sourced company evidence. A missing risk signal means unscreened, not low risk. Historical outcomes are validation labels and are not score features."
MO,Altria Group Inc.,1.5,0.0,0.0,0.0,0.0,1.5,insufficient_risk_evidence,sparse_risk_unscreened,6.0,0,0,[],[],,,,0.0,,,"Delivery upside is an asset-progress proxy, not proof of management quality. Downside uses sourced company evidence. A missing risk signal means unscreened, not low risk. Historical outcomes are validation labels and are not score features."
MOVE,Corvex Inc. Common Stock,1.5,0.0,0.0,0.0,0.0,1.5,insufficient_risk_evidence,sparse_risk_unscreened,6.0,0,0,[],[],,,,0.0,,,"Delivery upside is an asset-progress proxy, not proof of management quality. Downside uses sourced company evidence. A missing risk signal means unscreened, not low risk. Historical outcomes are validation labels and are not score features."
MREO,Mereo BioPharma Group plc American Depositary Shares,1.5,0.0,0.0,0.0,0.0,1.5,insufficient_risk_evidence,sparse_risk_unscreened,6.0,0,0,[],[],,,,0.0,,,"Delivery upside is an asset-progress proxy, not proof of management quality. Downside uses sourced company evidence. A missing risk signal means unscreened, not low risk. Historical outcomes are validation labels and are not score features."
MRK,Merck & Company Inc. Common Stock (new),1.5,0.0,0.0,0.0,0.0,1.5,insufficient_risk_evidence,sparse_risk_unscreened,6.0,0,0,[],[],,,,0.0,,,"Delivery upside is an asset-progress proxy, not proof of management quality. Downside uses sourced company evidence. A missing risk signal means unscreened, not low risk. Historical outcomes are validation labels and are not score features."
MRNA,Moderna Inc. Common Stock,1.5,0.0,0.0,0.0,0.0,1.5,insufficient_risk_evidence,sparse_risk_unscreened,6.0,0,0,[],[],,,,0.0,,,"Delivery upside is an asset-progress proxy, not proof of management quality. Downside uses sourced company evidence. A missing risk signal means unscreened, not low risk. Historical outcomes are validation labels and are not score features."
MRVI,Maravai LifeSciences Holdings Inc. Class A Common Stock,1.5,0.0,0.0,0.0,0.0,1.5,insufficient_risk_evidence,sparse_risk_unscreened,6.0,0,0,[],[],,,,0.0,,,"Delivery upside is an asset-progress proxy, not proof of management quality. Downside uses sourced company evidence. A missing risk signal means unscreened, not low risk. Historical outcomes are validation labels and are not score features."
MTEX,Mannatech Incorporated Common Stock,1.5,0.0,0.0,0.0,0.0,1.5,insufficient_risk_evidence,sparse_risk_unscreened,6.0,0,0,[],[],,,,0.0,,,"Delivery upside is an asset-progress proxy, not proof of management quality. Downside uses sourced company evidence. A missing risk signal means unscreened, not low risk. Historical outcomes are validation labels and are not score features."
MTNB,Matinas Biopharma Holdings Inc. Common Stock,1.5,0.0,0.0,0.0,0.0,1.5,insufficient_risk_evidence,sparse_risk_unscreened,6.0,0,0,[],[],,,,0.0,,,"Delivery upside is an asset-progress proxy, not proof of management quality. Downside uses sourced company evidence. A missing risk signal means unscreened, not low risk. Historical outcomes are validation labels and are not score features."
MTVA,MetaVia Inc. Common Stock,1.5,0.0,0.0,0.0,0.0,1.5,insufficient_risk_evidence,sparse_risk_unscreened,6.0,0,0,[],[],,,,0.0,,,"Delivery upside is an asset-progress proxy, not proof of management quality. Downside uses sourced company evidence. A missing risk signal means unscreened, not low risk. Historical outcomes are validation labels and are not score features."
MXCT,MaxCyte Inc. Common Stock,1.5,0.0,0.0,0.0,0.0,1.5,insufficient_risk_evidence,sparse_risk_unscreened,6.0,0,0,[],[],,,,0.0,,,"Delivery upside is an asset-progress proxy, not proof of management quality. Downside uses sourced company evidence. A missing risk signal means unscreened, not low risk. Historical outcomes are validation labels and are not score features."
MYGN,Myriad Genetics Inc. Common Stock,1.5,0.0,0.0,0.0,0.0,1.5,insufficient_risk_evidence,sparse_risk_unscreened,6.0,0,0,[],[],,,,0.0,,,"Delivery upside is an asset-progress proxy, not proof of management quality. Downside uses sourced company evidence. A missing risk signal means unscreened, not low risk. Historical outcomes are validation labels and are not score features."
NAGE,Niagen Bioscience Inc. Common Stock,1.5,0.0,0.0,0.0,0.0,1.5,insufficient_risk_evidence,sparse_risk_unscreened,6.0,0,0,[],[],,,,0.0,,,"Delivery upside is an asset-progress proxy, not proof of management quality. Downside uses sourced company evidence. A missing risk signal means unscreened, not low risk. Historical outcomes are validation labels and are not score features."
NAII,Natural Alternatives International Inc. Common Stock,1.5,0.0,0.0,0.0,0.0,1.5,insufficient_risk_evidence,sparse_risk_unscreened,6.0,0,0,[],[],,,,0.0,,,"Delivery upside is an asset-progress proxy, not proof of management quality. Downside uses sourced company evidence. A missing risk signal means unscreened, not low risk. Historical outcomes are validation labels and are not score features."
NAMS,NewAmsterdam Pharma Company N.V. Ordinary Shares,1.5,0.0,0.0,0.0,0.0,1.5,insufficient_risk_evidence,sparse_risk_unscreened,6.0,0,0,[],[],,,,0.0,,,"Delivery upside is an asset-progress proxy, not proof of management quality. Downside uses sourced company evidence. A missing risk signal means unscreened, not low risk. Historical outcomes are validation labels and are not score features."
NATR,Nature's Sunshine Products Inc. Common Stock,1.5,0.0,0.0,0.0,0.0,1.5,insufficient_risk_evidence,sparse_risk_unscreened,6.0,0,0,[],[],,,,0.0,,,"Delivery upside is an asset-progress proxy, not proof of management quality. Downside uses sourced company evidence. A missing risk signal means unscreened, not low risk. Historical outcomes are validation labels and are not score features."
NBP,NovaBridge Biosciences American Depositary Shares,1.5,0.0,0.0,0.0,0.0,1.5,insufficient_risk_evidence,sparse_risk_unscreened,6.0,0,0,[],[],,,,0.0,,,"Delivery upside is an asset-progress proxy, not proof of management quality. Downside uses sourced company evidence. A missing risk signal means unscreened, not low risk. Historical outcomes are validation labels and are not score features."
NBTX,Nanobiotix S.A. American Depositary Shares,1.5,0.0,0.0,0.0,0.0,1.5,insufficient_risk_evidence,sparse_risk_unscreened,6.0,0,0,[],[],,,,0.0,,,"Delivery upside is an asset-progress proxy, not proof of management quality. Downside uses sourced company evidence. A missing risk signal means unscreened, not low risk. Historical outcomes are validation labels and are not score features."
NCEL,NewcelX Ltd. Ordinary Shares,1.5,0.0,0.0,0.0,0.0,1.5,insufficient_risk_evidence,sparse_risk_unscreened,6.0,0,0,[],[],,,,0.0,,,"Delivery upside is an asset-progress proxy, not proof of management quality. Downside uses sourced company evidence. A missing risk signal means unscreened, not low risk. Historical outcomes are validation labels and are not score features."
NCNA,NuCana plc American Depositary Share,1.5,0.0,0.0,0.0,0.0,1.5,insufficient_risk_evidence,sparse_risk_unscreened,6.0,0,0,[],[],,,,0.0,,,"Delivery upside is an asset-progress proxy, not proof of management quality. Downside uses sourced company evidence. A missing risk signal means unscreened, not low risk. Historical outcomes are validation labels and are not score features."
NDRA,ENDRA Life Sciences Inc. Common Stock,1.5,0.0,0.0,0.0,0.0,1.5,insufficient_risk_evidence,sparse_risk_unscreened,6.0,0,0,[],[],,,,0.0,,,"Delivery upside is an asset-progress proxy, not proof of management quality. Downside uses sourced company evidence. A missing risk signal means unscreened, not low risk. Historical outcomes are validation labels and are not score features."
NEOG,Neogen Corporation Common Stock,1.5,0.0,0.0,0.0,0.0,1.5,insufficient_risk_evidence,sparse_risk_unscreened,6.0,0,0,[],[],,,,0.0,,,"Delivery upside is an asset-progress proxy, not proof of management quality. Downside uses sourced company evidence. A missing risk signal means unscreened, not low risk. Historical outcomes are validation labels and are not score features."
NEUP,Neuphoria Therapeutics Inc. Common Stock,1.5,0.0,0.0,0.0,0.0,1.5,insufficient_risk_evidence,sparse_risk_unscreened,6.0,0,0,[],[],,,,0.0,,,"Delivery upside is an asset-progress proxy, not proof of management quality. Downside uses sourced company evidence. A missing risk signal means unscreened, not low risk. Historical outcomes are validation labels and are not score features."
NIKI,Niki BioSolutions Inc. Common Stock,1.5,0.0,0.0,0.0,0.0,1.5,insufficient_risk_evidence,sparse_risk_unscreened,6.0,0,0,[],[],,,,0.0,,,"Delivery upside is an asset-progress proxy, not proof of management quality. Downside uses sourced company evidence. A missing risk signal means unscreened, not low risk. Historical outcomes are validation labels and are not score features."
NIVF,NewGenIvf Group Limited Class A Ordinary Shares,1.5,0.0,0.0,0.0,0.0,1.5,insufficient_risk_evidence,sparse_risk_unscreened,6.0,0,0,[],[],,,,0.0,,,"Delivery upside is an asset-progress proxy, not proof of management quality. Downside uses sourced company evidence. A missing risk signal means unscreened, not low risk. Historical outcomes are validation labels and are not score features."
NMAD,Nomad Power Solutions Inc. Common Stock,1.5,0.0,0.0,0.0,0.0,1.5,insufficient_risk_evidence,sparse_risk_unscreened,6.0,0,0,[],[],,,,0.0,,,"Delivery upside is an asset-progress proxy, not proof of management quality. Downside uses sourced company evidence. A missing risk signal means unscreened, not low risk. Historical outcomes are validation labels and are not score features."
NNNN,Anbio Biotechnology Class A Ordinary Shares,1.5,0.0,0.0,0.0,0.0,1.5,insufficient_risk_evidence,sparse_risk_unscreened,6.0,0,0,[],[],,,,0.0,,,"Delivery upside is an asset-progress proxy, not proof of management quality. Downside uses sourced company evidence. A missing risk signal means unscreened, not low risk. Historical outcomes are validation labels and are not score features."
NNVC,NanoViricides Inc. Common Stock,1.5,0.0,0.0,0.0,0.0,1.5,insufficient_risk_evidence,sparse_risk_unscreened,6.0,0,0,[],[],,,,0.0,,,"Delivery upside is an asset-progress proxy, not proof of management quality. Downside uses sourced company evidence. A missing risk signal means unscreened, not low risk. Historical outcomes are validation labels and are not score features."
NRC,NRC Health Common Stock,1.5,0.0,0.0,0.0,0.0,1.5,insufficient_risk_evidence,sparse_risk_unscreened,6.0,0,0,[],[],,,,0.0,,,"Delivery upside is an asset-progress proxy, not proof of management quality. Downside uses sourced company evidence. A missing risk signal means unscreened, not low risk. Historical outcomes are validation labels and are not score features."
NRSN,NeuroSense Therapeutics Ltd. Ordinary Shares,1.5,0.0,0.0,0.0,0.0,1.5,insufficient_risk_evidence,sparse_risk_unscreened,6.0,0,0,[],[],,,,0.0,,,"Delivery upside is an asset-progress proxy, not proof of management quality. Downside uses sourced company evidence. A missing risk signal means unscreened, not low risk. Historical outcomes are validation labels and are not score features."
NRXP,NRX Pharmaceuticals Inc. Common Stock,1.5,0.0,0.0,0.0,0.0,1.5,insufficient_risk_evidence,sparse_risk_unscreened,6.0,0,0,[],[],,,,0.0,,,"Delivery upside is an asset-progress proxy, not proof of management quality. Downside uses sourced company evidence. A missing risk signal means unscreened, not low risk. Historical outcomes are validation labels and are not score features."
NRXS,Neuraxis Inc. Common Stock,1.5,0.0,0.0,0.0,0.0,1.5,insufficient_risk_evidence,sparse_risk_unscreened,6.0,0,0,[],[],,,,0.0,,,"Delivery upside is an asset-progress proxy, not proof of management quality. Downside uses sourced company evidence. A missing risk signal means unscreened, not low risk. Historical outcomes are validation labels and are not score features."
NUWE,Nuwellis Inc. Common Stock,1.5,0.0,0.0,0.0,0.0,1.5,insufficient_risk_evidence,sparse_risk_unscreened,6.0,0,0,[],[],,,,0.0,,,"Delivery upside is an asset-progress proxy, not proof of management quality. Downside uses sourced company evidence. A missing risk signal means unscreened, not low risk. Historical outcomes are validation labels and are not score features."
NXL,Nexalin Technology Inc. Common Stock,1.5,0.0,0.0,0.0,0.0,1.5,insufficient_risk_evidence,sparse_risk_unscreened,6.0,0,0,[],[],,,,0.0,,,"Delivery upside is an asset-progress proxy, not proof of management quality. Downside uses sourced company evidence. A missing risk signal means unscreened, not low risk. Historical outcomes are validation labels and are not score features."
OABI,OmniAb Inc. Common Stock,1.5,0.0,0.0,0.0,0.0,1.5,insufficient_risk_evidence,sparse_risk_unscreened,6.0,0,0,[],[],,,,0.0,,,"Delivery upside is an asset-progress proxy, not proof of management quality. Downside uses sourced company evidence. A missing risk signal means unscreened, not low risk. Historical outcomes are validation labels and are not score features."
OBIO,Orchestra BioMed Holdings Inc. Ordinary Shares,1.5,0.0,0.0,0.0,0.0,1.5,insufficient_risk_evidence,sparse_risk_unscreened,6.0,0,0,[],[],,,,0.0,,,"Delivery upside is an asset-progress proxy, not proof of management quality. Downside uses sourced company evidence. A missing risk signal means unscreened, not low risk. Historical outcomes are validation labels and are not score features."
OGI,Organigram Global Inc. Common Shares,1.5,0.0,0.0,0.0,0.0,1.5,insufficient_risk_evidence,sparse_risk_unscreened,6.0,0,0,[],[],,,,0.0,,,"Delivery upside is an asset-progress proxy, not proof of management quality. Downside uses sourced company evidence. A missing risk signal means unscreened, not low risk. Historical outcomes are validation labels and are not score features."
OKUR,OnKure Therapeutics Inc. Class A Common Stock,1.5,0.0,0.0,0.0,0.0,1.5,insufficient_risk_evidence,sparse_risk_unscreened,6.0,0,0,[],[],,,,0.0,,,"Delivery upside is an asset-progress proxy, not proof of management quality. Downside uses sourced company evidence. A missing risk signal means unscreened, not low risk. Historical outcomes are validation labels and are not score features."
OKYO,OKYO Pharma Limited Ordinary Shares,1.5,0.0,0.0,0.0,0.0,1.5,insufficient_risk_evidence,sparse_risk_unscreened,6.0,0,0,[],[],,,,0.0,,,"Delivery upside is an asset-progress proxy, not proof of management quality. Downside uses sourced company evidence. A missing risk signal means unscreened, not low risk. Historical outcomes are validation labels and are not score features."
OM,Outset Medical Inc. Common Stock,1.5,0.0,0.0,0.0,0.0,1.5,insufficient_risk_evidence,sparse_risk_unscreened,6.0,0,0,[],[],,,,0.0,,,"Delivery upside is an asset-progress proxy, not proof of management quality. Downside uses sourced company evidence. A missing risk signal means unscreened, not low risk. Historical outcomes are validation labels and are not score features."
ONCO,Onconetix Inc. Common Stock,1.5,0.0,0.0,0.0,0.0,1.5,insufficient_risk_evidence,sparse_risk_unscreened,6.0,0,0,[],[],,,,0.0,,,"Delivery upside is an asset-progress proxy, not proof of management quality. Downside uses sourced company evidence. A missing risk signal means unscreened, not low risk. Historical outcomes are validation labels and are not score features."
ONMD,OneMedNet Corp Class A Common Stock,1.5,0.0,0.0,0.0,0.0,1.5,insufficient_risk_evidence,sparse_risk_unscreened,6.0,0,0,[],[],,,,0.0,,,"Delivery upside is an asset-progress proxy, not proof of management quality. Downside uses sourced company evidence. A missing risk signal means unscreened, not low risk. Historical outcomes are validation labels and are not score features."
ORGO,Organogenesis Holdings Inc. Class A Common Stock,1.5,0.0,0.0,0.0,0.0,1.5,insufficient_risk_evidence,sparse_risk_unscreened,6.0,0,0,[],[],,,,0.0,,,"Delivery upside is an asset-progress proxy, not proof of management quality. Downside uses sourced company evidence. A missing risk signal means unscreened, not low risk. Historical outcomes are validation labels and are not score features."
ORMP,Oramed Pharmaceuticals Inc. Common Stock,1.5,0.0,0.0,0.0,0.0,1.5,insufficient_risk_evidence,sparse_risk_unscreened,6.0,0,0,[],[],,,,0.0,,,"Delivery upside is an asset-progress proxy, not proof of management quality. Downside uses sourced company evidence. A missing risk signal means unscreened, not low risk. Historical outcomes are validation labels and are not score features."
OSTX,OS Therapies Incorporated Common Stock,1.5,0.0,0.0,0.0,0.0,1.5,insufficient_risk_evidence,sparse_risk_unscreened,6.0,0,0,[],[],,,,0.0,,,"Delivery upside is an asset-progress proxy, not proof of management quality. Downside uses sourced company evidence. A missing risk signal means unscreened, not low risk. Historical outcomes are validation labels and are not score features."
OTLK,Outlook Therapeutics Inc. Common Stock,1.5,0.0,0.0,0.0,0.0,1.5,insufficient_risk_evidence,sparse_risk_unscreened,6.0,0,0,[],[],,,,0.0,,,"Delivery upside is an asset-progress proxy, not proof of management quality. Downside uses sourced company evidence. A missing risk signal means unscreened, not low risk. Historical outcomes are validation labels and are not score features."
OVID,Ovid Therapeutics Inc. Common Stock,1.5,0.0,0.0,0.0,0.0,1.5,insufficient_risk_evidence,sparse_risk_unscreened,6.0,0,0,[],[],,,,0.0,,,"Delivery upside is an asset-progress proxy, not proof of management quality. Downside uses sourced company evidence. A missing risk signal means unscreened, not low risk. Historical outcomes are validation labels and are not score features."
PAHC,Phibro Animal Health Corporation Class A Common Stock,1.5,0.0,0.0,0.0,0.0,1.5,insufficient_risk_evidence,sparse_risk_unscreened,6.0,0,0,[],[],,,,0.0,,,"Delivery upside is an asset-progress proxy, not proof of management quality. Downside uses sourced company evidence. A missing risk signal means unscreened, not low risk. Historical outcomes are validation labels and are not score features."
PARK,Park Dental Partners Inc. Common Stock,1.5,0.0,0.0,0.0,0.0,1.5,insufficient_risk_evidence,sparse_risk_unscreened,6.0,0,0,[],[],,,,0.0,,,"Delivery upside is an asset-progress proxy, not proof of management quality. Downside uses sourced company evidence. A missing risk signal means unscreened, not low risk. Historical outcomes are validation labels and are not score features."
PAVS,Paranovus Entertainment Technology Ltd. Class A Ordinary Shares,1.5,0.0,0.0,0.0,0.0,1.5,insufficient_risk_evidence,sparse_risk_unscreened,6.0,0,0,[],[],,,,0.0,,,"Delivery upside is an asset-progress proxy, not proof of management quality. Downside uses sourced company evidence. A missing risk signal means unscreened, not low risk. Historical outcomes are validation labels and are not score features."
PBH,Prestige Consumer Healthcare Inc. Common Stock,1.5,0.0,0.0,0.0,0.0,1.5,insufficient_risk_evidence,sparse_risk_unscreened,6.0,0,0,[],[],,,,0.0,,,"Delivery upside is an asset-progress proxy, not proof of management quality. Downside uses sourced company evidence. A missing risk signal means unscreened, not low risk. Historical outcomes are validation labels and are not score features."
PBM,Psyence Biomedical Ltd. Common Shares,1.5,0.0,0.0,0.0,0.0,1.5,insufficient_risk_evidence,sparse_risk_unscreened,6.0,0,0,[],[],,,,0.0,,,"Delivery upside is an asset-progress proxy, not proof of management quality. Downside uses sourced company evidence. A missing risk signal means unscreened, not low risk. Historical outcomes are validation labels and are not score features."
PCRX,Pacira BioSciences Inc. Common Stock,1.5,0.0,0.0,0.0,0.0,1.5,insufficient_risk_evidence,sparse_risk_unscreened,6.0,0,0,[],[],,,,0.0,,,"Delivery upside is an asset-progress proxy, not proof of management quality. Downside uses sourced company evidence. A missing risk signal means unscreened, not low risk. Historical outcomes are validation labels and are not score features."
PGNY,Progyny Inc. Common Stock,1.5,0.0,0.0,0.0,0.0,1.5,insufficient_risk_evidence,sparse_risk_unscreened,6.0,0,0,[],[],,,,0.0,,,"Delivery upside is an asset-progress proxy, not proof of management quality. Downside uses sourced company evidence. A missing risk signal means unscreened, not low risk. Historical outcomes are validation labels and are not score features."
PHAR,Pharming Group N.V. ADS each representing 10 ordinary shares,1.5,0.0,0.0,0.0,0.0,1.5,insufficient_risk_evidence,sparse_risk_unscreened,6.0,0,0,[],[],,,,0.0,,,"Delivery upside is an asset-progress proxy, not proof of management quality. Downside uses sourced company evidence. A missing risk signal means unscreened, not low risk. Historical outcomes are validation labels and are not score features."
PHVS,Pharvaris N.V. Ordinary Shares,1.5,0.0,0.0,0.0,0.0,1.5,insufficient_risk_evidence,sparse_risk_unscreened,6.0,0,0,[],[],,,,0.0,,,"Delivery upside is an asset-progress proxy, not proof of management quality. Downside uses sourced company evidence. A missing risk signal means unscreened, not low risk. Historical outcomes are validation labels and are not score features."
PLRZ,Polyrizon Ltd. Ordinary Shares,1.5,0.0,0.0,0.0,0.0,1.5,insufficient_risk_evidence,sparse_risk_unscreened,6.0,0,0,[],[],,,,0.0,,,"Delivery upside is an asset-progress proxy, not proof of management quality. Downside uses sourced company evidence. A missing risk signal means unscreened, not low risk. Historical outcomes are validation labels and are not score features."
PLUR,Pluri Inc. Common Stock,1.5,0.0,0.0,0.0,0.0,1.5,insufficient_risk_evidence,sparse_risk_unscreened,6.0,0,0,[],[],,,,0.0,,,"Delivery upside is an asset-progress proxy, not proof of management quality. Downside uses sourced company evidence. A missing risk signal means unscreened, not low risk. Historical outcomes are validation labels and are not score features."
PLX,Protalix BioTherapeutics Inc. (DE) Common Stock,1.5,0.0,0.0,0.0,0.0,1.5,insufficient_risk_evidence,sparse_risk_unscreened,6.0,0,0,[],[],,,,0.0,,,"Delivery upside is an asset-progress proxy, not proof of management quality. Downside uses sourced company evidence. A missing risk signal means unscreened, not low risk. Historical outcomes are validation labels and are not score features."
PM,Philip Morris International Inc Common Stock,1.5,0.0,0.0,0.0,0.0,1.5,insufficient_risk_evidence,sparse_risk_unscreened,6.0,0,0,[],[],,,,0.0,,,"Delivery upside is an asset-progress proxy, not proof of management quality. Downside uses sourced company evidence. A missing risk signal means unscreened, not low risk. Historical outcomes are validation labels and are not score features."
PMCB,PharmaCyte  Biotech Inc. Common Stock,1.5,0.0,0.0,0.0,0.0,1.5,insufficient_risk_evidence,sparse_risk_unscreened,6.0,0,0,[],[],,,,0.0,,,"Delivery upside is an asset-progress proxy, not proof of management quality. Downside uses sourced company evidence. A missing risk signal means unscreened, not low risk. Historical outcomes are validation labels and are not score features."
PMN,ProMIS Neurosciences Inc. Common Shares (ON),1.5,0.0,0.0,0.0,0.0,1.5,insufficient_risk_evidence,sparse_risk_unscreened,6.0,0,0,[],[],,,,0.0,,,"Delivery upside is an asset-progress proxy, not proof of management quality. Downside uses sourced company evidence. A missing risk signal means unscreened, not low risk. Historical outcomes are validation labels and are not score features."
POCI,Precision Optics Corporation Inc. Common stock,1.5,0.0,0.0,0.0,0.0,1.5,insufficient_risk_evidence,sparse_risk_unscreened,6.0,0,0,[],[],,,,0.0,,,"Delivery upside is an asset-progress proxy, not proof of management quality. Downside uses sourced company evidence. A missing risk signal means unscreened, not low risk. Historical outcomes are validation labels and are not score features."
PPBT,Purple Biotech Ltd. American Depositary Shares,1.5,0.0,0.0,0.0,0.0,1.5,insufficient_risk_evidence,sparse_risk_unscreened,6.0,0,0,[],[],,,,0.0,,,"Delivery upside is an asset-progress proxy, not proof of management quality. Downside uses sourced company evidence. A missing risk signal means unscreened, not low risk. Historical outcomes are validation labels and are not score features."
PPCB,Propanc Biopharma Inc. Common Stock,1.5,0.0,0.0,0.0,0.0,1.5,insufficient_risk_evidence,sparse_risk_unscreened,6.0,0,0,[],[],,,,0.0,,,"Delivery upside is an asset-progress proxy, not proof of management quality. Downside uses sourced company evidence. A missing risk signal means unscreened, not low risk. Historical outcomes are validation labels and are not score features."
PRFX,PRF Technologies Ltd. Ordinary Shares,1.5,0.0,0.0,0.0,0.0,1.5,insufficient_risk_evidence,sparse_risk_unscreened,6.0,0,0,[],[],,,,0.0,,,"Delivery upside is an asset-progress proxy, not proof of management quality. Downside uses sourced company evidence. A missing risk signal means unscreened, not low risk. Historical outcomes are validation labels and are not score features."
PRGO,Perrigo Company plc Ordinary Shares,1.5,0.0,0.0,0.0,0.0,1.5,insufficient_risk_evidence,sparse_risk_unscreened,6.0,0,0,[],[],,,,0.0,,,"Delivery upside is an asset-progress proxy, not proof of management quality. Downside uses sourced company evidence. A missing risk signal means unscreened, not low risk. Historical outcomes are validation labels and are not score features."
PRKS,United Parks & Resorts Inc. Common Stock,1.5,0.0,0.0,0.0,0.0,1.5,insufficient_risk_evidence,sparse_risk_unscreened,6.0,0,0,[],[],,,,0.0,,,"Delivery upside is an asset-progress proxy, not proof of management quality. Downside uses sourced company evidence. A missing risk signal means unscreened, not low risk. Historical outcomes are validation labels and are not score features."
PRQR,ProQR Therapeutics N.V. Ordinary Shares,1.5,0.0,0.0,0.0,0.0,1.5,insufficient_risk_evidence,sparse_risk_unscreened,6.0,0,0,[],[],,,,0.0,,,"Delivery upside is an asset-progress proxy, not proof of management quality. Downside uses sourced company evidence. A missing risk signal means unscreened, not low risk. Historical outcomes are validation labels and are not score features."
PRTA,Prothena Corporation plc Ordinary Shares,1.5,0.0,0.0,0.0,0.0,1.5,insufficient_risk_evidence,sparse_risk_unscreened,6.0,0,0,[],[],,,,0.0,,,"Delivery upside is an asset-progress proxy, not proof of management quality. Downside uses sourced company evidence. A missing risk signal means unscreened, not low risk. Historical outcomes are validation labels and are not score features."
PTHS,Pelthos Therapeutics Inc. Common Stock,1.5,0.0,0.0,0.0,0.0,1.5,insufficient_risk_evidence,sparse_risk_unscreened,6.0,0,0,[],[],,,,0.0,,,"Delivery upside is an asset-progress proxy, not proof of management quality. Downside uses sourced company evidence. A missing risk signal means unscreened, not low risk. Historical outcomes are validation labels and are not score features."
PULM,Pulmatrix Inc. Common Stock,1.5,0.0,0.0,0.0,0.0,1.5,insufficient_risk_evidence,sparse_risk_unscreened,6.0,0,0,[],[],,,,0.0,,,"Delivery upside is an asset-progress proxy, not proof of management quality. Downside uses sourced company evidence. A missing risk signal means unscreened, not low risk. Historical outcomes are validation labels and are not score features."
PYPD,PolyPid Ltd. Ordinary Shares,1.5,0.0,0.0,0.0,0.0,1.5,insufficient_risk_evidence,sparse_risk_unscreened,6.0,0,0,[],[],,,,0.0,,,"Delivery upside is an asset-progress proxy, not proof of management quality. Downside uses sourced company evidence. A missing risk signal means unscreened, not low risk. Historical outcomes are validation labels and are not score features."
QCLS,Q/C Technologies Inc. Common Stock,1.5,0.0,0.0,0.0,0.0,1.5,insufficient_risk_evidence,sparse_risk_unscreened,6.0,0,0,[],[],,,,0.0,,,"Delivery upside is an asset-progress proxy, not proof of management quality. Downside uses sourced company evidence. A missing risk signal means unscreened, not low risk. Historical outcomes are validation labels and are not score features."
QDEL,QuidelOrtho Corporation Common Stock,1.5,0.0,0.0,0.0,0.0,1.5,insufficient_risk_evidence,sparse_risk_unscreened,6.0,0,0,[],[],,,,0.0,,,"Delivery upside is an asset-progress proxy, not proof of management quality. Downside uses sourced company evidence. A missing risk signal means unscreened, not low risk. Historical outcomes are validation labels and are not score features."
QGEN,Qiagen N.V. Common Shares,1.5,0.0,0.0,0.0,0.0,1.5,insufficient_risk_evidence,sparse_risk_unscreened,6.0,0,0,[],[],,,,0.0,,,"Delivery upside is an asset-progress proxy, not proof of management quality. Downside uses sourced company evidence. A missing risk signal means unscreened, not low risk. Historical outcomes are validation labels and are not score features."
QNCX,Quince Therapeutics Inc. Common Stock,1.5,0.0,0.0,0.0,0.0,1.5,insufficient_risk_evidence,sparse_risk_unscreened,6.0,0,0,[],[],,,,0.0,,,"Delivery upside is an asset-progress proxy, not proof of management quality. Downside uses sourced company evidence. A missing risk signal means unscreened, not low risk. Historical outcomes are validation labels and are not score features."
QNTM,Quantum Biopharma Ltd. Class B Subordinate Voting Shares,1.5,0.0,0.0,0.0,0.0,1.5,insufficient_risk_evidence,sparse_risk_unscreened,6.0,0,0,[],[],,,,0.0,,,"Delivery upside is an asset-progress proxy, not proof of management quality. Downside uses sourced company evidence. A missing risk signal means unscreened, not low risk. Historical outcomes are validation labels and are not score features."
QTI,QT Imaging Holdings Inc. Common Stock,1.5,0.0,0.0,0.0,0.0,1.5,insufficient_risk_evidence,sparse_risk_unscreened,6.0,0,0,[],[],,,,0.0,,,"Delivery upside is an asset-progress proxy, not proof of management quality. Downside uses sourced company evidence. A missing risk signal means unscreened, not low risk. Historical outcomes are validation labels and are not score features."
QUCY,Quantum Cyber N.V. Ordinary Shares,1.5,0.0,0.0,0.0,0.0,1.5,insufficient_risk_evidence,sparse_risk_unscreened,6.0,0,0,[],[],,,,0.0,,,"Delivery upside is an asset-progress proxy, not proof of management quality. Downside uses sourced company evidence. A missing risk signal means unscreened, not low risk. Historical outcomes are validation labels and are not score features."
QURE,uniQure N.V. Ordinary Shares,1.5,0.0,0.0,0.0,0.0,1.5,insufficient_risk_evidence,sparse_risk_unscreened,6.0,0,0,[],[],,,,0.0,,,"Delivery upside is an asset-progress proxy, not proof of management quality. Downside uses sourced company evidence. A missing risk signal means unscreened, not low risk. Historical outcomes are validation labels and are not score features."
RDHL,Redhill Biopharma Ltd. American Depositary Shares,1.5,0.0,0.0,0.0,0.0,1.5,insufficient_risk_evidence,sparse_risk_unscreened,6.0,0,0,[],[],,,,0.0,,,"Delivery upside is an asset-progress proxy, not proof of management quality. Downside uses sourced company evidence. A missing risk signal means unscreened, not low risk. Historical outcomes are validation labels and are not score features."
RDY,Dr. Reddy's Laboratories Ltd Common Stock,1.5,0.0,0.0,0.0,0.0,1.5,insufficient_risk_evidence,sparse_risk_unscreened,6.0,0,0,[],[],,,,0.0,,,"Delivery upside is an asset-progress proxy, not proof of management quality. Downside uses sourced company evidence. A missing risk signal means unscreened, not low risk. Historical outcomes are validation labels and are not score features."
REVB,Revelation Biosciences Inc. Common Stock,1.5,0.0,0.0,0.0,0.0,1.5,insufficient_risk_evidence,sparse_risk_unscreened,6.0,0,0,[],[],,,,0.0,,,"Delivery upside is an asset-progress proxy, not proof of management quality. Downside uses sourced company evidence. A missing risk signal means unscreened, not low risk. Historical outcomes are validation labels and are not score features."
RGC,Regencell Bioscience Holdings Limited Ordinary Shares,1.5,0.0,0.0,0.0,0.0,1.5,insufficient_risk_evidence,sparse_risk_unscreened,6.0,0,0,[],[],,,,0.0,,,"Delivery upside is an asset-progress proxy, not proof of management quality. Downside uses sourced company evidence. A missing risk signal means unscreened, not low risk. Historical outcomes are validation labels and are not score features."
RGEN,Repligen Corporation Common Stock,1.5,0.0,0.0,0.0,0.0,1.5,insufficient_risk_evidence,sparse_risk_unscreened,6.0,0,0,[],[],,,,0.0,,,"Delivery upside is an asset-progress proxy, not proof of management quality. Downside uses sourced company evidence. A missing risk signal means unscreened, not low risk. Historical outcomes are validation labels and are not score features."
RGNT,Regentis Biomaterials Ltd. Ordinary Shares,1.5,0.0,0.0,0.0,0.0,1.5,insufficient_risk_evidence,sparse_risk_unscreened,6.0,0,0,[],[],,,,0.0,,,"Delivery upside is an asset-progress proxy, not proof of management quality. Downside uses sourced company evidence. A missing risk signal means unscreened, not low risk. Historical outcomes are validation labels and are not score features."
RKTO,Rocket One Inc. Common Stock,1.5,0.0,0.0,0.0,0.0,1.5,insufficient_risk_evidence,sparse_risk_unscreened,6.0,0,0,[],[],,,,0.0,,,"Delivery upside is an asset-progress proxy, not proof of management quality. Downside uses sourced company evidence. A missing risk signal means unscreened, not low risk. Historical outcomes are validation labels and are not score features."
RLYB,Rallybio Corporation Common Stock,1.5,0.0,0.0,0.0,0.0,1.5,insufficient_risk_evidence,sparse_risk_unscreened,6.0,0,0,[],[],,,,0.0,,,"Delivery upside is an asset-progress proxy, not proof of management quality. Downside uses sourced company evidence. A missing risk signal means unscreened, not low risk. Historical outcomes are validation labels and are not score features."
RMTI,Rockwell Medical Inc. Common Stock,1.5,0.0,0.0,0.0,0.0,1.5,insufficient_risk_evidence,sparse_risk_unscreened,6.0,0,0,[],[],,,,0.0,,,"Delivery upside is an asset-progress proxy, not proof of management quality. Downside uses sourced company evidence. A missing risk signal means unscreened, not low risk. Historical outcomes are validation labels and are not score features."
RNA,Atrium Therapeutics Inc. Common Stock,1.5,0.0,0.0,0.0,0.0,1.5,insufficient_risk_evidence,sparse_risk_unscreened,6.0,0,0,[],[],,,,0.0,,,"Delivery upside is an asset-progress proxy, not proof of management quality. Downside uses sourced company evidence. A missing risk signal means unscreened, not low risk. Historical outcomes are validation labels and are not score features."
RNXT,RenovoRx Inc. Common Stock,1.5,0.0,0.0,0.0,0.0,1.5,insufficient_risk_evidence,sparse_risk_unscreened,6.0,0,0,[],[],,,,0.0,,,"Delivery upside is an asset-progress proxy, not proof of management quality. Downside uses sourced company evidence. A missing risk signal means unscreened, not low risk. Historical outcomes are validation labels and are not score features."
ROIV,Roivant Sciences Ltd. Common Shares,1.5,0.0,0.0,0.0,0.0,1.5,insufficient_risk_evidence,sparse_risk_unscreened,6.0,0,0,[],[],,,,0.0,,,"Delivery upside is an asset-progress proxy, not proof of management quality. Downside uses sourced company evidence. A missing risk signal means unscreened, not low risk. Historical outcomes are validation labels and are not score features."
RPRX,Royalty Pharma plc Class A Ordinary Shares ,1.5,0.0,0.0,0.0,0.0,1.5,insufficient_risk_evidence,sparse_risk_unscreened,6.0,0,0,[],[],,,,0.0,,,"Delivery upside is an asset-progress proxy, not proof of management quality. Downside uses sourced company evidence. A missing risk signal means unscreened, not low risk. Historical outcomes are validation labels and are not score features."
RZLT,Rezolute Inc. Common Stock (NV),1.5,0.0,0.0,0.0,0.0,1.5,insufficient_risk_evidence,sparse_risk_unscreened,6.0,0,0,[],[],,,,0.0,,,"Delivery upside is an asset-progress proxy, not proof of management quality. Downside uses sourced company evidence. A missing risk signal means unscreened, not low risk. Historical outcomes are validation labels and are not score features."
SBFM,Sunshine Biopharma Inc. Common Stock,1.5,0.0,0.0,0.0,0.0,1.5,insufficient_risk_evidence,sparse_risk_unscreened,6.0,0,0,[],[],,,,0.0,,,"Delivery upside is an asset-progress proxy, not proof of management quality. Downside uses sourced company evidence. A missing risk signal means unscreened, not low risk. Historical outcomes are validation labels and are not score features."
SCLX,Scilex Holding Company Common Stock,1.5,0.0,0.0,0.0,0.0,1.5,insufficient_risk_evidence,sparse_risk_unscreened,6.0,0,0,[],[],,,,0.0,,,"Delivery upside is an asset-progress proxy, not proof of management quality. Downside uses sourced company evidence. A missing risk signal means unscreened, not low risk. Historical outcomes are validation labels and are not score features."
SCNI,Scinai Immunotherapeutics Ltd. American Depositary Shares,1.5,0.0,0.0,0.0,0.0,1.5,insufficient_risk_evidence,sparse_risk_unscreened,6.0,0,0,[],[],,,,0.0,,,"Delivery upside is an asset-progress proxy, not proof of management quality. Downside uses sourced company evidence. A missing risk signal means unscreened, not low risk. Historical outcomes are validation labels and are not score features."
SCYX,SCYNEXIS Inc. Common Stock,1.5,0.0,0.0,0.0,0.0,1.5,insufficient_risk_evidence,sparse_risk_unscreened,6.0,0,0,[],[],,,,0.0,,,"Delivery upside is an asset-progress proxy, not proof of management quality. Downside uses sourced company evidence. A missing risk signal means unscreened, not low risk. Historical outcomes are validation labels and are not score features."
SDEV,Stablecoin Development Corporation Common Stock,1.5,0.0,0.0,0.0,0.0,1.5,insufficient_risk_evidence,sparse_risk_unscreened,6.0,0,0,[],[],,,,0.0,,,"Delivery upside is an asset-progress proxy, not proof of management quality. Downside uses sourced company evidence. A missing risk signal means unscreened, not low risk. Historical outcomes are validation labels and are not score features."
SGMT,Sagimet Biosciences Inc. Series A Common Stock,1.5,0.0,0.0,0.0,0.0,1.5,insufficient_risk_evidence,sparse_risk_unscreened,6.0,0,0,[],[],,,,0.0,,,"Delivery upside is an asset-progress proxy, not proof of management quality. Downside uses sourced company evidence. A missing risk signal means unscreened, not low risk. Historical outcomes are validation labels and are not score features."
SHC,Sotera Health Company Common Stock,1.5,0.0,0.0,0.0,0.0,1.5,insufficient_risk_evidence,sparse_risk_unscreened,6.0,0,0,[],[],,,,0.0,,,"Delivery upside is an asset-progress proxy, not proof of management quality. Downside uses sourced company evidence. A missing risk signal means unscreened, not low risk. Historical outcomes are validation labels and are not score features."
SHPH,Shuttle Pharmaceuticals Holdings Inc. Common Stock,1.5,0.0,0.0,0.0,0.0,1.5,insufficient_risk_evidence,sparse_risk_unscreened,6.0,0,0,[],[],,,,0.0,,,"Delivery upside is an asset-progress proxy, not proof of management quality. Downside uses sourced company evidence. A missing risk signal means unscreened, not low risk. Historical outcomes are validation labels and are not score features."
SLBT,SL Science Holding Limited Ordinary Shares,1.5,0.0,0.0,0.0,0.0,1.5,insufficient_risk_evidence,sparse_risk_unscreened,6.0,0,0,[],[],,,,0.0,,,"Delivery upside is an asset-progress proxy, not proof of management quality. Downside uses sourced company evidence. A missing risk signal means unscreened, not low risk. Historical outcomes are validation labels and are not score features."
SLN,Silence Therapeutics Plc American Depository Share,1.5,0.0,0.0,0.0,0.0,1.5,insufficient_risk_evidence,sparse_risk_unscreened,6.0,0,0,[],[],,,,0.0,,,"Delivery upside is an asset-progress proxy, not proof of management quality. Downside uses sourced company evidence. A missing risk signal means unscreened, not low risk. Historical outcomes are validation labels and are not score features."
SLXN,Silexion Therapeutics Corp Ordinary Shares,1.5,0.0,0.0,0.0,0.0,1.5,insufficient_risk_evidence,sparse_risk_unscreened,6.0,0,0,[],[],,,,0.0,,,"Delivery upside is an asset-progress proxy, not proof of management quality. Downside uses sourced company evidence. A missing risk signal means unscreened, not low risk. Historical outcomes are validation labels and are not score features."
SNDL,SNDL Inc. Common Shares,1.5,0.0,0.0,0.0,0.0,1.5,insufficient_risk_evidence,sparse_risk_unscreened,6.0,0,0,[],[],,,,0.0,,,"Delivery upside is an asset-progress proxy, not proof of management quality. Downside uses sourced company evidence. A missing risk signal means unscreened, not low risk. Historical outcomes are validation labels and are not score features."
SNGX,Soligenix Inc. Common Stock,1.5,0.0,0.0,0.0,0.0,1.5,insufficient_risk_evidence,sparse_risk_unscreened,6.0,0,0,[],[],,,,0.0,,,"Delivery upside is an asset-progress proxy, not proof of management quality. Downside uses sourced company evidence. A missing risk signal means unscreened, not low risk. Historical outcomes are validation labels and are not score features."
SNOA,Sonoma Pharmaceuticals Inc. Common Stock,1.5,0.0,0.0,0.0,0.0,1.5,insufficient_risk_evidence,sparse_risk_unscreened,6.0,0,0,[],[],,,,0.0,,,"Delivery upside is an asset-progress proxy, not proof of management quality. Downside uses sourced company evidence. A missing risk signal means unscreened, not low risk. Historical outcomes are validation labels and are not score features."
SOPH,SOPHiA GENETICS SA Ordinary Shares,1.5,0.0,0.0,0.0,0.0,1.5,insufficient_risk_evidence,sparse_risk_unscreened,6.0,0,0,[],[],,,,0.0,,,"Delivery upside is an asset-progress proxy, not proof of management quality. Downside uses sourced company evidence. A missing risk signal means unscreened, not low risk. Historical outcomes are validation labels and are not score features."
SPRC,SciSparc Ltd. Ordinary Shares,1.5,0.0,0.0,0.0,0.0,1.5,insufficient_risk_evidence,sparse_risk_unscreened,6.0,0,0,[],[],,,,0.0,,,"Delivery upside is an asset-progress proxy, not proof of management quality. Downside uses sourced company evidence. A missing risk signal means unscreened, not low risk. Historical outcomes are validation labels and are not score features."
SPRO,Spero Therapeutics Inc. Common Stock,1.5,0.0,0.0,0.0,0.0,1.5,insufficient_risk_evidence,sparse_risk_unscreened,6.0,0,0,[],[],,,,0.0,,,"Delivery upside is an asset-progress proxy, not proof of management quality. Downside uses sourced company evidence. A missing risk signal means unscreened, not low risk. Historical outcomes are validation labels and are not score features."
SRPT,Sarepta Therapeutics Inc. Common Stock (DE),1.5,0.0,0.0,0.0,0.0,1.5,insufficient_risk_evidence,sparse_risk_unscreened,6.0,0,0,[],[],,,,0.0,,,"Delivery upside is an asset-progress proxy, not proof of management quality. Downside uses sourced company evidence. A missing risk signal means unscreened, not low risk. Historical outcomes are validation labels and are not score features."
SRZN,Surrozen Inc. Common Stock,1.5,0.0,0.0,0.0,0.0,1.5,insufficient_risk_evidence,sparse_risk_unscreened,6.0,0,0,[],[],,,,0.0,,,"Delivery upside is an asset-progress proxy, not proof of management quality. Downside uses sourced company evidence. A missing risk signal means unscreened, not low risk. Historical outcomes are validation labels and are not score features."
STEX,Streamex Corp. Common Stock,1.5,0.0,0.0,0.0,0.0,1.5,insufficient_risk_evidence,sparse_risk_unscreened,6.0,0,0,[],[],,,,0.0,,,"Delivery upside is an asset-progress proxy, not proof of management quality. Downside uses sourced company evidence. A missing risk signal means unscreened, not low risk. Historical outcomes are validation labels and are not score features."
STXS,Stereotaxis Inc. Common Stock,1.5,0.0,0.0,0.0,0.0,1.5,insufficient_risk_evidence,sparse_risk_unscreened,6.0,0,0,[],[],,,,0.0,,,"Delivery upside is an asset-progress proxy, not proof of management quality. Downside uses sourced company evidence. A missing risk signal means unscreened, not low risk. Historical outcomes are validation labels and are not score features."
SXTC,China SXT Pharmaceuticals Inc. Class A Ordinary Shares,1.5,0.0,0.0,0.0,0.0,1.5,insufficient_risk_evidence,sparse_risk_unscreened,6.0,0,0,[],[],,,,0.0,,,"Delivery upside is an asset-progress proxy, not proof of management quality. Downside uses sourced company evidence. A missing risk signal means unscreened, not low risk. Historical outcomes are validation labels and are not score features."
TAK,Takeda Pharmaceutical Company Limited American Depositary Shares (each representing 1/2 of a share of Common Stock),1.5,0.0,0.0,0.0,0.0,1.5,insufficient_risk_evidence,sparse_risk_unscreened,6.0,0,0,[],[],,,,0.0,,,"Delivery upside is an asset-progress proxy, not proof of management quality. Downside uses sourced company evidence. A missing risk signal means unscreened, not low risk. Historical outcomes are validation labels and are not score features."
TAOX,Tao Synergies Inc. Common Stock,1.5,0.0,0.0,0.0,0.0,1.5,insufficient_risk_evidence,sparse_risk_unscreened,6.0,0,0,[],[],,,,0.0,,,"Delivery upside is an asset-progress proxy, not proof of management quality. Downside uses sourced company evidence. A missing risk signal means unscreened, not low risk. Historical outcomes are validation labels and are not score features."
TCRT,Alaunos Therapeutics Inc. Common Stock,1.5,0.0,0.0,0.0,0.0,1.5,insufficient_risk_evidence,sparse_risk_unscreened,6.0,0,0,[],[],,,,0.0,,,"Delivery upside is an asset-progress proxy, not proof of management quality. Downside uses sourced company evidence. A missing risk signal means unscreened, not low risk. Historical outcomes are validation labels and are not score features."
TECH,Bio-Techne Corp Common Stock,1.5,0.0,0.0,0.0,0.0,1.5,insufficient_risk_evidence,sparse_risk_unscreened,6.0,0,0,[],[],,,,0.0,,,"Delivery upside is an asset-progress proxy, not proof of management quality. Downside uses sourced company evidence. A missing risk signal means unscreened, not low risk. Historical outcomes are validation labels and are not score features."
TIL,Instil Bio Inc. Common Stock,1.5,0.0,0.0,0.0,0.0,1.5,insufficient_risk_evidence,sparse_risk_unscreened,6.0,0,0,[],[],,,,0.0,,,"Delivery upside is an asset-progress proxy, not proof of management quality. Downside uses sourced company evidence. A missing risk signal means unscreened, not low risk. Historical outcomes are validation labels and are not score features."
TKNO,Alpha Teknova Inc. Common Stock,1.5,0.0,0.0,0.0,0.0,1.5,insufficient_risk_evidence,sparse_risk_unscreened,6.0,0,0,[],[],,,,0.0,,,"Delivery upside is an asset-progress proxy, not proof of management quality. Downside uses sourced company evidence. A missing risk signal means unscreened, not low risk. Historical outcomes are validation labels and are not score features."
TLPH,Talphera Inc. Common Stock,1.5,0.0,0.0,0.0,0.0,1.5,insufficient_risk_evidence,sparse_risk_unscreened,6.0,0,0,[],[],,,,0.0,,,"Delivery upside is an asset-progress proxy, not proof of management quality. Downside uses sourced company evidence. A missing risk signal means unscreened, not low risk. Historical outcomes are validation labels and are not score features."
TLRY,Tilray Brands Inc. Common Stock ,1.5,0.0,0.0,0.0,0.0,1.5,insufficient_risk_evidence,sparse_risk_unscreened,6.0,0,0,[],[],,,,0.0,,,"Delivery upside is an asset-progress proxy, not proof of management quality. Downside uses sourced company evidence. A missing risk signal means unscreened, not low risk. Historical outcomes are validation labels and are not score features."
TMDX,TransMedics Group Inc. Common Stock,1.5,0.0,0.0,0.0,0.0,1.5,insufficient_risk_evidence,sparse_risk_unscreened,6.0,0,0,[],[],,,,0.0,,,"Delivery upside is an asset-progress proxy, not proof of management quality. Downside uses sourced company evidence. A missing risk signal means unscreened, not low risk. Historical outcomes are validation labels and are not score features."
TPST,Tempest Therapeutics Inc. Common Stock,1.5,0.0,0.0,0.0,0.0,1.5,insufficient_risk_evidence,sparse_risk_unscreened,6.0,0,0,[],[],,,,0.0,,,"Delivery upside is an asset-progress proxy, not proof of management quality. Downside uses sourced company evidence. A missing risk signal means unscreened, not low risk. Historical outcomes are validation labels and are not score features."
TRAX,First Tracks Biotherapeutics Inc. Ordinary Shares ,1.5,0.0,0.0,0.0,0.0,1.5,insufficient_risk_evidence,sparse_risk_unscreened,6.0,0,0,[],[],,,,0.0,,,"Delivery upside is an asset-progress proxy, not proof of management quality. Downside uses sourced company evidence. A missing risk signal means unscreened, not low risk. Historical outcomes are validation labels and are not score features."
TRIB,Trinity Biotech plc American Depositary Shares,1.5,0.0,0.0,0.0,0.0,1.5,insufficient_risk_evidence,sparse_risk_unscreened,6.0,0,0,[],[],,,,0.0,,,"Delivery upside is an asset-progress proxy, not proof of management quality. Downside uses sourced company evidence. A missing risk signal means unscreened, not low risk. Historical outcomes are validation labels and are not score features."
TRLV,Trulieve Cannabis Corp. Subordinate Voting Shares,1.5,0.0,0.0,0.0,0.0,1.5,insufficient_risk_evidence,sparse_risk_unscreened,6.0,0,0,[],[],,,,0.0,,,"Delivery upside is an asset-progress proxy, not proof of management quality. Downside uses sourced company evidence. A missing risk signal means unscreened, not low risk. Historical outcomes are validation labels and are not score features."
TVGN,Tevogen Bio Holdings Inc. Common Stock,1.5,0.0,0.0,0.0,0.0,1.5,insufficient_risk_evidence,sparse_risk_unscreened,6.0,0,0,[],[],,,,0.0,,,"Delivery upside is an asset-progress proxy, not proof of management quality. Downside uses sourced company evidence. A missing risk signal means unscreened, not low risk. Historical outcomes are validation labels and are not score features."
TWST,Twist Bioscience Corporation Common Stock,1.5,0.0,0.0,0.0,0.0,1.5,insufficient_risk_evidence,sparse_risk_unscreened,6.0,0,0,[],[],,,,0.0,,,"Delivery upside is an asset-progress proxy, not proof of management quality. Downside uses sourced company evidence. A missing risk signal means unscreened, not low risk. Historical outcomes are validation labels and are not score features."
TXMD,TherapeuticsMD Inc. Common Stock,1.5,0.0,0.0,0.0,0.0,1.5,insufficient_risk_evidence,sparse_risk_unscreened,6.0,0,0,[],[],,,,0.0,,,"Delivery upside is an asset-progress proxy, not proof of management quality. Downside uses sourced company evidence. A missing risk signal means unscreened, not low risk. Historical outcomes are validation labels and are not score features."
UNCY,Unicycive Therapeutics Inc. Common Stock,1.5,0.0,0.0,0.0,0.0,1.5,insufficient_risk_evidence,sparse_risk_unscreened,6.0,0,0,[],[],,,,0.0,,,"Delivery upside is an asset-progress proxy, not proof of management quality. Downside uses sourced company evidence. A missing risk signal means unscreened, not low risk. Historical outcomes are validation labels and are not score features."
UPC,Universe Pharmaceuticals Inc. Class A Ordinary Shares,1.5,0.0,0.0,0.0,0.0,1.5,insufficient_risk_evidence,sparse_risk_unscreened,6.0,0,0,[],[],,,,0.0,,,"Delivery upside is an asset-progress proxy, not proof of management quality. Downside uses sourced company evidence. A missing risk signal means unscreened, not low risk. Historical outcomes are validation labels and are not score features."
UPXI,Upexi Inc. Common Stock,1.5,0.0,0.0,0.0,0.0,1.5,insufficient_risk_evidence,sparse_risk_unscreened,6.0,0,0,[],[],,,,0.0,,,"Delivery upside is an asset-progress proxy, not proof of management quality. Downside uses sourced company evidence. A missing risk signal means unscreened, not low risk. Historical outcomes are validation labels and are not score features."
USNA,USANA Health Sciences Inc. Common Stock,1.5,0.0,0.0,0.0,0.0,1.5,insufficient_risk_evidence,sparse_risk_unscreened,6.0,0,0,[],[],,,,0.0,,,"Delivery upside is an asset-progress proxy, not proof of management quality. Downside uses sourced company evidence. A missing risk signal means unscreened, not low risk. Historical outcomes are validation labels and are not score features."
VALN,Valneva SE American Depositary Shares,1.5,0.0,0.0,0.0,0.0,1.5,insufficient_risk_evidence,sparse_risk_unscreened,6.0,0,0,[],[],,,,0.0,,,"Delivery upside is an asset-progress proxy, not proof of management quality. Downside uses sourced company evidence. A missing risk signal means unscreened, not low risk. Historical outcomes are validation labels and are not score features."
VANI,Vivani Medical Inc. Common Stock (DE),1.5,0.0,0.0,0.0,0.0,1.5,insufficient_risk_evidence,sparse_risk_unscreened,6.0,0,0,[],[],,,,0.0,,,"Delivery upside is an asset-progress proxy, not proof of management quality. Downside uses sourced company evidence. A missing risk signal means unscreened, not low risk. Historical outcomes are validation labels and are not score features."
VBIO,Valion Bio Inc. Common Stock,1.5,0.0,0.0,0.0,0.0,1.5,insufficient_risk_evidence,sparse_risk_unscreened,6.0,0,0,[],[],,,,0.0,,,"Delivery upside is an asset-progress proxy, not proof of management quality. Downside uses sourced company evidence. A missing risk signal means unscreened, not low risk. Historical outcomes are validation labels and are not score features."
VIVS,VivoSim Labs Inc. Common Stock,1.5,0.0,0.0,0.0,0.0,1.5,insufficient_risk_evidence,sparse_risk_unscreened,6.0,0,0,[],[],,,,0.0,,,"Delivery upside is an asset-progress proxy, not proof of management quality. Downside uses sourced company evidence. A missing risk signal means unscreened, not low risk. Historical outcomes are validation labels and are not score features."
VMD,Viemed Healthcare Inc. Common Shares,1.5,0.0,0.0,0.0,0.0,1.5,insufficient_risk_evidence,sparse_risk_unscreened,6.0,0,0,[],[],,,,0.0,,,"Delivery upside is an asset-progress proxy, not proof of management quality. Downside uses sourced company evidence. A missing risk signal means unscreened, not low risk. Historical outcomes are validation labels and are not score features."
VNRX,VolitionRX Limited Common Stock,1.5,0.0,0.0,0.0,0.0,1.5,insufficient_risk_evidence,sparse_risk_unscreened,6.0,0,0,[],[],,,,0.0,,,"Delivery upside is an asset-progress proxy, not proof of management quality. Downside uses sourced company evidence. A missing risk signal means unscreened, not low risk. Historical outcomes are validation labels and are not score features."
VOR,Vor Biopharma Inc. Common Stock,1.5,0.0,0.0,0.0,0.0,1.5,insufficient_risk_evidence,sparse_risk_unscreened,6.0,0,0,[],[],,,,0.0,,,"Delivery upside is an asset-progress proxy, not proof of management quality. Downside uses sourced company evidence. A missing risk signal means unscreened, not low risk. Historical outcomes are validation labels and are not score features."
VRAX,Virax Biolabs Group Limited Ordinary Shares,1.5,0.0,0.0,0.0,0.0,1.5,insufficient_risk_evidence,sparse_risk_unscreened,6.0,0,0,[],[],,,,0.0,,,"Delivery upside is an asset-progress proxy, not proof of management quality. Downside uses sourced company evidence. A missing risk signal means unscreened, not low risk. Historical outcomes are validation labels and are not score features."
VRXA,Veraxa Biotech AG Ordinary Shares,1.5,0.0,0.0,0.0,0.0,1.5,insufficient_risk_evidence,sparse_risk_unscreened,6.0,0,0,[],[],,,,0.0,,,"Delivery upside is an asset-progress proxy, not proof of management quality. Downside uses sourced company evidence. A missing risk signal means unscreened, not low risk. Historical outcomes are validation labels and are not score features."
VYNE,VYNE Therapeutics Inc. Common Stock,1.5,0.0,0.0,0.0,0.0,1.5,insufficient_risk_evidence,sparse_risk_unscreened,6.0,0,0,[],[],,,,0.0,,,"Delivery upside is an asset-progress proxy, not proof of management quality. Downside uses sourced company evidence. A missing risk signal means unscreened, not low risk. Historical outcomes are validation labels and are not score features."
XBIO,Xenetic Biosciences Inc. Common Stock,1.5,0.0,0.0,0.0,0.0,1.5,insufficient_risk_evidence,sparse_risk_unscreened,6.0,0,0,[],[],,,,0.0,,,"Delivery upside is an asset-progress proxy, not proof of management quality. Downside uses sourced company evidence. A missing risk signal means unscreened, not low risk. Historical outcomes are validation labels and are not score features."
XCUR,Exicure Inc. Common Stock,1.5,0.0,0.0,0.0,0.0,1.5,insufficient_risk_evidence,sparse_risk_unscreened,6.0,0,0,[],[],,,,0.0,,,"Delivery upside is an asset-progress proxy, not proof of management quality. Downside uses sourced company evidence. A missing risk signal means unscreened, not low risk. Historical outcomes are validation labels and are not score features."
XERS,Xeris Biopharma Holdings Inc. Common Stock,1.5,0.0,0.0,0.0,0.0,1.5,insufficient_risk_evidence,sparse_risk_unscreened,6.0,0,0,[],[],,,,0.0,,,"Delivery upside is an asset-progress proxy, not proof of management quality. Downside uses sourced company evidence. A missing risk signal means unscreened, not low risk. Historical outcomes are validation labels and are not score features."
XLO,Xilio Therapeutics Inc. Common Stock,1.5,0.0,0.0,0.0,0.0,1.5,insufficient_risk_evidence,sparse_risk_unscreened,6.0,0,0,[],[],,,,0.0,,,"Delivery upside is an asset-progress proxy, not proof of management quality. Downside uses sourced company evidence. A missing risk signal means unscreened, not low risk. Historical outcomes are validation labels and are not score features."
XRTX,XORTX Therapeutics Inc. Common Shares,1.5,0.0,0.0,0.0,0.0,1.5,insufficient_risk_evidence,sparse_risk_unscreened,6.0,0,0,[],[],,,,0.0,,,"Delivery upside is an asset-progress proxy, not proof of management quality. Downside uses sourced company evidence. A missing risk signal means unscreened, not low risk. Historical outcomes are validation labels and are not score features."
XTLB,XTL Biopharmaceuticals Ltd. American Depositary Shares,1.5,0.0,0.0,0.0,0.0,1.5,insufficient_risk_evidence,sparse_risk_unscreened,6.0,0,0,[],[],,,,0.0,,,"Delivery upside is an asset-progress proxy, not proof of management quality. Downside uses sourced company evidence. A missing risk signal means unscreened, not low risk. Historical outcomes are validation labels and are not score features."
XTNT,Xtant Medical Holdings Inc. Common Stock,1.5,0.0,0.0,0.0,0.0,1.5,insufficient_risk_evidence,sparse_risk_unscreened,6.0,0,0,[],[],,,,0.0,,,"Delivery upside is an asset-progress proxy, not proof of management quality. Downside uses sourced company evidence. A missing risk signal means unscreened, not low risk. Historical outcomes are validation labels and are not score features."
XXII,22nd Century Group Inc. Common Stock,1.5,0.0,0.0,0.0,0.0,1.5,insufficient_risk_evidence,sparse_risk_unscreened,6.0,0,0,[],[],,,,0.0,,,"Delivery upside is an asset-progress proxy, not proof of management quality. Downside uses sourced company evidence. A missing risk signal means unscreened, not low risk. Historical outcomes are validation labels and are not score features."
ZNTL,Zentalis Pharmaceuticals Inc. Common Stock,1.5,0.0,0.0,0.0,0.0,1.5,insufficient_risk_evidence,sparse_risk_unscreened,6.0,0,0,[],[],,,,0.0,,,"Delivery upside is an asset-progress proxy, not proof of management quality. Downside uses sourced company evidence. A missing risk signal means unscreened, not low risk. Historical outcomes are validation labels and are not score features."
ZSTK,ZeroStack Corp. Common Stock,1.5,0.0,0.0,0.0,0.0,1.5,insufficient_risk_evidence,sparse_risk_unscreened,6.0,0,0,[],[],,,,0.0,,,"Delivery upside is an asset-progress proxy, not proof of management quality. Downside uses sourced company evidence. A missing risk signal means unscreened, not low risk. Historical outcomes are validation labels and are not score features."
ZTS,Zoetis Inc. Class A Common Stock,1.5,0.0,0.0,0.0,0.0,1.5,insufficient_risk_evidence,sparse_risk_unscreened,6.0,0,0,[],[],,,,0.0,,,"Delivery upside is an asset-progress proxy, not proof of management quality. Downside uses sourced company evidence. A missing risk signal means unscreened, not low risk. Historical outcomes are validation labels and are not score features."
ZVRA,Zevra Therapeutics Inc. Common Stock,1.5,0.0,0.0,0.0,0.0,1.5,insufficient_risk_evidence,sparse_risk_unscreened,6.0,0,0,[],[],,,,0.0,,,"Delivery upside is an asset-progress proxy, not proof of management quality. Downside uses sourced company evidence. A missing risk signal means unscreened, not low risk. Historical outcomes are validation labels and are not score features."
ZYBT,Zhengye Biotechnology Holding Limited Class A Ordinary Shares,1.5,0.0,0.0,0.0,0.0,1.5,insufficient_risk_evidence,sparse_risk_unscreened,6.0,0,0,[],[],,,,0.0,,,"Delivery upside is an asset-progress proxy, not proof of management quality. Downside uses sourced company evidence. A missing risk signal means unscreened, not low risk. Historical outcomes are validation labels and are not score features."
ZYME,Zymeworks Inc. Common Stock,1.5,0.0,0.0,0.0,0.0,1.5,insufficient_risk_evidence,sparse_risk_unscreened,6.0,0,0,[],[],,,,0.0,,,"Delivery upside is an asset-progress proxy, not proof of management quality. Downside uses sourced company evidence. A missing risk signal means unscreened, not low risk. Historical outcomes are validation labels and are not score features."
