ticker,company_name,ma_research_score,ma_rank,ma_band,portfolio_score,acquirability_score,market_data_confidence,integrity_diligence_score,execution_risk_score,leadership_risk_score,combined_diligence_risk,risk_coverage,confirmed_misconduct_count,confirmed_individual_finding_count,strategic_archetype,suggested_transaction_structure,decision_rule,primary_risk_drivers,interpretation
VNDA,Vanda Pharmaceuticals Inc. Common Stock,85.73,1,high,87.15,100.0,56.0,0.0,0.0,0.0,0.0,limited_no_detected_signals,0,0,ma_candidate_risk_unscreened,No structure recommendation until execution-risk coverage is complete.,High M&A research rank; current risk collectors have no company-specific evidence.,[],Dual-axis research triage. M&A scores are not calibrated probabilities; risk scores are not findings of incompetence or fraud.
ARDX,Ardelyx Inc. Common Stock,84.87,2,high,81.95,100.0,56.0,0.0,0.0,0.0,0.0,limited_no_detected_signals,0,0,ma_candidate_risk_unscreened,No structure recommendation until execution-risk coverage is complete.,High M&A research rank; current risk collectors have no company-specific evidence.,[],Dual-axis research triage. M&A scores are not calibrated probabilities; risk scores are not findings of incompetence or fraud.
CRMD,CorMedix Inc. Common Stock,84.29,3,high,81.99,100.0,44.0,0.0,0.0,0.0,0.0,limited_no_detected_signals,0,0,ma_candidate_risk_unscreened,No structure recommendation until execution-risk coverage is complete.,High M&A research rank; current risk collectors have no company-specific evidence.,[],Dual-axis research triage. M&A scores are not calibrated probabilities; risk scores are not findings of incompetence or fraud.
RIGL,Rigel Pharmaceuticals Inc. Common Stock,84.19,4,high,84.34,100.0,56.0,0.0,0.0,0.0,0.0,limited_no_detected_signals,0,0,ma_candidate_risk_unscreened,No structure recommendation until execution-risk coverage is complete.,High M&A research rank; current risk collectors have no company-specific evidence.,[],Dual-axis research triage. M&A scores are not calibrated probabilities; risk scores are not findings of incompetence or fraud.
XFOR,X4 Pharmaceuticals Inc. Common Stock,83.54,5,high,80.61,100.0,44.0,0.0,0.0,0.0,0.0,limited_no_detected_signals,0,0,ma_candidate_risk_unscreened,No structure recommendation until execution-risk coverage is complete.,High M&A research rank; current risk collectors have no company-specific evidence.,[],Dual-axis research triage. M&A scores are not calibrated probabilities; risk scores are not findings of incompetence or fraud.
ACAD,ACADIA Pharmaceuticals Inc. Common Stock,83.44,6,high,84.81,90.0,56.0,0.0,0.0,0.0,0.0,limited_no_detected_signals,0,0,ma_candidate_risk_unscreened,No structure recommendation until execution-risk coverage is complete.,High M&A research rank; current risk collectors have no company-specific evidence.,[],Dual-axis research triage. M&A scores are not calibrated probabilities; risk scores are not findings of incompetence or fraud.
GERN,Geron Corporation Common Stock,83.26,7,high,80.11,100.0,44.0,0.0,0.0,0.0,0.0,limited_no_detected_signals,0,0,ma_candidate_risk_unscreened,No structure recommendation until execution-risk coverage is complete.,High M&A research rank; current risk collectors have no company-specific evidence.,[],Dual-axis research triage. M&A scores are not calibrated probabilities; risk scores are not findings of incompetence or fraud.
COLL,Collegium Pharmaceutical Inc. Common Stock,83.2,8,high,80.0,100.0,44.0,0.0,0.0,0.0,0.0,limited_no_detected_signals,0,0,ma_candidate_risk_unscreened,No structure recommendation until execution-risk coverage is complete.,High M&A research rank; current risk collectors have no company-specific evidence.,[],Dual-axis research triage. M&A scores are not calibrated probabilities; risk scores are not findings of incompetence or fraud.
MLTX,MoonLake Immunotherapeutics Class A Ordinary Shares,83.13,9,high,80.96,100.0,32.0,0.0,0.0,0.0,0.0,limited_no_detected_signals,0,0,ma_candidate_risk_unscreened,No structure recommendation until execution-risk coverage is complete.,High M&A research rank; current risk collectors have no company-specific evidence.,[],Dual-axis research triage. M&A scores are not calibrated probabilities; risk scores are not findings of incompetence or fraud.
CADL,Candel Therapeutics Inc. Common Stock,83.04,10,high,78.61,100.0,56.0,0.0,0.0,0.0,0.0,limited_no_detected_signals,0,0,ma_candidate_risk_unscreened,No structure recommendation until execution-risk coverage is complete.,High M&A research rank; current risk collectors have no company-specific evidence.,[],Dual-axis research triage. M&A scores are not calibrated probabilities; risk scores are not findings of incompetence or fraud.
AKBA,Akebia Therapeutics Inc. Common Stock,83.03,11,high,78.59,100.0,56.0,0.0,0.0,0.0,0.0,limited_no_detected_signals,0,0,ma_candidate_risk_unscreened,No structure recommendation until execution-risk coverage is complete.,High M&A research rank; current risk collectors have no company-specific evidence.,[],Dual-axis research triage. M&A scores are not calibrated probabilities; risk scores are not findings of incompetence or fraud.
RAPP,Rapport Therapeutics Inc. Common Stock,82.91,12,high,80.56,100.0,32.0,0.0,0.0,0.0,0.0,limited_no_detected_signals,0,0,ma_candidate_risk_unscreened,No structure recommendation until execution-risk coverage is complete.,High M&A research rank; current risk collectors have no company-specific evidence.,[],Dual-axis research triage. M&A scores are not calibrated probabilities; risk scores are not findings of incompetence or fraud.
TENX,Tenax Therapeutics Inc. Common Stock,82.01,13,high,78.93,100.0,32.0,0.0,0.0,0.0,0.0,limited_no_detected_signals,0,0,ma_candidate_risk_unscreened,No structure recommendation until execution-risk coverage is complete.,High M&A research rank; current risk collectors have no company-specific evidence.,[],Dual-axis research triage. M&A scores are not calibrated probabilities; risk scores are not findings of incompetence or fraud.
OCUL,Ocular Therapeutix Inc. Common Stock,81.98,14,high,76.68,100.0,56.0,0.0,0.0,0.0,0.0,limited_no_detected_signals,0,0,ma_candidate_risk_unscreened,No structure recommendation until execution-risk coverage is complete.,High M&A research rank; current risk collectors have no company-specific evidence.,[],Dual-axis research triage. M&A scores are not calibrated probabilities; risk scores are not findings of incompetence or fraud.
FENC,Fennec Pharmaceuticals Inc. Common Stock,81.9,15,high,78.73,100.0,32.0,0.0,0.0,0.0,0.0,limited_no_detected_signals,0,0,ma_candidate_risk_unscreened,No structure recommendation until execution-risk coverage is complete.,High M&A research rank; current risk collectors have no company-specific evidence.,[],Dual-axis research triage. M&A scores are not calibrated probabilities; risk scores are not findings of incompetence or fraud.
LBRX,LB Pharmaceuticals Inc Common Stock,81.82,16,high,76.41,100.0,56.0,0.0,0.0,0.0,0.0,limited_no_detected_signals,0,0,ma_candidate_risk_unscreened,No structure recommendation until execution-risk coverage is complete.,High M&A research rank; current risk collectors have no company-specific evidence.,[],Dual-axis research triage. M&A scores are not calibrated probabilities; risk scores are not findings of incompetence or fraud.
SNDX,Syndax Pharmaceuticals Inc. Common Stock,81.79,17,high,76.35,100.0,56.0,0.0,0.0,0.0,0.0,limited_no_detected_signals,0,0,ma_candidate_risk_unscreened,No structure recommendation until execution-risk coverage is complete.,High M&A research rank; current risk collectors have no company-specific evidence.,[],Dual-axis research triage. M&A scores are not calibrated probabilities; risk scores are not findings of incompetence or fraud.
REPL,Replimune Group Inc. Common Stock,81.78,18,high,76.33,100.0,56.0,0.0,0.0,0.0,0.0,limited_no_detected_signals,0,0,ma_candidate_risk_unscreened,No structure recommendation until execution-risk coverage is complete.,High M&A research rank; current risk collectors have no company-specific evidence.,[],Dual-axis research triage. M&A scores are not calibrated probabilities; risk scores are not findings of incompetence or fraud.
VSTM,Verastem Inc. Common Stock,81.71,19,high,79.83,100.0,56.0,0.0,0.0,0.0,0.0,limited_no_detected_signals,0,0,ma_candidate_risk_unscreened,No structure recommendation until execution-risk coverage is complete.,High M&A research rank; current risk collectors have no company-specific evidence.,[],Dual-axis research triage. M&A scores are not calibrated probabilities; risk scores are not findings of incompetence or fraud.
KURA,Kura Oncology Inc. Common Stock,81.61,20,high,76.03,100.0,56.0,0.0,0.0,0.0,0.0,limited_no_detected_signals,0,0,ma_candidate_risk_unscreened,No structure recommendation until execution-risk coverage is complete.,High M&A research rank; current risk collectors have no company-specific evidence.,[],Dual-axis research triage. M&A scores are not calibrated probabilities; risk scores are not findings of incompetence or fraud.
EIKN,Eikon Therapeutics Inc. Common Stock,80.97,21,high,74.86,100.0,56.0,0.0,0.0,0.0,0.0,limited_no_detected_signals,0,0,ma_candidate_risk_unscreened,No structure recommendation until execution-risk coverage is complete.,High M&A research rank; current risk collectors have no company-specific evidence.,[],Dual-axis research triage. M&A scores are not calibrated probabilities; risk scores are not findings of incompetence or fraud.
IKT,Inhibikase Therapeutics Inc. Common Stock,80.9,22,high,76.9,100.0,32.0,0.0,0.0,0.0,0.0,limited_no_detected_signals,0,0,ma_candidate_risk_unscreened,No structure recommendation until execution-risk coverage is complete.,High M&A research rank; current risk collectors have no company-specific evidence.,[],Dual-axis research triage. M&A scores are not calibrated probabilities; risk scores are not findings of incompetence or fraud.
CRVS,Corvus Pharmaceuticals Inc. Common Stock,80.81,23,high,74.57,100.0,56.0,0.0,0.0,0.0,0.0,limited_no_detected_signals,0,0,ma_candidate_risk_unscreened,No structure recommendation until execution-risk coverage is complete.,High M&A research rank; current risk collectors have no company-specific evidence.,[],Dual-axis research triage. M&A scores are not calibrated probabilities; risk scores are not findings of incompetence or fraud.
PHAT,Phathom Pharmaceuticals Inc. Common Stock,80.62,24,high,74.22,100.0,56.0,0.0,0.0,0.0,0.0,limited_no_detected_signals,0,0,ma_candidate_risk_unscreened,No structure recommendation until execution-risk coverage is complete.,High M&A research rank; current risk collectors have no company-specific evidence.,[],Dual-axis research triage. M&A scores are not calibrated probabilities; risk scores are not findings of incompetence or fraud.
AGIO,Agios Pharmaceuticals Inc. Common Stock,80.55,25,high,79.54,90.0,56.0,0.0,0.0,0.0,0.0,limited_no_detected_signals,0,0,ma_candidate_risk_unscreened,No structure recommendation until execution-risk coverage is complete.,High M&A research rank; current risk collectors have no company-specific evidence.,[],Dual-axis research triage. M&A scores are not calibrated probabilities; risk scores are not findings of incompetence or fraud.
BCRX,BioCryst Pharmaceuticals Inc. Common Stock,80.17,26,high,78.86,90.0,56.0,0.0,0.0,0.0,0.0,limited_no_detected_signals,0,0,ma_candidate_risk_unscreened,No structure recommendation until execution-risk coverage is complete.,High M&A research rank; current risk collectors have no company-specific evidence.,[],Dual-axis research triage. M&A scores are not calibrated probabilities; risk scores are not findings of incompetence or fraud.
DMAC,DiaMedica Therapeutics Inc. Common Stock,80.11,27,high,75.47,100.0,32.0,0.0,0.0,0.0,0.0,limited_no_detected_signals,0,0,ma_candidate_risk_unscreened,No structure recommendation until execution-risk coverage is complete.,High M&A research rank; current risk collectors have no company-specific evidence.,[],Dual-axis research triage. M&A scores are not calibrated probabilities; risk scores are not findings of incompetence or fraud.
NTLA,Intellia Therapeutics Inc. Common Stock,80.11,28,high,73.28,100.0,56.0,0.0,0.0,0.0,0.0,limited_no_detected_signals,0,0,ma_candidate_risk_unscreened,No structure recommendation until execution-risk coverage is complete.,High M&A research rank; current risk collectors have no company-specific evidence.,[],Dual-axis research triage. M&A scores are not calibrated probabilities; risk scores are not findings of incompetence or fraud.
PROK,ProKidney Corp. Class A Ordinary Shares,80.06,29,high,75.39,100.0,32.0,0.0,0.0,0.0,0.0,limited_no_detected_signals,0,0,ma_candidate_risk_unscreened,No structure recommendation until execution-risk coverage is complete.,High M&A research rank; current risk collectors have no company-specific evidence.,[],Dual-axis research triage. M&A scores are not calibrated probabilities; risk scores are not findings of incompetence or fraud.
IMCR,Immunocore Holdings plc American Depositary Shares,79.85,30,high,76.46,100.0,56.0,0.0,0.0,0.0,0.0,limited_no_detected_signals,0,0,ma_candidate_risk_unscreened,No structure recommendation until execution-risk coverage is complete.,High M&A research rank; current risk collectors have no company-specific evidence.,[],Dual-axis research triage. M&A scores are not calibrated probabilities; risk scores are not findings of incompetence or fraud.
LXRX,Lexicon Pharmaceuticals Inc. Common Stock,79.73,31,high,73.7,100.0,44.0,0.0,0.0,0.0,0.0,limited_no_detected_signals,0,0,ma_candidate_risk_unscreened,No structure recommendation until execution-risk coverage is complete.,High M&A research rank; current risk collectors have no company-specific evidence.,[],Dual-axis research triage. M&A scores are not calibrated probabilities; risk scores are not findings of incompetence or fraud.
OCS,Oculis Holding AG Ordinary shares,79.61,32,high,73.48,100.0,44.0,0.0,0.0,0.0,0.0,limited_no_detected_signals,0,0,ma_candidate_risk_unscreened,No structure recommendation until execution-risk coverage is complete.,High M&A research rank; current risk collectors have no company-specific evidence.,[],Dual-axis research triage. M&A scores are not calibrated probabilities; risk scores are not findings of incompetence or fraud.
NUVB,Nuvation Bio Inc. Class A Common Stock,79.4,33,high,77.45,90.0,56.0,0.0,0.0,0.0,0.0,limited_no_detected_signals,0,0,ma_candidate_risk_unscreened,No structure recommendation until execution-risk coverage is complete.,High M&A research rank; current risk collectors have no company-specific evidence.,[],Dual-axis research triage. M&A scores are not calibrated probabilities; risk scores are not findings of incompetence or fraud.
NKTR,Nektar Therapeutics  Common Stock,79.34,34,high,79.53,90.0,32.0,0.0,0.0,0.0,0.0,limited_no_detected_signals,0,0,ma_candidate_risk_unscreened,No structure recommendation until execution-risk coverage is complete.,High M&A research rank; current risk collectors have no company-specific evidence.,[],Dual-axis research triage. M&A scores are not calibrated probabilities; risk scores are not findings of incompetence or fraud.
LYEL,Lyell Immunopharma Inc. Common Stock,79.2,35,high,71.64,100.0,56.0,0.0,0.0,0.0,0.0,limited_no_detected_signals,0,0,ma_candidate_risk_unscreened,No structure recommendation until execution-risk coverage is complete.,High M&A research rank; current risk collectors have no company-specific evidence.,[],Dual-axis research triage. M&A scores are not calibrated probabilities; risk scores are not findings of incompetence or fraud.
TSHA,Taysha Gene Therapies Inc. Common Stock,78.93,36,high,73.32,100.0,32.0,0.0,0.0,0.0,0.0,limited_no_detected_signals,0,0,ma_candidate_risk_unscreened,No structure recommendation until execution-risk coverage is complete.,High M&A research rank; current risk collectors have no company-specific evidence.,[],Dual-axis research triage. M&A scores are not calibrated probabilities; risk scores are not findings of incompetence or fraud.
TRVI,Trevi Therapeutics Inc. Common Stock,78.91,37,high,78.75,90.0,32.0,0.0,0.0,0.0,0.0,limited_no_detected_signals,0,0,ma_candidate_risk_unscreened,No structure recommendation until execution-risk coverage is complete.,High M&A research rank; current risk collectors have no company-specific evidence.,[],Dual-axis research triage. M&A scores are not calibrated probabilities; risk scores are not findings of incompetence or fraud.
SVRA,Savara Inc. Common Stock,78.6,38,high,71.64,100.0,44.0,0.0,0.0,0.0,0.0,limited_no_detected_signals,0,0,ma_candidate_risk_unscreened,No structure recommendation until execution-risk coverage is complete.,High M&A research rank; current risk collectors have no company-specific evidence.,[],Dual-axis research triage. M&A scores are not calibrated probabilities; risk scores are not findings of incompetence or fraud.
IMRX,Immuneering Corporation Class A Common Stock,78.52,39,high,70.4,100.0,56.0,0.0,0.0,0.0,0.0,limited_no_detected_signals,0,0,ma_candidate_risk_unscreened,No structure recommendation until execution-risk coverage is complete.,High M&A research rank; current risk collectors have no company-specific evidence.,[],Dual-axis research triage. M&A scores are not calibrated probabilities; risk scores are not findings of incompetence or fraud.
ACHV,Achieve Life Sciences Inc. Common Shares,78.46,40,high,72.47,100.0,32.0,0.0,0.0,0.0,0.0,limited_no_detected_signals,0,0,ma_candidate_risk_unscreened,No structure recommendation until execution-risk coverage is complete.,High M&A research rank; current risk collectors have no company-specific evidence.,[],Dual-axis research triage. M&A scores are not calibrated probabilities; risk scores are not findings of incompetence or fraud.
AVIR,Atea Pharmaceuticals Inc. Common Stock,78.15,41,high,69.72,100.0,56.0,0.0,0.0,0.0,0.0,limited_no_detected_signals,0,0,ma_candidate_risk_unscreened,No structure recommendation until execution-risk coverage is complete.,High M&A research rank; current risk collectors have no company-specific evidence.,[],Dual-axis research triage. M&A scores are not calibrated probabilities; risk scores are not findings of incompetence or fraud.
HRMY,Harmony Biosciences Holdings Inc. Common Stock,78.12,42,high,75.45,90.0,52.4,0.0,0.0,0.0,0.0,limited_no_detected_signals,0,0,ma_candidate_risk_unscreened,No structure recommendation until execution-risk coverage is complete.,High M&A research rank; current risk collectors have no company-specific evidence.,[],Dual-axis research triage. M&A scores are not calibrated probabilities; risk scores are not findings of incompetence or fraud.
ANNX,Annexon Inc. Common Stock,78.02,43,high,70.58,100.0,44.0,0.0,0.0,0.0,0.0,limited_no_detected_signals,0,0,ma_candidate_risk_unscreened,No structure recommendation until execution-risk coverage is complete.,High M&A research rank; current risk collectors have no company-specific evidence.,[],Dual-axis research triage. M&A scores are not calibrated probabilities; risk scores are not findings of incompetence or fraud.
AUPH,Aurinia Pharmaceuticals Inc Ordinary Shares,77.8,44,high,69.09,100.0,56.0,0.0,0.0,0.0,0.0,limited_no_detected_signals,0,0,ma_candidate_risk_unscreened,No structure recommendation until execution-risk coverage is complete.,High M&A research rank; current risk collectors have no company-specific evidence.,[],Dual-axis research triage. M&A scores are not calibrated probabilities; risk scores are not findings of incompetence or fraud.
KOD,Kodiak Sciences Inc Common Stock,77.76,45,high,74.48,90.0,56.0,0.0,0.0,0.0,0.0,limited_no_detected_signals,0,0,ma_candidate_risk_unscreened,No structure recommendation until execution-risk coverage is complete.,High M&A research rank; current risk collectors have no company-specific evidence.,[],Dual-axis research triage. M&A scores are not calibrated probabilities; risk scores are not findings of incompetence or fraud.
RARE,Ultragenyx Pharmaceutical Inc. Common Stock,77.66,46,high,77.93,90.0,56.0,0.0,0.0,0.0,0.0,limited_no_detected_signals,0,0,ma_candidate_risk_unscreened,No structure recommendation until execution-risk coverage is complete.,High M&A research rank; current risk collectors have no company-specific evidence.,[],Dual-axis research triage. M&A scores are not calibrated probabilities; risk scores are not findings of incompetence or fraud.
FDMT,4D Molecular Therapeutics Inc. Common Stock,77.64,47,high,68.79,100.0,56.0,0.0,0.0,0.0,0.0,limited_no_detected_signals,0,0,ma_candidate_risk_unscreened,No structure recommendation until execution-risk coverage is complete.,High M&A research rank; current risk collectors have no company-specific evidence.,[],Dual-axis research triage. M&A scores are not calibrated probabilities; risk scores are not findings of incompetence or fraud.
VIR,Vir Biotechnology Inc. Common Stock,77.58,48,high,68.69,100.0,56.0,0.0,0.0,0.0,0.0,limited_no_detected_signals,0,0,ma_candidate_risk_unscreened,No structure recommendation until execution-risk coverage is complete.,High M&A research rank; current risk collectors have no company-specific evidence.,[],Dual-axis research triage. M&A scores are not calibrated probabilities; risk scores are not findings of incompetence or fraud.
PBYI,Puma Biotechnology Inc Common Stock,77.53,49,high,69.7,100.0,44.0,0.0,0.0,0.0,0.0,limited_no_detected_signals,0,0,ma_candidate_risk_unscreened,No structure recommendation until execution-risk coverage is complete.,High M&A research rank; current risk collectors have no company-specific evidence.,[],Dual-axis research triage. M&A scores are not calibrated probabilities; risk scores are not findings of incompetence or fraud.
ETON,Eton Pharmaceuticals Inc. Common Stock,77.38,50,high,68.33,100.0,56.0,0.0,0.0,0.0,0.0,limited_no_detected_signals,0,0,ma_candidate_risk_unscreened,No structure recommendation until execution-risk coverage is complete.,High M&A research rank; current risk collectors have no company-specific evidence.,[],Dual-axis research triage. M&A scores are not calibrated probabilities; risk scores are not findings of incompetence or fraud.
NMRA,Neumora Therapeutics Inc. Common Stock,77.36,51,high,70.47,100.0,32.0,0.0,0.0,0.0,0.0,limited_no_detected_signals,0,0,ma_candidate_risk_unscreened,No structure recommendation until execution-risk coverage is complete.,High M&A research rank; current risk collectors have no company-specific evidence.,[],Dual-axis research triage. M&A scores are not calibrated probabilities; risk scores are not findings of incompetence or fraud.
SUPN,Supernus Pharmaceuticals Inc. Common Stock,77.33,52,high,77.33,90.0,56.0,0.0,0.0,0.0,0.0,limited_no_detected_signals,0,0,ma_candidate_risk_unscreened,No structure recommendation until execution-risk coverage is complete.,High M&A research rank; current risk collectors have no company-specific evidence.,[],Dual-axis research triage. M&A scores are not calibrated probabilities; risk scores are not findings of incompetence or fraud.
DBVT,DBV Technologies S.A. American Depositary Shares,77.06,53,high,69.06,100.0,41.6,0.0,0.0,0.0,0.0,limited_no_detected_signals,0,0,ma_candidate_risk_unscreened,No structure recommendation until execution-risk coverage is complete.,High M&A research rank; current risk collectors have no company-specific evidence.,[],Dual-axis research triage. M&A scores are not calibrated probabilities; risk scores are not findings of incompetence or fraud.
OGN,Organon & Co. Common Stock ,77.06,54,high,75.39,90.0,32.0,0.0,0.0,0.0,0.0,limited_no_detected_signals,0,0,ma_candidate_risk_unscreened,No structure recommendation until execution-risk coverage is complete.,High M&A research rank; current risk collectors have no company-specific evidence.,[],Dual-axis research triage. M&A scores are not calibrated probabilities; risk scores are not findings of incompetence or fraud.
OLMA,Olema Pharmaceuticals Inc. Common Stock,77.03,55,high,68.78,100.0,44.0,0.0,0.0,0.0,0.0,limited_no_detected_signals,0,0,ma_candidate_risk_unscreened,No structure recommendation until execution-risk coverage is complete.,High M&A research rank; current risk collectors have no company-specific evidence.,[],Dual-axis research triage. M&A scores are not calibrated probabilities; risk scores are not findings of incompetence or fraud.
IOVA,Iovance Biotherapeutics Inc. Common Stock,77.01,56,high,73.1,90.0,56.0,0.0,0.0,0.0,0.0,limited_no_detected_signals,0,0,ma_candidate_risk_unscreened,No structure recommendation until execution-risk coverage is complete.,High M&A research rank; current risk collectors have no company-specific evidence.,[],Dual-axis research triage. M&A scores are not calibrated probabilities; risk scores are not findings of incompetence or fraud.
KNSA,Kiniksa Pharmaceuticals International plc Class A Ordinary Shares,76.99,57,high,75.26,90.0,32.0,0.0,0.0,0.0,0.0,limited_no_detected_signals,0,0,ma_candidate_risk_unscreened,No structure recommendation until execution-risk coverage is complete.,High M&A research rank; current risk collectors have no company-specific evidence.,[],Dual-axis research triage. M&A scores are not calibrated probabilities; risk scores are not findings of incompetence or fraud.
KARD,Kardigan Inc. Common Stock,76.7,58,high,72.55,90.0,56.0,0.0,0.0,0.0,0.0,limited_no_detected_signals,0,0,ma_candidate_risk_unscreened,No structure recommendation until execution-risk coverage is complete.,High M&A research rank; current risk collectors have no company-specific evidence.,[],Dual-axis research triage. M&A scores are not calibrated probabilities; risk scores are not findings of incompetence or fraud.
TARS,Tarsus Pharmaceuticals Inc. Common Stock,76.63,59,high,72.43,90.0,56.0,0.0,0.0,0.0,0.0,limited_no_detected_signals,0,0,ma_candidate_risk_unscreened,No structure recommendation until execution-risk coverage is complete.,High M&A research rank; current risk collectors have no company-specific evidence.,[],Dual-axis research triage. M&A scores are not calibrated probabilities; risk scores are not findings of incompetence or fraud.
VCEL,Vericel Corporation Common Stock,76.53,60,high,73.32,90.0,44.0,0.0,0.0,0.0,0.0,limited_no_detected_signals,0,0,ma_candidate_risk_unscreened,No structure recommendation until execution-risk coverage is complete.,High M&A research rank; current risk collectors have no company-specific evidence.,[],Dual-axis research triage. M&A scores are not calibrated probabilities; risk scores are not findings of incompetence or fraud.
AMLX,Amylyx Pharmaceuticals Inc. Common Stock,76.48,61,high,66.69,100.0,56.0,0.0,0.0,0.0,0.0,limited_no_detected_signals,0,0,ma_candidate_risk_unscreened,No structure recommendation until execution-risk coverage is complete.,High M&A research rank; current risk collectors have no company-specific evidence.,[],Dual-axis research triage. M&A scores are not calibrated probabilities; risk scores are not findings of incompetence or fraud.
MANE,Veradermics Incorporated Common Stock,76.41,62,high,72.02,90.0,56.0,0.0,0.0,0.0,0.0,limited_no_detected_signals,0,0,ma_candidate_risk_unscreened,No structure recommendation until execution-risk coverage is complete.,High M&A research rank; current risk collectors have no company-specific evidence.,[],Dual-axis research triage. M&A scores are not calibrated probabilities; risk scores are not findings of incompetence or fraud.
KMDA,Kamada Ltd. Ordinary Shares,76.37,63,high,68.67,100.0,32.0,0.0,0.0,0.0,0.0,limited_no_detected_signals,0,0,ma_candidate_risk_unscreened,No structure recommendation until execution-risk coverage is complete.,High M&A research rank; current risk collectors have no company-specific evidence.,[],Dual-axis research triage. M&A scores are not calibrated probabilities; risk scores are not findings of incompetence or fraud.
ANIP,ANI Pharmaceuticals Inc.,76.27,64,high,69.94,100.0,56.0,0.0,0.0,0.0,0.0,limited_no_detected_signals,0,0,ma_candidate_risk_unscreened,No structure recommendation until execution-risk coverage is complete.,High M&A research rank; current risk collectors have no company-specific evidence.,[],Dual-axis research triage. M&A scores are not calibrated probabilities; risk scores are not findings of incompetence or fraud.
CRNX,Crinetics Pharmaceuticals Inc. Common Stock,76.24,65,high,81.53,72.0,56.0,0.0,0.0,0.0,0.0,limited_no_detected_signals,0,0,ma_candidate_risk_unscreened,No structure recommendation until execution-risk coverage is complete.,High M&A research rank; current risk collectors have no company-specific evidence.,[],Dual-axis research triage. M&A scores are not calibrated probabilities; risk scores are not findings of incompetence or fraud.
ALKS,Alkermes plc Ordinary Shares,76.1,66,high,84.91,72.0,56.0,0.0,0.0,0.0,0.0,limited_no_detected_signals,0,0,ma_candidate_risk_unscreened,No structure recommendation until execution-risk coverage is complete.,High M&A research rank; current risk collectors have no company-specific evidence.,[],Dual-axis research triage. M&A scores are not calibrated probabilities; risk scores are not findings of incompetence or fraud.
STOK,Stoke Therapeutics Inc. Common Stock,75.94,67,high,66.81,100.0,44.0,0.0,0.0,0.0,0.0,limited_no_detected_signals,0,0,ma_candidate_risk_unscreened,No structure recommendation until execution-risk coverage is complete.,High M&A research rank; current risk collectors have no company-specific evidence.,[],Dual-axis research triage. M&A scores are not calibrated probabilities; risk scores are not findings of incompetence or fraud.
CABA,Cabaletta Bio Inc. Common Stock,75.79,68,high,65.43,100.0,56.0,0.0,0.0,0.0,0.0,limited_no_detected_signals,0,0,ma_candidate_risk_unscreened,No structure recommendation until execution-risk coverage is complete.,High M&A research rank; current risk collectors have no company-specific evidence.,[],Dual-axis research triage. M&A scores are not calibrated probabilities; risk scores are not findings of incompetence or fraud.
PVLA,Palvella Therapeutics Inc. Common Stock,75.73,69,high,71.87,90.0,44.0,0.0,0.0,0.0,0.0,limited_no_detected_signals,0,0,ma_candidate_risk_unscreened,No structure recommendation until execution-risk coverage is complete.,High M&A research rank; current risk collectors have no company-specific evidence.,[],Dual-axis research triage. M&A scores are not calibrated probabilities; risk scores are not findings of incompetence or fraud.
LKFT,Lakefront Biotherapeutics American Depositary Shares,75.48,70,high,66.06,100.0,42.8,0.0,0.0,0.0,0.0,limited_no_detected_signals,0,0,ma_candidate_risk_unscreened,No structure recommendation until execution-risk coverage is complete.,High M&A research rank; current risk collectors have no company-specific evidence.,[],Dual-axis research triage. M&A scores are not calibrated probabilities; risk scores are not findings of incompetence or fraud.
VKTX,Viking Therapeutics Inc. Common Stock,75.47,71,high,72.49,90.0,32.0,0.0,0.0,0.0,0.0,limited_no_detected_signals,0,0,ma_candidate_risk_unscreened,No structure recommendation until execution-risk coverage is complete.,High M&A research rank; current risk collectors have no company-specific evidence.,[],Dual-axis research triage. M&A scores are not calibrated probabilities; risk scores are not findings of incompetence or fraud.
ZBIO,Zenas BioPharma Inc. Common Stock,75.43,72,high,66.08,100.0,41.6,0.0,0.0,0.0,0.0,limited_no_detected_signals,0,0,ma_candidate_risk_unscreened,No structure recommendation until execution-risk coverage is complete.,High M&A research rank; current risk collectors have no company-specific evidence.,[],Dual-axis research triage. M&A scores are not calibrated probabilities; risk scores are not findings of incompetence or fraud.
DFTX,Definium Therapeutics Inc. Common Shares,75.36,73,high,71.42,90.0,41.6,0.0,0.0,0.0,0.0,limited_no_detected_signals,0,0,ma_candidate_risk_unscreened,No structure recommendation until execution-risk coverage is complete.,High M&A research rank; current risk collectors have no company-specific evidence.,[],Dual-axis research triage. M&A scores are not calibrated probabilities; risk scores are not findings of incompetence or fraud.
DYN,Dyne Therapeutics Inc. Common Stock,75.29,74,high,69.99,90.0,56.0,0.0,0.0,0.0,0.0,limited_no_detected_signals,0,0,ma_candidate_risk_unscreened,No structure recommendation until execution-risk coverage is complete.,High M&A research rank; current risk collectors have no company-specific evidence.,[],Dual-axis research triage. M&A scores are not calibrated probabilities; risk scores are not findings of incompetence or fraud.
IDYA,IDEAYA Biosciences Inc. Common Stock,75.29,75,high,73.61,90.0,56.0,0.0,0.0,0.0,0.0,limited_no_detected_signals,0,0,ma_candidate_risk_unscreened,No structure recommendation until execution-risk coverage is complete.,High M&A research rank; current risk collectors have no company-specific evidence.,[],Dual-axis research triage. M&A scores are not calibrated probabilities; risk scores are not findings of incompetence or fraud.
ALXO,ALX Oncology Holdings Inc. Common Stock,75.19,76,high,64.35,100.0,56.0,0.0,0.0,0.0,0.0,limited_no_detected_signals,0,0,ma_candidate_risk_unscreened,No structure recommendation until execution-risk coverage is complete.,High M&A research rank; current risk collectors have no company-specific evidence.,[],Dual-axis research triage. M&A scores are not calibrated probabilities; risk scores are not findings of incompetence or fraud.
PTCT,PTC Therapeutics Inc. Common Stock,75.16,77,high,79.57,72.0,56.0,0.0,0.0,0.0,0.0,limited_no_detected_signals,0,0,ma_candidate_risk_unscreened,No structure recommendation until execution-risk coverage is complete.,High M&A research rank; current risk collectors have no company-specific evidence.,[],Dual-axis research triage. M&A scores are not calibrated probabilities; risk scores are not findings of incompetence or fraud.
URGN,UroGen Pharma Ltd. Ordinary Shares,75.16,78,high,69.74,90.0,56.0,0.0,0.0,0.0,0.0,limited_no_detected_signals,0,0,ma_candidate_risk_unscreened,No structure recommendation until execution-risk coverage is complete.,High M&A research rank; current risk collectors have no company-specific evidence.,[],Dual-axis research triage. M&A scores are not calibrated probabilities; risk scores are not findings of incompetence or fraud.
RGNX,REGENXBIO Inc. Common Stock,75.05,79,high,64.09,100.0,56.0,0.0,0.0,0.0,0.0,limited_no_detected_signals,0,0,ma_candidate_risk_unscreened,No structure recommendation until execution-risk coverage is complete.,High M&A research rank; current risk collectors have no company-specific evidence.,[],Dual-axis research triage. M&A scores are not calibrated probabilities; risk scores are not findings of incompetence or fraud.
BCAX,Bicara Therapeutics Inc. Common Stock,74.98,80,high,65.05,100.0,44.0,0.0,0.0,0.0,0.0,limited_no_detected_signals,0,0,ma_candidate_risk_unscreened,No structure recommendation until execution-risk coverage is complete.,High M&A research rank; current risk collectors have no company-specific evidence.,[],Dual-axis research triage. M&A scores are not calibrated probabilities; risk scores are not findings of incompetence or fraud.
XENE,Xenon Pharmaceuticals Inc. Common Shares,74.92,81,high,80.21,72.0,44.0,0.0,0.0,0.0,0.0,limited_no_detected_signals,0,0,ma_candidate_risk_unscreened,No structure recommendation until execution-risk coverage is complete.,High M&A research rank; current risk collectors have no company-specific evidence.,[],Dual-axis research triage. M&A scores are not calibrated probabilities; risk scores are not findings of incompetence or fraud.
OCGN,Ocugen Inc. Common Stock,74.9,82,high,63.82,100.0,56.0,0.0,0.0,0.0,0.0,limited_no_detected_signals,0,0,ma_candidate_risk_unscreened,No structure recommendation until execution-risk coverage is complete.,High M&A research rank; current risk collectors have no company-specific evidence.,[],Dual-axis research triage. M&A scores are not calibrated probabilities; risk scores are not findings of incompetence or fraud.
AURA,Aura Biosciences Inc. Common Stock,74.82,83,high,63.68,100.0,56.0,0.0,0.0,0.0,0.0,limited_no_detected_signals,0,0,ma_candidate_risk_unscreened,No structure recommendation until execution-risk coverage is complete.,High M&A research rank; current risk collectors have no company-specific evidence.,[],Dual-axis research triage. M&A scores are not calibrated probabilities; risk scores are not findings of incompetence or fraud.
SPRY,ARS Pharmaceuticals Inc. Common Stock,74.79,84,high,63.72,100.0,54.8,0.0,0.0,0.0,0.0,limited_no_detected_signals,0,0,ma_candidate_risk_unscreened,No structure recommendation until execution-risk coverage is complete.,High M&A research rank; current risk collectors have no company-specific evidence.,[],Dual-axis research triage. M&A scores are not calibrated probabilities; risk scores are not findings of incompetence or fraud.
MESO,Mesoblast Limited American Depositary Shares,74.7,85,high,70.0,90.0,44.0,0.0,0.0,0.0,0.0,limited_no_detected_signals,0,0,ma_candidate_risk_unscreened,No structure recommendation until execution-risk coverage is complete.,High M&A research rank; current risk collectors have no company-specific evidence.,[],Dual-axis research triage. M&A scores are not calibrated probabilities; risk scores are not findings of incompetence or fraud.
MIRM,Mirum Pharmaceuticals Inc. Common Stock,74.67,86,high,82.3,72.0,56.0,0.0,0.0,0.0,0.0,limited_no_detected_signals,0,0,ma_candidate_risk_unscreened,No structure recommendation until execution-risk coverage is complete.,High M&A research rank; current risk collectors have no company-specific evidence.,[],Dual-axis research triage. M&A scores are not calibrated probabilities; risk scores are not findings of incompetence or fraud.
VERA,Vera Therapeutics Inc. Class A Common Stock,74.67,87,high,68.86,90.0,56.0,0.0,0.0,0.0,0.0,limited_no_detected_signals,0,0,ma_candidate_risk_unscreened,No structure recommendation until execution-risk coverage is complete.,High M&A research rank; current risk collectors have no company-specific evidence.,[],Dual-axis research triage. M&A scores are not calibrated probabilities; risk scores are not findings of incompetence or fraud.
CLDX,Celldex Therapeutics Inc.,74.49,88,high,69.62,90.0,44.0,0.0,0.0,0.0,0.0,limited_no_detected_signals,0,0,ma_candidate_risk_unscreened,No structure recommendation until execution-risk coverage is complete.,High M&A research rank; current risk collectors have no company-specific evidence.,[],Dual-axis research triage. M&A scores are not calibrated probabilities; risk scores are not findings of incompetence or fraud.
RLMD,Relmada Therapeutics Inc. Common Stock,74.49,89,high,64.17,100.0,44.0,0.0,0.0,0.0,0.0,limited_no_detected_signals,0,0,ma_candidate_risk_unscreened,No structure recommendation until execution-risk coverage is complete.,High M&A research rank; current risk collectors have no company-specific evidence.,[],Dual-axis research triage. M&A scores are not calibrated probabilities; risk scores are not findings of incompetence or fraud.
ALMS,Alumis Inc. Common Stock,74.42,90,high,68.39,90.0,56.0,0.0,0.0,0.0,0.0,limited_no_detected_signals,0,0,ma_candidate_risk_unscreened,No structure recommendation until execution-risk coverage is complete.,High M&A research rank; current risk collectors have no company-specific evidence.,[],Dual-axis research triage. M&A scores are not calibrated probabilities; risk scores are not findings of incompetence or fraud.
MLYS,Mineralys Therapeutics Inc. Common Stock,74.36,91,high,70.47,90.0,32.0,0.0,0.0,0.0,0.0,limited_no_detected_signals,0,0,ma_candidate_risk_unscreened,No structure recommendation until execution-risk coverage is complete.,High M&A research rank; current risk collectors have no company-specific evidence.,[],Dual-axis research triage. M&A scores are not calibrated probabilities; risk scores are not findings of incompetence or fraud.
GENB,Generate Biomedicines Inc. Common Stock,74.35,92,high,62.82,100.0,56.0,0.0,0.0,0.0,0.0,limited_no_detected_signals,0,0,ma_candidate_risk_unscreened,No structure recommendation until execution-risk coverage is complete.,High M&A research rank; current risk collectors have no company-specific evidence.,[],Dual-axis research triage. M&A scores are not calibrated probabilities; risk scores are not findings of incompetence or fraud.
TVTX,Travere Therapeutics Inc. Common Stock,74.3,93,high,78.0,72.0,56.0,0.0,0.0,0.0,0.0,limited_no_detected_signals,0,0,ma_candidate_risk_unscreened,No structure recommendation until execution-risk coverage is complete.,High M&A research rank; current risk collectors have no company-specific evidence.,[],Dual-axis research triage. M&A scores are not calibrated probabilities; risk scores are not findings of incompetence or fraud.
DNTH,Dianthus Therapeutics Inc. Common Stock,74.29,94,high,80.16,72.0,32.0,0.0,0.0,0.0,0.0,limited_no_detected_signals,0,0,ma_candidate_risk_unscreened,No structure recommendation until execution-risk coverage is complete.,High M&A research rank; current risk collectors have no company-specific evidence.,[],Dual-axis research triage. M&A scores are not calibrated probabilities; risk scores are not findings of incompetence or fraud.
KYTX,Kyverna Therapeutics Inc. Common Stock,74.25,95,high,62.64,100.0,56.0,0.0,0.0,0.0,0.0,limited_no_detected_signals,0,0,ma_candidate_risk_unscreened,No structure recommendation until execution-risk coverage is complete.,High M&A research rank; current risk collectors have no company-specific evidence.,[],Dual-axis research triage. M&A scores are not calibrated probabilities; risk scores are not findings of incompetence or fraud.
TLX,Telix Pharmaceuticals Limited American Depositary Shares,74.24,96,high,70.37,90.0,30.8,0.0,0.0,0.0,0.0,limited_no_detected_signals,0,0,ma_candidate_risk_unscreened,No structure recommendation until execution-risk coverage is complete.,High M&A research rank; current risk collectors have no company-specific evidence.,[],Dual-axis research triage. M&A scores are not calibrated probabilities; risk scores are not findings of incompetence or fraud.
LENZ,LENZ Therapeutics Inc. Common Stock,74.15,97,high,83.73,65.0,32.0,0.0,0.0,0.0,0.0,limited_no_detected_signals,0,0,ma_candidate_risk_unscreened,No structure recommendation until execution-risk coverage is complete.,High M&A research rank; current risk collectors have no company-specific evidence.,[],Dual-axis research triage. M&A scores are not calibrated probabilities; risk scores are not findings of incompetence or fraud.
DNLI,Denali Therapeutics Inc. Common Stock,74.09,98,high,67.79,90.0,56.0,0.0,0.0,0.0,0.0,limited_no_detected_signals,0,0,ma_candidate_risk_unscreened,No structure recommendation until execution-risk coverage is complete.,High M&A research rank; current risk collectors have no company-specific evidence.,[],Dual-axis research triage. M&A scores are not calibrated probabilities; risk scores are not findings of incompetence or fraud.
MIST,Milestone Pharmaceuticals Inc. Common Shares,74.09,99,high,83.73,65.0,30.8,0.0,0.0,0.0,0.0,limited_no_detected_signals,0,0,ma_candidate_risk_unscreened,No structure recommendation until execution-risk coverage is complete.,High M&A research rank; current risk collectors have no company-specific evidence.,[],Dual-axis research triage. M&A scores are not calibrated probabilities; risk scores are not findings of incompetence or fraud.
SLDB,Solid Biosciences Inc. Common Stock,73.97,100,high,62.13,100.0,56.0,0.0,0.0,0.0,0.0,limited_no_detected_signals,0,0,ma_candidate_risk_unscreened,No structure recommendation until execution-risk coverage is complete.,High M&A research rank; current risk collectors have no company-specific evidence.,[],Dual-axis research triage. M&A scores are not calibrated probabilities; risk scores are not findings of incompetence or fraud.
CORT,Corcept Therapeutics Incorporated Common Stock,73.87,101,high,80.85,72.0,56.0,0.0,0.0,0.0,0.0,limited_no_detected_signals,0,0,ma_candidate_risk_unscreened,No structure recommendation until execution-risk coverage is complete.,High M&A research rank; current risk collectors have no company-specific evidence.,[],Dual-axis research triage. M&A scores are not calibrated probabilities; risk scores are not findings of incompetence or fraud.
CMPX,Compass Therapeutics Inc. Common Stock,73.35,102,high,61.01,100.0,56.0,0.0,0.0,0.0,0.0,limited_no_detected_signals,0,0,ma_candidate_risk_unscreened,No structure recommendation until execution-risk coverage is complete.,High M&A research rank; current risk collectors have no company-specific evidence.,[],Dual-axis research triage. M&A scores are not calibrated probabilities; risk scores are not findings of incompetence or fraud.
AMPH,Amphastar Pharmaceuticals Inc. Common Stock,73.27,103,high,64.49,100.0,56.0,0.0,0.0,0.0,0.0,limited_no_detected_signals,0,0,ma_candidate_risk_unscreened,No structure recommendation until execution-risk coverage is complete.,High M&A research rank; current risk collectors have no company-specific evidence.,[],Dual-axis research triage. M&A scores are not calibrated probabilities; risk scores are not findings of incompetence or fraud.
NRIX,Nurix Therapeutics Inc. Common stock,73.16,104,high,66.1,90.0,56.0,0.0,0.0,0.0,0.0,limited_no_detected_signals,0,0,ma_candidate_risk_unscreened,No structure recommendation until execution-risk coverage is complete.,High M&A research rank; current risk collectors have no company-specific evidence.,[],Dual-axis research triage. M&A scores are not calibrated probabilities; risk scores are not findings of incompetence or fraud.
VRCA,Verrica Pharmaceuticals Inc. Common Stock,73.14,105,high,79.71,65.0,56.0,0.0,0.0,0.0,0.0,limited_no_detected_signals,0,0,ma_candidate_risk_unscreened,No structure recommendation until execution-risk coverage is complete.,High M&A research rank; current risk collectors have no company-specific evidence.,[],Dual-axis research triage. M&A scores are not calibrated probabilities; risk scores are not findings of incompetence or fraud.
IONS,Ionis Pharmaceuticals Inc. Common Stock,73.04,106,high,79.35,72.0,56.0,0.0,0.0,0.0,0.0,limited_no_detected_signals,0,0,ma_candidate_risk_unscreened,No structure recommendation until execution-risk coverage is complete.,High M&A research rank; current risk collectors have no company-specific evidence.,[],Dual-axis research triage. M&A scores are not calibrated probabilities; risk scores are not findings of incompetence or fraud.
TBPH,Theravance Biopharma Inc. Ordinary Shares,72.98,107,high,62.51,100.0,32.0,0.0,0.0,0.0,0.0,limited_no_detected_signals,0,0,ma_candidate_risk_unscreened,No structure recommendation until execution-risk coverage is complete.,High M&A research rank; current risk collectors have no company-specific evidence.,[],Dual-axis research triage. M&A scores are not calibrated probabilities; risk scores are not findings of incompetence or fraud.
IRON,Disc Medicine Inc. Common Stock,72.86,108,high,65.56,90.0,56.0,0.0,0.0,0.0,0.0,limited_no_detected_signals,0,0,ma_candidate_risk_unscreened,No structure recommendation until execution-risk coverage is complete.,High M&A research rank; current risk collectors have no company-specific evidence.,[],Dual-axis research triage. M&A scores are not calibrated probabilities; risk scores are not findings of incompetence or fraud.
INBX,Inhibrx Biosciences Inc. Common Stock,72.54,109,high,63.17,100.0,56.0,0.0,0.0,0.0,0.0,limited_no_detected_signals,0,0,ma_candidate_risk_unscreened,No structure recommendation until execution-risk coverage is complete.,High M&A research rank; current risk collectors have no company-specific evidence.,[],Dual-axis research triage. M&A scores are not calibrated probabilities; risk scores are not findings of incompetence or fraud.
AVLN,Avalyn Pharma Inc. Common Stock,72.48,110,high,60.51,100.0,44.0,0.0,0.0,0.0,0.0,limited_no_detected_signals,0,0,ma_candidate_risk_unscreened,No structure recommendation until execution-risk coverage is complete.,High M&A research rank; current risk collectors have no company-specific evidence.,[],Dual-axis research triage. M&A scores are not calibrated probabilities; risk scores are not findings of incompetence or fraud.
SPTX,Seaport Therapeutics Inc. Common Stock,72.39,111,high,61.44,100.0,32.0,0.0,0.0,0.0,0.0,limited_no_detected_signals,0,0,ma_candidate_risk_unscreened,No structure recommendation until execution-risk coverage is complete.,High M&A research rank; current risk collectors have no company-specific evidence.,[],Dual-axis research triage. M&A scores are not calibrated probabilities; risk scores are not findings of incompetence or fraud.
MPLT,MapLight Therapeutics Inc. Common Stock,72.31,112,high,60.19,100.0,44.0,0.0,0.0,0.0,0.0,limited_no_detected_signals,0,0,ma_candidate_risk_unscreened,No structure recommendation until execution-risk coverage is complete.,High M&A research rank; current risk collectors have no company-specific evidence.,[],Dual-axis research triage. M&A scores are not calibrated probabilities; risk scores are not findings of incompetence or fraud.
RYTM,Rhythm Pharmaceuticals Inc. Common Stock,72.28,113,high,74.32,72.0,56.0,0.0,0.0,0.0,0.0,limited_no_detected_signals,0,0,ma_candidate_risk_unscreened,No structure recommendation until execution-risk coverage is complete.,High M&A research rank; current risk collectors have no company-specific evidence.,[],Dual-axis research triage. M&A scores are not calibrated probabilities; risk scores are not findings of incompetence or fraud.
MGTX,MeiraGTx Holdings plc Ordinary Shares,72.26,114,high,59.01,100.0,56.0,0.0,0.0,0.0,0.0,limited_no_detected_signals,0,0,ma_candidate_risk_unscreened,No structure recommendation until execution-risk coverage is complete.,High M&A research rank; current risk collectors have no company-specific evidence.,[],Dual-axis research triage. M&A scores are not calibrated probabilities; risk scores are not findings of incompetence or fraud.
RLAY,Relay Therapeutics Inc. Common Stock,72.25,115,high,64.46,90.0,56.0,0.0,0.0,0.0,0.0,limited_no_detected_signals,0,0,ma_candidate_risk_unscreened,No structure recommendation until execution-risk coverage is complete.,High M&A research rank; current risk collectors have no company-specific evidence.,[],Dual-axis research triage. M&A scores are not calibrated probabilities; risk scores are not findings of incompetence or fraud.
EVMN,Evommune Inc. Common Stock,72.16,116,high,58.83,100.0,56.0,0.0,0.0,0.0,0.0,limited_no_detected_signals,0,0,ma_candidate_risk_unscreened,No structure recommendation until execution-risk coverage is complete.,High M&A research rank; current risk collectors have no company-specific evidence.,[],Dual-axis research triage. M&A scores are not calibrated probabilities; risk scores are not findings of incompetence or fraud.
IBRX,ImmunityBio Inc. Common Stock,72.07,117,high,77.58,72.0,56.0,0.0,0.0,0.0,0.0,limited_no_detected_signals,0,0,ma_candidate_risk_unscreened,No structure recommendation until execution-risk coverage is complete.,High M&A research rank; current risk collectors have no company-specific evidence.,[],Dual-axis research triage. M&A scores are not calibrated probabilities; risk scores are not findings of incompetence or fraud.
MNKD,MannKind Corporation Common Stock,71.8,118,high,58.18,100.0,56.0,0.0,0.0,0.0,0.0,limited_no_detected_signals,0,0,ma_candidate_risk_unscreened,No structure recommendation until execution-risk coverage is complete.,High M&A research rank; current risk collectors have no company-specific evidence.,[],Dual-axis research triage. M&A scores are not calibrated probabilities; risk scores are not findings of incompetence or fraud.
CTNM,Contineum Therapeutics Inc. Class A Common Stock,71.79,119,high,59.26,100.0,44.0,0.0,0.0,0.0,0.0,limited_no_detected_signals,0,0,ma_candidate_risk_unscreened,No structure recommendation until execution-risk coverage is complete.,High M&A research rank; current risk collectors have no company-specific evidence.,[],Dual-axis research triage. M&A scores are not calibrated probabilities; risk scores are not findings of incompetence or fraud.
AVBP,ArriVent BioPharma Inc. Common Stock,71.49,120,high,57.62,100.0,56.0,0.0,0.0,0.0,0.0,limited_no_detected_signals,0,0,ma_candidate_risk_unscreened,No structure recommendation until execution-risk coverage is complete.,High M&A research rank; current risk collectors have no company-specific evidence.,[],Dual-axis research triage. M&A scores are not calibrated probabilities; risk scores are not findings of incompetence or fraud.
HRTX,Heron Therapeutics Inc. Common Stock,71.45,121,high,76.63,65.0,56.0,0.0,0.0,0.0,0.0,limited_no_detected_signals,0,0,ma_candidate_risk_unscreened,No structure recommendation until execution-risk coverage is complete.,High M&A research rank; current risk collectors have no company-specific evidence.,[],Dual-axis research triage. M&A scores are not calibrated probabilities; risk scores are not findings of incompetence or fraud.
ALT,Altimmune Inc. Common Stock,71.33,122,high,59.51,100.0,32.0,0.0,0.0,0.0,0.0,limited_no_detected_signals,0,0,ma_candidate_risk_unscreened,No structure recommendation until execution-risk coverage is complete.,High M&A research rank; current risk collectors have no company-specific evidence.,[],Dual-axis research triage. M&A scores are not calibrated probabilities; risk scores are not findings of incompetence or fraud.
KPTI,Karyopharm Therapeutics Inc. Common Stock,71.25,123,high,79.9,65.0,56.0,0.0,0.0,0.0,0.0,limited_no_detected_signals,0,0,ma_candidate_risk_unscreened,No structure recommendation until execution-risk coverage is complete.,High M&A research rank; current risk collectors have no company-specific evidence.,[],Dual-axis research triage. M&A scores are not calibrated probabilities; risk scores are not findings of incompetence or fraud.
MBX,MBX Biosciences Inc. Common Stock,71.23,124,high,62.6,90.0,56.0,0.0,0.0,0.0,0.0,limited_no_detected_signals,0,0,ma_candidate_risk_unscreened,No structure recommendation until execution-risk coverage is complete.,High M&A research rank; current risk collectors have no company-specific evidence.,[],Dual-axis research triage. M&A scores are not calibrated probabilities; risk scores are not findings of incompetence or fraud.
NBIX,Neurocrine Biosciences Inc. Common Stock,71.12,125,high,84.22,50.0,56.0,0.0,0.0,0.0,0.0,limited_no_detected_signals,0,0,ma_candidate_risk_unscreened,No structure recommendation until execution-risk coverage is complete.,High M&A research rank; current risk collectors have no company-specific evidence.,[],Dual-axis research triage. M&A scores are not calibrated probabilities; risk scores are not findings of incompetence or fraud.
MAZE,Maze Therapeutics Inc. Common Stock,70.89,126,high,57.62,100.0,44.0,0.0,0.0,0.0,0.0,limited_no_detected_signals,0,0,ma_candidate_risk_unscreened,No structure recommendation until execution-risk coverage is complete.,High M&A research rank; current risk collectors have no company-specific evidence.,[],Dual-axis research triage. M&A scores are not calibrated probabilities; risk scores are not findings of incompetence or fraud.
ANRO,Alto Neuroscience Inc. Common Stock,70.82,127,high,56.4,100.0,56.0,0.0,0.0,0.0,0.0,limited_no_detected_signals,0,0,ma_candidate_risk_unscreened,No structure recommendation until execution-risk coverage is complete.,High M&A research rank; current risk collectors have no company-specific evidence.,[],Dual-axis research triage. M&A scores are not calibrated probabilities; risk scores are not findings of incompetence or fraud.
ANVS,Annovis Bio Inc. Common Stock,70.72,128,high,77.49,65.0,32.0,0.0,0.0,0.0,0.0,limited_no_detected_signals,0,0,ma_candidate_risk_unscreened,No structure recommendation until execution-risk coverage is complete.,High M&A research rank; current risk collectors have no company-specific evidence.,[],Dual-axis research triage. M&A scores are not calibrated probabilities; risk scores are not findings of incompetence or fraud.
MGNX,MacroGenics Inc. Common Stock,70.61,129,high,56.01,100.0,56.0,0.0,0.0,0.0,0.0,limited_no_detected_signals,0,0,ma_candidate_risk_unscreened,No structure recommendation until execution-risk coverage is complete.,High M&A research rank; current risk collectors have no company-specific evidence.,[],Dual-axis research triage. M&A scores are not calibrated probabilities; risk scores are not findings of incompetence or fraud.
TGTX,TG Therapeutics Inc. Common Stock,70.61,130,high,71.3,72.0,56.0,0.0,0.0,0.0,0.0,limited_no_detected_signals,0,0,ma_candidate_risk_unscreened,No structure recommendation until execution-risk coverage is complete.,High M&A research rank; current risk collectors have no company-specific evidence.,[],Dual-axis research triage. M&A scores are not calibrated probabilities; risk scores are not findings of incompetence or fraud.
BIOA,BioAge Labs Inc. Common Stock,70.6,131,high,58.19,100.0,32.0,0.0,0.0,0.0,0.0,limited_no_detected_signals,0,0,ma_candidate_risk_unscreened,No structure recommendation until execution-risk coverage is complete.,High M&A research rank; current risk collectors have no company-specific evidence.,[],Dual-axis research triage. M&A scores are not calibrated probabilities; risk scores are not findings of incompetence or fraud.
CCCC,C4 Therapeutics Inc. Common Stock,70.59,132,high,58.16,100.0,32.0,0.0,0.0,0.0,0.0,limited_no_detected_signals,0,0,ma_candidate_risk_unscreened,No structure recommendation until execution-risk coverage is complete.,High M&A research rank; current risk collectors have no company-specific evidence.,[],Dual-axis research triage. M&A scores are not calibrated probabilities; risk scores are not findings of incompetence or fraud.
OMER,Omeros Corporation Common Stock,70.57,133,high,55.95,100.0,56.0,0.0,0.0,0.0,0.0,limited_no_detected_signals,0,0,ma_candidate_risk_unscreened,No structure recommendation until execution-risk coverage is complete.,High M&A research rank; current risk collectors have no company-specific evidence.,[],Dual-axis research triage. M&A scores are not calibrated probabilities; risk scores are not findings of incompetence or fraud.
TARA,Protara Therapeutics Inc.  Common Stock,70.57,134,high,76.12,65.0,44.0,0.0,0.0,0.0,0.0,limited_no_detected_signals,0,0,ma_candidate_risk_unscreened,No structure recommendation until execution-risk coverage is complete.,High M&A research rank; current risk collectors have no company-specific evidence.,[],Dual-axis research triage. M&A scores are not calibrated probabilities; risk scores are not findings of incompetence or fraud.
ARQT,Arcutis Biotherapeutics Inc. Common Stock,70.55,135,high,62.46,90.0,44.0,0.0,0.0,0.0,0.0,limited_no_detected_signals,0,0,ma_candidate_risk_unscreened,No structure recommendation until execution-risk coverage is complete.,High M&A research rank; current risk collectors have no company-specific evidence.,[],Dual-axis research triage. M&A scores are not calibrated probabilities; risk scores are not findings of incompetence or fraud.
EOLS,Evolus Inc. Common Stock,70.54,136,high,58.08,100.0,32.0,0.0,0.0,0.0,0.0,limited_no_detected_signals,0,0,ma_candidate_risk_unscreened,No structure recommendation until execution-risk coverage is complete.,High M&A research rank; current risk collectors have no company-specific evidence.,[],Dual-axis research triage. M&A scores are not calibrated probabilities; risk scores are not findings of incompetence or fraud.
INCY,Incyte Corp. Common Stock,70.53,137,high,86.79,50.0,56.0,0.0,0.0,0.0,0.0,limited_no_detected_signals,0,0,ma_candidate_risk_unscreened,No structure recommendation until execution-risk coverage is complete.,High M&A research rank; current risk collectors have no company-specific evidence.,[],Dual-axis research triage. M&A scores are not calibrated probabilities; risk scores are not findings of incompetence or fraud.
GNLX,Genelux Corporation Common Stock,70.35,138,high,74.63,65.0,56.0,0.0,0.0,0.0,0.0,limited_no_detected_signals,0,0,ma_candidate_risk_unscreened,No structure recommendation until execution-risk coverage is complete.,High M&A research rank; current risk collectors have no company-specific evidence.,[],Dual-axis research triage. M&A scores are not calibrated probabilities; risk scores are not findings of incompetence or fraud.
ALLO,Allogene Therapeutics Inc. Common Stock,70.32,139,high,55.5,100.0,56.0,0.0,0.0,0.0,0.0,limited_no_detected_signals,0,0,ma_candidate_risk_unscreened,No structure recommendation until execution-risk coverage is complete.,High M&A research rank; current risk collectors have no company-specific evidence.,[],Dual-axis research triage. M&A scores are not calibrated probabilities; risk scores are not findings of incompetence or fraud.
TTRX,Turn Therapeutics Inc. Common Stock,70.29,140,high,57.62,100.0,32.0,0.0,0.0,0.0,0.0,limited_no_detected_signals,0,0,ma_candidate_risk_unscreened,No structure recommendation until execution-risk coverage is complete.,High M&A research rank; current risk collectors have no company-specific evidence.,[],Dual-axis research triage. M&A scores are not calibrated probabilities; risk scores are not findings of incompetence or fraud.
NERV,Minerva Neurosciences Inc Common Stock,70.27,141,high,74.5,65.0,56.0,0.0,0.0,0.0,0.0,limited_no_detected_signals,0,0,ma_candidate_risk_unscreened,No structure recommendation until execution-risk coverage is complete.,High M&A research rank; current risk collectors have no company-specific evidence.,[],Dual-axis research triage. M&A scores are not calibrated probabilities; risk scores are not findings of incompetence or fraud.
NGNE,Neurogene Inc. Common Stock ,70.22,142,high,56.41,100.0,44.0,0.0,0.0,0.0,0.0,limited_no_detected_signals,0,0,ma_candidate_risk_unscreened,No structure recommendation until execution-risk coverage is complete.,High M&A research rank; current risk collectors have no company-specific evidence.,[],Dual-axis research triage. M&A scores are not calibrated probabilities; risk scores are not findings of incompetence or fraud.
PRAX,Praxis Precision Medicines Inc. Common Stock,70.18,143,high,74.14,72.0,56.0,0.0,0.0,0.0,0.0,limited_no_detected_signals,0,0,ma_candidate_risk_unscreened,No structure recommendation until execution-risk coverage is complete.,High M&A research rank; current risk collectors have no company-specific evidence.,[],Dual-axis research triage. M&A scores are not calibrated probabilities; risk scores are not findings of incompetence or fraud.
UPB,Upstream Bio Inc. Common Stock,70.16,144,high,57.38,100.0,32.0,0.0,0.0,0.0,0.0,limited_no_detected_signals,0,0,ma_candidate_risk_unscreened,No structure recommendation until execution-risk coverage is complete.,High M&A research rank; current risk collectors have no company-specific evidence.,[],Dual-axis research triage. M&A scores are not calibrated probabilities; risk scores are not findings of incompetence or fraud.
JAZZ,Jazz Pharmaceuticals plc Common Stock (Ireland),70.13,145,high,83.73,50.0,41.6,0.0,0.0,0.0,0.0,limited_no_detected_signals,0,0,ma_candidate_risk_unscreened,No structure recommendation until execution-risk coverage is complete.,High M&A research rank; current risk collectors have no company-specific evidence.,[],Dual-axis research triage. M&A scores are not calibrated probabilities; risk scores are not findings of incompetence or fraud.
TYRA,Tyra Biosciences Inc. Common Stock,70.11,146,high,58.74,100.0,56.0,0.0,0.0,0.0,0.0,limited_no_detected_signals,0,0,ma_candidate_risk_unscreened,No structure recommendation until execution-risk coverage is complete.,High M&A research rank; current risk collectors have no company-specific evidence.,[],Dual-axis research triage. M&A scores are not calibrated probabilities; risk scores are not findings of incompetence or fraud.
LRMR,Larimar Therapeutics Inc. Common Stock,70.08,147,high,57.24,100.0,32.0,0.0,0.0,0.0,0.0,limited_no_detected_signals,0,0,ma_candidate_risk_unscreened,No structure recommendation until execution-risk coverage is complete.,High M&A research rank; current risk collectors have no company-specific evidence.,[],Dual-axis research triage. M&A scores are not calibrated probabilities; risk scores are not findings of incompetence or fraud.
HALO,Halozyme Therapeutics Inc. Common Stock,70.06,148,high,72.48,72.0,32.0,0.0,0.0,0.0,0.0,limited_no_detected_signals,0,0,ma_candidate_risk_unscreened,No structure recommendation until execution-risk coverage is complete.,High M&A research rank; current risk collectors have no company-specific evidence.,[],Dual-axis research triage. M&A scores are not calibrated probabilities; risk scores are not findings of incompetence or fraud.
LONA,LeonaBio Inc. Common Stock,70.05,149,high,75.19,65.0,44.0,0.0,0.0,0.0,0.0,limited_no_detected_signals,0,0,ma_candidate_risk_unscreened,No structure recommendation until execution-risk coverage is complete.,High M&A research rank; current risk collectors have no company-specific evidence.,[],Dual-axis research triage. M&A scores are not calibrated probabilities; risk scores are not findings of incompetence or fraud.
COGT,Cogent Biosciences Inc. Common Stock,70.03,150,high,70.23,72.0,56.0,0.0,0.0,0.0,0.0,limited_no_detected_signals,0,0,ma_candidate_risk_unscreened,No structure recommendation until execution-risk coverage is complete.,High M&A research rank; current risk collectors have no company-specific evidence.,[],Dual-axis research triage. M&A scores are not calibrated probabilities; risk scores are not findings of incompetence or fraud.
CYTK,Cytokinetics Incorporated Common Stock,69.99,151,moderate,82.17,50.0,56.0,0.0,0.0,0.0,0.0,limited_no_detected_signals,0,0,neutral_monitor,No transaction structure recommendation.,Neither axis currently crosses a review threshold.,[],Dual-axis research triage. M&A scores are not calibrated probabilities; risk scores are not findings of incompetence or fraud.
IVVD,Invivyd Inc. Common Stock,69.76,152,moderate,73.57,65.0,56.0,0.0,0.0,0.0,0.0,limited_no_detected_signals,0,0,neutral_monitor,No transaction structure recommendation.,Neither axis currently crosses a review threshold.,[],Dual-axis research triage. M&A scores are not calibrated probabilities; risk scores are not findings of incompetence or fraud.
ODTX,Odyssey Therapeutics Inc. Common Stock,69.75,153,moderate,56.64,100.0,32.0,0.0,0.0,0.0,0.0,limited_no_detected_signals,0,0,neutral_monitor,No transaction structure recommendation.,Neither axis currently crosses a review threshold.,[],Dual-axis research triage. M&A scores are not calibrated probabilities; risk scores are not findings of incompetence or fraud.
VTVT,vTv Therapeutics Inc. Class A Common Stock,69.68,154,moderate,74.51,65.0,44.0,0.0,0.0,0.0,0.0,limited_no_detected_signals,0,0,neutral_monitor,No transaction structure recommendation.,Neither axis currently crosses a review threshold.,[],Dual-axis research triage. M&A scores are not calibrated probabilities; risk scores are not findings of incompetence or fraud.
BBIO,BridgeBio Pharma Inc. Common Stock,69.65,155,moderate,83.73,50.0,32.0,0.0,0.0,0.0,0.0,limited_no_detected_signals,0,0,neutral_monitor,No transaction structure recommendation.,Neither axis currently crosses a review threshold.,[],Dual-axis research triage. M&A scores are not calibrated probabilities; risk scores are not findings of incompetence or fraud.
BLTE,Belite Bio Inc American Depositary Shares,69.64,156,moderate,71.71,72.0,32.0,0.0,0.0,0.0,0.0,limited_no_detected_signals,0,0,neutral_monitor,No transaction structure recommendation.,Neither axis currently crosses a review threshold.,[],Dual-axis research triage. M&A scores are not calibrated probabilities; risk scores are not findings of incompetence or fraud.
WVE,Wave Life Sciences Ltd. Ordinary Shares,69.62,157,moderate,54.54,100.0,52.4,0.0,0.0,0.0,0.0,limited_no_detected_signals,0,0,neutral_monitor,No transaction structure recommendation.,Neither axis currently crosses a review threshold.,[],Dual-axis research triage. M&A scores are not calibrated probabilities; risk scores are not findings of incompetence or fraud.
GLSI,Greenwich LifeSciences Inc. Common Stock,69.61,158,moderate,75.47,65.0,32.0,0.0,0.0,0.0,0.0,limited_no_detected_signals,0,0,neutral_monitor,No transaction structure recommendation.,Neither axis currently crosses a review threshold.,[],Dual-axis research triage. M&A scores are not calibrated probabilities; risk scores are not findings of incompetence or fraud.
ZLAB,Zai Lab Limited American Depositary Shares,69.46,159,moderate,59.71,90.0,52.4,0.0,0.0,0.0,0.0,limited_no_detected_signals,0,0,neutral_monitor,No transaction structure recommendation.,Neither axis currently crosses a review threshold.,[],Dual-axis research triage. M&A scores are not calibrated probabilities; risk scores are not findings of incompetence or fraud.
MAIA,MAIA Biotechnology Inc. Common Stock,69.43,160,moderate,74.06,65.0,44.0,0.0,0.0,0.0,0.0,limited_no_detected_signals,0,0,neutral_monitor,No transaction structure recommendation.,Neither axis currently crosses a review threshold.,[],Dual-axis research triage. M&A scores are not calibrated probabilities; risk scores are not findings of incompetence or fraud.
INSM,Insmed Incorporated Common Stock,69.39,161,moderate,81.06,50.0,56.0,0.0,0.0,0.0,0.0,limited_no_detected_signals,0,0,neutral_monitor,No transaction structure recommendation.,Neither axis currently crosses a review threshold.,[],Dual-axis research triage. M&A scores are not calibrated probabilities; risk scores are not findings of incompetence or fraud.
IMNM,Immunome Inc. Common Stock,69.33,162,moderate,59.15,90.0,56.0,0.0,0.0,0.0,0.0,limited_no_detected_signals,0,0,neutral_monitor,No transaction structure recommendation.,Neither axis currently crosses a review threshold.,[],Dual-axis research triage. M&A scores are not calibrated probabilities; risk scores are not findings of incompetence or fraud.
SLS,SELLAS Life Sciences Group Inc. Common Stock,69.33,163,moderate,60.24,90.0,44.0,0.0,0.0,0.0,0.0,limited_no_detected_signals,0,0,neutral_monitor,No transaction structure recommendation.,Neither axis currently crosses a review threshold.,[],Dual-axis research triage. M&A scores are not calibrated probabilities; risk scores are not findings of incompetence or fraud.
SABS,SAB Biotherapeutics Inc. Common Stock,69.27,164,moderate,53.59,100.0,56.0,0.0,0.0,0.0,0.0,limited_no_detected_signals,0,0,neutral_monitor,No transaction structure recommendation.,Neither axis currently crosses a review threshold.,[],Dual-axis research triage. M&A scores are not calibrated probabilities; risk scores are not findings of incompetence or fraud.
HURA,TuHURA Biosciences Inc. Common Stock,69.22,165,moderate,74.76,65.0,32.0,0.0,0.0,0.0,0.0,limited_no_detected_signals,0,0,neutral_monitor,No transaction structure recommendation.,Neither axis currently crosses a review threshold.,[],Dual-axis research triage. M&A scores are not calibrated probabilities; risk scores are not findings of incompetence or fraud.
ZURA,Zura Bio Limited Class A Ordinary Shares,69.21,166,moderate,53.48,100.0,56.0,0.0,0.0,0.0,0.0,limited_no_detected_signals,0,0,neutral_monitor,No transaction structure recommendation.,Neither axis currently crosses a review threshold.,[],Dual-axis research triage. M&A scores are not calibrated probabilities; risk scores are not findings of incompetence or fraud.
AMRX,Amneal Pharmaceuticals Inc. Class A Common Stock,69.17,167,moderate,72.31,72.0,56.0,0.0,0.0,0.0,0.0,limited_no_detected_signals,0,0,neutral_monitor,No transaction structure recommendation.,Neither axis currently crosses a review threshold.,[],Dual-axis research triage. M&A scores are not calibrated probabilities; risk scores are not findings of incompetence or fraud.
FTH,Faeth Therapeutics Inc. Common Stock,68.98,168,moderate,54.14,100.0,44.0,0.0,0.0,0.0,0.0,limited_no_detected_signals,0,0,neutral_monitor,No transaction structure recommendation.,Neither axis currently crosses a review threshold.,[],Dual-axis research triage. M&A scores are not calibrated probabilities; risk scores are not findings of incompetence or fraud.
CBIO,Crescent Biopharma Inc. Common Stock,68.9,169,moderate,55.09,100.0,32.0,0.0,0.0,0.0,0.0,limited_no_detected_signals,0,0,neutral_monitor,No transaction structure recommendation.,Neither axis currently crosses a review threshold.,[],Dual-axis research triage. M&A scores are not calibrated probabilities; risk scores are not findings of incompetence or fraud.
ENTA,Enanta Pharmaceuticals Inc. Common Stock,68.9,170,moderate,54.0,100.0,44.0,0.0,0.0,0.0,0.0,limited_no_detected_signals,0,0,neutral_monitor,No transaction structure recommendation.,Neither axis currently crosses a review threshold.,[],Dual-axis research triage. M&A scores are not calibrated probabilities; risk scores are not findings of incompetence or fraud.
PCVX,Vaxcyte Inc. Common Stock,68.83,171,moderate,71.68,72.0,56.0,0.0,0.0,0.0,0.0,limited_no_detected_signals,0,0,neutral_monitor,No transaction structure recommendation.,Neither axis currently crosses a review threshold.,[],Dual-axis research triage. M&A scores are not calibrated probabilities; risk scores are not findings of incompetence or fraud.
RXRX,Recursion Pharmaceuticals Inc. Class A Common Stock,68.82,172,moderate,53.86,100.0,44.0,0.0,0.0,0.0,0.0,limited_no_detected_signals,0,0,neutral_monitor,No transaction structure recommendation.,Neither axis currently crosses a review threshold.,[],Dual-axis research triage. M&A scores are not calibrated probabilities; risk scores are not findings of incompetence or fraud.
DERM,Journey Medical Corporation Common Stock,68.81,173,moderate,71.83,65.0,56.0,0.0,0.0,0.0,0.0,limited_no_detected_signals,0,0,neutral_monitor,No transaction structure recommendation.,Neither axis currently crosses a review threshold.,[],Dual-axis research triage. M&A scores are not calibrated probabilities; risk scores are not findings of incompetence or fraud.
AXSM,Axsome Therapeutics Inc. Common Stock,68.75,174,moderate,83.55,50.0,56.0,0.0,0.0,0.0,0.0,limited_no_detected_signals,0,0,neutral_monitor,No transaction structure recommendation.,Neither axis currently crosses a review threshold.,[],Dual-axis research triage. M&A scores are not calibrated probabilities; risk scores are not findings of incompetence or fraud.
MDGL,Madrigal Pharmaceuticals Inc. Common Stock,68.73,175,moderate,80.97,50.0,44.0,0.0,0.0,0.0,0.0,limited_no_detected_signals,0,0,neutral_monitor,No transaction structure recommendation.,Neither axis currently crosses a review threshold.,[],Dual-axis research triage. M&A scores are not calibrated probabilities; risk scores are not findings of incompetence or fraud.
CLYM,Climb Bio Inc. Common Stock,68.6,176,moderate,53.46,100.0,44.0,0.0,0.0,0.0,0.0,limited_no_detected_signals,0,0,neutral_monitor,No transaction structure recommendation.,Neither axis currently crosses a review threshold.,[],Dual-axis research triage. M&A scores are not calibrated probabilities; risk scores are not findings of incompetence or fraud.
TECX,Tectonic Therapeutic Inc. Common Stock,68.6,177,moderate,53.46,100.0,44.0,0.0,0.0,0.0,0.0,limited_no_detected_signals,0,0,neutral_monitor,No transaction structure recommendation.,Neither axis currently crosses a review threshold.,[],Dual-axis research triage. M&A scores are not calibrated probabilities; risk scores are not findings of incompetence or fraud.
FATE,Fate Therapeutics Inc. Common Stock,68.59,178,moderate,52.35,100.0,56.0,0.0,0.0,0.0,0.0,limited_no_detected_signals,0,0,neutral_monitor,No transaction structure recommendation.,Neither axis currently crosses a review threshold.,[],Dual-axis research triage. M&A scores are not calibrated probabilities; risk scores are not findings of incompetence or fraud.
XNCR,Xencor Inc. Common Stock,68.36,179,moderate,51.93,100.0,56.0,0.0,0.0,0.0,0.0,limited_no_detected_signals,0,0,neutral_monitor,No transaction structure recommendation.,Neither axis currently crosses a review threshold.,[],Dual-axis research triage. M&A scores are not calibrated probabilities; risk scores are not findings of incompetence or fraud.
EPRX,Eupraxia Pharmaceuticals Inc. Common Stock,68.15,180,moderate,53.72,100.0,32.0,0.0,0.0,0.0,0.0,limited_no_detected_signals,0,0,neutral_monitor,No transaction structure recommendation.,Neither axis currently crosses a review threshold.,[],Dual-axis research triage. M&A scores are not calibrated probabilities; risk scores are not findings of incompetence or fraud.
SRRK,Scholar Rock Holding Corporation Common Stock,68.15,181,moderate,67.91,72.0,44.0,0.0,0.0,0.0,0.0,limited_no_detected_signals,0,0,neutral_monitor,No transaction structure recommendation.,Neither axis currently crosses a review threshold.,[],Dual-axis research triage. M&A scores are not calibrated probabilities; risk scores are not findings of incompetence or fraud.
CRDL,Cardiol Therapeutics Inc. Class A Common Shares,68.04,182,moderate,72.62,65.0,32.0,0.0,0.0,0.0,0.0,limited_no_detected_signals,0,0,neutral_monitor,No transaction structure recommendation.,Neither axis currently crosses a review threshold.,[],Dual-axis research triage. M&A scores are not calibrated probabilities; risk scores are not findings of incompetence or fraud.
PBLS,Parabilis Medicines Inc. Common Stock,67.88,183,moderate,57.6,90.0,44.0,0.0,0.0,0.0,0.0,limited_no_detected_signals,0,0,neutral_monitor,No transaction structure recommendation.,Neither axis currently crosses a review threshold.,[],Dual-axis research triage. M&A scores are not calibrated probabilities; risk scores are not findings of incompetence or fraud.
BMRN,BioMarin Pharmaceutical Inc. Common Stock,67.74,184,moderate,81.72,50.0,56.0,0.0,0.0,0.0,0.0,limited_no_detected_signals,0,0,neutral_monitor,No transaction structure recommendation.,Neither axis currently crosses a review threshold.,[],Dual-axis research triage. M&A scores are not calibrated probabilities; risk scores are not findings of incompetence or fraud.
JBIO,Jade Biosciences Inc. Common Stock,67.69,185,moderate,51.79,100.0,44.0,0.0,0.0,0.0,0.0,limited_no_detected_signals,0,0,neutral_monitor,No transaction structure recommendation.,Neither axis currently crosses a review threshold.,[],Dual-axis research triage. M&A scores are not calibrated probabilities; risk scores are not findings of incompetence or fraud.
OPK,OPKO Health Inc. Common Stock,67.68,186,moderate,51.78,100.0,44.0,0.0,0.0,0.0,0.0,limited_no_detected_signals,0,0,neutral_monitor,No transaction structure recommendation.,Neither axis currently crosses a review threshold.,[],Dual-axis research triage. M&A scores are not calibrated probabilities; risk scores are not findings of incompetence or fraud.
ARWR,Arrowhead Pharmaceuticals Inc. Common Stock,67.55,187,moderate,81.36,50.0,56.0,0.0,0.0,0.0,0.0,limited_no_detected_signals,0,0,neutral_monitor,No transaction structure recommendation.,Neither axis currently crosses a review threshold.,[],Dual-axis research triage. M&A scores are not calibrated probabilities; risk scores are not findings of incompetence or fraud.
ACRS,Aclaris Therapeutics Inc. Common Stock,67.54,188,moderate,52.62,100.0,32.0,0.0,0.0,0.0,0.0,limited_no_detected_signals,0,0,neutral_monitor,No transaction structure recommendation.,Neither axis currently crosses a review threshold.,[],Dual-axis research triage. M&A scores are not calibrated probabilities; risk scores are not findings of incompetence or fraud.
IRD,Opus Genetics Inc. Common Stock,67.48,189,moderate,50.33,100.0,56.0,0.0,0.0,0.0,0.0,limited_no_detected_signals,0,0,neutral_monitor,No transaction structure recommendation.,Neither axis currently crosses a review threshold.,[],Dual-axis research triage. M&A scores are not calibrated probabilities; risk scores are not findings of incompetence or fraud.
ALDX,Aldeyra Therapeutics Inc. Common Stock,67.25,190,moderate,70.09,65.0,44.0,0.0,0.0,0.0,0.0,limited_no_detected_signals,0,0,neutral_monitor,No transaction structure recommendation.,Neither axis currently crosses a review threshold.,[],Dual-axis research triage. M&A scores are not calibrated probabilities; risk scores are not findings of incompetence or fraud.
DRUG,Bright Minds Biosciences Inc. Common Stock,67.21,191,moderate,52.12,100.0,30.8,0.0,0.0,0.0,0.0,limited_no_detected_signals,0,0,neutral_monitor,No transaction structure recommendation.,Neither axis currently crosses a review threshold.,[],Dual-axis research triage. M&A scores are not calibrated probabilities; risk scores are not findings of incompetence or fraud.
UTHR,United Therapeutics Corporation Common Stock,67.14,192,moderate,76.99,50.0,56.0,0.0,0.0,0.0,0.0,limited_no_detected_signals,0,0,neutral_monitor,No transaction structure recommendation.,Neither axis currently crosses a review threshold.,[],Dual-axis research triage. M&A scores are not calibrated probabilities; risk scores are not findings of incompetence or fraud.
RCKT,Rocket Pharmaceuticals Inc. Common Stock,67.13,193,moderate,49.69,100.0,56.0,0.0,0.0,0.0,0.0,limited_no_detected_signals,0,0,neutral_monitor,No transaction structure recommendation.,Neither axis currently crosses a review threshold.,[],Dual-axis research triage. M&A scores are not calibrated probabilities; risk scores are not findings of incompetence or fraud.
ANAB,AnaptysBio Inc. Common Stock,67.02,194,moderate,51.68,100.0,32.0,0.0,0.0,0.0,0.0,limited_no_detected_signals,0,0,neutral_monitor,No transaction structure recommendation.,Neither axis currently crosses a review threshold.,[],Dual-axis research triage. M&A scores are not calibrated probabilities; risk scores are not findings of incompetence or fraud.
LXEO,Lexeo Therapeutics Inc. Common Stock,66.91,195,moderate,49.29,100.0,56.0,0.0,0.0,0.0,0.0,limited_no_detected_signals,0,0,neutral_monitor,No transaction structure recommendation.,Neither axis currently crosses a review threshold.,[],Dual-axis research triage. M&A scores are not calibrated probabilities; risk scores are not findings of incompetence or fraud.
CLLS,Cellectis S.A. American Depositary Shares,66.9,196,moderate,49.26,100.0,56.0,0.0,0.0,0.0,0.0,limited_no_detected_signals,0,0,neutral_monitor,No transaction structure recommendation.,Neither axis currently crosses a review threshold.,[],Dual-axis research triage. M&A scores are not calibrated probabilities; risk scores are not findings of incompetence or fraud.
ELDN,Eledon Pharmaceuticals Inc. Common Stock,66.61,197,moderate,50.93,100.0,32.0,0.0,0.0,0.0,0.0,limited_no_detected_signals,0,0,neutral_monitor,No transaction structure recommendation.,Neither axis currently crosses a review threshold.,[],Dual-axis research triage. M&A scores are not calibrated probabilities; risk scores are not findings of incompetence or fraud.
MDWD,MediWound Ltd. Ordinary Shares,66.55,198,moderate,67.74,65.0,56.0,0.0,0.0,0.0,0.0,limited_no_detected_signals,0,0,neutral_monitor,No transaction structure recommendation.,Neither axis currently crosses a review threshold.,[],Dual-axis research triage. M&A scores are not calibrated probabilities; risk scores are not findings of incompetence or fraud.
TNGX,Tango Therapeutics Inc.,66.28,199,moderate,53.6,90.0,56.0,0.0,0.0,0.0,0.0,limited_no_detected_signals,0,0,neutral_monitor,No transaction structure recommendation.,Neither axis currently crosses a review threshold.,[],Dual-axis research triage. M&A scores are not calibrated probabilities; risk scores are not findings of incompetence or fraud.
QTTB,Q32 Bio Inc. Common Stock,66.25,200,moderate,49.19,100.0,44.0,0.0,0.0,0.0,0.0,limited_no_detected_signals,0,0,neutral_monitor,No transaction structure recommendation.,Neither axis currently crosses a review threshold.,[],Dual-axis research triage. M&A scores are not calibrated probabilities; risk scores are not findings of incompetence or fraud.
CGEM,Cullinan Therapeutics Inc. Common Stock,66.24,201,moderate,48.07,100.0,56.0,0.0,0.0,0.0,0.0,limited_no_detected_signals,0,0,neutral_monitor,No transaction structure recommendation.,Neither axis currently crosses a review threshold.,[],Dual-axis research triage. M&A scores are not calibrated probabilities; risk scores are not findings of incompetence or fraud.
PGEN,Precigen Inc. Common Stock,66.22,202,moderate,48.03,100.0,56.0,0.0,0.0,0.0,0.0,limited_no_detected_signals,0,0,neutral_monitor,No transaction structure recommendation.,Neither axis currently crosses a review threshold.,[],Dual-axis research triage. M&A scores are not calibrated probabilities; risk scores are not findings of incompetence or fraud.
RNAC,Cartesian Therapeutics Inc. Common Stock,66.06,203,moderate,67.93,65.0,44.0,0.0,0.0,0.0,0.0,limited_no_detected_signals,0,0,neutral_monitor,No transaction structure recommendation.,Neither axis currently crosses a review threshold.,[],Dual-axis research triage. M&A scores are not calibrated probabilities; risk scores are not findings of incompetence or fraud.
DSGN,Design Therapeutics Inc. Common Stock,65.93,204,moderate,48.6,100.0,44.0,0.0,0.0,0.0,0.0,limited_no_detected_signals,0,0,neutral_monitor,No transaction structure recommendation.,Neither axis currently crosses a review threshold.,[],Dual-axis research triage. M&A scores are not calibrated probabilities; risk scores are not findings of incompetence or fraud.
FBRX,Forte Biosciences Inc. Common Stock,65.88,205,moderate,47.41,100.0,56.0,0.0,0.0,0.0,0.0,limited_no_detected_signals,0,0,neutral_monitor,No transaction structure recommendation.,Neither axis currently crosses a review threshold.,[],Dual-axis research triage. M&A scores are not calibrated probabilities; risk scores are not findings of incompetence or fraud.
ADCT,ADC Therapeutics SA Common Shares,65.85,206,moderate,67.65,65.0,42.8,0.0,0.0,0.0,0.0,limited_no_detected_signals,0,0,neutral_monitor,No transaction structure recommendation.,Neither axis currently crosses a review threshold.,[],Dual-axis research triage. M&A scores are not calibrated probabilities; risk scores are not findings of incompetence or fraud.
EWTX,Edgewise Therapeutics Inc. Common Stock,65.8,207,moderate,56.37,90.0,56.0,0.0,0.0,0.0,0.0,limited_no_detected_signals,0,0,neutral_monitor,No transaction structure recommendation.,Neither axis currently crosses a review threshold.,[],Dual-axis research triage. M&A scores are not calibrated probabilities; risk scores are not findings of incompetence or fraud.
ARVN,Arvinas Inc. Common Stock,65.71,208,moderate,48.19,100.0,44.0,0.0,0.0,0.0,0.0,limited_no_detected_signals,0,0,neutral_monitor,No transaction structure recommendation.,Neither axis currently crosses a review threshold.,[],Dual-axis research triage. M&A scores are not calibrated probabilities; risk scores are not findings of incompetence or fraud.
SIGA,SIGA Technologies Inc. Common Stock,65.68,209,moderate,66.15,65.0,56.0,0.0,0.0,0.0,0.0,limited_no_detected_signals,0,0,neutral_monitor,No transaction structure recommendation.,Neither axis currently crosses a review threshold.,[],Dual-axis research triage. M&A scores are not calibrated probabilities; risk scores are not findings of incompetence or fraud.
SYRE,Spyre Therapeutics Inc. Common Stock,65.68,210,moderate,62.33,72.0,56.0,0.0,0.0,0.0,0.0,limited_no_detected_signals,0,0,neutral_monitor,No transaction structure recommendation.,Neither axis currently crosses a review threshold.,[],Dual-axis research triage. M&A scores are not calibrated probabilities; risk scores are not findings of incompetence or fraud.
SMMT,Summit Therapeutics Inc. Common Stock ,65.55,211,moderate,75.19,50.0,44.0,0.0,0.0,0.0,0.0,limited_no_detected_signals,0,0,neutral_monitor,No transaction structure recommendation.,Neither axis currently crosses a review threshold.,[],Dual-axis research triage. M&A scores are not calibrated probabilities; risk scores are not findings of incompetence or fraud.
PLYX,Polaryx Therapeutics Inc. Common Stock,65.54,212,moderate,68.07,65.0,32.0,0.0,0.0,0.0,0.0,limited_no_detected_signals,0,0,neutral_monitor,No transaction structure recommendation.,Neither axis currently crosses a review threshold.,[],Dual-axis research triage. M&A scores are not calibrated probabilities; risk scores are not findings of incompetence or fraud.
BNTC,Benitec Biopharma Inc. Common Stock,65.48,213,moderate,46.69,100.0,56.0,0.0,0.0,0.0,0.0,limited_no_detected_signals,0,0,neutral_monitor,No transaction structure recommendation.,Neither axis currently crosses a review threshold.,[],Dual-axis research triage. M&A scores are not calibrated probabilities; risk scores are not findings of incompetence or fraud.
ERAS,Erasca Inc. Common Stock,65.44,214,moderate,61.88,72.0,56.0,0.0,0.0,0.0,0.0,limited_no_detected_signals,0,0,neutral_monitor,No transaction structure recommendation.,Neither axis currently crosses a review threshold.,[],Dual-axis research triage. M&A scores are not calibrated probabilities; risk scores are not findings of incompetence or fraud.
ABEO,Abeona Therapeutics Inc. Common Stock,65.1,215,moderate,46.01,100.0,56.0,0.0,0.0,0.0,0.0,limited_no_detected_signals,0,0,neutral_monitor,No transaction structure recommendation.,Neither axis currently crosses a review threshold.,[],Dual-axis research triage. M&A scores are not calibrated probabilities; risk scores are not findings of incompetence or fraud.
BNTX,BioNTech SE American Depositary Share,64.91,216,moderate,76.57,50.0,56.0,0.0,0.0,0.0,0.0,limited_no_detected_signals,0,0,neutral_monitor,No transaction structure recommendation.,Neither axis currently crosses a review threshold.,[],Dual-axis research triage. M&A scores are not calibrated probabilities; risk scores are not findings of incompetence or fraud.
SPRB,Spruce Biosciences Inc. Common Stock,64.72,217,moderate,66.58,65.0,32.0,0.0,0.0,0.0,0.0,limited_no_detected_signals,0,0,neutral_monitor,No transaction structure recommendation.,Neither axis currently crosses a review threshold.,[],Dual-axis research triage. M&A scores are not calibrated probabilities; risk scores are not findings of incompetence or fraud.
AKTS,Aktis Oncology Inc. Common stock,64.59,218,moderate,45.07,100.0,56.0,0.0,0.0,0.0,0.0,limited_no_detected_signals,0,0,neutral_monitor,No transaction structure recommendation.,Neither axis currently crosses a review threshold.,[],Dual-axis research triage. M&A scores are not calibrated probabilities; risk scores are not findings of incompetence or fraud.
ORIC,Oric Pharmaceuticals Inc. Common Stock,64.54,219,moderate,48.63,100.0,56.0,0.0,0.0,0.0,0.0,limited_no_detected_signals,0,0,neutral_monitor,No transaction structure recommendation.,Neither axis currently crosses a review threshold.,[],Dual-axis research triage. M&A scores are not calibrated probabilities; risk scores are not findings of incompetence or fraud.
ABCL,AbCellera Biologics Inc. Common Shares,64.33,220,moderate,45.69,100.0,44.0,0.0,0.0,0.0,0.0,limited_no_detected_signals,0,0,neutral_monitor,No transaction structure recommendation.,Neither axis currently crosses a review threshold.,[],Dual-axis research triage. M&A scores are not calibrated probabilities; risk scores are not findings of incompetence or fraud.
BEAM,Beam Therapeutics Inc. Common Stock,64.29,221,moderate,49.98,90.0,56.0,0.0,0.0,0.0,0.0,limited_no_detected_signals,0,0,neutral_monitor,No transaction structure recommendation.,Neither axis currently crosses a review threshold.,[],Dual-axis research triage. M&A scores are not calibrated probabilities; risk scores are not findings of incompetence or fraud.
HUMA,Humacyte Inc. Common Stock,64.19,222,moderate,64.54,65.0,44.0,0.0,0.0,0.0,0.0,limited_no_detected_signals,0,0,neutral_monitor,No transaction structure recommendation.,Neither axis currently crosses a review threshold.,[],Dual-axis research triage. M&A scores are not calibrated probabilities; risk scores are not findings of incompetence or fraud.
GLUE,Monte Rosa Therapeutics Inc. Common Stock,64.11,223,moderate,50.75,90.0,44.0,0.0,0.0,0.0,0.0,limited_no_detected_signals,0,0,neutral_monitor,No transaction structure recommendation.,Neither axis currently crosses a review threshold.,[],Dual-axis research triage. M&A scores are not calibrated probabilities; risk scores are not findings of incompetence or fraud.
CTMX,CytomX Therapeutics Inc. Common Stock,63.99,224,moderate,45.06,100.0,44.0,0.0,0.0,0.0,0.0,limited_no_detected_signals,0,0,neutral_monitor,No transaction structure recommendation.,Neither axis currently crosses a review threshold.,[],Dual-axis research triage. M&A scores are not calibrated probabilities; risk scores are not findings of incompetence or fraud.
EXEL,Exelixis Inc. Common Stock,63.99,225,moderate,74.89,50.0,56.0,0.0,0.0,0.0,0.0,limited_no_detected_signals,0,0,neutral_monitor,No transaction structure recommendation.,Neither axis currently crosses a review threshold.,[],Dual-axis research triage. M&A scores are not calibrated probabilities; risk scores are not findings of incompetence or fraud.
KRYS,Krystal Biotech Inc. Common Stock,63.95,226,moderate,62.82,72.0,56.0,0.0,0.0,0.0,0.0,limited_no_detected_signals,0,0,neutral_monitor,No transaction structure recommendation.,Neither axis currently crosses a review threshold.,[],Dual-axis research triage. M&A scores are not calibrated probabilities; risk scores are not findings of incompetence or fraud.
STRO,Sutro Biopharma Inc. Common Stock,63.64,227,moderate,45.53,100.0,32.0,0.0,0.0,0.0,0.0,limited_no_detected_signals,0,0,neutral_monitor,No transaction structure recommendation.,Neither axis currently crosses a review threshold.,[],Dual-axis research triage. M&A scores are not calibrated probabilities; risk scores are not findings of incompetence or fraud.
MNOV,Medicinova Inc Common Stock,63.61,228,moderate,63.46,65.0,44.0,0.0,0.0,0.0,0.0,limited_no_detected_signals,0,0,neutral_monitor,No transaction structure recommendation.,Neither axis currently crosses a review threshold.,[],Dual-axis research triage. M&A scores are not calibrated probabilities; risk scores are not findings of incompetence or fraud.
GHRS,GH Research PLC Ordinary Shares,63.58,229,moderate,45.53,100.0,30.8,0.0,0.0,0.0,0.0,limited_no_detected_signals,0,0,neutral_monitor,No transaction structure recommendation.,Neither axis currently crosses a review threshold.,[],Dual-axis research triage. M&A scores are not calibrated probabilities; risk scores are not findings of incompetence or fraud.
ORKA,Oruka Therapeutics Inc. Common Stock,63.51,230,moderate,58.38,72.0,56.0,0.0,0.0,0.0,0.0,limited_no_detected_signals,0,0,neutral_monitor,No transaction structure recommendation.,Neither axis currently crosses a review threshold.,[],Dual-axis research triage. M&A scores are not calibrated probabilities; risk scores are not findings of incompetence or fraud.
ONC,BeOne Medicines Ltd. American Depositary Shares,63.5,231,moderate,85.13,30.0,53.6,0.0,0.0,0.0,0.0,limited_no_detected_signals,0,0,neutral_monitor,No transaction structure recommendation.,Neither axis currently crosses a review threshold.,[],Dual-axis research triage. M&A scores are not calibrated probabilities; risk scores are not findings of incompetence or fraud.
SEPN,Septerna Inc. Common Stock,63.4,232,moderate,45.09,100.0,32.0,0.0,0.0,0.0,0.0,limited_no_detected_signals,0,0,neutral_monitor,No transaction structure recommendation.,Neither axis currently crosses a review threshold.,[],Dual-axis research triage. M&A scores are not calibrated probabilities; risk scores are not findings of incompetence or fraud.
SLGL,Sol-Gel Technologies Ltd. Ordinary Shares,63.34,233,moderate,62.99,65.0,44.0,0.0,0.0,0.0,0.0,limited_no_detected_signals,0,0,neutral_monitor,No transaction structure recommendation.,Neither axis currently crosses a review threshold.,[],Dual-axis research triage. M&A scores are not calibrated probabilities; risk scores are not findings of incompetence or fraud.
BIIB,Biogen Inc. Common Stock,63.25,234,moderate,84.46,30.0,56.0,0.0,0.0,0.0,0.0,limited_no_detected_signals,0,0,neutral_monitor,No transaction structure recommendation.,Neither axis currently crosses a review threshold.,[],Dual-axis research triage. M&A scores are not calibrated probabilities; risk scores are not findings of incompetence or fraud.
PRLD,Prelude Therapeutics Incorporated Common Stock,63.06,235,moderate,44.48,100.0,32.0,0.0,0.0,0.0,0.0,limited_no_detected_signals,0,0,neutral_monitor,No transaction structure recommendation.,Neither axis currently crosses a review threshold.,[],Dual-axis research triage. M&A scores are not calibrated probabilities; risk scores are not findings of incompetence or fraud.
JANX,Janux Therapeutics Inc. Common Stock,62.99,236,moderate,42.16,100.0,56.0,0.0,0.0,0.0,0.0,limited_no_detected_signals,0,0,neutral_monitor,No transaction structure recommendation.,Neither axis currently crosses a review threshold.,[],Dual-axis research triage. M&A scores are not calibrated probabilities; risk scores are not findings of incompetence or fraud.
ASND,Ascendis Pharma A/S Ordinary Share,62.92,237,moderate,73.05,50.0,54.8,0.0,0.0,0.0,0.0,limited_no_detected_signals,0,0,neutral_monitor,No transaction structure recommendation.,Neither axis currently crosses a review threshold.,[],Dual-axis research triage. M&A scores are not calibrated probabilities; risk scores are not findings of incompetence or fraud.
IMUX,Immunic Inc. Common Stock,62.81,238,moderate,60.93,65.0,56.0,0.0,0.0,0.0,0.0,limited_no_detected_signals,0,0,neutral_monitor,No transaction structure recommendation.,Neither axis currently crosses a review threshold.,[],Dual-axis research triage. M&A scores are not calibrated probabilities; risk scores are not findings of incompetence or fraud.
NVCT,Nuvectis Pharma Inc. Common Stock,62.8,239,moderate,42.9,100.0,44.0,0.0,0.0,0.0,0.0,limited_no_detected_signals,0,0,neutral_monitor,No transaction structure recommendation.,Neither axis currently crosses a review threshold.,[],Dual-axis research triage. M&A scores are not calibrated probabilities; risk scores are not findings of incompetence or fraud.
ALNY,Alnylam Pharmaceuticals Inc. Common Stock,62.67,240,moderate,83.41,30.0,56.0,0.0,0.0,0.0,0.0,limited_no_detected_signals,0,0,neutral_monitor,No transaction structure recommendation.,Neither axis currently crosses a review threshold.,[],Dual-axis research triage. M&A scores are not calibrated probabilities; risk scores are not findings of incompetence or fraud.
INDP,Indaptus Therapeutics Inc. Common Stock,62.67,241,moderate,43.76,100.0,32.0,0.0,0.0,0.0,0.0,limited_no_detected_signals,0,0,neutral_monitor,No transaction structure recommendation.,Neither axis currently crosses a review threshold.,[],Dual-axis research triage. M&A scores are not calibrated probabilities; risk scores are not findings of incompetence or fraud.
SDGR,Schrodinger Inc. Common Stock,62.67,242,moderate,42.66,100.0,44.0,0.0,0.0,0.0,0.0,limited_no_detected_signals,0,0,neutral_monitor,No transaction structure recommendation.,Neither axis currently crosses a review threshold.,[],Dual-axis research triage. M&A scores are not calibrated probabilities; risk scores are not findings of incompetence or fraud.
CPIX,Cumberland Pharmaceuticals Inc. Common Stock,62.39,243,moderate,60.16,65.0,56.0,0.0,0.0,0.0,0.0,limited_no_detected_signals,0,0,neutral_monitor,No transaction structure recommendation.,Neither axis currently crosses a review threshold.,[],Dual-axis research triage. M&A scores are not calibrated probabilities; risk scores are not findings of incompetence or fraud.
KYMR,Kymera Therapeutics Inc. Common Stock,62.16,244,moderate,57.01,72.0,44.0,0.0,0.0,0.0,0.0,limited_no_detected_signals,0,0,neutral_monitor,No transaction structure recommendation.,Neither axis currently crosses a review threshold.,[],Dual-axis research triage. M&A scores are not calibrated probabilities; risk scores are not findings of incompetence or fraud.
SION,Sionna Therapeutics Inc. Common Stock,62.03,245,moderate,45.87,90.0,56.0,0.0,0.0,0.0,0.0,limited_no_detected_signals,0,0,neutral_monitor,No transaction structure recommendation.,Neither axis currently crosses a review threshold.,[],Dual-axis research triage. M&A scores are not calibrated probabilities; risk scores are not findings of incompetence or fraud.
ANL,Adlai Nortye Ltd. American Depositary Shares,62.0,246,moderate,44.33,100.0,52.4,0.0,0.0,0.0,0.0,limited_no_detected_signals,0,0,neutral_monitor,No transaction structure recommendation.,Neither axis currently crosses a review threshold.,[],Dual-axis research triage. M&A scores are not calibrated probabilities; risk scores are not findings of incompetence or fraud.
TCRX,TScan Therapeutics Inc. Common Stock,61.94,247,moderate,62.99,65.0,56.0,0.0,0.0,0.0,0.0,limited_no_detected_signals,0,0,neutral_monitor,No transaction structure recommendation.,Neither axis currently crosses a review threshold.,[],Dual-axis research triage. M&A scores are not calibrated probabilities; risk scores are not findings of incompetence or fraud.
LCTX,Lineage Cell Therapeutics Inc. Common Stock,61.21,248,moderate,41.11,100.0,32.0,0.0,0.0,0.0,0.0,limited_no_detected_signals,0,0,neutral_monitor,No transaction structure recommendation.,Neither axis currently crosses a review threshold.,[],Dual-axis research triage. M&A scores are not calibrated probabilities; risk scores are not findings of incompetence or fraud.
TNXP,Tonix Pharmaceuticals Holding Corp. Common Stock,61.13,249,moderate,57.87,65.0,56.0,0.0,0.0,0.0,0.0,limited_no_detected_signals,0,0,neutral_monitor,No transaction structure recommendation.,Neither axis currently crosses a review threshold.,[],Dual-axis research triage. M&A scores are not calibrated probabilities; risk scores are not findings of incompetence or fraud.
PRME,Prime Medicine Inc. Common Stock,60.8,250,moderate,40.36,100.0,32.0,0.0,0.0,0.0,0.0,limited_no_detected_signals,0,0,neutral_monitor,No transaction structure recommendation.,Neither axis currently crosses a review threshold.,[],Dual-axis research triage. M&A scores are not calibrated probabilities; risk scores are not findings of incompetence or fraud.
PTGX,Protagonist Therapeutics Inc. Common Stock,60.44,251,moderate,52.8,72.0,56.0,0.0,0.0,0.0,0.0,limited_no_detected_signals,0,0,neutral_monitor,No transaction structure recommendation.,Neither axis currently crosses a review threshold.,[],Dual-axis research triage. M&A scores are not calibrated probabilities; risk scores are not findings of incompetence or fraud.
ELVN,Enliven Therapeutics Inc. Common Stock,60.35,252,moderate,42.82,90.0,56.0,0.0,0.0,0.0,0.0,limited_no_detected_signals,0,0,neutral_monitor,No transaction structure recommendation.,Neither axis currently crosses a review threshold.,[],Dual-axis research triage. M&A scores are not calibrated probabilities; risk scores are not findings of incompetence or fraud.
MSLE,Satellos Bioscience Inc. Common Stock,60.28,253,moderate,58.5,65.0,32.0,0.0,0.0,0.0,0.0,limited_no_detected_signals,0,0,neutral_monitor,No transaction structure recommendation.,Neither axis currently crosses a review threshold.,[],Dual-axis research triage. M&A scores are not calibrated probabilities; risk scores are not findings of incompetence or fraud.
PEPG,PepGen Inc. Common Stock,60.23,254,moderate,58.41,65.0,32.0,0.0,0.0,0.0,0.0,limited_no_detected_signals,0,0,neutral_monitor,No transaction structure recommendation.,Neither axis currently crosses a review threshold.,[],Dual-axis research triage. M&A scores are not calibrated probabilities; risk scores are not findings of incompetence or fraud.
EDIT,Editas Medicine Inc. Common Stock,60.22,255,moderate,39.31,100.0,32.0,0.0,0.0,0.0,0.0,limited_no_detected_signals,0,0,neutral_monitor,No transaction structure recommendation.,Neither axis currently crosses a review threshold.,[],Dual-axis research triage. M&A scores are not calibrated probabilities; risk scores are not findings of incompetence or fraud.
LLY,Eli Lilly and Company Common Stock,60.21,256,moderate,88.74,12.0,56.0,0.0,0.0,0.0,0.0,limited_no_detected_signals,0,0,neutral_monitor,No transaction structure recommendation.,Neither axis currently crosses a review threshold.,[],Dual-axis research triage. M&A scores are not calibrated probabilities; risk scores are not findings of incompetence or fraud.
STTK,Shattuck Labs Inc. Common Stock,60.04,257,moderate,38.99,100.0,32.0,0.0,0.0,0.0,0.0,limited_no_detected_signals,0,0,neutral_monitor,No transaction structure recommendation.,Neither axis currently crosses a review threshold.,[],Dual-axis research triage. M&A scores are not calibrated probabilities; risk scores are not findings of incompetence or fraud.
CRSP,CRISPR Therapeutics AG Common Shares,59.98,258,moderate,44.32,90.0,32.0,0.0,0.0,0.0,0.0,limited_no_detected_signals,0,0,neutral_monitor,No transaction structure recommendation.,Neither axis currently crosses a review threshold.,[],Dual-axis research triage. M&A scores are not calibrated probabilities; risk scores are not findings of incompetence or fraud.
COYA,Coya Therapeutics Inc. Common Stock,59.87,259,moderate,57.76,65.0,32.0,0.0,0.0,0.0,0.0,limited_no_detected_signals,0,0,neutral_monitor,No transaction structure recommendation.,Neither axis currently crosses a review threshold.,[],Dual-axis research triage. M&A scores are not calibrated probabilities; risk scores are not findings of incompetence or fraud.
RNTX,Rein Therapeutics Inc. Common Stock,59.87,260,moderate,57.76,65.0,32.0,0.0,0.0,0.0,0.0,limited_no_detected_signals,0,0,neutral_monitor,No transaction structure recommendation.,Neither axis currently crosses a review threshold.,[],Dual-axis research triage. M&A scores are not calibrated probabilities; risk scores are not findings of incompetence or fraud.
NVO,Novo Nordisk A/S Common Stock,59.73,261,moderate,88.09,12.0,53.6,0.0,0.0,0.0,0.0,limited_no_detected_signals,0,0,neutral_monitor,No transaction structure recommendation.,Neither axis currently crosses a review threshold.,[],Dual-axis research triage. M&A scores are not calibrated probabilities; risk scores are not findings of incompetence or fraud.
INKT,MiNK Therapeutics Inc. Common Stock,59.63,262,moderate,57.32,65.0,32.0,0.0,0.0,0.0,0.0,limited_no_detected_signals,0,0,neutral_monitor,No transaction structure recommendation.,Neither axis currently crosses a review threshold.,[],Dual-axis research triage. M&A scores are not calibrated probabilities; risk scores are not findings of incompetence or fraud.
TLSA,Tiziana Life Sciences Ltd. Common Shares,59.46,263,moderate,54.84,65.0,56.0,0.0,0.0,0.0,0.0,limited_no_detected_signals,0,0,neutral_monitor,No transaction structure recommendation.,Neither axis currently crosses a review threshold.,[],Dual-axis research triage. M&A scores are not calibrated probabilities; risk scores are not findings of incompetence or fraud.
RCUS,Arcus Biosciences Inc. Common Stock,59.43,264,moderate,41.15,90.0,56.0,0.0,0.0,0.0,0.0,limited_no_detected_signals,0,0,neutral_monitor,No transaction structure recommendation.,Neither axis currently crosses a review threshold.,[],Dual-axis research triage. M&A scores are not calibrated probabilities; risk scores are not findings of incompetence or fraud.
IPHA,Innate Pharma S.A. ADS,59.42,265,moderate,55.09,65.0,52.4,0.0,0.0,0.0,0.0,limited_no_detected_signals,0,0,neutral_monitor,No transaction structure recommendation.,Neither axis currently crosses a review threshold.,[],Dual-axis research triage. M&A scores are not calibrated probabilities; risk scores are not findings of incompetence or fraud.
BDTX,Black Diamond Therapeutics Inc. Common Stock,59.28,266,moderate,55.61,65.0,44.0,0.0,0.0,0.0,0.0,limited_no_detected_signals,0,0,neutral_monitor,No transaction structure recommendation.,Neither axis currently crosses a review threshold.,[],Dual-axis research triage. M&A scores are not calibrated probabilities; risk scores are not findings of incompetence or fraud.
BMEA,Biomea Fusion Inc. Common Stock,59.04,267,moderate,54.08,65.0,56.0,0.0,0.0,0.0,0.0,limited_no_detected_signals,0,0,neutral_monitor,No transaction structure recommendation.,Neither axis currently crosses a review threshold.,[],Dual-axis research triage. M&A scores are not calibrated probabilities; risk scores are not findings of incompetence or fraud.
TRDA,Entrada Therapeutics Inc. Common Stock,59.04,268,moderate,55.17,65.0,44.0,0.0,0.0,0.0,0.0,limited_no_detected_signals,0,0,neutral_monitor,No transaction structure recommendation.,Neither axis currently crosses a review threshold.,[],Dual-axis research triage. M&A scores are not calibrated probabilities; risk scores are not findings of incompetence or fraud.
NTHI,NeOnc Technologies Holdings Inc. Common Stock,58.94,269,moderate,53.89,65.0,56.0,0.0,0.0,0.0,0.0,limited_no_detected_signals,0,0,neutral_monitor,No transaction structure recommendation.,Neither axis currently crosses a review threshold.,[],Dual-axis research triage. M&A scores are not calibrated probabilities; risk scores are not findings of incompetence or fraud.
ACRV,Acrivon Therapeutics Inc. Common Stock,58.9,270,moderate,54.9,65.0,44.0,0.0,0.0,0.0,0.0,limited_no_detected_signals,0,0,neutral_monitor,No transaction structure recommendation.,Neither axis currently crosses a review threshold.,[],Dual-axis research triage. M&A scores are not calibrated probabilities; risk scores are not findings of incompetence or fraud.
LEGN,Legend Biotech Corporation American Depositary Shares,58.87,271,moderate,40.45,90.0,52.4,0.0,0.0,0.0,0.0,limited_no_detected_signals,0,0,neutral_monitor,No transaction structure recommendation.,Neither axis currently crosses a review threshold.,[],Dual-axis research triage. M&A scores are not calibrated probabilities; risk scores are not findings of incompetence or fraud.
ONCY,Oncolytics Biotech Inc. Common Stock,58.79,272,moderate,54.71,65.0,44.0,0.0,0.0,0.0,0.0,limited_no_detected_signals,0,0,neutral_monitor,No transaction structure recommendation.,Neither axis currently crosses a review threshold.,[],Dual-axis research triage. M&A scores are not calibrated probabilities; risk scores are not findings of incompetence or fraud.
PFE,Pfizer Inc. Common Stock,58.68,273,moderate,85.97,12.0,56.0,0.0,0.0,0.0,0.0,limited_no_detected_signals,0,0,neutral_monitor,No transaction structure recommendation.,Neither axis currently crosses a review threshold.,[],Dual-axis research triage. M&A scores are not calibrated probabilities; risk scores are not findings of incompetence or fraud.
TEVA,Teva Pharmaceutical Industries Limited American Depositary Shares,58.56,274,moderate,74.47,30.0,32.0,0.0,0.0,0.0,0.0,limited_no_detected_signals,0,0,neutral_monitor,No transaction structure recommendation.,Neither axis currently crosses a review threshold.,[],Dual-axis research triage. M&A scores are not calibrated probabilities; risk scores are not findings of incompetence or fraud.
ABBV,AbbVie Inc. Common Stock,58.54,275,moderate,85.7,12.0,56.0,0.0,0.0,0.0,0.0,limited_no_detected_signals,0,0,neutral_monitor,No transaction structure recommendation.,Neither axis currently crosses a review threshold.,[],Dual-axis research triage. M&A scores are not calibrated probabilities; risk scores are not findings of incompetence or fraud.
BMY,Bristol-Myers Squibb Company Common Stock,58.41,276,moderate,85.47,12.0,56.0,0.0,0.0,0.0,0.0,limited_no_detected_signals,0,0,neutral_monitor,No transaction structure recommendation.,Neither axis currently crosses a review threshold.,[],Dual-axis research triage. M&A scores are not calibrated probabilities; risk scores are not findings of incompetence or fraud.
GILD,Gilead Sciences Inc. Common Stock,58.35,277,moderate,85.36,12.0,56.0,0.0,0.0,0.0,0.0,limited_no_detected_signals,0,0,neutral_monitor,No transaction structure recommendation.,Neither axis currently crosses a review threshold.,[],Dual-axis research triage. M&A scores are not calibrated probabilities; risk scores are not findings of incompetence or fraud.
VRTX,Vertex Pharmaceuticals Incorporated Common Stock,58.35,278,moderate,85.36,12.0,56.0,0.0,0.0,0.0,0.0,limited_no_detected_signals,0,0,neutral_monitor,No transaction structure recommendation.,Neither axis currently crosses a review threshold.,[],Dual-axis research triage. M&A scores are not calibrated probabilities; risk scores are not findings of incompetence or fraud.
MBRX,Moleculin Biotech Inc. Common Stock,58.29,279,moderate,75.62,25.0,44.0,0.0,0.0,0.0,0.0,limited_no_detected_signals,0,0,neutral_monitor,No transaction structure recommendation.,Neither axis currently crosses a review threshold.,[],Dual-axis research triage. M&A scores are not calibrated probabilities; risk scores are not findings of incompetence or fraud.
NKTX,Nkarta Inc. Common Stock,58.29,280,moderate,52.71,65.0,56.0,0.0,0.0,0.0,0.0,limited_no_detected_signals,0,0,neutral_monitor,No transaction structure recommendation.,Neither axis currently crosses a review threshold.,[],Dual-axis research triage. M&A scores are not calibrated probabilities; risk scores are not findings of incompetence or fraud.
AMGN,Amgen Inc. Common Stock,58.28,281,moderate,85.24,12.0,56.0,0.0,0.0,0.0,0.0,limited_no_detected_signals,0,0,neutral_monitor,No transaction structure recommendation.,Neither axis currently crosses a review threshold.,[],Dual-axis research triage. M&A scores are not calibrated probabilities; risk scores are not findings of incompetence or fraud.
RADX,Radiopharm Theranostics Limited American Depositary Shares,58.23,282,moderate,52.59,65.0,56.0,0.0,0.0,0.0,0.0,limited_no_detected_signals,0,0,neutral_monitor,No transaction structure recommendation.,Neither axis currently crosses a review threshold.,[],Dual-axis research triage. M&A scores are not calibrated probabilities; risk scores are not findings of incompetence or fraud.
XBIT,XBiotech Inc. Common Stock,58.09,283,moderate,53.44,65.0,44.0,0.0,0.0,0.0,0.0,limited_no_detected_signals,0,0,neutral_monitor,No transaction structure recommendation.,Neither axis currently crosses a review threshold.,[],Dual-axis research triage. M&A scores are not calibrated probabilities; risk scores are not findings of incompetence or fraud.
MOLN,Molecular Partners AG American Depositary Shares,58.08,284,moderate,52.33,65.0,56.0,0.0,0.0,0.0,0.0,limited_no_detected_signals,0,0,neutral_monitor,No transaction structure recommendation.,Neither axis currently crosses a review threshold.,[],Dual-axis research triage. M&A scores are not calibrated probabilities; risk scores are not findings of incompetence or fraud.
PALI,Palisade Bio Inc. Common Stock,58.08,285,moderate,35.42,100.0,32.0,0.0,0.0,0.0,0.0,limited_no_detected_signals,0,0,neutral_monitor,No transaction structure recommendation.,Neither axis currently crosses a review threshold.,[],Dual-axis research triage. M&A scores are not calibrated probabilities; risk scores are not findings of incompetence or fraud.
REGN,Regeneron Pharmaceuticals Inc. Common Stock,57.95,286,moderate,84.64,12.0,56.0,0.0,0.0,0.0,0.0,limited_no_detected_signals,0,0,neutral_monitor,No transaction structure recommendation.,Neither axis currently crosses a review threshold.,[],Dual-axis research triage. M&A scores are not calibrated probabilities; risk scores are not findings of incompetence or fraud.
ACIU,AC Immune SA Common Stock,57.64,287,moderate,55.16,65.0,56.0,0.0,0.0,0.0,0.0,limited_no_detected_signals,0,0,neutral_monitor,No transaction structure recommendation.,Neither axis currently crosses a review threshold.,[],Dual-axis research triage. M&A scores are not calibrated probabilities; risk scores are not findings of incompetence or fraud.
NVAX,Novavax Inc. Common Stock,57.56,288,moderate,34.47,100.0,32.0,0.0,0.0,0.0,0.0,limited_no_detected_signals,0,0,neutral_monitor,No transaction structure recommendation.,Neither axis currently crosses a review threshold.,[],Dual-axis research triage. M&A scores are not calibrated probabilities; risk scores are not findings of incompetence or fraud.
RVMD,Revolution Medicines Inc. Common Stock,57.51,289,moderate,74.01,30.0,56.0,0.0,0.0,0.0,0.0,limited_no_detected_signals,0,0,neutral_monitor,No transaction structure recommendation.,Neither axis currently crosses a review threshold.,[],Dual-axis research triage. M&A scores are not calibrated probabilities; risk scores are not findings of incompetence or fraud.
BFRI,Biofrontera Inc. Common Stock,57.48,290,moderate,74.14,25.0,44.0,0.0,0.0,0.0,0.0,limited_no_detected_signals,0,0,neutral_monitor,No transaction structure recommendation.,Neither axis currently crosses a review threshold.,[],Dual-axis research triage. M&A scores are not calibrated probabilities; risk scores are not findings of incompetence or fraud.
ARCT,Arcturus Therapeutics Holdings Inc. Common Stock,57.45,291,moderate,52.27,65.0,44.0,0.0,0.0,0.0,0.0,limited_no_detected_signals,0,0,neutral_monitor,No transaction structure recommendation.,Neither axis currently crosses a review threshold.,[],Dual-axis research triage. M&A scores are not calibrated probabilities; risk scores are not findings of incompetence or fraud.
PMVP,PMV Pharmaceuticals Inc. Common Stock,57.31,292,moderate,50.93,65.0,56.0,0.0,0.0,0.0,0.0,limited_no_detected_signals,0,0,neutral_monitor,No transaction structure recommendation.,Neither axis currently crosses a review threshold.,[],Dual-axis research triage. M&A scores are not calibrated probabilities; risk scores are not findings of incompetence or fraud.
SANA,Sana Biotechnology Inc. Common Stock,57.23,293,moderate,32.79,100.0,44.0,0.0,0.0,0.0,0.0,limited_no_detected_signals,0,0,neutral_monitor,No transaction structure recommendation.,Neither axis currently crosses a review threshold.,[],Dual-axis research triage. M&A scores are not calibrated probabilities; risk scores are not findings of incompetence or fraud.
KROS,Keros Therapeutics Inc. Common Stock,57.22,294,moderate,52.95,65.0,32.0,0.0,0.0,0.0,0.0,limited_no_detected_signals,0,0,neutral_monitor,No transaction structure recommendation.,Neither axis currently crosses a review threshold.,[],Dual-axis research triage. M&A scores are not calibrated probabilities; risk scores are not findings of incompetence or fraud.
AZN,AstraZeneca PLC Ordinary Shares,57.17,295,moderate,83.22,12.0,56.0,0.0,0.0,0.0,0.0,limited_no_detected_signals,0,0,neutral_monitor,No transaction structure recommendation.,Neither axis currently crosses a review threshold.,[],Dual-axis research triage. M&A scores are not calibrated probabilities; risk scores are not findings of incompetence or fraud.
CRDF,Cardiff Oncology Inc. Common Stock,57.04,296,moderate,52.62,65.0,32.0,0.0,0.0,0.0,0.0,limited_no_detected_signals,0,0,neutral_monitor,No transaction structure recommendation.,Neither axis currently crosses a review threshold.,[],Dual-axis research triage. M&A scores are not calibrated probabilities; risk scores are not findings of incompetence or fraud.
EBS,Emergent BioSolutions Inc. Common Stock,57.01,297,moderate,33.48,100.0,32.0,0.0,0.0,0.0,0.0,limited_no_detected_signals,0,0,neutral_monitor,No transaction structure recommendation.,Neither axis currently crosses a review threshold.,[],Dual-axis research triage. M&A scores are not calibrated probabilities; risk scores are not findings of incompetence or fraud.
CPHI,China Pharma Holdings Inc. Common Stock,56.9,298,moderate,52.48,65.0,30.8,0.0,0.0,0.0,0.0,limited_no_detected_signals,0,0,neutral_monitor,No transaction structure recommendation.,Neither axis currently crosses a review threshold.,[],Dual-axis research triage. M&A scores are not calibrated probabilities; risk scores are not findings of incompetence or fraud.
SNY,Sanofi ADS,56.7,299,moderate,82.37,12.0,56.0,0.0,0.0,0.0,0.0,limited_no_detected_signals,0,0,neutral_monitor,No transaction structure recommendation.,Neither axis currently crosses a review threshold.,[],Dual-axis research triage. M&A scores are not calibrated probabilities; risk scores are not findings of incompetence or fraud.
CHRS,Coherus Oncology Inc. Common Stock,56.66,300,moderate,49.75,65.0,56.0,0.0,0.0,0.0,0.0,limited_no_detected_signals,0,0,neutral_monitor,No transaction structure recommendation.,Neither axis currently crosses a review threshold.,[],Dual-axis research triage. M&A scores are not calibrated probabilities; risk scores are not findings of incompetence or fraud.
ARGX,argenx SE American Depositary Shares,56.52,301,moderate,82.04,12.0,56.0,0.0,0.0,0.0,0.0,limited_no_detected_signals,0,0,neutral_monitor,No transaction structure recommendation.,Neither axis currently crosses a review threshold.,[],Dual-axis research triage. M&A scores are not calibrated probabilities; risk scores are not findings of incompetence or fraud.
CGEN,Compugen Ltd. Ordinary Shares,56.51,302,moderate,50.56,65.0,44.0,0.0,0.0,0.0,0.0,limited_no_detected_signals,0,0,neutral_monitor,No transaction structure recommendation.,Neither axis currently crosses a review threshold.,[],Dual-axis research triage. M&A scores are not calibrated probabilities; risk scores are not findings of incompetence or fraud.
MNPR,Monopar Therapeutics Inc. Common Stock,56.45,303,moderate,31.36,100.0,44.0,0.0,0.0,0.0,0.0,limited_no_detected_signals,0,0,neutral_monitor,No transaction structure recommendation.,Neither axis currently crosses a review threshold.,[],Dual-axis research triage. M&A scores are not calibrated probabilities; risk scores are not findings of incompetence or fraud.
ARTV,Artiva Biotherapeutics Inc. Common Stock,56.29,304,moderate,50.16,65.0,44.0,0.0,0.0,0.0,0.0,limited_no_detected_signals,0,0,neutral_monitor,No transaction structure recommendation.,Neither axis currently crosses a review threshold.,[],Dual-axis research triage. M&A scores are not calibrated probabilities; risk scores are not findings of incompetence or fraud.
PYXS,Pyxis Oncology Inc. Common Stock,56.27,305,moderate,50.12,65.0,44.0,0.0,0.0,0.0,0.0,limited_no_detected_signals,0,0,neutral_monitor,No transaction structure recommendation.,Neither axis currently crosses a review threshold.,[],Dual-axis research triage. M&A scores are not calibrated probabilities; risk scores are not findings of incompetence or fraud.
PLRX,Pliant Therapeutics Inc. Common Stock,56.19,306,moderate,51.07,65.0,32.0,0.0,0.0,0.0,0.0,limited_no_detected_signals,0,0,neutral_monitor,No transaction structure recommendation.,Neither axis currently crosses a review threshold.,[],Dual-axis research triage. M&A scores are not calibrated probabilities; risk scores are not findings of incompetence or fraud.
AXGN,Axogen Inc. Common Stock,56.14,307,moderate,37.35,90.0,32.0,0.0,0.0,0.0,0.0,limited_no_detected_signals,0,0,neutral_monitor,No transaction structure recommendation.,Neither axis currently crosses a review threshold.,[],Dual-axis research triage. M&A scores are not calibrated probabilities; risk scores are not findings of incompetence or fraud.
FHTX,Foghorn Therapeutics Inc. Common Stock,55.72,308,moderate,30.03,100.0,44.0,0.0,0.0,0.0,0.0,limited_no_detected_signals,0,0,neutral_monitor,No transaction structure recommendation.,Neither axis currently crosses a review threshold.,[],Dual-axis research triage. M&A scores are not calibrated probabilities; risk scores are not findings of incompetence or fraud.
TELO,Telomir Pharmaceuticals Inc. Common Stock,55.64,309,moderate,50.07,65.0,32.0,0.0,0.0,0.0,0.0,limited_no_detected_signals,0,0,neutral_monitor,No transaction structure recommendation.,Neither axis currently crosses a review threshold.,[],Dual-axis research triage. M&A scores are not calibrated probabilities; risk scores are not findings of incompetence or fraud.
ABOS,Acumen Pharmaceuticals Inc. Common Stock,55.62,310,moderate,50.04,65.0,32.0,0.0,0.0,0.0,0.0,limited_no_detected_signals,0,0,neutral_monitor,No transaction structure recommendation.,Neither axis currently crosses a review threshold.,[],Dual-axis research triage. M&A scores are not calibrated probabilities; risk scores are not findings of incompetence or fraud.
CGTX,Cognition Therapeutics Inc. Common Stock,55.62,311,moderate,50.03,65.0,32.0,0.0,0.0,0.0,0.0,limited_no_detected_signals,0,0,neutral_monitor,No transaction structure recommendation.,Neither axis currently crosses a review threshold.,[],Dual-axis research triage. M&A scores are not calibrated probabilities; risk scores are not findings of incompetence or fraud.
BCTX,BriaCell Therapeutics Corp. Common Shares,55.55,312,moderate,69.54,25.0,56.0,0.0,0.0,0.0,0.0,limited_no_detected_signals,0,0,neutral_monitor,No transaction structure recommendation.,Neither axis currently crosses a review threshold.,[],Dual-axis research triage. M&A scores are not calibrated probabilities; risk scores are not findings of incompetence or fraud.
CRBP,Corbus Pharmaceuticals Holdings Inc. Common Stock,55.37,313,moderate,47.39,65.0,56.0,0.0,0.0,0.0,0.0,limited_no_detected_signals,0,0,neutral_monitor,No transaction structure recommendation.,Neither axis currently crosses a review threshold.,[],Dual-axis research triage. M&A scores are not calibrated probabilities; risk scores are not findings of incompetence or fraud.
IPSC,Century Therapeutics Inc. Common Stock,55.33,314,moderate,30.42,100.0,32.0,0.0,0.0,0.0,0.0,limited_no_detected_signals,0,0,neutral_monitor,No transaction structure recommendation.,Neither axis currently crosses a review threshold.,[],Dual-axis research triage. M&A scores are not calibrated probabilities; risk scores are not findings of incompetence or fraud.
GANX,Gain Therapeutics Inc. Common Stock,55.15,315,moderate,47.01,65.0,56.0,0.0,0.0,0.0,0.0,limited_no_detected_signals,0,0,neutral_monitor,No transaction structure recommendation.,Neither axis currently crosses a review threshold.,[],Dual-axis research triage. M&A scores are not calibrated probabilities; risk scores are not findings of incompetence or fraud.
ELTX,Elicio Therapeutics Inc. Common Stock,55.14,316,moderate,49.17,65.0,32.0,0.0,0.0,0.0,0.0,limited_no_detected_signals,0,0,neutral_monitor,No transaction structure recommendation.,Neither axis currently crosses a review threshold.,[],Dual-axis research triage. M&A scores are not calibrated probabilities; risk scores are not findings of incompetence or fraud.
HROW,Harrow Inc. Common Stock,55.08,317,moderate,27.78,100.0,56.0,0.0,0.0,0.0,0.0,limited_no_detected_signals,0,0,neutral_monitor,No transaction structure recommendation.,Neither axis currently crosses a review threshold.,[],Dual-axis research triage. M&A scores are not calibrated probabilities; risk scores are not findings of incompetence or fraud.
SXTP,60 Degrees Pharmaceuticals Inc. Common Stock,54.86,318,moderate,69.38,25.0,44.0,0.0,0.0,0.0,0.0,limited_no_detected_signals,0,0,neutral_monitor,No transaction structure recommendation.,Neither axis currently crosses a review threshold.,[],Dual-axis research triage. M&A scores are not calibrated probabilities; risk scores are not findings of incompetence or fraud.
IMNN,Imunon Inc. Common Stock,54.77,319,moderate,69.21,25.0,44.0,0.0,0.0,0.0,0.0,limited_no_detected_signals,0,0,neutral_monitor,No transaction structure recommendation.,Neither axis currently crosses a review threshold.,[],Dual-axis research triage. M&A scores are not calibrated probabilities; risk scores are not findings of incompetence or fraud.
DTIL,Precision BioSciences Inc. Common Stock,54.63,320,moderate,47.14,65.0,44.0,0.0,0.0,0.0,0.0,limited_no_detected_signals,0,0,neutral_monitor,No transaction structure recommendation.,Neither axis currently crosses a review threshold.,[],Dual-axis research triage. M&A scores are not calibrated probabilities; risk scores are not findings of incompetence or fraud.
APGE,Apogee Therapeutics Inc. Common Stock,54.58,321,moderate,55.24,50.0,44.0,0.0,0.0,0.0,0.0,limited_no_detected_signals,0,0,neutral_monitor,No transaction structure recommendation.,Neither axis currently crosses a review threshold.,[],Dual-axis research triage. M&A scores are not calibrated probabilities; risk scores are not findings of incompetence or fraud.
PDSB,PDS Biotechnology Corporation Common Stock,54.58,322,moderate,68.88,25.0,44.0,0.0,0.0,0.0,0.0,limited_no_detected_signals,0,0,neutral_monitor,No transaction structure recommendation.,Neither axis currently crosses a review threshold.,[],Dual-axis research triage. M&A scores are not calibrated probabilities; risk scores are not findings of incompetence or fraud.
CNSP,CNS Pharmaceuticals Inc. Common Stock,54.41,323,moderate,68.68,25.0,42.8,0.0,0.0,0.0,0.0,limited_no_detected_signals,0,0,neutral_monitor,No transaction structure recommendation.,Neither axis currently crosses a review threshold.,[],Dual-axis research triage. M&A scores are not calibrated probabilities; risk scores are not findings of incompetence or fraud.
WHWK,Whitehawk Therapeutics Inc. Common Stock,53.93,324,moderate,45.88,65.0,44.0,0.0,0.0,0.0,0.0,limited_no_detected_signals,0,0,neutral_monitor,No transaction structure recommendation.,Neither axis currently crosses a review threshold.,[],Dual-axis research triage. M&A scores are not calibrated probabilities; risk scores are not findings of incompetence or fraud.
TNYA,Tenaya Therapeutics Inc. Common Stock,53.83,325,moderate,45.69,65.0,44.0,0.0,0.0,0.0,0.0,limited_no_detected_signals,0,0,neutral_monitor,No transaction structure recommendation.,Neither axis currently crosses a review threshold.,[],Dual-axis research triage. M&A scores are not calibrated probabilities; risk scores are not findings of incompetence or fraud.
CNTX,Context Therapeutics Inc. Common Stock,53.72,326,moderate,44.41,65.0,56.0,0.0,0.0,0.0,0.0,limited_no_detected_signals,0,0,neutral_monitor,No transaction structure recommendation.,Neither axis currently crosses a review threshold.,[],Dual-axis research triage. M&A scores are not calibrated probabilities; risk scores are not findings of incompetence or fraud.
FULC,Fulcrum Therapeutics Inc. Common Stock,53.64,327,moderate,46.44,65.0,32.0,0.0,0.0,0.0,0.0,limited_no_detected_signals,0,0,neutral_monitor,No transaction structure recommendation.,Neither axis currently crosses a review threshold.,[],Dual-axis research triage. M&A scores are not calibrated probabilities; risk scores are not findings of incompetence or fraud.
VTGN,Vistagen Therapeutics Inc. Common Stock,53.32,328,moderate,66.59,25.0,44.0,0.0,0.0,0.0,0.0,limited_no_detected_signals,0,0,neutral_monitor,No transaction structure recommendation.,Neither axis currently crosses a review threshold.,[],Dual-axis research triage. M&A scores are not calibrated probabilities; risk scores are not findings of incompetence or fraud.
ENSC,Ensysce Biosciences Inc. Common Stock,53.25,329,moderate,66.46,25.0,44.0,0.0,0.0,0.0,0.0,limited_no_detected_signals,0,0,neutral_monitor,No transaction structure recommendation.,Neither axis currently crosses a review threshold.,[],Dual-axis research triage. M&A scores are not calibrated probabilities; risk scores are not findings of incompetence or fraud.
RANI,Rani Therapeutics Holdings Inc. Class A Common Stock,52.74,330,moderate,43.71,65.0,44.0,0.0,0.0,0.0,0.0,limited_no_detected_signals,0,0,neutral_monitor,No transaction structure recommendation.,Neither axis currently crosses a review threshold.,[],Dual-axis research triage. M&A scores are not calibrated probabilities; risk scores are not findings of incompetence or fraud.
BOLD,Boundless Bio Inc. Common Stock,52.53,331,moderate,44.42,65.0,32.0,0.0,0.0,0.0,0.0,limited_no_detected_signals,0,0,neutral_monitor,No transaction structure recommendation.,Neither axis currently crosses a review threshold.,[],Dual-axis research triage. M&A scores are not calibrated probabilities; risk scores are not findings of incompetence or fraud.
INTS,Intensity Therapeutics Inc. Common stock,52.07,332,moderate,64.3,25.0,44.0,0.0,0.0,0.0,0.0,limited_no_detected_signals,0,0,neutral_monitor,No transaction structure recommendation.,Neither axis currently crosses a review threshold.,[],Dual-axis research triage. M&A scores are not calibrated probabilities; risk scores are not findings of incompetence or fraud.
IBIO,iBio Inc. Common Stock,51.63,333,moderate,42.78,65.0,32.0,0.0,0.0,0.0,0.0,limited_no_detected_signals,0,0,neutral_monitor,No transaction structure recommendation.,Neither axis currently crosses a review threshold.,[],Dual-axis research triage. M&A scores are not calibrated probabilities; risk scores are not findings of incompetence or fraud.
VYGR,Voyager Therapeutics Inc. Common Stock,51.48,334,moderate,42.5,65.0,32.0,0.0,0.0,0.0,0.0,limited_no_detected_signals,0,0,neutral_monitor,No transaction structure recommendation.,Neither axis currently crosses a review threshold.,[],Dual-axis research triage. M&A scores are not calibrated probabilities; risk scores are not findings of incompetence or fraud.
AVXL,Anavex Life Sciences Corp. Common Stock,51.18,335,moderate,41.97,65.0,32.0,0.0,0.0,0.0,0.0,limited_no_detected_signals,0,0,neutral_monitor,No transaction structure recommendation.,Neither axis currently crosses a review threshold.,[],Dual-axis research triage. M&A scores are not calibrated probabilities; risk scores are not findings of incompetence or fraud.
BLRX,BioLineRx Ltd. American Depositary Shares,50.95,336,moderate,63.37,25.0,32.0,0.0,0.0,0.0,0.0,limited_no_detected_signals,0,0,neutral_monitor,No transaction structure recommendation.,Neither axis currently crosses a review threshold.,[],Dual-axis research triage. M&A scores are not calibrated probabilities; risk scores are not findings of incompetence or fraud.
BTAI,BioXcel Therapeutics Inc. Common Stock,49.89,337,low,59.25,25.0,56.0,0.0,0.0,0.0,0.0,limited_no_detected_signals,0,0,neutral_monitor,No transaction structure recommendation.,Neither axis currently crosses a review threshold.,[],Dual-axis research triage. M&A scores are not calibrated probabilities; risk scores are not findings of incompetence or fraud.
CRBU,Caribou Biosciences Inc. Common Stock,49.24,338,low,38.44,65.0,32.0,0.0,0.0,0.0,0.0,limited_no_detected_signals,0,0,neutral_monitor,No transaction structure recommendation.,Neither axis currently crosses a review threshold.,[],Dual-axis research triage. M&A scores are not calibrated probabilities; risk scores are not findings of incompetence or fraud.
DWTX,Dogwood Therapeutics Inc. Common Stock,49.04,339,low,58.8,25.0,44.0,0.0,0.0,0.0,0.0,limited_no_detected_signals,0,0,neutral_monitor,No transaction structure recommendation.,Neither axis currently crosses a review threshold.,[],Dual-axis research triage. M&A scores are not calibrated probabilities; risk scores are not findings of incompetence or fraud.
IXHL,Incannex Healthcare Inc. Common Stock,48.35,340,low,60.09,25.0,56.0,0.0,0.0,0.0,0.0,limited_no_detected_signals,0,0,neutral_monitor,No transaction structure recommendation.,Neither axis currently crosses a review threshold.,[],Dual-axis research triage. M&A scores are not calibrated probabilities; risk scores are not findings of incompetence or fraud.
GRCE,Grace Therapeutics Inc. Common Stock,48.31,341,low,57.48,25.0,44.0,0.0,0.0,0.0,0.0,limited_no_detected_signals,0,0,neutral_monitor,No transaction structure recommendation.,Neither axis currently crosses a review threshold.,[],Dual-axis research triage. M&A scores are not calibrated probabilities; risk scores are not findings of incompetence or fraud.
VERU,Veru Inc. Common Stock,48.29,342,low,58.53,25.0,32.0,0.0,0.0,0.0,0.0,limited_no_detected_signals,0,0,neutral_monitor,No transaction structure recommendation.,Neither axis currently crosses a review threshold.,[],Dual-axis research triage. M&A scores are not calibrated probabilities; risk scores are not findings of incompetence or fraud.
IGC,IGC Pharma Inc. Common Stock,48.13,343,low,58.23,25.0,32.0,0.0,0.0,0.0,0.0,limited_no_detected_signals,0,0,neutral_monitor,No transaction structure recommendation.,Neither axis currently crosses a review threshold.,[],Dual-axis research triage. M&A scores are not calibrated probabilities; risk scores are not findings of incompetence or fraud.
TRAW,Traws Pharma Inc. Common Stock,48.11,344,low,56.01,25.0,56.0,0.0,0.0,0.0,0.0,limited_no_detected_signals,0,0,neutral_monitor,No transaction structure recommendation.,Neither axis currently crosses a review threshold.,[],Dual-axis research triage. M&A scores are not calibrated probabilities; risk scores are not findings of incompetence or fraud.
ALGS,Aligos Therapeutics Inc. Common Stock,48.08,345,low,55.96,25.0,56.0,0.0,0.0,0.0,0.0,limited_no_detected_signals,0,0,neutral_monitor,No transaction structure recommendation.,Neither axis currently crosses a review threshold.,[],Dual-axis research triage. M&A scores are not calibrated probabilities; risk scores are not findings of incompetence or fraud.
KPRX,Kiora Pharmaceuticals Inc.  Common Stock,48.04,346,low,55.89,25.0,56.0,0.0,0.0,0.0,0.0,limited_no_detected_signals,0,0,neutral_monitor,No transaction structure recommendation.,Neither axis currently crosses a review threshold.,[],Dual-axis research triage. M&A scores are not calibrated probabilities; risk scores are not findings of incompetence or fraud.
KYNB,Kyntra Bio Inc. Common Stock,47.48,347,low,57.05,25.0,32.0,0.0,0.0,0.0,0.0,limited_no_detected_signals,0,0,neutral_monitor,No transaction structure recommendation.,Neither axis currently crosses a review threshold.,[],Dual-axis research triage. M&A scores are not calibrated probabilities; risk scores are not findings of incompetence or fraud.
ACTU,Actuate Therapeutics Inc. Common stock,47.2,348,low,54.37,25.0,56.0,0.0,0.0,0.0,0.0,limited_no_detected_signals,0,0,neutral_monitor,No transaction structure recommendation.,Neither axis currently crosses a review threshold.,[],Dual-axis research triage. M&A scores are not calibrated probabilities; risk scores are not findings of incompetence or fraud.
GNPX,Genprex Inc. Common Stock,47.01,349,low,56.2,25.0,32.0,0.0,0.0,0.0,0.0,limited_no_detected_signals,0,0,neutral_monitor,No transaction structure recommendation.,Neither axis currently crosses a review threshold.,[],Dual-axis research triage. M&A scores are not calibrated probabilities; risk scores are not findings of incompetence or fraud.
CRIS,Curis Inc. Common Stock,46.98,350,low,56.14,25.0,32.0,0.0,0.0,0.0,0.0,limited_no_detected_signals,0,0,neutral_monitor,No transaction structure recommendation.,Neither axis currently crosses a review threshold.,[],Dual-axis research triage. M&A scores are not calibrated probabilities; risk scores are not findings of incompetence or fraud.
BIVI,BioVie Inc. Class A Common Stock,46.67,351,low,55.58,25.0,32.0,0.0,0.0,0.0,0.0,limited_no_detected_signals,0,0,neutral_monitor,No transaction structure recommendation.,Neither axis currently crosses a review threshold.,[],Dual-axis research triage. M&A scores are not calibrated probabilities; risk scores are not findings of incompetence or fraud.
LTRN,Lantern Pharma Inc. Common Stock,46.47,352,low,53.04,25.0,56.0,0.0,0.0,0.0,0.0,limited_no_detected_signals,0,0,neutral_monitor,No transaction structure recommendation.,Neither axis currently crosses a review threshold.,[],Dual-axis research triage. M&A scores are not calibrated probabilities; risk scores are not findings of incompetence or fraud.
CLRB,Cellectar Biosciences Inc.  Common Stock,46.32,353,low,52.76,25.0,56.0,0.0,0.0,0.0,0.0,limited_no_detected_signals,0,0,neutral_monitor,No transaction structure recommendation.,Neither axis currently crosses a review threshold.,[],Dual-axis research triage. M&A scores are not calibrated probabilities; risk scores are not findings of incompetence or fraud.
TVRD,Tvardi Therapeutics Inc. Common Stock,46.06,354,low,54.47,25.0,32.0,0.0,0.0,0.0,0.0,limited_no_detected_signals,0,0,neutral_monitor,No transaction structure recommendation.,Neither axis currently crosses a review threshold.,[],Dual-axis research triage. M&A scores are not calibrated probabilities; risk scores are not findings of incompetence or fraud.
BOLT,Bolt Biotherapeutics Inc. Common Stock,45.68,355,low,53.78,25.0,32.0,0.0,0.0,0.0,0.0,limited_no_detected_signals,0,0,neutral_monitor,No transaction structure recommendation.,Neither axis currently crosses a review threshold.,[],Dual-axis research triage. M&A scores are not calibrated probabilities; risk scores are not findings of incompetence or fraud.
ADAG,Adagene Inc. American Depositary Shares,45.47,356,low,31.58,65.0,32.0,0.0,0.0,0.0,0.0,limited_no_detected_signals,0,0,neutral_monitor,No transaction structure recommendation.,Neither axis currently crosses a review threshold.,[],Dual-axis research triage. M&A scores are not calibrated probabilities; risk scores are not findings of incompetence or fraud.
NVS,Novartis AG Common Stock,45.42,357,low,59.3,12.0,44.0,0.0,0.0,0.0,0.0,limited_no_detected_signals,0,0,neutral_monitor,No transaction structure recommendation.,Neither axis currently crosses a review threshold.,[],Dual-axis research triage. M&A scores are not calibrated probabilities; risk scores are not findings of incompetence or fraud.
CMND,Clearmind Medicine Inc. Common Shares,45.37,358,low,53.22,25.0,32.0,0.0,0.0,0.0,0.0,limited_no_detected_signals,0,0,neutral_monitor,No transaction structure recommendation.,Neither axis currently crosses a review threshold.,[],Dual-axis research triage. M&A scores are not calibrated probabilities; risk scores are not findings of incompetence or fraud.
ALLR,Allarity Therapeutics Inc. Common Stock,45.33,359,low,53.14,25.0,32.0,0.0,0.0,0.0,0.0,limited_no_detected_signals,0,0,neutral_monitor,No transaction structure recommendation.,Neither axis currently crosses a review threshold.,[],Dual-axis research triage. M&A scores are not calibrated probabilities; risk scores are not findings of incompetence or fraud.
CALC,CalciMedica Inc. Common Stock,45.3,360,low,53.09,25.0,32.0,0.0,0.0,0.0,0.0,limited_no_detected_signals,0,0,neutral_monitor,No transaction structure recommendation.,Neither axis currently crosses a review threshold.,[],Dual-axis research triage. M&A scores are not calibrated probabilities; risk scores are not findings of incompetence or fraud.
ALZN,Alzamend Neuro Inc. Common Stock,45.29,361,low,50.9,25.0,56.0,0.0,0.0,0.0,0.0,limited_no_detected_signals,0,0,neutral_monitor,No transaction structure recommendation.,Neither axis currently crosses a review threshold.,[],Dual-axis research triage. M&A scores are not calibrated probabilities; risk scores are not findings of incompetence or fraud.
ATOS,Atossa Therapeutics Inc. Common Stock,44.85,362,low,52.27,25.0,32.0,0.0,0.0,0.0,0.0,limited_no_detected_signals,0,0,neutral_monitor,No transaction structure recommendation.,Neither axis currently crosses a review threshold.,[],Dual-axis research triage. M&A scores are not calibrated probabilities; risk scores are not findings of incompetence or fraud.
COCP,Cocrystal Pharma Inc. Common Stock,44.76,363,low,52.11,25.0,32.0,0.0,0.0,0.0,0.0,limited_no_detected_signals,0,0,neutral_monitor,No transaction structure recommendation.,Neither axis currently crosses a review threshold.,[],Dual-axis research triage. M&A scores are not calibrated probabilities; risk scores are not findings of incompetence or fraud.
ACXP,Acurx Pharmaceuticals Inc. Common Stock,44.75,364,low,52.09,25.0,32.0,0.0,0.0,0.0,0.0,limited_no_detected_signals,0,0,neutral_monitor,No transaction structure recommendation.,Neither axis currently crosses a review threshold.,[],Dual-axis research triage. M&A scores are not calibrated probabilities; risk scores are not findings of incompetence or fraud.
PHGE,BiomX Inc. COmmon Stock,44.58,365,low,51.79,25.0,32.0,0.0,0.0,0.0,0.0,limited_no_detected_signals,0,0,neutral_monitor,No transaction structure recommendation.,Neither axis currently crosses a review threshold.,[],Dual-axis research triage. M&A scores are not calibrated probabilities; risk scores are not findings of incompetence or fraud.
DARE,Dare Bioscience Inc. Common Stock,44.49,366,low,50.52,25.0,44.0,0.0,0.0,0.0,0.0,limited_no_detected_signals,0,0,neutral_monitor,No transaction structure recommendation.,Neither axis currently crosses a review threshold.,[],Dual-axis research triage. M&A scores are not calibrated probabilities; risk scores are not findings of incompetence or fraud.
NSRX,Nasus Pharma Ltd. Ordinary Shares,44.09,367,low,48.7,25.0,56.0,0.0,0.0,0.0,0.0,limited_no_detected_signals,0,0,neutral_monitor,No transaction structure recommendation.,Neither axis currently crosses a review threshold.,[],Dual-axis research triage. M&A scores are not calibrated probabilities; risk scores are not findings of incompetence or fraud.
LABT,Lakewood-Amedex Biotherapeutics Inc. Common Stock,44.02,368,low,48.9,25.0,52.4,0.0,0.0,0.0,0.0,limited_no_detected_signals,0,0,neutral_monitor,No transaction structure recommendation.,Neither axis currently crosses a review threshold.,[],Dual-axis research triage. M&A scores are not calibrated probabilities; risk scores are not findings of incompetence or fraud.
JSPR,Jasper Therapeutics Inc. Common Stock,43.78,369,low,50.32,25.0,32.0,0.0,0.0,0.0,0.0,limited_no_detected_signals,0,0,neutral_monitor,No transaction structure recommendation.,Neither axis currently crosses a review threshold.,[],Dual-axis research triage. M&A scores are not calibrated probabilities; risk scores are not findings of incompetence or fraud.
APLM,Apollomics Inc. Class A Ordinary Shares,43.55,370,low,49.91,25.0,32.0,0.0,0.0,0.0,0.0,limited_no_detected_signals,0,0,neutral_monitor,No transaction structure recommendation.,Neither axis currently crosses a review threshold.,[],Dual-axis research triage. M&A scores are not calibrated probabilities; risk scores are not findings of incompetence or fraud.
AZTR,Azitra Inc Common Stock,43.46,371,low,48.65,25.0,44.0,0.0,0.0,0.0,0.0,limited_no_detected_signals,0,0,neutral_monitor,No transaction structure recommendation.,Neither axis currently crosses a review threshold.,[],Dual-axis research triage. M&A scores are not calibrated probabilities; risk scores are not findings of incompetence or fraud.
SKYE,Skye Bioscience Inc. Common Stock,43.07,372,low,47.94,25.0,44.0,0.0,0.0,0.0,0.0,limited_no_detected_signals,0,0,neutral_monitor,No transaction structure recommendation.,Neither axis currently crosses a review threshold.,[],Dual-axis research triage. M&A scores are not calibrated probabilities; risk scores are not findings of incompetence or fraud.
APRE,Aprea Therapeutics Inc. Common stock,42.84,373,low,47.53,25.0,44.0,0.0,0.0,0.0,0.0,limited_no_detected_signals,0,0,neutral_monitor,No transaction structure recommendation.,Neither axis currently crosses a review threshold.,[],Dual-axis research triage. M&A scores are not calibrated probabilities; risk scores are not findings of incompetence or fraud.
HYPR,Hyperfine Inc. Class A Common Stock,42.53,374,low,26.24,65.0,32.0,0.0,0.0,0.0,0.0,limited_no_detected_signals,0,0,neutral_monitor,No transaction structure recommendation.,Neither axis currently crosses a review threshold.,[],Dual-axis research triage. M&A scores are not calibrated probabilities; risk scores are not findings of incompetence or fraud.
PCSA,Processa Pharmaceuticals Inc. Common Stock,42.13,375,low,47.32,25.0,32.0,0.0,0.0,0.0,0.0,limited_no_detected_signals,0,0,neutral_monitor,No transaction structure recommendation.,Neither axis currently crosses a review threshold.,[],Dual-axis research triage. M&A scores are not calibrated probabilities; risk scores are not findings of incompetence or fraud.
NXTC,NextCure Inc. Common Stock,42.03,376,low,44.97,25.0,56.0,0.0,0.0,0.0,0.0,limited_no_detected_signals,0,0,neutral_monitor,No transaction structure recommendation.,Neither axis currently crosses a review threshold.,[],Dual-axis research triage. M&A scores are not calibrated probabilities; risk scores are not findings of incompetence or fraud.
VTRS,Viatris Inc. Common Stock,42.01,377,low,33.48,50.0,32.0,0.0,0.0,0.0,0.0,limited_no_detected_signals,0,0,neutral_monitor,No transaction structure recommendation.,Neither axis currently crosses a review threshold.,[],Dual-axis research triage. M&A scores are not calibrated probabilities; risk scores are not findings of incompetence or fraud.
HOWL,Werewolf Therapeutics Inc. Common Stock,41.98,378,low,45.96,25.0,44.0,0.0,0.0,0.0,0.0,limited_no_detected_signals,0,0,neutral_monitor,No transaction structure recommendation.,Neither axis currently crosses a review threshold.,[],Dual-axis research triage. M&A scores are not calibrated probabilities; risk scores are not findings of incompetence or fraud.
PASG,Passage Bio Inc. Common Stock,41.78,379,low,46.69,25.0,32.0,0.0,0.0,0.0,0.0,limited_no_detected_signals,0,0,neutral_monitor,No transaction structure recommendation.,Neither axis currently crosses a review threshold.,[],Dual-axis research triage. M&A scores are not calibrated probabilities; risk scores are not findings of incompetence or fraud.
ATYR,aTyr Pharma Inc. Common Stock,41.68,380,low,45.42,25.0,44.0,0.0,0.0,0.0,0.0,limited_no_detected_signals,0,0,neutral_monitor,No transaction structure recommendation.,Neither axis currently crosses a review threshold.,[],Dual-axis research triage. M&A scores are not calibrated probabilities; risk scores are not findings of incompetence or fraud.
TOVX,Theriva Biologics Inc. Common Stock,41.57,381,low,46.42,25.0,30.8,0.0,0.0,0.0,0.0,limited_no_detected_signals,0,0,neutral_monitor,No transaction structure recommendation.,Neither axis currently crosses a review threshold.,[],Dual-axis research triage. M&A scores are not calibrated probabilities; risk scores are not findings of incompetence or fraud.
EVAX,Evaxion A/S American Depositary Share,41.25,382,low,44.86,25.0,41.6,0.0,0.0,0.0,0.0,limited_no_detected_signals,0,0,neutral_monitor,No transaction structure recommendation.,Neither axis currently crosses a review threshold.,[],Dual-axis research triage. M&A scores are not calibrated probabilities; risk scores are not findings of incompetence or fraud.
OGEN,Oragenics Inc. Common Stock,39.81,383,low,43.11,25.0,32.0,0.0,0.0,0.0,0.0,limited_no_detected_signals,0,0,neutral_monitor,No transaction structure recommendation.,Neither axis currently crosses a review threshold.,[],Dual-axis research triage. M&A scores are not calibrated probabilities; risk scores are not findings of incompetence or fraud.
SER,Serina Therapeutics Inc. Common Stock,39.81,384,low,43.11,25.0,32.0,0.0,0.0,0.0,0.0,limited_no_detected_signals,0,0,neutral_monitor,No transaction structure recommendation.,Neither axis currently crosses a review threshold.,[],Dual-axis research triage. M&A scores are not calibrated probabilities; risk scores are not findings of incompetence or fraud.
PTN,Palatin Technologies Inc. Common Stock,39.66,385,low,41.75,25.0,44.0,0.0,0.0,0.0,0.0,limited_no_detected_signals,0,0,neutral_monitor,No transaction structure recommendation.,Neither axis currently crosses a review threshold.,[],Dual-axis research triage. M&A scores are not calibrated probabilities; risk scores are not findings of incompetence or fraud.
GLMD,Galmed Pharmaceuticals Ltd. Ordinary Shares,39.63,386,low,42.78,25.0,32.0,0.0,0.0,0.0,0.0,limited_no_detected_signals,0,0,neutral_monitor,No transaction structure recommendation.,Neither axis currently crosses a review threshold.,[],Dual-axis research triage. M&A scores are not calibrated probabilities; risk scores are not findings of incompetence or fraud.
BCAB,BioAtla Inc. Common Stock,39.44,387,low,40.25,25.0,56.0,0.0,0.0,0.0,0.0,limited_no_detected_signals,0,0,neutral_monitor,No transaction structure recommendation.,Neither axis currently crosses a review threshold.,[],Dual-axis research triage. M&A scores are not calibrated probabilities; risk scores are not findings of incompetence or fraud.
MRKR,Marker Therapeutics Inc. Common Stock,39.32,388,low,40.03,25.0,56.0,0.0,0.0,0.0,0.0,limited_no_detected_signals,0,0,neutral_monitor,No transaction structure recommendation.,Neither axis currently crosses a review threshold.,[],Dual-axis research triage. M&A scores are not calibrated probabilities; risk scores are not findings of incompetence or fraud.
BCDA,BioCardia Inc. Common Stock,39.24,389,low,42.07,25.0,32.0,0.0,0.0,0.0,0.0,limited_no_detected_signals,0,0,neutral_monitor,No transaction structure recommendation.,Neither axis currently crosses a review threshold.,[],Dual-axis research triage. M&A scores are not calibrated probabilities; risk scores are not findings of incompetence or fraud.
LGVN,Longeveron Inc. Class A Common Stock,38.71,390,low,41.11,25.0,32.0,0.0,0.0,0.0,0.0,limited_no_detected_signals,0,0,neutral_monitor,No transaction structure recommendation.,Neither axis currently crosses a review threshold.,[],Dual-axis research triage. M&A scores are not calibrated probabilities; risk scores are not findings of incompetence or fraud.
KTTA,Pasithea Therapeutics Corp. Common Stock,38.68,391,low,39.96,25.0,44.0,0.0,0.0,0.0,0.0,limited_no_detected_signals,0,0,neutral_monitor,No transaction structure recommendation.,Neither axis currently crosses a review threshold.,[],Dual-axis research triage. M&A scores are not calibrated probabilities; risk scores are not findings of incompetence or fraud.
RNAZ,TransCode Therapeutics Inc. Common Stock,38.52,392,low,40.77,25.0,32.0,0.0,0.0,0.0,0.0,limited_no_detected_signals,0,0,neutral_monitor,No transaction structure recommendation.,Neither axis currently crosses a review threshold.,[],Dual-axis research triage. M&A scores are not calibrated probabilities; risk scores are not findings of incompetence or fraud.
BRNS,Barinthus Biotherapeutics plc American Depositary Shares,37.71,393,low,39.29,25.0,32.0,0.0,0.0,0.0,0.0,limited_no_detected_signals,0,0,neutral_monitor,No transaction structure recommendation.,Neither axis currently crosses a review threshold.,[],Dual-axis research triage. M&A scores are not calibrated probabilities; risk scores are not findings of incompetence or fraud.
HCWB,HCW Biologics Inc. Common Stock,36.83,394,low,37.69,25.0,32.0,0.0,0.0,0.0,0.0,limited_no_detected_signals,0,0,neutral_monitor,No transaction structure recommendation.,Neither axis currently crosses a review threshold.,[],Dual-axis research triage. M&A scores are not calibrated probabilities; risk scores are not findings of incompetence or fraud.
PHIO,Phio Pharmaceuticals Corp. Common Stock,36.83,395,low,37.69,25.0,32.0,0.0,0.0,0.0,0.0,limited_no_detected_signals,0,0,neutral_monitor,No transaction structure recommendation.,Neither axis currently crosses a review threshold.,[],Dual-axis research triage. M&A scores are not calibrated probabilities; risk scores are not findings of incompetence or fraud.
SNTI,Senti Biosciences Holdings Inc. Common Stock,36.54,396,low,37.16,25.0,32.0,0.0,0.0,0.0,0.0,limited_no_detected_signals,0,0,neutral_monitor,No transaction structure recommendation.,Neither axis currently crosses a review threshold.,[],Dual-axis research triage. M&A scores are not calibrated probabilities; risk scores are not findings of incompetence or fraud.
INAB,IN8bio Inc. Common Stock,35.35,397,low,33.91,25.0,44.0,0.0,0.0,0.0,0.0,limited_no_detected_signals,0,0,neutral_monitor,No transaction structure recommendation.,Neither axis currently crosses a review threshold.,[],Dual-axis research triage. M&A scores are not calibrated probabilities; risk scores are not findings of incompetence or fraud.
APVO,Aptevo Therapeutics Inc. Common Stock,34.29,398,low,33.07,25.0,32.0,0.0,0.0,0.0,0.0,limited_no_detected_signals,0,0,neutral_monitor,No transaction structure recommendation.,Neither axis currently crosses a review threshold.,[],Dual-axis research triage. M&A scores are not calibrated probabilities; risk scores are not findings of incompetence or fraud.
GDTC,CytoMed Therapeutics Limited Ordinary Shares,33.29,399,low,31.36,25.0,30.8,0.0,0.0,0.0,0.0,limited_no_detected_signals,0,0,neutral_monitor,No transaction structure recommendation.,Neither axis currently crosses a review threshold.,[],Dual-axis research triage. M&A scores are not calibrated probabilities; risk scores are not findings of incompetence or fraud.
AAPG,Ascentage Pharma Group International American Depository Shares,30.5,400,low,0.0,100.0,10.0,0.0,0.0,0.0,0.0,limited_no_detected_signals,0,0,neutral_monitor,No transaction structure recommendation.,Neither axis currently crosses a review threshold.,[],Dual-axis research triage. M&A scores are not calibrated probabilities; risk scores are not findings of incompetence or fraud.
ABSI,Absci Corporation Common Stock,30.5,401,low,0.0,100.0,10.0,0.0,0.0,0.0,0.0,limited_no_detected_signals,0,0,neutral_monitor,No transaction structure recommendation.,Neither axis currently crosses a review threshold.,[],Dual-axis research triage. M&A scores are not calibrated probabilities; risk scores are not findings of incompetence or fraud.
ABUS,Arbutus Biopharma Corporation Common Stock,30.5,402,low,0.0,100.0,10.0,0.0,0.0,0.0,0.0,limited_no_detected_signals,0,0,neutral_monitor,No transaction structure recommendation.,Neither axis currently crosses a review threshold.,[],Dual-axis research triage. M&A scores are not calibrated probabilities; risk scores are not findings of incompetence or fraud.
ADMA,ADMA Biologics Inc Common Stock,30.5,403,low,0.0,100.0,10.0,0.0,0.0,0.0,0.0,limited_no_detected_signals,0,0,neutral_monitor,No transaction structure recommendation.,Neither axis currently crosses a review threshold.,[],Dual-axis research triage. M&A scores are not calibrated probabilities; risk scores are not findings of incompetence or fraud.
AGMB,AgomAb Therapeutics NV American Depositary Shares,30.5,404,low,0.0,100.0,10.0,0.0,0.0,0.0,0.0,limited_no_detected_signals,0,0,neutral_monitor,No transaction structure recommendation.,Neither axis currently crosses a review threshold.,[],Dual-axis research triage. M&A scores are not calibrated probabilities; risk scores are not findings of incompetence or fraud.
ALVO,Alvotech Ordinary Shares,30.5,405,low,0.0,100.0,10.0,0.0,0.0,0.0,0.0,limited_no_detected_signals,0,0,neutral_monitor,No transaction structure recommendation.,Neither axis currently crosses a review threshold.,[],Dual-axis research triage. M&A scores are not calibrated probabilities; risk scores are not findings of incompetence or fraud.
AMRN,Amarin Corporation plc,30.5,406,low,0.0,100.0,10.0,0.0,0.0,0.0,0.0,limited_no_detected_signals,0,0,neutral_monitor,No transaction structure recommendation.,Neither axis currently crosses a review threshold.,[],Dual-axis research triage. M&A scores are not calibrated probabilities; risk scores are not findings of incompetence or fraud.
AQST,Aquestive Therapeutics Inc. Common Stock,30.5,407,low,0.0,100.0,10.0,0.0,0.0,0.0,0.0,limited_no_detected_signals,0,0,neutral_monitor,No transaction structure recommendation.,Neither axis currently crosses a review threshold.,[],Dual-axis research triage. M&A scores are not calibrated probabilities; risk scores are not findings of incompetence or fraud.
ASMB,Assembly Biosciences Inc. Common Stock,30.5,408,low,0.0,100.0,10.0,0.0,0.0,0.0,0.0,limited_no_detected_signals,0,0,neutral_monitor,No transaction structure recommendation.,Neither axis currently crosses a review threshold.,[],Dual-axis research triage. M&A scores are not calibrated probabilities; risk scores are not findings of incompetence or fraud.
AUTL,Autolus Therapeutics plc American Depositary Share,30.5,409,low,0.0,100.0,10.0,0.0,0.0,0.0,0.0,limited_no_detected_signals,0,0,neutral_monitor,No transaction structure recommendation.,Neither axis currently crosses a review threshold.,[],Dual-axis research triage. M&A scores are not calibrated probabilities; risk scores are not findings of incompetence or fraud.
AVTX,Avalo Therapeutics Inc. Common Stock,30.5,410,low,0.0,100.0,10.0,0.0,0.0,0.0,0.0,limited_no_detected_signals,0,0,neutral_monitor,No transaction structure recommendation.,Neither axis currently crosses a review threshold.,[],Dual-axis research triage. M&A scores are not calibrated probabilities; risk scores are not findings of incompetence or fraud.
BBOT,BridgeBio Oncology Therapeutics Inc. Common Stock  ,30.5,411,low,0.0,100.0,10.0,0.0,0.0,0.0,0.0,limited_no_detected_signals,0,0,neutral_monitor,No transaction structure recommendation.,Neither axis currently crosses a review threshold.,[],Dual-axis research triage. M&A scores are not calibrated probabilities; risk scores are not findings of incompetence or fraud.
BCYC,Bicycle Therapeutics plc American Depositary Shares,30.5,412,low,0.0,100.0,10.0,0.0,0.0,0.0,0.0,limited_no_detected_signals,0,0,neutral_monitor,No transaction structure recommendation.,Neither axis currently crosses a review threshold.,[],Dual-axis research triage. M&A scores are not calibrated probabilities; risk scores are not findings of incompetence or fraud.
BHC,Bausch Health Companies Inc. Common Stock,30.5,413,low,0.0,100.0,10.0,0.0,0.0,0.0,0.0,limited_no_detected_signals,0,0,neutral_monitor,No transaction structure recommendation.,Neither axis currently crosses a review threshold.,[],Dual-axis research triage. M&A scores are not calibrated probabilities; risk scores are not findings of incompetence or fraud.
BLFS,BioLife Solutions Inc. Common Stock,30.5,414,low,0.0,100.0,10.0,0.0,0.0,0.0,0.0,limited_no_detected_signals,0,0,neutral_monitor,No transaction structure recommendation.,Neither axis currently crosses a review threshold.,[],Dual-axis research triage. M&A scores are not calibrated probabilities; risk scores are not findings of incompetence or fraud.
CAPR,Capricor Therapeutics Inc. Common Stock,30.5,415,low,0.0,100.0,10.0,66.12,38.4,28.8,66.12,company_specific_evidence,0,0,failure_watch,"Avoid clean-company assumptions; monitor financing, governance, regulatory, and asset-sale catalysts.",Low M&A attractiveness and high documented diligence risk.,"[""regulatory_delivery: FDA issued a Complete Response Letter after concluding that the application lacked substantial evidence of effectiveness."", ""statistical_governance: FDA reported an ongoing BIMO inspection and preliminary evidence that the sponsor departed from its approved blinding and independent-statistics workflow."", ""clinical_program_delivery: FDA concluded that HOPE-3 did not meet its prespecified primary or key secondary efficacy endpoints and that the submitted evidence did not establish effectiveness.""]",Dual-axis research triage. M&A scores are not calibrated probabilities; risk scores are not findings of incompetence or fraud.
CBLL,CeriBell Inc. Common Stock,30.5,416,low,0.0,100.0,10.0,0.0,0.0,0.0,0.0,limited_no_detected_signals,0,0,neutral_monitor,No transaction structure recommendation.,Neither axis currently crosses a review threshold.,[],Dual-axis research triage. M&A scores are not calibrated probabilities; risk scores are not findings of incompetence or fraud.
CGC,Canopy Growth Corporation Common Shares,30.5,417,low,0.0,100.0,10.0,0.0,0.0,0.0,0.0,limited_no_detected_signals,0,0,neutral_monitor,No transaction structure recommendation.,Neither axis currently crosses a review threshold.,[],Dual-axis research triage. M&A scores are not calibrated probabilities; risk scores are not findings of incompetence or fraud.
CMPS,COMPASS Pathways Plc American Depository Shares,30.5,418,low,0.0,100.0,10.0,0.0,0.0,0.0,0.0,limited_no_detected_signals,0,0,neutral_monitor,No transaction structure recommendation.,Neither axis currently crosses a review threshold.,[],Dual-axis research triage. M&A scores are not calibrated probabilities; risk scores are not findings of incompetence or fraud.
CNMD,CONMED Corporation Common Stock,30.5,419,low,0.0,100.0,10.0,0.0,0.0,0.0,0.0,limited_no_detected_signals,0,0,neutral_monitor,No transaction structure recommendation.,Neither axis currently crosses a review threshold.,[],Dual-axis research triage. M&A scores are not calibrated probabilities; risk scores are not findings of incompetence or fraud.
CRON,Cronos Group Inc. Common Share,30.5,420,low,0.0,100.0,10.0,0.0,0.0,0.0,0.0,limited_no_detected_signals,0,0,neutral_monitor,No transaction structure recommendation.,Neither axis currently crosses a review threshold.,[],Dual-axis research triage. M&A scores are not calibrated probabilities; risk scores are not findings of incompetence or fraud.
CV,CapsoVision Inc. Common Stock,30.5,421,low,0.0,100.0,10.0,0.0,0.0,0.0,0.0,limited_no_detected_signals,0,0,neutral_monitor,No transaction structure recommendation.,Neither axis currently crosses a review threshold.,[],Dual-axis research triage. M&A scores are not calibrated probabilities; risk scores are not findings of incompetence or fraud.
CYRX,CryoPort Inc. Common Stock,30.5,422,low,0.0,100.0,10.0,0.0,0.0,0.0,0.0,limited_no_detected_signals,0,0,neutral_monitor,No transaction structure recommendation.,Neither axis currently crosses a review threshold.,[],Dual-axis research triage. M&A scores are not calibrated probabilities; risk scores are not findings of incompetence or fraud.
DMRA,Damora Therapeutics Inc. Ordinary Shares,30.5,423,low,0.0,100.0,10.0,0.0,0.0,0.0,0.0,limited_no_detected_signals,0,0,neutral_monitor,No transaction structure recommendation.,Neither axis currently crosses a review threshold.,[],Dual-axis research triage. M&A scores are not calibrated probabilities; risk scores are not findings of incompetence or fraud.
DNA,Ginkgo Bioworks Holdings Inc. Class A Common Stock,30.5,424,low,0.0,100.0,10.0,0.0,0.0,0.0,0.0,limited_no_detected_signals,0,0,neutral_monitor,No transaction structure recommendation.,Neither axis currently crosses a review threshold.,[],Dual-axis research triage. M&A scores are not calibrated probabilities; risk scores are not findings of incompetence or fraud.
ELMD,Electromed Inc. Common Stock,30.5,425,low,0.0,100.0,10.0,0.0,0.0,0.0,0.0,limited_no_detected_signals,0,0,neutral_monitor,No transaction structure recommendation.,Neither axis currently crosses a review threshold.,[],Dual-axis research triage. M&A scores are not calibrated probabilities; risk scores are not findings of incompetence or fraud.
FBIOP,Fortress Biotech Inc. 9.375% Series A Cumulative Redeemable Perpetual Preferred Stock,30.5,426,low,0.0,100.0,10.0,0.0,0.0,0.0,0.0,limited_no_detected_signals,0,0,neutral_monitor,No transaction structure recommendation.,Neither axis currently crosses a review threshold.,[],Dual-axis research triage. M&A scores are not calibrated probabilities; risk scores are not findings of incompetence or fraud.
GLAS,Glass House Brands Inc. Subordinate Voting Shares,30.5,427,low,0.0,100.0,10.0,0.0,0.0,0.0,0.0,limited_no_detected_signals,0,0,neutral_monitor,No transaction structure recommendation.,Neither axis currently crosses a review threshold.,[],Dual-axis research triage. M&A scores are not calibrated probabilities; risk scores are not findings of incompetence or fraud.
GYRE,Gyre Therapeutics Inc. Common Stock,30.5,428,low,0.0,100.0,10.0,0.0,0.0,0.0,0.0,limited_no_detected_signals,0,0,neutral_monitor,No transaction structure recommendation.,Neither axis currently crosses a review threshold.,[],Dual-axis research triage. M&A scores are not calibrated probabilities; risk scores are not findings of incompetence or fraud.
HCM,HUTCHMED (China) Limited American Depositary Shares,30.5,429,low,0.0,100.0,10.0,0.0,0.0,0.0,0.0,limited_no_detected_signals,0,0,neutral_monitor,No transaction structure recommendation.,Neither axis currently crosses a review threshold.,[],Dual-axis research triage. M&A scores are not calibrated probabilities; risk scores are not findings of incompetence or fraud.
HELP,Cybin Inc. Common Stock,30.5,430,low,0.0,100.0,10.0,0.0,0.0,0.0,0.0,limited_no_detected_signals,0,0,neutral_monitor,No transaction structure recommendation.,Neither axis currently crosses a review threshold.,[],Dual-axis research triage. M&A scores are not calibrated probabilities; risk scores are not findings of incompetence or fraud.
IMMX,Immix Biopharma Inc. Common Stock,30.5,431,low,0.0,100.0,10.0,0.0,0.0,0.0,0.0,limited_no_detected_signals,0,0,neutral_monitor,No transaction structure recommendation.,Neither axis currently crosses a review threshold.,[],Dual-axis research triage. M&A scores are not calibrated probabilities; risk scores are not findings of incompetence or fraud.
IMTX,Immatics N.V. Ordinary Shares,30.5,432,low,0.0,100.0,10.0,0.0,0.0,0.0,0.0,limited_no_detected_signals,0,0,neutral_monitor,No transaction structure recommendation.,Neither axis currently crosses a review threshold.,[],Dual-axis research triage. M&A scores are not calibrated probabilities; risk scores are not findings of incompetence or fraud.
INMD,InMode Ltd. Ordinary Shares,30.5,433,low,0.0,100.0,10.0,0.0,0.0,0.0,0.0,limited_no_detected_signals,0,0,neutral_monitor,No transaction structure recommendation.,Neither axis currently crosses a review threshold.,[],Dual-axis research triage. M&A scores are not calibrated probabilities; risk scores are not findings of incompetence or fraud.
INVA,Innoviva Inc. Common Stock,30.5,434,low,0.0,100.0,10.0,0.0,0.0,0.0,0.0,limited_no_detected_signals,0,0,neutral_monitor,No transaction structure recommendation.,Neither axis currently crosses a review threshold.,[],Dual-axis research triage. M&A scores are not calibrated probabilities; risk scores are not findings of incompetence or fraud.
IRWD,Ironwood Pharmaceuticals Inc. Class A Common Stock,30.5,435,low,0.0,100.0,10.0,0.0,0.0,0.0,0.0,limited_no_detected_signals,0,0,neutral_monitor,No transaction structure recommendation.,Neither axis currently crosses a review threshold.,[],Dual-axis research triage. M&A scores are not calibrated probabilities; risk scores are not findings of incompetence or fraud.
IVA,Inventiva S.A. American Depository Shares,30.5,436,low,0.0,100.0,10.0,0.0,0.0,0.0,0.0,limited_no_detected_signals,0,0,neutral_monitor,No transaction structure recommendation.,Neither axis currently crosses a review threshold.,[],Dual-axis research triage. M&A scores are not calibrated probabilities; risk scores are not findings of incompetence or fraud.
MDXG,MiMedx Group Inc Common Stock,30.5,437,low,0.0,100.0,10.0,0.0,0.0,0.0,0.0,limited_no_detected_signals,0,0,neutral_monitor,No transaction structure recommendation.,Neither axis currently crosses a review threshold.,[],Dual-axis research triage. M&A scores are not calibrated probabilities; risk scores are not findings of incompetence or fraud.
MOVE,Corvex Inc. Common Stock,30.5,438,low,0.0,100.0,10.0,0.0,0.0,0.0,0.0,limited_no_detected_signals,0,0,neutral_monitor,No transaction structure recommendation.,Neither axis currently crosses a review threshold.,[],Dual-axis research triage. M&A scores are not calibrated probabilities; risk scores are not findings of incompetence or fraud.
MRVI,Maravai LifeSciences Holdings Inc. Class A Common Stock,30.5,439,low,0.0,100.0,10.0,0.0,0.0,0.0,0.0,limited_no_detected_signals,0,0,neutral_monitor,No transaction structure recommendation.,Neither axis currently crosses a review threshold.,[],Dual-axis research triage. M&A scores are not calibrated probabilities; risk scores are not findings of incompetence or fraud.
MYGN,Myriad Genetics Inc. Common Stock,30.5,440,low,0.0,100.0,10.0,0.0,0.0,0.0,0.0,limited_no_detected_signals,0,0,neutral_monitor,No transaction structure recommendation.,Neither axis currently crosses a review threshold.,[],Dual-axis research triage. M&A scores are not calibrated probabilities; risk scores are not findings of incompetence or fraud.
NAGE,Niagen Bioscience Inc. Common Stock,30.5,441,low,0.0,100.0,10.0,0.0,0.0,0.0,0.0,limited_no_detected_signals,0,0,neutral_monitor,No transaction structure recommendation.,Neither axis currently crosses a review threshold.,[],Dual-axis research triage. M&A scores are not calibrated probabilities; risk scores are not findings of incompetence or fraud.
NATR,Nature's Sunshine Products Inc. Common Stock,30.5,442,low,0.0,100.0,10.0,0.0,0.0,0.0,0.0,limited_no_detected_signals,0,0,neutral_monitor,No transaction structure recommendation.,Neither axis currently crosses a review threshold.,[],Dual-axis research triage. M&A scores are not calibrated probabilities; risk scores are not findings of incompetence or fraud.
NBTX,Nanobiotix S.A. American Depositary Shares,30.5,443,low,0.0,100.0,10.0,0.0,0.0,0.0,0.0,limited_no_detected_signals,0,0,neutral_monitor,No transaction structure recommendation.,Neither axis currently crosses a review threshold.,[],Dual-axis research triage. M&A scores are not calibrated probabilities; risk scores are not findings of incompetence or fraud.
NNNN,Anbio Biotechnology Class A Ordinary Shares,30.5,444,low,0.0,100.0,10.0,0.0,0.0,0.0,0.0,limited_no_detected_signals,0,0,neutral_monitor,No transaction structure recommendation.,Neither axis currently crosses a review threshold.,[],Dual-axis research triage. M&A scores are not calibrated probabilities; risk scores are not findings of incompetence or fraud.
NRC,NRC Health Common Stock,30.5,445,low,0.0,100.0,10.0,0.0,0.0,0.0,0.0,limited_no_detected_signals,0,0,neutral_monitor,No transaction structure recommendation.,Neither axis currently crosses a review threshold.,[],Dual-axis research triage. M&A scores are not calibrated probabilities; risk scores are not findings of incompetence or fraud.
OABI,OmniAb Inc. Common Stock,30.5,446,low,0.0,100.0,10.0,0.0,0.0,0.0,0.0,limited_no_detected_signals,0,0,neutral_monitor,No transaction structure recommendation.,Neither axis currently crosses a review threshold.,[],Dual-axis research triage. M&A scores are not calibrated probabilities; risk scores are not findings of incompetence or fraud.
ORGO,Organogenesis Holdings Inc. Class A Common Stock,30.5,447,low,0.0,100.0,10.0,0.0,0.0,0.0,0.0,limited_no_detected_signals,0,0,neutral_monitor,No transaction structure recommendation.,Neither axis currently crosses a review threshold.,[],Dual-axis research triage. M&A scores are not calibrated probabilities; risk scores are not findings of incompetence or fraud.
OTLK,Outlook Therapeutics Inc. Common Stock,30.5,448,low,0.0,100.0,10.0,0.0,0.0,0.0,0.0,limited_no_detected_signals,0,0,neutral_monitor,No transaction structure recommendation.,Neither axis currently crosses a review threshold.,[],Dual-axis research triage. M&A scores are not calibrated probabilities; risk scores are not findings of incompetence or fraud.
OVID,Ovid Therapeutics Inc. Common Stock,30.5,449,low,0.0,100.0,10.0,0.0,0.0,0.0,0.0,limited_no_detected_signals,0,0,neutral_monitor,No transaction structure recommendation.,Neither axis currently crosses a review threshold.,[],Dual-axis research triage. M&A scores are not calibrated probabilities; risk scores are not findings of incompetence or fraud.
PAHC,Phibro Animal Health Corporation Class A Common Stock,30.5,450,low,0.0,100.0,10.0,0.0,0.0,0.0,0.0,limited_no_detected_signals,0,0,neutral_monitor,No transaction structure recommendation.,Neither axis currently crosses a review threshold.,[],Dual-axis research triage. M&A scores are not calibrated probabilities; risk scores are not findings of incompetence or fraud.
PCRX,Pacira BioSciences Inc. Common Stock,30.5,451,low,0.0,100.0,10.0,0.0,0.0,0.0,0.0,limited_no_detected_signals,0,0,neutral_monitor,No transaction structure recommendation.,Neither axis currently crosses a review threshold.,[],Dual-axis research triage. M&A scores are not calibrated probabilities; risk scores are not findings of incompetence or fraud.
PHAR,Pharming Group N.V. ADS each representing 10 ordinary shares,30.5,452,low,0.0,100.0,10.0,0.0,0.0,0.0,0.0,limited_no_detected_signals,0,0,neutral_monitor,No transaction structure recommendation.,Neither axis currently crosses a review threshold.,[],Dual-axis research triage. M&A scores are not calibrated probabilities; risk scores are not findings of incompetence or fraud.
PRGO,Perrigo Company plc Ordinary Shares,30.5,453,low,0.0,100.0,10.0,0.0,0.0,0.0,0.0,limited_no_detected_signals,0,0,neutral_monitor,No transaction structure recommendation.,Neither axis currently crosses a review threshold.,[],Dual-axis research triage. M&A scores are not calibrated probabilities; risk scores are not findings of incompetence or fraud.
PRQR,ProQR Therapeutics N.V. Ordinary Shares,30.5,454,low,0.0,100.0,10.0,0.0,0.0,0.0,0.0,limited_no_detected_signals,0,0,neutral_monitor,No transaction structure recommendation.,Neither axis currently crosses a review threshold.,[],Dual-axis research triage. M&A scores are not calibrated probabilities; risk scores are not findings of incompetence or fraud.
PRTA,Prothena Corporation plc Ordinary Shares,30.5,455,low,0.0,100.0,10.0,0.0,0.0,0.0,0.0,limited_no_detected_signals,0,0,neutral_monitor,No transaction structure recommendation.,Neither axis currently crosses a review threshold.,[],Dual-axis research triage. M&A scores are not calibrated probabilities; risk scores are not findings of incompetence or fraud.
QDEL,QuidelOrtho Corporation Common Stock,30.5,456,low,0.0,100.0,10.0,0.0,0.0,0.0,0.0,limited_no_detected_signals,0,0,neutral_monitor,No transaction structure recommendation.,Neither axis currently crosses a review threshold.,[],Dual-axis research triage. M&A scores are not calibrated probabilities; risk scores are not findings of incompetence or fraud.
RZLT,Rezolute Inc. Common Stock (NV),30.5,457,low,0.0,100.0,10.0,0.0,0.0,0.0,0.0,limited_no_detected_signals,0,0,neutral_monitor,No transaction structure recommendation.,Neither axis currently crosses a review threshold.,[],Dual-axis research triage. M&A scores are not calibrated probabilities; risk scores are not findings of incompetence or fraud.
SGMT,Sagimet Biosciences Inc. Series A Common Stock,30.5,458,low,0.0,100.0,10.0,0.0,0.0,0.0,0.0,limited_no_detected_signals,0,0,neutral_monitor,No transaction structure recommendation.,Neither axis currently crosses a review threshold.,[],Dual-axis research triage. M&A scores are not calibrated probabilities; risk scores are not findings of incompetence or fraud.
SLBT,SL Science Holding Limited Ordinary Shares,30.5,459,low,0.0,100.0,10.0,0.0,0.0,0.0,0.0,limited_no_detected_signals,0,0,neutral_monitor,No transaction structure recommendation.,Neither axis currently crosses a review threshold.,[],Dual-axis research triage. M&A scores are not calibrated probabilities; risk scores are not findings of incompetence or fraud.
SLN,Silence Therapeutics Plc American Depository Share,30.5,460,low,0.0,100.0,10.0,0.0,0.0,0.0,0.0,limited_no_detected_signals,0,0,neutral_monitor,No transaction structure recommendation.,Neither axis currently crosses a review threshold.,[],Dual-axis research triage. M&A scores are not calibrated probabilities; risk scores are not findings of incompetence or fraud.
SNDL,SNDL Inc. Common Shares,30.5,461,low,0.0,100.0,10.0,0.0,0.0,0.0,0.0,limited_no_detected_signals,0,0,neutral_monitor,No transaction structure recommendation.,Neither axis currently crosses a review threshold.,[],Dual-axis research triage. M&A scores are not calibrated probabilities; risk scores are not findings of incompetence or fraud.
SOPH,SOPHiA GENETICS SA Ordinary Shares,30.5,462,low,0.0,100.0,10.0,0.0,0.0,0.0,0.0,limited_no_detected_signals,0,0,neutral_monitor,No transaction structure recommendation.,Neither axis currently crosses a review threshold.,[],Dual-axis research triage. M&A scores are not calibrated probabilities; risk scores are not findings of incompetence or fraud.
SRPT,Sarepta Therapeutics Inc. Common Stock (DE),30.5,463,low,0.0,100.0,10.0,0.0,0.0,0.0,0.0,limited_no_detected_signals,0,0,neutral_monitor,No transaction structure recommendation.,Neither axis currently crosses a review threshold.,[],Dual-axis research triage. M&A scores are not calibrated probabilities; risk scores are not findings of incompetence or fraud.
SRZN,Surrozen Inc. Common Stock,30.5,464,low,0.0,100.0,10.0,0.0,0.0,0.0,0.0,limited_no_detected_signals,0,0,neutral_monitor,No transaction structure recommendation.,Neither axis currently crosses a review threshold.,[],Dual-axis research triage. M&A scores are not calibrated probabilities; risk scores are not findings of incompetence or fraud.
TKNO,Alpha Teknova Inc. Common Stock,30.5,465,low,0.0,100.0,10.0,0.0,0.0,0.0,0.0,limited_no_detected_signals,0,0,neutral_monitor,No transaction structure recommendation.,Neither axis currently crosses a review threshold.,[],Dual-axis research triage. M&A scores are not calibrated probabilities; risk scores are not findings of incompetence or fraud.
TLRY,Tilray Brands Inc. Common Stock ,30.5,466,low,0.0,100.0,10.0,0.0,0.0,0.0,0.0,limited_no_detected_signals,0,0,neutral_monitor,No transaction structure recommendation.,Neither axis currently crosses a review threshold.,[],Dual-axis research triage. M&A scores are not calibrated probabilities; risk scores are not findings of incompetence or fraud.
TRAX,First Tracks Biotherapeutics Inc. Ordinary Shares ,30.5,467,low,0.0,100.0,10.0,0.0,0.0,0.0,0.0,limited_no_detected_signals,0,0,neutral_monitor,No transaction structure recommendation.,Neither axis currently crosses a review threshold.,[],Dual-axis research triage. M&A scores are not calibrated probabilities; risk scores are not findings of incompetence or fraud.
TRLV,Trulieve Cannabis Corp. Subordinate Voting Shares,30.5,468,low,0.0,100.0,10.0,0.0,0.0,0.0,0.0,limited_no_detected_signals,0,0,neutral_monitor,No transaction structure recommendation.,Neither axis currently crosses a review threshold.,[],Dual-axis research triage. M&A scores are not calibrated probabilities; risk scores are not findings of incompetence or fraud.
USNA,USANA Health Sciences Inc. Common Stock,30.5,469,low,0.0,100.0,10.0,0.0,0.0,0.0,0.0,limited_no_detected_signals,0,0,neutral_monitor,No transaction structure recommendation.,Neither axis currently crosses a review threshold.,[],Dual-axis research triage. M&A scores are not calibrated probabilities; risk scores are not findings of incompetence or fraud.
VALN,Valneva SE American Depositary Shares,30.5,470,low,0.0,100.0,10.0,0.0,0.0,0.0,0.0,limited_no_detected_signals,0,0,neutral_monitor,No transaction structure recommendation.,Neither axis currently crosses a review threshold.,[],Dual-axis research triage. M&A scores are not calibrated probabilities; risk scores are not findings of incompetence or fraud.
VMD,Viemed Healthcare Inc. Common Shares,30.5,471,low,0.0,100.0,10.0,0.0,0.0,0.0,0.0,limited_no_detected_signals,0,0,neutral_monitor,No transaction structure recommendation.,Neither axis currently crosses a review threshold.,[],Dual-axis research triage. M&A scores are not calibrated probabilities; risk scores are not findings of incompetence or fraud.
VOR,Vor Biopharma Inc. Common Stock,30.5,472,low,0.0,100.0,10.0,0.0,0.0,0.0,0.0,limited_no_detected_signals,0,0,neutral_monitor,No transaction structure recommendation.,Neither axis currently crosses a review threshold.,[],Dual-axis research triage. M&A scores are not calibrated probabilities; risk scores are not findings of incompetence or fraud.
VRXA,Veraxa Biotech AG Ordinary Shares,30.5,473,low,0.0,100.0,10.0,0.0,0.0,0.0,0.0,limited_no_detected_signals,0,0,neutral_monitor,No transaction structure recommendation.,Neither axis currently crosses a review threshold.,[],Dual-axis research triage. M&A scores are not calibrated probabilities; risk scores are not findings of incompetence or fraud.
XERS,Xeris Biopharma Holdings Inc. Common Stock,30.5,474,low,0.0,100.0,10.0,0.0,0.0,0.0,0.0,limited_no_detected_signals,0,0,neutral_monitor,No transaction structure recommendation.,Neither axis currently crosses a review threshold.,[],Dual-axis research triage. M&A scores are not calibrated probabilities; risk scores are not findings of incompetence or fraud.
ZNTL,Zentalis Pharmaceuticals Inc. Common Stock,30.5,475,low,0.0,100.0,10.0,0.0,0.0,0.0,0.0,limited_no_detected_signals,0,0,neutral_monitor,No transaction structure recommendation.,Neither axis currently crosses a review threshold.,[],Dual-axis research triage. M&A scores are not calibrated probabilities; risk scores are not findings of incompetence or fraud.
ZVRA,Zevra Therapeutics Inc. Common Stock,30.5,476,low,0.0,100.0,10.0,0.0,0.0,0.0,0.0,limited_no_detected_signals,0,0,neutral_monitor,No transaction structure recommendation.,Neither axis currently crosses a review threshold.,[],Dual-axis research triage. M&A scores are not calibrated probabilities; risk scores are not findings of incompetence or fraud.
ZYME,Zymeworks Inc. Common Stock,30.5,477,low,0.0,100.0,10.0,0.0,0.0,0.0,0.0,limited_no_detected_signals,0,0,neutral_monitor,No transaction structure recommendation.,Neither axis currently crosses a review threshold.,[],Dual-axis research triage. M&A scores are not calibrated probabilities; risk scores are not findings of incompetence or fraud.
ADPT,Adaptive Biotechnologies Corporation Common Stock,27.5,478,low,0.0,90.0,10.0,0.0,0.0,0.0,0.0,limited_no_detected_signals,0,0,neutral_monitor,No transaction structure recommendation.,Neither axis currently crosses a review threshold.,[],Dual-axis research triage. M&A scores are not calibrated probabilities; risk scores are not findings of incompetence or fraud.
AGL,agilon health inc. Common Stock,27.5,479,low,0.0,90.0,10.0,0.0,0.0,0.0,0.0,limited_no_detected_signals,0,0,neutral_monitor,No transaction structure recommendation.,Neither axis currently crosses a review threshold.,[],Dual-axis research triage. M&A scores are not calibrated probabilities; risk scores are not findings of incompetence or fraud.
ATAI,AtaiBeckley Inc. Common Stock,27.5,480,low,0.0,90.0,10.0,0.0,0.0,0.0,0.0,limited_no_detected_signals,0,0,neutral_monitor,No transaction structure recommendation.,Neither axis currently crosses a review threshold.,[],Dual-axis research triage. M&A scores are not calibrated probabilities; risk scores are not findings of incompetence or fraud.
BHVN,Biohaven Ltd. Common Shares ,27.5,481,low,0.0,90.0,10.0,0.0,0.0,0.0,0.0,limited_no_detected_signals,0,0,neutral_monitor,No transaction structure recommendation.,Neither axis currently crosses a review threshold.,[],Dual-axis research triage. M&A scores are not calibrated probabilities; risk scores are not findings of incompetence or fraud.
COAG,Hemab Therapeutics Holdings Inc. Common Stock,27.5,482,low,0.0,90.0,10.0,0.0,0.0,0.0,0.0,limited_no_detected_signals,0,0,neutral_monitor,No transaction structure recommendation.,Neither axis currently crosses a review threshold.,[],Dual-axis research triage. M&A scores are not calibrated probabilities; risk scores are not findings of incompetence or fraud.
GMAB,Genmab A/S ADS,27.5,483,low,0.0,90.0,10.0,0.0,0.0,0.0,0.0,limited_no_detected_signals,0,0,neutral_monitor,No transaction structure recommendation.,Neither axis currently crosses a review threshold.,[],Dual-axis research triage. M&A scores are not calibrated probabilities; risk scores are not findings of incompetence or fraud.
GPCR,Structure Therapeutics Inc. American Depositary Shares,27.5,484,low,0.0,90.0,10.0,0.0,0.0,0.0,0.0,limited_no_detected_signals,0,0,neutral_monitor,No transaction structure recommendation.,Neither axis currently crosses a review threshold.,[],Dual-axis research triage. M&A scores are not calibrated probabilities; risk scores are not findings of incompetence or fraud.
ITGR,Integer Holdings Corporation Common Stock,27.5,485,low,0.0,90.0,10.0,0.0,0.0,0.0,0.0,limited_no_detected_signals,0,0,neutral_monitor,No transaction structure recommendation.,Neither axis currently crosses a review threshold.,[],Dual-axis research triage. M&A scores are not calibrated probabilities; risk scores are not findings of incompetence or fraud.
KLRA,Kailera Therapeutics Inc. Common Stock,27.5,486,low,0.0,90.0,10.0,0.0,0.0,0.0,0.0,limited_no_detected_signals,0,0,neutral_monitor,No transaction structure recommendation.,Neither axis currently crosses a review threshold.,[],Dual-axis research triage. M&A scores are not calibrated probabilities; risk scores are not findings of incompetence or fraud.
LIVN,LivaNova PLC Ordinary Shares,27.5,487,low,0.0,90.0,10.0,0.0,0.0,0.0,0.0,limited_no_detected_signals,0,0,neutral_monitor,No transaction structure recommendation.,Neither axis currently crosses a review threshold.,[],Dual-axis research triage. M&A scores are not calibrated probabilities; risk scores are not findings of incompetence or fraud.
NAMS,NewAmsterdam Pharma Company N.V. Ordinary Shares,27.5,488,low,0.0,90.0,10.0,0.0,0.0,0.0,0.0,limited_no_detected_signals,0,0,neutral_monitor,No transaction structure recommendation.,Neither axis currently crosses a review threshold.,[],Dual-axis research triage. M&A scores are not calibrated probabilities; risk scores are not findings of incompetence or fraud.
NEOG,Neogen Corporation Common Stock,27.5,489,low,0.0,90.0,10.0,0.0,0.0,0.0,0.0,limited_no_detected_signals,0,0,neutral_monitor,No transaction structure recommendation.,Neither axis currently crosses a review threshold.,[],Dual-axis research triage. M&A scores are not calibrated probabilities; risk scores are not findings of incompetence or fraud.
PBH,Prestige Consumer Healthcare Inc. Common Stock,27.5,490,low,0.0,90.0,10.0,0.0,0.0,0.0,0.0,limited_no_detected_signals,0,0,neutral_monitor,No transaction structure recommendation.,Neither axis currently crosses a review threshold.,[],Dual-axis research triage. M&A scores are not calibrated probabilities; risk scores are not findings of incompetence or fraud.
PGNY,Progyny Inc. Common Stock,27.5,491,low,0.0,90.0,10.0,0.0,0.0,0.0,0.0,limited_no_detected_signals,0,0,neutral_monitor,No transaction structure recommendation.,Neither axis currently crosses a review threshold.,[],Dual-axis research triage. M&A scores are not calibrated probabilities; risk scores are not findings of incompetence or fraud.
PHVS,Pharvaris N.V. Ordinary Shares,27.5,492,low,0.0,90.0,10.0,0.0,0.0,0.0,0.0,limited_no_detected_signals,0,0,neutral_monitor,No transaction structure recommendation.,Neither axis currently crosses a review threshold.,[],Dual-axis research triage. M&A scores are not calibrated probabilities; risk scores are not findings of incompetence or fraud.
PRKS,United Parks & Resorts Inc. Common Stock,27.5,493,low,0.0,90.0,10.0,0.0,0.0,0.0,0.0,limited_no_detected_signals,0,0,neutral_monitor,No transaction structure recommendation.,Neither axis currently crosses a review threshold.,[],Dual-axis research triage. M&A scores are not calibrated probabilities; risk scores are not findings of incompetence or fraud.
QURE,uniQure N.V. Ordinary Shares,27.5,494,low,0.0,90.0,10.0,0.0,0.0,0.0,0.0,limited_no_detected_signals,0,0,neutral_monitor,No transaction structure recommendation.,Neither axis currently crosses a review threshold.,[],Dual-axis research triage. M&A scores are not calibrated probabilities; risk scores are not findings of incompetence or fraud.
RGC,Regencell Bioscience Holdings Limited Ordinary Shares,27.5,495,low,0.0,90.0,10.0,0.0,0.0,0.0,0.0,limited_no_detected_signals,0,0,neutral_monitor,No transaction structure recommendation.,Neither axis currently crosses a review threshold.,[],Dual-axis research triage. M&A scores are not calibrated probabilities; risk scores are not findings of incompetence or fraud.
SHC,Sotera Health Company Common Stock,27.5,496,low,0.0,90.0,10.0,0.0,0.0,0.0,0.0,limited_no_detected_signals,0,0,neutral_monitor,No transaction structure recommendation.,Neither axis currently crosses a review threshold.,[],Dual-axis research triage. M&A scores are not calibrated probabilities; risk scores are not findings of incompetence or fraud.
TAK,Takeda Pharmaceutical Company Limited American Depositary Shares (each representing 1/2 of a share of Common Stock),27.5,497,low,0.0,90.0,10.0,0.0,0.0,0.0,0.0,limited_no_detected_signals,0,0,neutral_monitor,No transaction structure recommendation.,Neither axis currently crosses a review threshold.,[],Dual-axis research triage. M&A scores are not calibrated probabilities; risk scores are not findings of incompetence or fraud.
TMDX,TransMedics Group Inc. Common Stock,27.5,498,low,0.0,90.0,10.0,0.0,0.0,0.0,0.0,limited_no_detected_signals,0,0,neutral_monitor,No transaction structure recommendation.,Neither axis currently crosses a review threshold.,[],Dual-axis research triage. M&A scores are not calibrated probabilities; risk scores are not findings of incompetence or fraud.
CGON,CG Oncology Inc. Common stock,22.1,499,low,0.0,72.0,10.0,0.0,0.0,0.0,0.0,limited_no_detected_signals,0,0,neutral_monitor,No transaction structure recommendation.,Neither axis currently crosses a review threshold.,[],Dual-axis research triage. M&A scores are not calibrated probabilities; risk scores are not findings of incompetence or fraud.
GRFS,Grifols S.A. American Depositary Shares,22.1,500,low,0.0,72.0,10.0,0.0,0.0,0.0,0.0,limited_no_detected_signals,0,0,neutral_monitor,No transaction structure recommendation.,Neither axis currently crosses a review threshold.,[],Dual-axis research triage. M&A scores are not calibrated probabilities; risk scores are not findings of incompetence or fraud.
IMVT,Immunovant Inc. Common Stock,22.1,501,low,0.0,72.0,10.0,0.0,0.0,0.0,0.0,limited_no_detected_signals,0,0,neutral_monitor,No transaction structure recommendation.,Neither axis currently crosses a review threshold.,[],Dual-axis research triage. M&A scores are not calibrated probabilities; risk scores are not findings of incompetence or fraud.
INDV,Indivior Pharmaceuticals Inc. Common Stock,22.1,502,low,0.0,72.0,10.0,0.0,0.0,0.0,0.0,limited_no_detected_signals,0,0,neutral_monitor,No transaction structure recommendation.,Neither axis currently crosses a review threshold.,[],Dual-axis research triage. M&A scores are not calibrated probabilities; risk scores are not findings of incompetence or fraud.
LGND,Ligand Pharmaceuticals Incorporated Common Stock,22.1,503,low,0.0,72.0,10.0,0.0,0.0,0.0,0.0,limited_no_detected_signals,0,0,neutral_monitor,No transaction structure recommendation.,Neither axis currently crosses a review threshold.,[],Dual-axis research triage. M&A scores are not calibrated probabilities; risk scores are not findings of incompetence or fraud.
LNTH,Lantheus Holdings Inc. Common Stock,22.1,504,low,0.0,72.0,10.0,0.0,0.0,0.0,0.0,limited_no_detected_signals,0,0,neutral_monitor,No transaction structure recommendation.,Neither axis currently crosses a review threshold.,[],Dual-axis research triage. M&A scores are not calibrated probabilities; risk scores are not findings of incompetence or fraud.
LQDA,Liquidia Corporation Common Stock,22.1,505,low,0.0,72.0,10.0,0.0,0.0,0.0,0.0,limited_no_detected_signals,0,0,neutral_monitor,No transaction structure recommendation.,Neither axis currently crosses a review threshold.,[],Dual-axis research triage. M&A scores are not calibrated probabilities; risk scores are not findings of incompetence or fraud.
QGEN,Qiagen N.V. Common Shares,22.1,506,low,0.0,72.0,10.0,0.0,0.0,0.0,0.0,limited_no_detected_signals,0,0,neutral_monitor,No transaction structure recommendation.,Neither axis currently crosses a review threshold.,[],Dual-axis research triage. M&A scores are not calibrated probabilities; risk scores are not findings of incompetence or fraud.
RDY,Dr. Reddy's Laboratories Ltd Common Stock,22.1,507,low,0.0,72.0,10.0,0.0,0.0,0.0,0.0,limited_no_detected_signals,0,0,neutral_monitor,No transaction structure recommendation.,Neither axis currently crosses a review threshold.,[],Dual-axis research triage. M&A scores are not calibrated probabilities; risk scores are not findings of incompetence or fraud.
RGEN,Repligen Corporation Common Stock,22.1,508,low,0.0,72.0,10.0,0.0,0.0,0.0,0.0,limited_no_detected_signals,0,0,neutral_monitor,No transaction structure recommendation.,Neither axis currently crosses a review threshold.,[],Dual-axis research triage. M&A scores are not calibrated probabilities; risk scores are not findings of incompetence or fraud.
TWST,Twist Bioscience Corporation Common Stock,22.1,509,low,0.0,72.0,10.0,0.0,0.0,0.0,0.0,limited_no_detected_signals,0,0,neutral_monitor,No transaction structure recommendation.,Neither axis currently crosses a review threshold.,[],Dual-axis research triage. M&A scores are not calibrated probabilities; risk scores are not findings of incompetence or fraud.
AARD,Aardvark Therapeutics Inc. Common Stock,20.0,510,low,0.0,65.0,10.0,0.0,0.0,0.0,0.0,limited_no_detected_signals,0,0,neutral_monitor,No transaction structure recommendation.,Neither axis currently crosses a review threshold.,[],Dual-axis research triage. M&A scores are not calibrated probabilities; risk scores are not findings of incompetence or fraud.
ACB,Aurora Cannabis Inc. Common Shares,20.0,511,low,0.0,65.0,10.0,0.0,0.0,0.0,0.0,limited_no_detected_signals,0,0,neutral_monitor,No transaction structure recommendation.,Neither axis currently crosses a review threshold.,[],Dual-axis research triage. M&A scores are not calibrated probabilities; risk scores are not findings of incompetence or fraud.
ACET,Adicet Bio Inc. Common Stock,20.0,512,low,0.0,65.0,10.0,0.0,0.0,0.0,0.0,limited_no_detected_signals,0,0,neutral_monitor,No transaction structure recommendation.,Neither axis currently crosses a review threshold.,[],Dual-axis research triage. M&A scores are not calibrated probabilities; risk scores are not findings of incompetence or fraud.
AGEN,Agenus Inc. Common Stock,20.0,513,low,0.0,65.0,10.0,0.0,0.0,0.0,0.0,limited_no_detected_signals,0,0,neutral_monitor,No transaction structure recommendation.,Neither axis currently crosses a review threshold.,[],Dual-axis research triage. M&A scores are not calibrated probabilities; risk scores are not findings of incompetence or fraud.
ALEC,Alector Inc. Common Stock,20.0,514,low,0.0,65.0,10.0,0.0,0.0,0.0,0.0,limited_no_detected_signals,0,0,neutral_monitor,No transaction structure recommendation.,Neither axis currently crosses a review threshold.,[],Dual-axis research triage. M&A scores are not calibrated probabilities; risk scores are not findings of incompetence or fraud.
ANIX,Anixa Biosciences Inc. Common Stock,20.0,515,low,0.0,65.0,10.0,0.0,0.0,0.0,0.0,limited_no_detected_signals,0,0,neutral_monitor,No transaction structure recommendation.,Neither axis currently crosses a review threshold.,[],Dual-axis research triage. M&A scores are not calibrated probabilities; risk scores are not findings of incompetence or fraud.
ANTX,AN2 Therapeutics Inc. Common Stock,20.0,516,low,0.0,65.0,10.0,0.0,0.0,0.0,0.0,limited_no_detected_signals,0,0,neutral_monitor,No transaction structure recommendation.,Neither axis currently crosses a review threshold.,[],Dual-axis research triage. M&A scores are not calibrated probabilities; risk scores are not findings of incompetence or fraud.
ARMP,Armata Pharmaceuticals Inc. Common Stock,20.0,517,low,0.0,65.0,10.0,0.0,0.0,0.0,0.0,limited_no_detected_signals,0,0,neutral_monitor,No transaction structure recommendation.,Neither axis currently crosses a review threshold.,[],Dual-axis research triage. M&A scores are not calibrated probabilities; risk scores are not findings of incompetence or fraud.
ATHE,Alterity Therapeutics Limited American Depositary Shares,20.0,518,low,0.0,65.0,10.0,0.0,0.0,0.0,0.0,limited_no_detected_signals,0,0,neutral_monitor,No transaction structure recommendation.,Neither axis currently crosses a review threshold.,[],Dual-axis research triage. M&A scores are not calibrated probabilities; risk scores are not findings of incompetence or fraud.
ATRA,Atara Biotherapeutics Inc. Common Stock,20.0,519,low,0.0,65.0,10.0,0.0,0.0,0.0,0.0,limited_no_detected_signals,0,0,neutral_monitor,No transaction structure recommendation.,Neither axis currently crosses a review threshold.,[],Dual-axis research triage. M&A scores are not calibrated probabilities; risk scores are not findings of incompetence or fraud.
BGM,BGM Group Ltd. Class A Ordinary Shares,20.0,520,low,0.0,65.0,10.0,0.0,0.0,0.0,0.0,limited_no_detected_signals,0,0,neutral_monitor,No transaction structure recommendation.,Neither axis currently crosses a review threshold.,[],Dual-axis research triage. M&A scores are not calibrated probabilities; risk scores are not findings of incompetence or fraud.
BTMD,Biote Corp. Class A Common Stock,20.0,521,low,0.0,65.0,10.0,0.0,0.0,0.0,0.0,limited_no_detected_signals,0,0,neutral_monitor,No transaction structure recommendation.,Neither axis currently crosses a review threshold.,[],Dual-axis research triage. M&A scores are not calibrated probabilities; risk scores are not findings of incompetence or fraud.
CING,Cingulate Inc. Common Stock,20.0,522,low,0.0,65.0,10.0,0.0,0.0,0.0,0.0,limited_no_detected_signals,0,0,neutral_monitor,No transaction structure recommendation.,Neither axis currently crosses a review threshold.,[],Dual-axis research triage. M&A scores are not calibrated probabilities; risk scores are not findings of incompetence or fraud.
CLNN,Clene Inc. Common Stock,20.0,523,low,0.0,65.0,10.0,0.0,0.0,0.0,0.0,limited_no_detected_signals,0,0,neutral_monitor,No transaction structure recommendation.,Neither axis currently crosses a review threshold.,[],Dual-axis research triage. M&A scores are not calibrated probabilities; risk scores are not findings of incompetence or fraud.
CNTB,Connect Biopharma Holdings Limited Ordinary Shares,20.0,524,low,0.0,65.0,10.0,0.0,0.0,0.0,0.0,limited_no_detected_signals,0,0,neutral_monitor,No transaction structure recommendation.,Neither axis currently crosses a review threshold.,[],Dual-axis research triage. M&A scores are not calibrated probabilities; risk scores are not findings of incompetence or fraud.
CNTN,Canton Strategic Holdings Inc. Common Stock,20.0,525,low,0.0,65.0,10.0,0.0,0.0,0.0,0.0,limited_no_detected_signals,0,0,neutral_monitor,No transaction structure recommendation.,Neither axis currently crosses a review threshold.,[],Dual-axis research triage. M&A scores are not calibrated probabilities; risk scores are not findings of incompetence or fraud.
CSBR,Champions Oncology Inc. Common Stock,20.0,526,low,0.0,65.0,10.0,0.0,0.0,0.0,0.0,limited_no_detected_signals,0,0,neutral_monitor,No transaction structure recommendation.,Neither axis currently crosses a review threshold.,[],Dual-axis research triage. M&A scores are not calibrated probabilities; risk scores are not findings of incompetence or fraud.
CTOR,Citius Oncology Inc. Common Stock,20.0,527,low,0.0,65.0,10.0,0.0,0.0,0.0,0.0,limited_no_detected_signals,0,0,neutral_monitor,No transaction structure recommendation.,Neither axis currently crosses a review threshold.,[],Dual-axis research triage. M&A scores are not calibrated probabilities; risk scores are not findings of incompetence or fraud.
CUE,Cue Biopharma Inc. Common Stock,20.0,528,low,0.0,65.0,10.0,0.0,0.0,0.0,0.0,limited_no_detected_signals,0,0,neutral_monitor,No transaction structure recommendation.,Neither axis currently crosses a review threshold.,[],Dual-axis research triage. M&A scores are not calibrated probabilities; risk scores are not findings of incompetence or fraud.
CYPH,Cypherpunk Technologies Inc. Common Stock,20.0,529,low,0.0,65.0,10.0,0.0,0.0,0.0,0.0,limited_no_detected_signals,0,0,neutral_monitor,No transaction structure recommendation.,Neither axis currently crosses a review threshold.,[],Dual-axis research triage. M&A scores are not calibrated probabilities; risk scores are not findings of incompetence or fraud.
DOMH,Dominari Holdings Inc. Common Stock,20.0,530,low,0.0,65.0,10.0,0.0,0.0,0.0,0.0,limited_no_detected_signals,0,0,neutral_monitor,No transaction structure recommendation.,Neither axis currently crosses a review threshold.,[],Dual-axis research triage. M&A scores are not calibrated probabilities; risk scores are not findings of incompetence or fraud.
ECOR,electroCore Inc. Common Stock,20.0,531,low,0.0,65.0,10.0,0.0,0.0,0.0,0.0,limited_no_detected_signals,0,0,neutral_monitor,No transaction structure recommendation.,Neither axis currently crosses a review threshold.,[],Dual-axis research triage. M&A scores are not calibrated probabilities; risk scores are not findings of incompetence or fraud.
EDSA,Edesa Biotech Inc. Common Shares,20.0,532,low,0.0,65.0,10.0,0.0,0.0,0.0,0.0,limited_no_detected_signals,0,0,neutral_monitor,No transaction structure recommendation.,Neither axis currently crosses a review threshold.,[],Dual-axis research triage. M&A scores are not calibrated probabilities; risk scores are not findings of incompetence or fraud.
ENGN,enGene Therapeutics Inc. Common Stock,20.0,533,low,0.0,65.0,10.0,0.0,0.0,0.0,0.0,limited_no_detected_signals,0,0,neutral_monitor,No transaction structure recommendation.,Neither axis currently crosses a review threshold.,[],Dual-axis research triage. M&A scores are not calibrated probabilities; risk scores are not findings of incompetence or fraud.
ENLV,Enlivex Ltd. Ordinary Shares,20.0,534,low,0.0,65.0,10.0,0.0,0.0,0.0,0.0,limited_no_detected_signals,0,0,neutral_monitor,No transaction structure recommendation.,Neither axis currently crosses a review threshold.,[],Dual-axis research triage. M&A scores are not calibrated probabilities; risk scores are not findings of incompetence or fraud.
ENTX,Entera Bio Ltd. Ordinary Shares,20.0,535,low,0.0,65.0,10.0,0.0,0.0,0.0,0.0,limited_no_detected_signals,0,0,neutral_monitor,No transaction structure recommendation.,Neither axis currently crosses a review threshold.,[],Dual-axis research triage. M&A scores are not calibrated probabilities; risk scores are not findings of incompetence or fraud.
EQ,Equillium Inc. Common Stock,20.0,536,low,0.0,65.0,10.0,0.0,0.0,0.0,0.0,limited_no_detected_signals,0,0,neutral_monitor,No transaction structure recommendation.,Neither axis currently crosses a review threshold.,[],Dual-axis research triage. M&A scores are not calibrated probabilities; risk scores are not findings of incompetence or fraud.
EVO,Evotec SE American Depositary Shares,20.0,537,low,0.0,65.0,10.0,0.0,0.0,0.0,0.0,limited_no_detected_signals,0,0,neutral_monitor,No transaction structure recommendation.,Neither axis currently crosses a review threshold.,[],Dual-axis research triage. M&A scores are not calibrated probabilities; risk scores are not findings of incompetence or fraud.
FBIO,Fortress Biotech Inc. Common Stock,20.0,538,low,0.0,65.0,10.0,0.0,0.0,0.0,0.0,limited_no_detected_signals,0,0,neutral_monitor,No transaction structure recommendation.,Neither axis currently crosses a review threshold.,[],Dual-axis research triage. M&A scores are not calibrated probabilities; risk scores are not findings of incompetence or fraud.
FOCL,EDAP TMS S.A. American Depositary Shares,20.0,539,low,0.0,65.0,10.0,0.0,0.0,0.0,0.0,limited_no_detected_signals,0,0,neutral_monitor,No transaction structure recommendation.,Neither axis currently crosses a review threshold.,[],Dual-axis research triage. M&A scores are not calibrated probabilities; risk scores are not findings of incompetence or fraud.
FRMM,Forum Markets Incorporated Common Stock,20.0,540,low,0.0,65.0,10.0,0.0,0.0,0.0,0.0,limited_no_detected_signals,0,0,neutral_monitor,No transaction structure recommendation.,Neither axis currently crosses a review threshold.,[],Dual-axis research triage. M&A scores are not calibrated probabilities; risk scores are not findings of incompetence or fraud.
FTLF,FitLife Brands Inc. Common Stock,20.0,541,low,0.0,65.0,10.0,0.0,0.0,0.0,0.0,limited_no_detected_signals,0,0,neutral_monitor,No transaction structure recommendation.,Neither axis currently crosses a review threshold.,[],Dual-axis research triage. M&A scores are not calibrated probabilities; risk scores are not findings of incompetence or fraud.
GALT,Galectin Therapeutics Inc. Common Stock,20.0,542,low,0.0,65.0,10.0,0.0,0.0,0.0,0.0,limited_no_detected_signals,0,0,neutral_monitor,No transaction structure recommendation.,Neither axis currently crosses a review threshold.,[],Dual-axis research triage. M&A scores are not calibrated probabilities; risk scores are not findings of incompetence or fraud.
GNTA,Genenta Science S.p.A. American Depositary Shares,20.0,543,low,0.0,65.0,10.0,0.0,0.0,0.0,0.0,limited_no_detected_signals,0,0,neutral_monitor,No transaction structure recommendation.,Neither axis currently crosses a review threshold.,[],Dual-axis research triage. M&A scores are not calibrated probabilities; risk scores are not findings of incompetence or fraud.
GOSS,Gossamer Bio Inc. Common Stock,20.0,544,low,0.0,65.0,10.0,0.0,0.0,0.0,0.0,limited_no_detected_signals,0,0,neutral_monitor,No transaction structure recommendation.,Neither axis currently crosses a review threshold.,[],Dual-axis research triage. M&A scores are not calibrated probabilities; risk scores are not findings of incompetence or fraud.
HSDT,Solana Company Class A Common Stock (DE),20.0,545,low,0.0,65.0,10.0,0.0,0.0,0.0,0.0,limited_no_detected_signals,0,0,neutral_monitor,No transaction structure recommendation.,Neither axis currently crosses a review threshold.,[],Dual-axis research triage. M&A scores are not calibrated probabilities; risk scores are not findings of incompetence or fraud.
HYFT,MindWalk Holdings Corp. Common Stock,20.0,546,low,0.0,65.0,10.0,0.0,0.0,0.0,0.0,limited_no_detected_signals,0,0,neutral_monitor,No transaction structure recommendation.,Neither axis currently crosses a review threshold.,[],Dual-axis research triage. M&A scores are not calibrated probabilities; risk scores are not findings of incompetence or fraud.
ICCC,ImmuCell Corporation Common Stock,20.0,547,low,0.0,65.0,10.0,0.0,0.0,0.0,0.0,limited_no_detected_signals,0,0,neutral_monitor,No transaction structure recommendation.,Neither axis currently crosses a review threshold.,[],Dual-axis research triage. M&A scores are not calibrated probabilities; risk scores are not findings of incompetence or fraud.
IFRX,InflaRx N.V. Common Stock,20.0,548,low,0.0,65.0,10.0,0.0,0.0,0.0,0.0,limited_no_detected_signals,0,0,neutral_monitor,No transaction structure recommendation.,Neither axis currently crosses a review threshold.,[],Dual-axis research triage. M&A scores are not calibrated probabilities; risk scores are not findings of incompetence or fraud.
IMA,ImageneBio Inc. Common Stock,20.0,549,low,0.0,65.0,10.0,0.0,0.0,0.0,0.0,limited_no_detected_signals,0,0,neutral_monitor,No transaction structure recommendation.,Neither axis currently crosses a review threshold.,[],Dual-axis research triage. M&A scores are not calibrated probabilities; risk scores are not findings of incompetence or fraud.
IMDX,Insight Molecular Diagnostics Inc. Common Stock,20.0,550,low,0.0,65.0,10.0,0.0,0.0,0.0,0.0,limited_no_detected_signals,0,0,neutral_monitor,No transaction structure recommendation.,Neither axis currently crosses a review threshold.,[],Dual-axis research triage. M&A scores are not calibrated probabilities; risk scores are not findings of incompetence or fraud.
IMMP,Immutep Limited American Depositary Shares,20.0,551,low,0.0,65.0,10.0,0.0,0.0,0.0,0.0,limited_no_detected_signals,0,0,neutral_monitor,No transaction structure recommendation.,Neither axis currently crosses a review threshold.,[],Dual-axis research triage. M&A scores are not calibrated probabilities; risk scores are not findings of incompetence or fraud.
INCR,Intercure Ltd. Ordinary Shares,20.0,552,low,0.0,65.0,10.0,0.0,0.0,0.0,0.0,limited_no_detected_signals,0,0,neutral_monitor,No transaction structure recommendation.,Neither axis currently crosses a review threshold.,[],Dual-axis research triage. M&A scores are not calibrated probabilities; risk scores are not findings of incompetence or fraud.
ISPR,Ispire Technology Inc. Common Stock,20.0,553,low,0.0,65.0,10.0,0.0,0.0,0.0,0.0,limited_no_detected_signals,0,0,neutral_monitor,No transaction structure recommendation.,Neither axis currently crosses a review threshold.,[],Dual-axis research triage. M&A scores are not calibrated probabilities; risk scores are not findings of incompetence or fraud.
KLRS,Kalaris Therapeutics Inc. Common Stock,20.0,554,low,0.0,65.0,10.0,0.0,0.0,0.0,0.0,limited_no_detected_signals,0,0,neutral_monitor,No transaction structure recommendation.,Neither axis currently crosses a review threshold.,[],Dual-axis research triage. M&A scores are not calibrated probabilities; risk scores are not findings of incompetence or fraud.
KRRO,Korro Bio Inc. Common Stock,20.0,555,low,0.0,65.0,10.0,0.0,0.0,0.0,0.0,limited_no_detected_signals,0,0,neutral_monitor,No transaction structure recommendation.,Neither axis currently crosses a review threshold.,[],Dual-axis research triage. M&A scores are not calibrated probabilities; risk scores are not findings of incompetence or fraud.
KZIA,Kazia Therapeutics Limited American Depositary Shares,20.0,556,low,0.0,65.0,10.0,0.0,0.0,0.0,0.0,limited_no_detected_signals,0,0,neutral_monitor,No transaction structure recommendation.,Neither axis currently crosses a review threshold.,[],Dual-axis research triage. M&A scores are not calibrated probabilities; risk scores are not findings of incompetence or fraud.
LFCR,Lifecore Biomedical Inc. Common Stock,20.0,557,low,0.0,65.0,10.0,0.0,0.0,0.0,0.0,limited_no_detected_signals,0,0,neutral_monitor,No transaction structure recommendation.,Neither axis currently crosses a review threshold.,[],Dual-axis research triage. M&A scores are not calibrated probabilities; risk scores are not findings of incompetence or fraud.
LFVN,Lifevantage Corporation Common Stock (Delaware),20.0,558,low,0.0,65.0,10.0,0.0,0.0,0.0,0.0,limited_no_detected_signals,0,0,neutral_monitor,No transaction structure recommendation.,Neither axis currently crosses a review threshold.,[],Dual-axis research triage. M&A scores are not calibrated probabilities; risk scores are not findings of incompetence or fraud.
MBOT,Microbot Medical Inc. Common Stock,20.0,559,low,0.0,65.0,10.0,0.0,0.0,0.0,0.0,limited_no_detected_signals,0,0,neutral_monitor,No transaction structure recommendation.,Neither axis currently crosses a review threshold.,[],Dual-axis research triage. M&A scores are not calibrated probabilities; risk scores are not findings of incompetence or fraud.
MCRB,Seres Therapeutics Inc. Common Stock,20.0,560,low,0.0,65.0,10.0,0.0,0.0,0.0,0.0,limited_no_detected_signals,0,0,neutral_monitor,No transaction structure recommendation.,Neither axis currently crosses a review threshold.,[],Dual-axis research triage. M&A scores are not calibrated probabilities; risk scores are not findings of incompetence or fraud.
MENS,Jyong Biotech Ltd. Ordinary Shares,20.0,561,low,0.0,65.0,10.0,0.0,0.0,0.0,0.0,limited_no_detected_signals,0,0,neutral_monitor,No transaction structure recommendation.,Neither axis currently crosses a review threshold.,[],Dual-axis research triage. M&A scores are not calibrated probabilities; risk scores are not findings of incompetence or fraud.
MXCT,MaxCyte Inc. Common Stock,20.0,562,low,0.0,65.0,10.0,0.0,0.0,0.0,0.0,limited_no_detected_signals,0,0,neutral_monitor,No transaction structure recommendation.,Neither axis currently crosses a review threshold.,[],Dual-axis research triage. M&A scores are not calibrated probabilities; risk scores are not findings of incompetence or fraud.
NBP,NovaBridge Biosciences American Depositary Shares,20.0,563,low,0.0,65.0,10.0,0.0,0.0,0.0,0.0,limited_no_detected_signals,0,0,neutral_monitor,No transaction structure recommendation.,Neither axis currently crosses a review threshold.,[],Dual-axis research triage. M&A scores are not calibrated probabilities; risk scores are not findings of incompetence or fraud.
NMAD,Nomad Power Solutions Inc. Common Stock,20.0,564,low,0.0,65.0,10.0,0.0,0.0,0.0,0.0,limited_no_detected_signals,0,0,neutral_monitor,No transaction structure recommendation.,Neither axis currently crosses a review threshold.,[],Dual-axis research triage. M&A scores are not calibrated probabilities; risk scores are not findings of incompetence or fraud.
NRXP,NRX Pharmaceuticals Inc. Common Stock,20.0,565,low,0.0,65.0,10.0,0.0,0.0,0.0,0.0,limited_no_detected_signals,0,0,neutral_monitor,No transaction structure recommendation.,Neither axis currently crosses a review threshold.,[],Dual-axis research triage. M&A scores are not calibrated probabilities; risk scores are not findings of incompetence or fraud.
NRXS,Neuraxis Inc. Common Stock,20.0,566,low,0.0,65.0,10.0,0.0,0.0,0.0,0.0,limited_no_detected_signals,0,0,neutral_monitor,No transaction structure recommendation.,Neither axis currently crosses a review threshold.,[],Dual-axis research triage. M&A scores are not calibrated probabilities; risk scores are not findings of incompetence or fraud.
OBIO,Orchestra BioMed Holdings Inc. Ordinary Shares,20.0,567,low,0.0,65.0,10.0,0.0,0.0,0.0,0.0,limited_no_detected_signals,0,0,neutral_monitor,No transaction structure recommendation.,Neither axis currently crosses a review threshold.,[],Dual-axis research triage. M&A scores are not calibrated probabilities; risk scores are not findings of incompetence or fraud.
OGI,Organigram Global Inc. Common Shares,20.0,568,low,0.0,65.0,10.0,0.0,0.0,0.0,0.0,limited_no_detected_signals,0,0,neutral_monitor,No transaction structure recommendation.,Neither axis currently crosses a review threshold.,[],Dual-axis research triage. M&A scores are not calibrated probabilities; risk scores are not findings of incompetence or fraud.
OKUR,OnKure Therapeutics Inc. Class A Common Stock,20.0,569,low,0.0,65.0,10.0,0.0,0.0,0.0,0.0,limited_no_detected_signals,0,0,neutral_monitor,No transaction structure recommendation.,Neither axis currently crosses a review threshold.,[],Dual-axis research triage. M&A scores are not calibrated probabilities; risk scores are not findings of incompetence or fraud.
OKYO,OKYO Pharma Limited Ordinary Shares,20.0,570,low,0.0,65.0,10.0,0.0,0.0,0.0,0.0,limited_no_detected_signals,0,0,neutral_monitor,No transaction structure recommendation.,Neither axis currently crosses a review threshold.,[],Dual-axis research triage. M&A scores are not calibrated probabilities; risk scores are not findings of incompetence or fraud.
OM,Outset Medical Inc. Common Stock,20.0,571,low,0.0,65.0,10.0,0.0,0.0,0.0,0.0,limited_no_detected_signals,0,0,neutral_monitor,No transaction structure recommendation.,Neither axis currently crosses a review threshold.,[],Dual-axis research triage. M&A scores are not calibrated probabilities; risk scores are not findings of incompetence or fraud.
ORMP,Oramed Pharmaceuticals Inc. Common Stock,20.0,572,low,0.0,65.0,10.0,0.0,0.0,0.0,0.0,limited_no_detected_signals,0,0,neutral_monitor,No transaction structure recommendation.,Neither axis currently crosses a review threshold.,[],Dual-axis research triage. M&A scores are not calibrated probabilities; risk scores are not findings of incompetence or fraud.
OSTX,OS Therapies Incorporated Common Stock,20.0,573,low,0.0,65.0,10.0,0.0,0.0,0.0,0.0,limited_no_detected_signals,0,0,neutral_monitor,No transaction structure recommendation.,Neither axis currently crosses a review threshold.,[],Dual-axis research triage. M&A scores are not calibrated probabilities; risk scores are not findings of incompetence or fraud.
PARK,Park Dental Partners Inc. Common Stock,20.0,574,low,0.0,65.0,10.0,0.0,0.0,0.0,0.0,limited_no_detected_signals,0,0,neutral_monitor,No transaction structure recommendation.,Neither axis currently crosses a review threshold.,[],Dual-axis research triage. M&A scores are not calibrated probabilities; risk scores are not findings of incompetence or fraud.
PLX,Protalix BioTherapeutics Inc. (DE) Common Stock,20.0,575,low,0.0,65.0,10.0,0.0,0.0,0.0,0.0,limited_no_detected_signals,0,0,neutral_monitor,No transaction structure recommendation.,Neither axis currently crosses a review threshold.,[],Dual-axis research triage. M&A scores are not calibrated probabilities; risk scores are not findings of incompetence or fraud.
PMN,ProMIS Neurosciences Inc. Common Shares (ON),20.0,576,low,0.0,65.0,10.0,0.0,0.0,0.0,0.0,limited_no_detected_signals,0,0,neutral_monitor,No transaction structure recommendation.,Neither axis currently crosses a review threshold.,[],Dual-axis research triage. M&A scores are not calibrated probabilities; risk scores are not findings of incompetence or fraud.
PTHS,Pelthos Therapeutics Inc. Common Stock,20.0,577,low,0.0,65.0,10.0,0.0,0.0,0.0,0.0,limited_no_detected_signals,0,0,neutral_monitor,No transaction structure recommendation.,Neither axis currently crosses a review threshold.,[],Dual-axis research triage. M&A scores are not calibrated probabilities; risk scores are not findings of incompetence or fraud.
PYPD,PolyPid Ltd. Ordinary Shares,20.0,578,low,0.0,65.0,10.0,0.0,0.0,0.0,0.0,limited_no_detected_signals,0,0,neutral_monitor,No transaction structure recommendation.,Neither axis currently crosses a review threshold.,[],Dual-axis research triage. M&A scores are not calibrated probabilities; risk scores are not findings of incompetence or fraud.
RLYB,Rallybio Corporation Common Stock,20.0,579,low,0.0,65.0,10.0,0.0,0.0,0.0,0.0,limited_no_detected_signals,0,0,neutral_monitor,No transaction structure recommendation.,Neither axis currently crosses a review threshold.,[],Dual-axis research triage. M&A scores are not calibrated probabilities; risk scores are not findings of incompetence or fraud.
RNA,Atrium Therapeutics Inc. Common Stock,20.0,580,low,0.0,65.0,10.0,0.0,0.0,0.0,0.0,limited_no_detected_signals,0,0,neutral_monitor,No transaction structure recommendation.,Neither axis currently crosses a review threshold.,[],Dual-axis research triage. M&A scores are not calibrated probabilities; risk scores are not findings of incompetence or fraud.
SCLX,Scilex Holding Company Common Stock,20.0,581,low,0.0,65.0,10.0,0.0,0.0,0.0,0.0,limited_no_detected_signals,0,0,neutral_monitor,No transaction structure recommendation.,Neither axis currently crosses a review threshold.,[],Dual-axis research triage. M&A scores are not calibrated probabilities; risk scores are not findings of incompetence or fraud.
SDEV,Stablecoin Development Corporation Common Stock,20.0,582,low,0.0,65.0,10.0,0.0,0.0,0.0,0.0,limited_no_detected_signals,0,0,neutral_monitor,No transaction structure recommendation.,Neither axis currently crosses a review threshold.,[],Dual-axis research triage. M&A scores are not calibrated probabilities; risk scores are not findings of incompetence or fraud.
SPRO,Spero Therapeutics Inc. Common Stock,20.0,583,low,0.0,65.0,10.0,0.0,0.0,0.0,0.0,limited_no_detected_signals,0,0,neutral_monitor,No transaction structure recommendation.,Neither axis currently crosses a review threshold.,[],Dual-axis research triage. M&A scores are not calibrated probabilities; risk scores are not findings of incompetence or fraud.
STEX,Streamex Corp. Common Stock,20.0,584,low,0.0,65.0,10.0,0.0,0.0,0.0,0.0,limited_no_detected_signals,0,0,neutral_monitor,No transaction structure recommendation.,Neither axis currently crosses a review threshold.,[],Dual-axis research triage. M&A scores are not calibrated probabilities; risk scores are not findings of incompetence or fraud.
STXS,Stereotaxis Inc. Common Stock,20.0,585,low,0.0,65.0,10.0,0.0,0.0,0.0,0.0,limited_no_detected_signals,0,0,neutral_monitor,No transaction structure recommendation.,Neither axis currently crosses a review threshold.,[],Dual-axis research triage. M&A scores are not calibrated probabilities; risk scores are not findings of incompetence or fraud.
SXTC,China SXT Pharmaceuticals Inc. Class A Ordinary Shares,20.0,586,low,0.0,65.0,10.0,0.0,0.0,0.0,0.0,limited_no_detected_signals,0,0,neutral_monitor,No transaction structure recommendation.,Neither axis currently crosses a review threshold.,[],Dual-axis research triage. M&A scores are not calibrated probabilities; risk scores are not findings of incompetence or fraud.
TLPH,Talphera Inc. Common Stock,20.0,587,low,0.0,65.0,10.0,0.0,0.0,0.0,0.0,limited_no_detected_signals,0,0,neutral_monitor,No transaction structure recommendation.,Neither axis currently crosses a review threshold.,[],Dual-axis research triage. M&A scores are not calibrated probabilities; risk scores are not findings of incompetence or fraud.
UNCY,Unicycive Therapeutics Inc. Common Stock,20.0,588,low,0.0,65.0,10.0,0.0,0.0,0.0,0.0,limited_no_detected_signals,0,0,neutral_monitor,No transaction structure recommendation.,Neither axis currently crosses a review threshold.,[],Dual-axis research triage. M&A scores are not calibrated probabilities; risk scores are not findings of incompetence or fraud.
UPXI,Upexi Inc. Common Stock,20.0,589,low,0.0,65.0,10.0,0.0,0.0,0.0,0.0,limited_no_detected_signals,0,0,neutral_monitor,No transaction structure recommendation.,Neither axis currently crosses a review threshold.,[],Dual-axis research triage. M&A scores are not calibrated probabilities; risk scores are not findings of incompetence or fraud.
VANI,Vivani Medical Inc. Common Stock (DE),20.0,590,low,0.0,65.0,10.0,0.0,0.0,0.0,0.0,limited_no_detected_signals,0,0,neutral_monitor,No transaction structure recommendation.,Neither axis currently crosses a review threshold.,[],Dual-axis research triage. M&A scores are not calibrated probabilities; risk scores are not findings of incompetence or fraud.
XLO,Xilio Therapeutics Inc. Common Stock,20.0,591,low,0.0,65.0,10.0,0.0,0.0,0.0,0.0,limited_no_detected_signals,0,0,neutral_monitor,No transaction structure recommendation.,Neither axis currently crosses a review threshold.,[],Dual-axis research triage. M&A scores are not calibrated probabilities; risk scores are not findings of incompetence or fraud.
XTNT,Xtant Medical Holdings Inc. Common Stock,20.0,592,low,0.0,65.0,10.0,0.0,0.0,0.0,0.0,limited_no_detected_signals,0,0,neutral_monitor,No transaction structure recommendation.,Neither axis currently crosses a review threshold.,[],Dual-axis research triage. M&A scores are not calibrated probabilities; risk scores are not findings of incompetence or fraud.
ZYBT,Zhengye Biotechnology Holding Limited Class A Ordinary Shares,20.0,593,low,0.0,65.0,10.0,0.0,0.0,0.0,0.0,limited_no_detected_signals,0,0,neutral_monitor,No transaction structure recommendation.,Neither axis currently crosses a review threshold.,[],Dual-axis research triage. M&A scores are not calibrated probabilities; risk scores are not findings of incompetence or fraud.
ABVX,Abivax SA American Depositary Shares,15.5,594,low,0.0,50.0,10.0,0.0,0.0,0.0,0.0,limited_no_detected_signals,0,0,neutral_monitor,No transaction structure recommendation.,Neither axis currently crosses a review threshold.,[],Dual-axis research triage. M&A scores are not calibrated probabilities; risk scores are not findings of incompetence or fraud.
CRL,Charles River Laboratories International Inc. Common Stock,15.5,595,low,0.0,50.0,10.0,0.0,0.0,0.0,0.0,limited_no_detected_signals,0,0,neutral_monitor,No transaction structure recommendation.,Neither axis currently crosses a review threshold.,[],Dual-axis research triage. M&A scores are not calibrated probabilities; risk scores are not findings of incompetence or fraud.
DVA,DaVita Inc. Common Stock,15.5,596,low,0.0,50.0,10.0,0.0,0.0,0.0,0.0,limited_no_detected_signals,0,0,neutral_monitor,No transaction structure recommendation.,Neither axis currently crosses a review threshold.,[],Dual-axis research triage. M&A scores are not calibrated probabilities; risk scores are not findings of incompetence or fraud.
ELAN,Elanco Animal Health Incorporated Common Stock,15.5,597,low,0.0,50.0,10.0,0.0,0.0,0.0,0.0,limited_no_detected_signals,0,0,neutral_monitor,No transaction structure recommendation.,Neither axis currently crosses a review threshold.,[],Dual-axis research triage. M&A scores are not calibrated probabilities; risk scores are not findings of incompetence or fraud.
FMS,Fresenius Medical Care AG American Depositary Shares (Each representing 1/2 of an Ordinary Share),15.5,598,low,0.0,50.0,10.0,0.0,0.0,0.0,0.0,limited_no_detected_signals,0,0,neutral_monitor,No transaction structure recommendation.,Neither axis currently crosses a review threshold.,[],Dual-axis research triage. M&A scores are not calibrated probabilities; risk scores are not findings of incompetence or fraud.
ICLR,ICON plc Ordinary Shares,15.5,599,low,0.0,50.0,10.0,0.0,0.0,0.0,0.0,limited_no_detected_signals,0,0,neutral_monitor,No transaction structure recommendation.,Neither axis currently crosses a review threshold.,[],Dual-axis research triage. M&A scores are not calibrated probabilities; risk scores are not findings of incompetence or fraud.
MEDP,Medpace Holdings Inc. Common Stock,15.5,600,low,0.0,50.0,10.0,0.0,0.0,0.0,0.0,limited_no_detected_signals,0,0,neutral_monitor,No transaction structure recommendation.,Neither axis currently crosses a review threshold.,[],Dual-axis research triage. M&A scores are not calibrated probabilities; risk scores are not findings of incompetence or fraud.
MRNA,Moderna Inc. Common Stock,15.5,601,low,0.0,50.0,10.0,0.0,0.0,0.0,0.0,limited_no_detected_signals,0,0,neutral_monitor,No transaction structure recommendation.,Neither axis currently crosses a review threshold.,[],Dual-axis research triage. M&A scores are not calibrated probabilities; risk scores are not findings of incompetence or fraud.
TECH,Bio-Techne Corp Common Stock,15.5,602,low,0.0,50.0,10.0,0.0,0.0,0.0,0.0,limited_no_detected_signals,0,0,neutral_monitor,No transaction structure recommendation.,Neither axis currently crosses a review threshold.,[],Dual-axis research triage. M&A scores are not calibrated probabilities; risk scores are not findings of incompetence or fraud.
BKHA,Black Hawk Acquisition Corporation Class A Ordinary Shares,9.5,603,low,0.0,30.0,10.0,0.0,0.0,0.0,0.0,limited_no_detected_signals,0,0,neutral_monitor,No transaction structure recommendation.,Neither axis currently crosses a review threshold.,[],Dual-axis research triage. M&A scores are not calibrated probabilities; risk scores are not findings of incompetence or fraud.
EMIS,Emmis Acquisition Corp. Class A Ordinary Shares,9.5,604,low,0.0,30.0,10.0,0.0,0.0,0.0,0.0,limited_no_detected_signals,0,0,neutral_monitor,No transaction structure recommendation.,Neither axis currently crosses a review threshold.,[],Dual-axis research triage. M&A scores are not calibrated probabilities; risk scores are not findings of incompetence or fraud.
IDXX,IDEXX Laboratories Inc. Common Stock,9.5,605,low,0.0,30.0,10.0,0.0,0.0,0.0,0.0,limited_no_detected_signals,0,0,neutral_monitor,No transaction structure recommendation.,Neither axis currently crosses a review threshold.,[],Dual-axis research triage. M&A scores are not calibrated probabilities; risk scores are not findings of incompetence or fraud.
IPEX,Inflection Point Acquisition Corp. V Class A Ordinary Shares,9.5,606,low,0.0,30.0,10.0,0.0,0.0,0.0,0.0,limited_no_detected_signals,0,0,neutral_monitor,No transaction structure recommendation.,Neither axis currently crosses a review threshold.,[],Dual-axis research triage. M&A scores are not calibrated probabilities; risk scores are not findings of incompetence or fraud.
IQV,IQVIA Holdings Inc. Common Stock,9.5,607,low,0.0,30.0,10.0,0.0,0.0,0.0,0.0,limited_no_detected_signals,0,0,neutral_monitor,No transaction structure recommendation.,Neither axis currently crosses a review threshold.,[],Dual-axis research triage. M&A scores are not calibrated probabilities; risk scores are not findings of incompetence or fraud.
ROIV,Roivant Sciences Ltd. Common Shares,9.5,608,low,0.0,30.0,10.0,0.0,0.0,0.0,0.0,limited_no_detected_signals,0,0,neutral_monitor,No transaction structure recommendation.,Neither axis currently crosses a review threshold.,[],Dual-axis research triage. M&A scores are not calibrated probabilities; risk scores are not findings of incompetence or fraud.
RPRX,Royalty Pharma plc Class A Ordinary Shares ,9.5,609,low,0.0,30.0,10.0,0.0,0.0,0.0,0.0,limited_no_detected_signals,0,0,neutral_monitor,No transaction structure recommendation.,Neither axis currently crosses a review threshold.,[],Dual-axis research triage. M&A scores are not calibrated probabilities; risk scores are not findings of incompetence or fraud.
ZTS,Zoetis Inc. Class A Common Stock,9.5,610,low,0.0,30.0,10.0,0.0,0.0,0.0,0.0,limited_no_detected_signals,0,0,neutral_monitor,No transaction structure recommendation.,Neither axis currently crosses a review threshold.,[],Dual-axis research triage. M&A scores are not calibrated probabilities; risk scores are not findings of incompetence or fraud.
ABVC,ABVC BioPharma Inc. Common Stock,8.0,611,low,0.0,25.0,10.0,0.0,0.0,0.0,0.0,limited_no_detected_signals,0,0,neutral_monitor,No transaction structure recommendation.,Neither axis currently crosses a review threshold.,[],Dual-axis research triage. M&A scores are not calibrated probabilities; risk scores are not findings of incompetence or fraud.
ADIL,Adial Pharmaceuticals Inc Common Stock,8.0,612,low,0.0,25.0,10.0,0.0,0.0,0.0,0.0,limited_no_detected_signals,0,0,neutral_monitor,No transaction structure recommendation.,Neither axis currently crosses a review threshold.,[],Dual-axis research triage. M&A scores are not calibrated probabilities; risk scores are not findings of incompetence or fraud.
ADXN,Addex Therapeutics Ltd American Depositary Shares,8.0,613,low,0.0,25.0,10.0,0.0,0.0,0.0,0.0,limited_no_detected_signals,0,0,neutral_monitor,No transaction structure recommendation.,Neither axis currently crosses a review threshold.,[],Dual-axis research triage. M&A scores are not calibrated probabilities; risk scores are not findings of incompetence or fraud.
AEON,AEON Biopharma Inc. Class A Common Stock,8.0,614,low,0.0,25.0,10.0,0.0,0.0,0.0,0.0,limited_no_detected_signals,0,0,neutral_monitor,No transaction structure recommendation.,Neither axis currently crosses a review threshold.,[],Dual-axis research triage. M&A scores are not calibrated probabilities; risk scores are not findings of incompetence or fraud.
AIM,AIM ImmunoTech Inc. Common Stock,8.0,615,low,0.0,25.0,10.0,0.0,0.0,0.0,0.0,limited_no_detected_signals,0,0,neutral_monitor,No transaction structure recommendation.,Neither axis currently crosses a review threshold.,[],Dual-axis research triage. M&A scores are not calibrated probabilities; risk scores are not findings of incompetence or fraud.
AIXC,AIxCrypto Holdings Inc. Common Stock,8.0,616,low,0.0,25.0,10.0,0.0,0.0,0.0,0.0,limited_no_detected_signals,0,0,neutral_monitor,No transaction structure recommendation.,Neither axis currently crosses a review threshold.,[],Dual-axis research triage. M&A scores are not calibrated probabilities; risk scores are not findings of incompetence or fraud.
AKAN,Akanda Corp. Common Shares,8.0,617,low,0.0,25.0,10.0,0.0,0.0,0.0,0.0,limited_no_detected_signals,0,0,neutral_monitor,No transaction structure recommendation.,Neither axis currently crosses a review threshold.,[],Dual-axis research triage. M&A scores are not calibrated probabilities; risk scores are not findings of incompetence or fraud.
AKTX,Akari Therapeutics plc ADS,8.0,618,low,0.0,25.0,10.0,0.0,0.0,0.0,0.0,limited_no_detected_signals,0,0,neutral_monitor,No transaction structure recommendation.,Neither axis currently crosses a review threshold.,[],Dual-axis research triage. M&A scores are not calibrated probabilities; risk scores are not findings of incompetence or fraud.
APUS,Apimeds Pharmaceuticals US Inc. Common Stock,8.0,619,low,0.0,25.0,10.0,0.0,0.0,0.0,0.0,limited_no_detected_signals,0,0,neutral_monitor,No transaction structure recommendation.,Neither axis currently crosses a review threshold.,[],Dual-axis research triage. M&A scores are not calibrated probabilities; risk scores are not findings of incompetence or fraud.
ARTL,Artelo Biosciences Inc. Common Stock,8.0,620,low,0.0,25.0,10.0,0.0,0.0,0.0,0.0,limited_no_detected_signals,0,0,neutral_monitor,No transaction structure recommendation.,Neither axis currently crosses a review threshold.,[],Dual-axis research triage. M&A scores are not calibrated probabilities; risk scores are not findings of incompetence or fraud.
ASBP,Aspire Biopharma Holdings Inc. Common Stock,8.0,621,low,0.0,25.0,10.0,0.0,0.0,0.0,0.0,limited_no_detected_signals,0,0,neutral_monitor,No transaction structure recommendation.,Neither axis currently crosses a review threshold.,[],Dual-axis research triage. M&A scores are not calibrated probabilities; risk scores are not findings of incompetence or fraud.
ATNM,Actinium Pharmaceuticals Inc. (Delaware) Common Stock,8.0,622,low,0.0,25.0,10.0,0.0,0.0,0.0,0.0,limited_no_detected_signals,0,0,neutral_monitor,No transaction structure recommendation.,Neither axis currently crosses a review threshold.,[],Dual-axis research triage. M&A scores are not calibrated probabilities; risk scores are not findings of incompetence or fraud.
AYTU,Aytu BioPharma Inc.  Common Stock,8.0,623,low,0.0,25.0,10.0,0.0,0.0,0.0,0.0,limited_no_detected_signals,0,0,neutral_monitor,No transaction structure recommendation.,Neither axis currently crosses a review threshold.,[],Dual-axis research triage. M&A scores are not calibrated probabilities; risk scores are not findings of incompetence or fraud.
BDRX,Biodexa Pharmaceuticals plc American Depositary Shs,8.0,624,low,0.0,25.0,10.0,0.0,0.0,0.0,0.0,limited_no_detected_signals,0,0,neutral_monitor,No transaction structure recommendation.,Neither axis currently crosses a review threshold.,[],Dual-axis research triage. M&A scores are not calibrated probabilities; risk scores are not findings of incompetence or fraud.
BFRG,Bullfrog AI Holdings Inc. Common Stock,8.0,625,low,0.0,25.0,10.0,0.0,0.0,0.0,0.0,limited_no_detected_signals,0,0,neutral_monitor,No transaction structure recommendation.,Neither axis currently crosses a review threshold.,[],Dual-axis research triage. M&A scores are not calibrated probabilities; risk scores are not findings of incompetence or fraud.
BGMS,Bio Green Med Solution Inc. Common Stock,8.0,626,low,0.0,25.0,10.0,0.0,0.0,0.0,0.0,limited_no_detected_signals,0,0,neutral_monitor,No transaction structure recommendation.,Neither axis currently crosses a review threshold.,[],Dual-axis research triage. M&A scores are not calibrated probabilities; risk scores are not findings of incompetence or fraud.
BIAF,bioAffinity Technologies Inc. Common Stock,8.0,627,low,0.0,25.0,10.0,0.0,0.0,0.0,0.0,limited_no_detected_signals,0,0,neutral_monitor,No transaction structure recommendation.,Neither axis currently crosses a review threshold.,[],Dual-axis research triage. M&A scores are not calibrated probabilities; risk scores are not findings of incompetence or fraud.
BMRA,Biomerica Inc. Common Stock,8.0,628,low,0.0,25.0,10.0,0.0,0.0,0.0,0.0,limited_no_detected_signals,0,0,neutral_monitor,No transaction structure recommendation.,Neither axis currently crosses a review threshold.,[],Dual-axis research triage. M&A scores are not calibrated probabilities; risk scores are not findings of incompetence or fraud.
BON,Bon Natural Life Limited Class A Ordinary Shares,8.0,629,low,0.0,25.0,10.0,0.0,0.0,0.0,0.0,limited_no_detected_signals,0,0,neutral_monitor,No transaction structure recommendation.,Neither axis currently crosses a review threshold.,[],Dual-axis research triage. M&A scores are not calibrated probabilities; risk scores are not findings of incompetence or fraud.
BTTC,Black Titan Corporation Ordinary Shares,8.0,630,low,0.0,25.0,10.0,0.0,0.0,0.0,0.0,limited_no_detected_signals,0,0,neutral_monitor,No transaction structure recommendation.,Neither axis currently crosses a review threshold.,[],Dual-axis research triage. M&A scores are not calibrated probabilities; risk scores are not findings of incompetence or fraud.
BYSI,BeyondSpring Inc. Ordinary Shares,8.0,631,low,0.0,25.0,10.0,0.0,0.0,0.0,0.0,limited_no_detected_signals,0,0,neutral_monitor,No transaction structure recommendation.,Neither axis currently crosses a review threshold.,[],Dual-axis research triage. M&A scores are not calibrated probabilities; risk scores are not findings of incompetence or fraud.
CANF,Can-Fite Biopharma Ltd American Depositary Shares each representing two (2) Ordinary Shares,8.0,632,low,0.0,25.0,10.0,0.0,0.0,0.0,0.0,limited_no_detected_signals,0,0,neutral_monitor,No transaction structure recommendation.,Neither axis currently crosses a review threshold.,[],Dual-axis research triage. M&A scores are not calibrated probabilities; risk scores are not findings of incompetence or fraud.
CAPS,Capstone Holding Corp. Common Stock,8.0,633,low,0.0,25.0,10.0,0.0,0.0,0.0,0.0,limited_no_detected_signals,0,0,neutral_monitor,No transaction structure recommendation.,Neither axis currently crosses a review threshold.,[],Dual-axis research triage. M&A scores are not calibrated probabilities; risk scores are not findings of incompetence or fraud.
CCEL,Cryo-Cell International Inc. Common Stock,8.0,634,low,0.0,25.0,10.0,0.0,0.0,0.0,0.0,limited_no_detected_signals,0,0,neutral_monitor,No transaction structure recommendation.,Neither axis currently crosses a review threshold.,[],Dual-axis research triage. M&A scores are not calibrated probabilities; risk scores are not findings of incompetence or fraud.
CDIO,Cardio Diagnostics Holdings Inc. Common stock,8.0,635,low,0.0,25.0,10.0,0.0,0.0,0.0,0.0,limited_no_detected_signals,0,0,neutral_monitor,No transaction structure recommendation.,Neither axis currently crosses a review threshold.,[],Dual-axis research triage. M&A scores are not calibrated probabilities; risk scores are not findings of incompetence or fraud.
CDT,CDT Equity Inc. Common Stock,8.0,636,low,0.0,25.0,10.0,0.0,0.0,0.0,0.0,limited_no_detected_signals,0,0,neutral_monitor,No transaction structure recommendation.,Neither axis currently crosses a review threshold.,[],Dual-axis research triage. M&A scores are not calibrated probabilities; risk scores are not findings of incompetence or fraud.
CELU,Celularity Inc. Class A Common Stock,8.0,637,low,0.0,25.0,10.0,0.0,0.0,0.0,0.0,limited_no_detected_signals,0,0,neutral_monitor,No transaction structure recommendation.,Neither axis currently crosses a review threshold.,[],Dual-axis research triage. M&A scores are not calibrated probabilities; risk scores are not findings of incompetence or fraud.
CLDI,Calidi Biotherapeutics Inc. Common Stock,8.0,638,low,0.0,25.0,10.0,0.0,0.0,0.0,0.0,limited_no_detected_signals,0,0,neutral_monitor,No transaction structure recommendation.,Neither axis currently crosses a review threshold.,[],Dual-axis research triage. M&A scores are not calibrated probabilities; risk scores are not findings of incompetence or fraud.
CMMB,Chemomab Therapeutics Ltd. American Depositary Share,8.0,639,low,0.0,25.0,10.0,0.0,0.0,0.0,0.0,limited_no_detected_signals,0,0,neutral_monitor,No transaction structure recommendation.,Neither axis currently crosses a review threshold.,[],Dual-axis research triage. M&A scores are not calibrated probabilities; risk scores are not findings of incompetence or fraud.
CRVO,CervoMed Inc. Common Stock,8.0,640,low,0.0,25.0,10.0,0.0,0.0,0.0,0.0,limited_no_detected_signals,0,0,neutral_monitor,No transaction structure recommendation.,Neither axis currently crosses a review threshold.,[],Dual-axis research triage. M&A scores are not calibrated probabilities; risk scores are not findings of incompetence or fraud.
CTXR,Citius Pharmaceuticals Inc. Common Stock,8.0,641,low,0.0,25.0,10.0,0.0,0.0,0.0,0.0,limited_no_detected_signals,0,0,neutral_monitor,No transaction structure recommendation.,Neither axis currently crosses a review threshold.,[],Dual-axis research triage. M&A scores are not calibrated probabilities; risk scores are not findings of incompetence or fraud.
CUPR,Cuprina Holdings (Cayman) Limited Class A Ordinary Shares,8.0,642,low,0.0,25.0,10.0,0.0,0.0,0.0,0.0,limited_no_detected_signals,0,0,neutral_monitor,No transaction structure recommendation.,Neither axis currently crosses a review threshold.,[],Dual-axis research triage. M&A scores are not calibrated probabilities; risk scores are not findings of incompetence or fraud.
CURX,Curanex Pharmaceuticals Inc Common Stock,8.0,643,low,0.0,25.0,10.0,0.0,0.0,0.0,0.0,limited_no_detected_signals,0,0,neutral_monitor,No transaction structure recommendation.,Neither axis currently crosses a review threshold.,[],Dual-axis research triage. M&A scores are not calibrated probabilities; risk scores are not findings of incompetence or fraud.
CVKD,Cadrenal Therapeutics Inc. Common Stock,8.0,644,low,0.0,25.0,10.0,0.0,0.0,0.0,0.0,limited_no_detected_signals,0,0,neutral_monitor,No transaction structure recommendation.,Neither axis currently crosses a review threshold.,[],Dual-axis research triage. M&A scores are not calibrated probabilities; risk scores are not findings of incompetence or fraud.
CVM,Cel-Sci Corporation Common Stock,8.0,645,low,0.0,25.0,10.0,0.0,0.0,0.0,0.0,limited_no_detected_signals,0,0,neutral_monitor,No transaction structure recommendation.,Neither axis currently crosses a review threshold.,[],Dual-axis research triage. M&A scores are not calibrated probabilities; risk scores are not findings of incompetence or fraud.
CYCN,Cyclerion Therapeutics Inc. Common Stock,8.0,646,low,0.0,25.0,10.0,0.0,0.0,0.0,0.0,limited_no_detected_signals,0,0,neutral_monitor,No transaction structure recommendation.,Neither axis currently crosses a review threshold.,[],Dual-axis research triage. M&A scores are not calibrated probabilities; risk scores are not findings of incompetence or fraud.
DCOY,Decoy Therapeutics Inc. Common Stock,8.0,647,low,0.0,25.0,10.0,0.0,0.0,0.0,0.0,limited_no_detected_signals,0,0,neutral_monitor,No transaction structure recommendation.,Neither axis currently crosses a review threshold.,[],Dual-axis research triage. M&A scores are not calibrated probabilities; risk scores are not findings of incompetence or fraud.
DRMA,Dermata Therapeutics Inc. Common Stock,8.0,648,low,0.0,25.0,10.0,0.0,0.0,0.0,0.0,limited_no_detected_signals,0,0,neutral_monitor,No transaction structure recommendation.,Neither axis currently crosses a review threshold.,[],Dual-axis research triage. M&A scores are not calibrated probabilities; risk scores are not findings of incompetence or fraud.
DYAI,Dyadic International Inc. Common Stock,8.0,649,low,0.0,25.0,10.0,0.0,0.0,0.0,0.0,limited_no_detected_signals,0,0,neutral_monitor,No transaction structure recommendation.,Neither axis currently crosses a review threshold.,[],Dual-axis research triage. M&A scores are not calibrated probabilities; risk scores are not findings of incompetence or fraud.
ELAB,PMGC Holdings Inc. Common Stock,8.0,650,low,0.0,25.0,10.0,0.0,0.0,0.0,0.0,limited_no_detected_signals,0,0,neutral_monitor,No transaction structure recommendation.,Neither axis currently crosses a review threshold.,[],Dual-axis research triage. M&A scores are not calibrated probabilities; risk scores are not findings of incompetence or fraud.
ELUT,Elutia Inc. Class A Common Stock,8.0,651,low,0.0,25.0,10.0,0.0,0.0,0.0,0.0,limited_no_detected_signals,0,0,neutral_monitor,No transaction structure recommendation.,Neither axis currently crosses a review threshold.,[],Dual-axis research triage. M&A scores are not calibrated probabilities; risk scores are not findings of incompetence or fraud.
ENVB,Enveric Biosciences Inc. Common Stock,8.0,652,low,0.0,25.0,10.0,0.0,0.0,0.0,0.0,limited_no_detected_signals,0,0,neutral_monitor,No transaction structure recommendation.,Neither axis currently crosses a review threshold.,[],Dual-axis research triage. M&A scores are not calibrated probabilities; risk scores are not findings of incompetence or fraud.
ERNA,Ernexa Therapeutics Inc. Common Stock,8.0,653,low,0.0,25.0,10.0,0.0,0.0,0.0,0.0,limited_no_detected_signals,0,0,neutral_monitor,No transaction structure recommendation.,Neither axis currently crosses a review threshold.,[],Dual-axis research triage. M&A scores are not calibrated probabilities; risk scores are not findings of incompetence or fraud.
ESLA,Estrella Immunopharma Inc. Common Stock,8.0,654,low,0.0,25.0,10.0,0.0,0.0,0.0,0.0,limited_no_detected_signals,0,0,neutral_monitor,No transaction structure recommendation.,Neither axis currently crosses a review threshold.,[],Dual-axis research triage. M&A scores are not calibrated probabilities; risk scores are not findings of incompetence or fraud.
EXOZ,eXoZymes Inc. Common Stock,8.0,655,low,0.0,25.0,10.0,0.0,0.0,0.0,0.0,limited_no_detected_signals,0,0,neutral_monitor,No transaction structure recommendation.,Neither axis currently crosses a review threshold.,[],Dual-axis research triage. M&A scores are not calibrated probabilities; risk scores are not findings of incompetence or fraud.
FBLG,FibroBiologics Inc. Common Stock,8.0,656,low,0.0,25.0,10.0,0.0,0.0,0.0,0.0,limited_no_detected_signals,0,0,neutral_monitor,No transaction structure recommendation.,Neither axis currently crosses a review threshold.,[],Dual-axis research triage. M&A scores are not calibrated probabilities; risk scores are not findings of incompetence or fraud.
FLNA,Filana Therapeutics Inc. Common Stock,8.0,657,low,0.0,25.0,10.0,0.0,0.0,0.0,0.0,limited_no_detected_signals,0,0,neutral_monitor,No transaction structure recommendation.,Neither axis currently crosses a review threshold.,[],Dual-axis research triage. M&A scores are not calibrated probabilities; risk scores are not findings of incompetence or fraud.
GELS,Gelteq Limited Ordinary Shares,8.0,658,low,0.0,25.0,10.0,0.0,0.0,0.0,0.0,limited_no_detected_signals,0,0,neutral_monitor,No transaction structure recommendation.,Neither axis currently crosses a review threshold.,[],Dual-axis research triage. M&A scores are not calibrated probabilities; risk scores are not findings of incompetence or fraud.
GOVX,GeoVax Labs Inc. Common Stock,8.0,659,low,0.0,25.0,10.0,0.0,0.0,0.0,0.0,limited_no_detected_signals,0,0,neutral_monitor,No transaction structure recommendation.,Neither axis currently crosses a review threshold.,[],Dual-axis research triage. M&A scores are not calibrated probabilities; risk scores are not findings of incompetence or fraud.
GRDX,GridAI Technologies Corp. Common Stock,8.0,660,low,0.0,25.0,10.0,0.0,0.0,0.0,0.0,limited_no_detected_signals,0,0,neutral_monitor,No transaction structure recommendation.,Neither axis currently crosses a review threshold.,[],Dual-axis research triage. M&A scores are not calibrated probabilities; risk scores are not findings of incompetence or fraud.
GRI,GRI Bio Inc. Common Stock,8.0,661,low,0.0,25.0,10.0,0.0,0.0,0.0,0.0,limited_no_detected_signals,0,0,neutral_monitor,No transaction structure recommendation.,Neither axis currently crosses a review threshold.,[],Dual-axis research triage. M&A scores are not calibrated probabilities; risk scores are not findings of incompetence or fraud.
GRML,Greenland Mines Ltd. Common Stock,8.0,662,low,0.0,25.0,10.0,0.0,0.0,0.0,0.0,limited_no_detected_signals,0,0,neutral_monitor,No transaction structure recommendation.,Neither axis currently crosses a review threshold.,[],Dual-axis research triage. M&A scores are not calibrated probabilities; risk scores are not findings of incompetence or fraud.
GTBP,GT Biopharma Inc. Common Stock,8.0,663,low,0.0,25.0,10.0,0.0,0.0,0.0,0.0,limited_no_detected_signals,0,0,neutral_monitor,No transaction structure recommendation.,Neither axis currently crosses a review threshold.,[],Dual-axis research triage. M&A scores are not calibrated probabilities; risk scores are not findings of incompetence or fraud.
HYPD,Hyperion DeFi Inc. Common Stock,8.0,664,low,0.0,25.0,10.0,0.0,0.0,0.0,0.0,limited_no_detected_signals,0,0,neutral_monitor,No transaction structure recommendation.,Neither axis currently crosses a review threshold.,[],Dual-axis research triage. M&A scores are not calibrated probabilities; risk scores are not findings of incompetence or fraud.
IBO,Impact BioMedical Inc. Common Stock,8.0,665,low,0.0,25.0,10.0,0.0,0.0,0.0,0.0,limited_no_detected_signals,0,0,neutral_monitor,No transaction structure recommendation.,Neither axis currently crosses a review threshold.,[],Dual-axis research triage. M&A scores are not calibrated probabilities; risk scores are not findings of incompetence or fraud.
IMCC,IM Cannabis Corp. Common Shares,8.0,666,low,0.0,25.0,10.0,0.0,0.0,0.0,0.0,limited_no_detected_signals,0,0,neutral_monitor,No transaction structure recommendation.,Neither axis currently crosses a review threshold.,[],Dual-axis research triage. M&A scores are not calibrated probabilities; risk scores are not findings of incompetence or fraud.
IMRN,Immuron Limited American Depositary Shares,8.0,667,low,0.0,25.0,10.0,0.0,0.0,0.0,0.0,limited_no_detected_signals,0,0,neutral_monitor,No transaction structure recommendation.,Neither axis currently crosses a review threshold.,[],Dual-axis research triage. M&A scores are not calibrated probabilities; risk scores are not findings of incompetence or fraud.
INM,InMed Pharmaceuticals Inc. Common Shares,8.0,668,low,0.0,25.0,10.0,0.0,0.0,0.0,0.0,limited_no_detected_signals,0,0,neutral_monitor,No transaction structure recommendation.,Neither axis currently crosses a review threshold.,[],Dual-axis research triage. M&A scores are not calibrated probabilities; risk scores are not findings of incompetence or fraud.
INMB,INmune Bio Inc. Common stock,8.0,669,low,0.0,25.0,10.0,0.0,0.0,0.0,0.0,limited_no_detected_signals,0,0,neutral_monitor,No transaction structure recommendation.,Neither axis currently crosses a review threshold.,[],Dual-axis research triage. M&A scores are not calibrated probabilities; risk scores are not findings of incompetence or fraud.
IRIX,IRIDEX Corporation Common Stock,8.0,670,low,0.0,25.0,10.0,0.0,0.0,0.0,0.0,limited_no_detected_signals,0,0,neutral_monitor,No transaction structure recommendation.,Neither axis currently crosses a review threshold.,[],Dual-axis research triage. M&A scores are not calibrated probabilities; risk scores are not findings of incompetence or fraud.
ISPC,iSpecimen Inc. Common Stock,8.0,671,low,0.0,25.0,10.0,0.0,0.0,0.0,0.0,limited_no_detected_signals,0,0,neutral_monitor,No transaction structure recommendation.,Neither axis currently crosses a review threshold.,[],Dual-axis research triage. M&A scores are not calibrated probabilities; risk scores are not findings of incompetence or fraud.
ITOC,iTonic Holdings Ltd Class A Ordinary Shares,8.0,672,low,0.0,25.0,10.0,0.0,0.0,0.0,0.0,limited_no_detected_signals,0,0,neutral_monitor,No transaction structure recommendation.,Neither axis currently crosses a review threshold.,[],Dual-axis research triage. M&A scores are not calibrated probabilities; risk scores are not findings of incompetence or fraud.
JAGX,Jaguar Health Inc. Common Stock,8.0,673,low,0.0,25.0,10.0,0.0,0.0,0.0,0.0,limited_no_detected_signals,0,0,neutral_monitor,No transaction structure recommendation.,Neither axis currently crosses a review threshold.,[],Dual-axis research triage. M&A scores are not calibrated probabilities; risk scores are not findings of incompetence or fraud.
JUNS,Jupiter Neurosciences Inc. Common Stock,8.0,674,low,0.0,25.0,10.0,0.0,0.0,0.0,0.0,limited_no_detected_signals,0,0,neutral_monitor,No transaction structure recommendation.,Neither axis currently crosses a review threshold.,[],Dual-axis research triage. M&A scores are not calibrated probabilities; risk scores are not findings of incompetence or fraud.
KALA,KALA BIO Inc. Common Stock,8.0,675,low,0.0,25.0,10.0,0.0,0.0,0.0,0.0,limited_no_detected_signals,0,0,neutral_monitor,No transaction structure recommendation.,Neither axis currently crosses a review threshold.,[],Dual-axis research triage. M&A scores are not calibrated probabilities; risk scores are not findings of incompetence or fraud.
KAPA,Kairos Pharma Ltd. Common Stock,8.0,676,low,0.0,25.0,10.0,0.0,0.0,0.0,0.0,limited_no_detected_signals,0,0,neutral_monitor,No transaction structure recommendation.,Neither axis currently crosses a review threshold.,[],Dual-axis research triage. M&A scores are not calibrated probabilities; risk scores are not findings of incompetence or fraud.
LEXX,Lexaria Bioscience Corp. Common Stock,8.0,677,low,0.0,25.0,10.0,0.0,0.0,0.0,0.0,limited_no_detected_signals,0,0,neutral_monitor,No transaction structure recommendation.,Neither axis currently crosses a review threshold.,[],Dual-axis research triage. M&A scores are not calibrated probabilities; risk scores are not findings of incompetence or fraud.
LIMN,Liminatus Pharma Inc. Class A Common Stock,8.0,678,low,0.0,25.0,10.0,0.0,0.0,0.0,0.0,limited_no_detected_signals,0,0,neutral_monitor,No transaction structure recommendation.,Neither axis currently crosses a review threshold.,[],Dual-axis research triage. M&A scores are not calibrated probabilities; risk scores are not findings of incompetence or fraud.
LITS,Lite Strategy Inc. Common Stock,8.0,679,low,0.0,25.0,10.0,0.0,0.0,0.0,0.0,limited_no_detected_signals,0,0,neutral_monitor,No transaction structure recommendation.,Neither axis currently crosses a review threshold.,[],Dual-axis research triage. M&A scores are not calibrated probabilities; risk scores are not findings of incompetence or fraud.
LNAI,Lunai Bioworks Inc. Common Stock,8.0,680,low,0.0,25.0,10.0,0.0,0.0,0.0,0.0,limited_no_detected_signals,0,0,neutral_monitor,No transaction structure recommendation.,Neither axis currently crosses a review threshold.,[],Dual-axis research triage. M&A scores are not calibrated probabilities; risk scores are not findings of incompetence or fraud.
LPCN,Lipocine Inc. Common Stock,8.0,681,low,0.0,25.0,10.0,0.0,0.0,0.0,0.0,limited_no_detected_signals,0,0,neutral_monitor,No transaction structure recommendation.,Neither axis currently crosses a review threshold.,[],Dual-axis research triage. M&A scores are not calibrated probabilities; risk scores are not findings of incompetence or fraud.
LSTA,Lisata Therapeutics Inc. Common Stock,8.0,682,low,0.0,25.0,10.0,0.0,0.0,0.0,0.0,limited_no_detected_signals,0,0,neutral_monitor,No transaction structure recommendation.,Neither axis currently crosses a review threshold.,[],Dual-axis research triage. M&A scores are not calibrated probabilities; risk scores are not findings of incompetence or fraud.
MBIO,Mustang Bio Inc. Common Stock,8.0,683,low,0.0,25.0,10.0,0.0,0.0,0.0,0.0,limited_no_detected_signals,0,0,neutral_monitor,No transaction structure recommendation.,Neither axis currently crosses a review threshold.,[],Dual-axis research triage. M&A scores are not calibrated probabilities; risk scores are not findings of incompetence or fraud.
MDCX,Medicus Pharma Ltd. Common Stock  ,8.0,684,low,0.0,25.0,10.0,0.0,0.0,0.0,0.0,limited_no_detected_signals,0,0,neutral_monitor,No transaction structure recommendation.,Neither axis currently crosses a review threshold.,[],Dual-axis research triage. M&A scores are not calibrated probabilities; risk scores are not findings of incompetence or fraud.
MGRX,Mangoceuticals Inc. Common Stock,8.0,685,low,0.0,25.0,10.0,0.0,0.0,0.0,0.0,limited_no_detected_signals,0,0,neutral_monitor,No transaction structure recommendation.,Neither axis currently crosses a review threshold.,[],Dual-axis research triage. M&A scores are not calibrated probabilities; risk scores are not findings of incompetence or fraud.
MGX,Metagenomi Therapeutics Inc. Common Stock,8.0,686,low,0.0,25.0,10.0,0.0,0.0,0.0,0.0,limited_no_detected_signals,0,0,neutral_monitor,No transaction structure recommendation.,Neither axis currently crosses a review threshold.,[],Dual-axis research triage. M&A scores are not calibrated probabilities; risk scores are not findings of incompetence or fraud.
MIRA,MIRA Pharmaceuticals Inc. Common Stock,8.0,687,low,0.0,25.0,10.0,0.0,0.0,0.0,0.0,limited_no_detected_signals,0,0,neutral_monitor,No transaction structure recommendation.,Neither axis currently crosses a review threshold.,[],Dual-axis research triage. M&A scores are not calibrated probabilities; risk scores are not findings of incompetence or fraud.
MREO,Mereo BioPharma Group plc American Depositary Shares,8.0,688,low,0.0,25.0,10.0,0.0,0.0,0.0,0.0,limited_no_detected_signals,0,0,neutral_monitor,No transaction structure recommendation.,Neither axis currently crosses a review threshold.,[],Dual-axis research triage. M&A scores are not calibrated probabilities; risk scores are not findings of incompetence or fraud.
MTEX,Mannatech Incorporated Common Stock,8.0,689,low,0.0,25.0,10.0,0.0,0.0,0.0,0.0,limited_no_detected_signals,0,0,neutral_monitor,No transaction structure recommendation.,Neither axis currently crosses a review threshold.,[],Dual-axis research triage. M&A scores are not calibrated probabilities; risk scores are not findings of incompetence or fraud.
MTNB,Matinas Biopharma Holdings Inc. Common Stock,8.0,690,low,0.0,25.0,10.0,0.0,0.0,0.0,0.0,limited_no_detected_signals,0,0,neutral_monitor,No transaction structure recommendation.,Neither axis currently crosses a review threshold.,[],Dual-axis research triage. M&A scores are not calibrated probabilities; risk scores are not findings of incompetence or fraud.
MTVA,MetaVia Inc. Common Stock,8.0,691,low,0.0,25.0,10.0,0.0,0.0,0.0,0.0,limited_no_detected_signals,0,0,neutral_monitor,No transaction structure recommendation.,Neither axis currently crosses a review threshold.,[],Dual-axis research triage. M&A scores are not calibrated probabilities; risk scores are not findings of incompetence or fraud.
NAII,Natural Alternatives International Inc. Common Stock,8.0,692,low,0.0,25.0,10.0,0.0,0.0,0.0,0.0,limited_no_detected_signals,0,0,neutral_monitor,No transaction structure recommendation.,Neither axis currently crosses a review threshold.,[],Dual-axis research triage. M&A scores are not calibrated probabilities; risk scores are not findings of incompetence or fraud.
NCEL,NewcelX Ltd. Ordinary Shares,8.0,693,low,0.0,25.0,10.0,0.0,0.0,0.0,0.0,limited_no_detected_signals,0,0,neutral_monitor,No transaction structure recommendation.,Neither axis currently crosses a review threshold.,[],Dual-axis research triage. M&A scores are not calibrated probabilities; risk scores are not findings of incompetence or fraud.
NCNA,NuCana plc American Depositary Share,8.0,694,low,0.0,25.0,10.0,0.0,0.0,0.0,0.0,limited_no_detected_signals,0,0,neutral_monitor,No transaction structure recommendation.,Neither axis currently crosses a review threshold.,[],Dual-axis research triage. M&A scores are not calibrated probabilities; risk scores are not findings of incompetence or fraud.
NDRA,ENDRA Life Sciences Inc. Common Stock,8.0,695,low,0.0,25.0,10.0,0.0,0.0,0.0,0.0,limited_no_detected_signals,0,0,neutral_monitor,No transaction structure recommendation.,Neither axis currently crosses a review threshold.,[],Dual-axis research triage. M&A scores are not calibrated probabilities; risk scores are not findings of incompetence or fraud.
NEUP,Neuphoria Therapeutics Inc. Common Stock,8.0,696,low,0.0,25.0,10.0,0.0,0.0,0.0,0.0,limited_no_detected_signals,0,0,neutral_monitor,No transaction structure recommendation.,Neither axis currently crosses a review threshold.,[],Dual-axis research triage. M&A scores are not calibrated probabilities; risk scores are not findings of incompetence or fraud.
NIKI,Niki BioSolutions Inc. Common Stock,8.0,697,low,0.0,25.0,10.0,0.0,0.0,0.0,0.0,limited_no_detected_signals,0,0,neutral_monitor,No transaction structure recommendation.,Neither axis currently crosses a review threshold.,[],Dual-axis research triage. M&A scores are not calibrated probabilities; risk scores are not findings of incompetence or fraud.
NIVF,NewGenIvf Group Limited Class A Ordinary Shares,8.0,698,low,0.0,25.0,10.0,0.0,0.0,0.0,0.0,limited_no_detected_signals,0,0,neutral_monitor,No transaction structure recommendation.,Neither axis currently crosses a review threshold.,[],Dual-axis research triage. M&A scores are not calibrated probabilities; risk scores are not findings of incompetence or fraud.
NNVC,NanoViricides Inc. Common Stock,8.0,699,low,0.0,25.0,10.0,0.0,0.0,0.0,0.0,limited_no_detected_signals,0,0,neutral_monitor,No transaction structure recommendation.,Neither axis currently crosses a review threshold.,[],Dual-axis research triage. M&A scores are not calibrated probabilities; risk scores are not findings of incompetence or fraud.
NRSN,NeuroSense Therapeutics Ltd. Ordinary Shares,8.0,700,low,0.0,25.0,10.0,0.0,0.0,0.0,0.0,limited_no_detected_signals,0,0,neutral_monitor,No transaction structure recommendation.,Neither axis currently crosses a review threshold.,[],Dual-axis research triage. M&A scores are not calibrated probabilities; risk scores are not findings of incompetence or fraud.
NUWE,Nuwellis Inc. Common Stock,8.0,701,low,0.0,25.0,10.0,0.0,0.0,0.0,0.0,limited_no_detected_signals,0,0,neutral_monitor,No transaction structure recommendation.,Neither axis currently crosses a review threshold.,[],Dual-axis research triage. M&A scores are not calibrated probabilities; risk scores are not findings of incompetence or fraud.
NXL,Nexalin Technology Inc. Common Stock,8.0,702,low,0.0,25.0,10.0,0.0,0.0,0.0,0.0,limited_no_detected_signals,0,0,neutral_monitor,No transaction structure recommendation.,Neither axis currently crosses a review threshold.,[],Dual-axis research triage. M&A scores are not calibrated probabilities; risk scores are not findings of incompetence or fraud.
ONCO,Onconetix Inc. Common Stock,8.0,703,low,0.0,25.0,10.0,0.0,0.0,0.0,0.0,limited_no_detected_signals,0,0,neutral_monitor,No transaction structure recommendation.,Neither axis currently crosses a review threshold.,[],Dual-axis research triage. M&A scores are not calibrated probabilities; risk scores are not findings of incompetence or fraud.
ONMD,OneMedNet Corp Class A Common Stock,8.0,704,low,0.0,25.0,10.0,0.0,0.0,0.0,0.0,limited_no_detected_signals,0,0,neutral_monitor,No transaction structure recommendation.,Neither axis currently crosses a review threshold.,[],Dual-axis research triage. M&A scores are not calibrated probabilities; risk scores are not findings of incompetence or fraud.
PAVS,Paranovus Entertainment Technology Ltd. Class A Ordinary Shares,8.0,705,low,0.0,25.0,10.0,0.0,0.0,0.0,0.0,limited_no_detected_signals,0,0,neutral_monitor,No transaction structure recommendation.,Neither axis currently crosses a review threshold.,[],Dual-axis research triage. M&A scores are not calibrated probabilities; risk scores are not findings of incompetence or fraud.
PBM,Psyence Biomedical Ltd. Common Shares,8.0,706,low,0.0,25.0,10.0,0.0,0.0,0.0,0.0,limited_no_detected_signals,0,0,neutral_monitor,No transaction structure recommendation.,Neither axis currently crosses a review threshold.,[],Dual-axis research triage. M&A scores are not calibrated probabilities; risk scores are not findings of incompetence or fraud.
PLRZ,Polyrizon Ltd. Ordinary Shares,8.0,707,low,0.0,25.0,10.0,0.0,0.0,0.0,0.0,limited_no_detected_signals,0,0,neutral_monitor,No transaction structure recommendation.,Neither axis currently crosses a review threshold.,[],Dual-axis research triage. M&A scores are not calibrated probabilities; risk scores are not findings of incompetence or fraud.
PLUR,Pluri Inc. Common Stock,8.0,708,low,0.0,25.0,10.0,0.0,0.0,0.0,0.0,limited_no_detected_signals,0,0,neutral_monitor,No transaction structure recommendation.,Neither axis currently crosses a review threshold.,[],Dual-axis research triage. M&A scores are not calibrated probabilities; risk scores are not findings of incompetence or fraud.
PMCB,PharmaCyte  Biotech Inc. Common Stock,8.0,709,low,0.0,25.0,10.0,0.0,0.0,0.0,0.0,limited_no_detected_signals,0,0,neutral_monitor,No transaction structure recommendation.,Neither axis currently crosses a review threshold.,[],Dual-axis research triage. M&A scores are not calibrated probabilities; risk scores are not findings of incompetence or fraud.
POCI,Precision Optics Corporation Inc. Common stock,8.0,710,low,0.0,25.0,10.0,0.0,0.0,0.0,0.0,limited_no_detected_signals,0,0,neutral_monitor,No transaction structure recommendation.,Neither axis currently crosses a review threshold.,[],Dual-axis research triage. M&A scores are not calibrated probabilities; risk scores are not findings of incompetence or fraud.
PPBT,Purple Biotech Ltd. American Depositary Shares,8.0,711,low,0.0,25.0,10.0,0.0,0.0,0.0,0.0,limited_no_detected_signals,0,0,neutral_monitor,No transaction structure recommendation.,Neither axis currently crosses a review threshold.,[],Dual-axis research triage. M&A scores are not calibrated probabilities; risk scores are not findings of incompetence or fraud.
PPCB,Propanc Biopharma Inc. Common Stock,8.0,712,low,0.0,25.0,10.0,0.0,0.0,0.0,0.0,limited_no_detected_signals,0,0,neutral_monitor,No transaction structure recommendation.,Neither axis currently crosses a review threshold.,[],Dual-axis research triage. M&A scores are not calibrated probabilities; risk scores are not findings of incompetence or fraud.
PRFX,PRF Technologies Ltd. Ordinary Shares,8.0,713,low,0.0,25.0,10.0,0.0,0.0,0.0,0.0,limited_no_detected_signals,0,0,neutral_monitor,No transaction structure recommendation.,Neither axis currently crosses a review threshold.,[],Dual-axis research triage. M&A scores are not calibrated probabilities; risk scores are not findings of incompetence or fraud.
PULM,Pulmatrix Inc. Common Stock,8.0,714,low,0.0,25.0,10.0,0.0,0.0,0.0,0.0,limited_no_detected_signals,0,0,neutral_monitor,No transaction structure recommendation.,Neither axis currently crosses a review threshold.,[],Dual-axis research triage. M&A scores are not calibrated probabilities; risk scores are not findings of incompetence or fraud.
QCLS,Q/C Technologies Inc. Common Stock,8.0,715,low,0.0,25.0,10.0,0.0,0.0,0.0,0.0,limited_no_detected_signals,0,0,neutral_monitor,No transaction structure recommendation.,Neither axis currently crosses a review threshold.,[],Dual-axis research triage. M&A scores are not calibrated probabilities; risk scores are not findings of incompetence or fraud.
QNCX,Quince Therapeutics Inc. Common Stock,8.0,716,low,0.0,25.0,10.0,0.0,0.0,0.0,0.0,limited_no_detected_signals,0,0,neutral_monitor,No transaction structure recommendation.,Neither axis currently crosses a review threshold.,[],Dual-axis research triage. M&A scores are not calibrated probabilities; risk scores are not findings of incompetence or fraud.
QNTM,Quantum Biopharma Ltd. Class B Subordinate Voting Shares,8.0,717,low,0.0,25.0,10.0,0.0,0.0,0.0,0.0,limited_no_detected_signals,0,0,neutral_monitor,No transaction structure recommendation.,Neither axis currently crosses a review threshold.,[],Dual-axis research triage. M&A scores are not calibrated probabilities; risk scores are not findings of incompetence or fraud.
QTI,QT Imaging Holdings Inc. Common Stock,8.0,718,low,0.0,25.0,10.0,0.0,0.0,0.0,0.0,limited_no_detected_signals,0,0,neutral_monitor,No transaction structure recommendation.,Neither axis currently crosses a review threshold.,[],Dual-axis research triage. M&A scores are not calibrated probabilities; risk scores are not findings of incompetence or fraud.
QUCY,Quantum Cyber N.V. Ordinary Shares,8.0,719,low,0.0,25.0,10.0,0.0,0.0,0.0,0.0,limited_no_detected_signals,0,0,neutral_monitor,No transaction structure recommendation.,Neither axis currently crosses a review threshold.,[],Dual-axis research triage. M&A scores are not calibrated probabilities; risk scores are not findings of incompetence or fraud.
RDHL,Redhill Biopharma Ltd. American Depositary Shares,8.0,720,low,0.0,25.0,10.0,0.0,0.0,0.0,0.0,limited_no_detected_signals,0,0,neutral_monitor,No transaction structure recommendation.,Neither axis currently crosses a review threshold.,[],Dual-axis research triage. M&A scores are not calibrated probabilities; risk scores are not findings of incompetence or fraud.
REVB,Revelation Biosciences Inc. Common Stock,8.0,721,low,0.0,25.0,10.0,0.0,0.0,0.0,0.0,limited_no_detected_signals,0,0,neutral_monitor,No transaction structure recommendation.,Neither axis currently crosses a review threshold.,[],Dual-axis research triage. M&A scores are not calibrated probabilities; risk scores are not findings of incompetence or fraud.
RGNT,Regentis Biomaterials Ltd. Ordinary Shares,8.0,722,low,0.0,25.0,10.0,0.0,0.0,0.0,0.0,limited_no_detected_signals,0,0,neutral_monitor,No transaction structure recommendation.,Neither axis currently crosses a review threshold.,[],Dual-axis research triage. M&A scores are not calibrated probabilities; risk scores are not findings of incompetence or fraud.
RKTO,Rocket One Inc. Common Stock,8.0,723,low,0.0,25.0,10.0,0.0,0.0,0.0,0.0,limited_no_detected_signals,0,0,neutral_monitor,No transaction structure recommendation.,Neither axis currently crosses a review threshold.,[],Dual-axis research triage. M&A scores are not calibrated probabilities; risk scores are not findings of incompetence or fraud.
RMTI,Rockwell Medical Inc. Common Stock,8.0,724,low,0.0,25.0,10.0,0.0,0.0,0.0,0.0,limited_no_detected_signals,0,0,neutral_monitor,No transaction structure recommendation.,Neither axis currently crosses a review threshold.,[],Dual-axis research triage. M&A scores are not calibrated probabilities; risk scores are not findings of incompetence or fraud.
RNXT,RenovoRx Inc. Common Stock,8.0,725,low,0.0,25.0,10.0,0.0,0.0,0.0,0.0,limited_no_detected_signals,0,0,neutral_monitor,No transaction structure recommendation.,Neither axis currently crosses a review threshold.,[],Dual-axis research triage. M&A scores are not calibrated probabilities; risk scores are not findings of incompetence or fraud.
SBFM,Sunshine Biopharma Inc. Common Stock,8.0,726,low,0.0,25.0,10.0,0.0,0.0,0.0,0.0,limited_no_detected_signals,0,0,neutral_monitor,No transaction structure recommendation.,Neither axis currently crosses a review threshold.,[],Dual-axis research triage. M&A scores are not calibrated probabilities; risk scores are not findings of incompetence or fraud.
SCNI,Scinai Immunotherapeutics Ltd. American Depositary Shares,8.0,727,low,0.0,25.0,10.0,0.0,0.0,0.0,0.0,limited_no_detected_signals,0,0,neutral_monitor,No transaction structure recommendation.,Neither axis currently crosses a review threshold.,[],Dual-axis research triage. M&A scores are not calibrated probabilities; risk scores are not findings of incompetence or fraud.
SCYX,SCYNEXIS Inc. Common Stock,8.0,728,low,0.0,25.0,10.0,0.0,0.0,0.0,0.0,limited_no_detected_signals,0,0,neutral_monitor,No transaction structure recommendation.,Neither axis currently crosses a review threshold.,[],Dual-axis research triage. M&A scores are not calibrated probabilities; risk scores are not findings of incompetence or fraud.
SHPH,Shuttle Pharmaceuticals Holdings Inc. Common Stock,8.0,729,low,0.0,25.0,10.0,0.0,0.0,0.0,0.0,limited_no_detected_signals,0,0,neutral_monitor,No transaction structure recommendation.,Neither axis currently crosses a review threshold.,[],Dual-axis research triage. M&A scores are not calibrated probabilities; risk scores are not findings of incompetence or fraud.
SLXN,Silexion Therapeutics Corp Ordinary Shares,8.0,730,low,0.0,25.0,10.0,0.0,0.0,0.0,0.0,limited_no_detected_signals,0,0,neutral_monitor,No transaction structure recommendation.,Neither axis currently crosses a review threshold.,[],Dual-axis research triage. M&A scores are not calibrated probabilities; risk scores are not findings of incompetence or fraud.
SNGX,Soligenix Inc. Common Stock,8.0,731,low,0.0,25.0,10.0,0.0,0.0,0.0,0.0,limited_no_detected_signals,0,0,neutral_monitor,No transaction structure recommendation.,Neither axis currently crosses a review threshold.,[],Dual-axis research triage. M&A scores are not calibrated probabilities; risk scores are not findings of incompetence or fraud.
SNOA,Sonoma Pharmaceuticals Inc. Common Stock,8.0,732,low,0.0,25.0,10.0,0.0,0.0,0.0,0.0,limited_no_detected_signals,0,0,neutral_monitor,No transaction structure recommendation.,Neither axis currently crosses a review threshold.,[],Dual-axis research triage. M&A scores are not calibrated probabilities; risk scores are not findings of incompetence or fraud.
SPRC,SciSparc Ltd. Ordinary Shares,8.0,733,low,0.0,25.0,10.0,0.0,0.0,0.0,0.0,limited_no_detected_signals,0,0,neutral_monitor,No transaction structure recommendation.,Neither axis currently crosses a review threshold.,[],Dual-axis research triage. M&A scores are not calibrated probabilities; risk scores are not findings of incompetence or fraud.
TAOX,Tao Synergies Inc. Common Stock,8.0,734,low,0.0,25.0,10.0,0.0,0.0,0.0,0.0,limited_no_detected_signals,0,0,neutral_monitor,No transaction structure recommendation.,Neither axis currently crosses a review threshold.,[],Dual-axis research triage. M&A scores are not calibrated probabilities; risk scores are not findings of incompetence or fraud.
TCRT,Alaunos Therapeutics Inc. Common Stock,8.0,735,low,0.0,25.0,10.0,0.0,0.0,0.0,0.0,limited_no_detected_signals,0,0,neutral_monitor,No transaction structure recommendation.,Neither axis currently crosses a review threshold.,[],Dual-axis research triage. M&A scores are not calibrated probabilities; risk scores are not findings of incompetence or fraud.
TIL,Instil Bio Inc. Common Stock,8.0,736,low,0.0,25.0,10.0,0.0,0.0,0.0,0.0,limited_no_detected_signals,0,0,neutral_monitor,No transaction structure recommendation.,Neither axis currently crosses a review threshold.,[],Dual-axis research triage. M&A scores are not calibrated probabilities; risk scores are not findings of incompetence or fraud.
TPST,Tempest Therapeutics Inc. Common Stock,8.0,737,low,0.0,25.0,10.0,0.0,0.0,0.0,0.0,limited_no_detected_signals,0,0,neutral_monitor,No transaction structure recommendation.,Neither axis currently crosses a review threshold.,[],Dual-axis research triage. M&A scores are not calibrated probabilities; risk scores are not findings of incompetence or fraud.
TRIB,Trinity Biotech plc American Depositary Shares,8.0,738,low,0.0,25.0,10.0,0.0,0.0,0.0,0.0,limited_no_detected_signals,0,0,neutral_monitor,No transaction structure recommendation.,Neither axis currently crosses a review threshold.,[],Dual-axis research triage. M&A scores are not calibrated probabilities; risk scores are not findings of incompetence or fraud.
TVGN,Tevogen Bio Holdings Inc. Common Stock,8.0,739,low,0.0,25.0,10.0,0.0,0.0,0.0,0.0,limited_no_detected_signals,0,0,neutral_monitor,No transaction structure recommendation.,Neither axis currently crosses a review threshold.,[],Dual-axis research triage. M&A scores are not calibrated probabilities; risk scores are not findings of incompetence or fraud.
TXMD,TherapeuticsMD Inc. Common Stock,8.0,740,low,0.0,25.0,10.0,0.0,0.0,0.0,0.0,limited_no_detected_signals,0,0,neutral_monitor,No transaction structure recommendation.,Neither axis currently crosses a review threshold.,[],Dual-axis research triage. M&A scores are not calibrated probabilities; risk scores are not findings of incompetence or fraud.
UPC,Universe Pharmaceuticals Inc. Class A Ordinary Shares,8.0,741,low,0.0,25.0,10.0,0.0,0.0,0.0,0.0,limited_no_detected_signals,0,0,neutral_monitor,No transaction structure recommendation.,Neither axis currently crosses a review threshold.,[],Dual-axis research triage. M&A scores are not calibrated probabilities; risk scores are not findings of incompetence or fraud.
VBIO,Valion Bio Inc. Common Stock,8.0,742,low,0.0,25.0,10.0,0.0,0.0,0.0,0.0,limited_no_detected_signals,0,0,neutral_monitor,No transaction structure recommendation.,Neither axis currently crosses a review threshold.,[],Dual-axis research triage. M&A scores are not calibrated probabilities; risk scores are not findings of incompetence or fraud.
VIVS,VivoSim Labs Inc. Common Stock,8.0,743,low,0.0,25.0,10.0,0.0,0.0,0.0,0.0,limited_no_detected_signals,0,0,neutral_monitor,No transaction structure recommendation.,Neither axis currently crosses a review threshold.,[],Dual-axis research triage. M&A scores are not calibrated probabilities; risk scores are not findings of incompetence or fraud.
VNRX,VolitionRX Limited Common Stock,8.0,744,low,0.0,25.0,10.0,0.0,0.0,0.0,0.0,limited_no_detected_signals,0,0,neutral_monitor,No transaction structure recommendation.,Neither axis currently crosses a review threshold.,[],Dual-axis research triage. M&A scores are not calibrated probabilities; risk scores are not findings of incompetence or fraud.
VRAX,Virax Biolabs Group Limited Ordinary Shares,8.0,745,low,0.0,25.0,10.0,0.0,0.0,0.0,0.0,limited_no_detected_signals,0,0,neutral_monitor,No transaction structure recommendation.,Neither axis currently crosses a review threshold.,[],Dual-axis research triage. M&A scores are not calibrated probabilities; risk scores are not findings of incompetence or fraud.
VYNE,VYNE Therapeutics Inc. Common Stock,8.0,746,low,0.0,25.0,10.0,0.0,0.0,0.0,0.0,limited_no_detected_signals,0,0,neutral_monitor,No transaction structure recommendation.,Neither axis currently crosses a review threshold.,[],Dual-axis research triage. M&A scores are not calibrated probabilities; risk scores are not findings of incompetence or fraud.
XBIO,Xenetic Biosciences Inc. Common Stock,8.0,747,low,0.0,25.0,10.0,0.0,0.0,0.0,0.0,limited_no_detected_signals,0,0,neutral_monitor,No transaction structure recommendation.,Neither axis currently crosses a review threshold.,[],Dual-axis research triage. M&A scores are not calibrated probabilities; risk scores are not findings of incompetence or fraud.
XCUR,Exicure Inc. Common Stock,8.0,748,low,0.0,25.0,10.0,0.0,0.0,0.0,0.0,limited_no_detected_signals,0,0,neutral_monitor,No transaction structure recommendation.,Neither axis currently crosses a review threshold.,[],Dual-axis research triage. M&A scores are not calibrated probabilities; risk scores are not findings of incompetence or fraud.
XRTX,XORTX Therapeutics Inc. Common Shares,8.0,749,low,0.0,25.0,10.0,0.0,0.0,0.0,0.0,limited_no_detected_signals,0,0,neutral_monitor,No transaction structure recommendation.,Neither axis currently crosses a review threshold.,[],Dual-axis research triage. M&A scores are not calibrated probabilities; risk scores are not findings of incompetence or fraud.
XTLB,XTL Biopharmaceuticals Ltd. American Depositary Shares,8.0,750,low,0.0,25.0,10.0,0.0,0.0,0.0,0.0,limited_no_detected_signals,0,0,neutral_monitor,No transaction structure recommendation.,Neither axis currently crosses a review threshold.,[],Dual-axis research triage. M&A scores are not calibrated probabilities; risk scores are not findings of incompetence or fraud.
XXII,22nd Century Group Inc. Common Stock,8.0,751,low,0.0,25.0,10.0,0.0,0.0,0.0,0.0,limited_no_detected_signals,0,0,neutral_monitor,No transaction structure recommendation.,Neither axis currently crosses a review threshold.,[],Dual-axis research triage. M&A scores are not calibrated probabilities; risk scores are not findings of incompetence or fraud.
ZSTK,ZeroStack Corp. Common Stock,8.0,752,low,0.0,25.0,10.0,0.0,0.0,0.0,0.0,limited_no_detected_signals,0,0,neutral_monitor,No transaction structure recommendation.,Neither axis currently crosses a review threshold.,[],Dual-axis research triage. M&A scores are not calibrated probabilities; risk scores are not findings of incompetence or fraud.
ABT,Abbott Laboratories Common Stock,4.1,753,low,0.0,12.0,10.0,0.0,0.0,0.0,0.0,limited_no_detected_signals,0,0,neutral_monitor,No transaction structure recommendation.,Neither axis currently crosses a review threshold.,[],Dual-axis research triage. M&A scores are not calibrated probabilities; risk scores are not findings of incompetence or fraud.
BTI,British American Tobacco  Industries p.l.c. Common Stock ADR,4.1,754,low,0.0,12.0,10.0,0.0,0.0,0.0,0.0,limited_no_detected_signals,0,0,neutral_monitor,No transaction structure recommendation.,Neither axis currently crosses a review threshold.,[],Dual-axis research triage. M&A scores are not calibrated probabilities; risk scores are not findings of incompetence or fraud.
GSK,GSK plc American Depositary Shares (Each representing two Ordinary Shares),4.1,755,low,0.0,12.0,10.0,0.0,0.0,0.0,0.0,limited_no_detected_signals,0,0,neutral_monitor,No transaction structure recommendation.,Neither axis currently crosses a review threshold.,[],Dual-axis research triage. M&A scores are not calibrated probabilities; risk scores are not findings of incompetence or fraud.
JNJ,Johnson & Johnson Common Stock,4.1,756,low,0.0,12.0,10.0,0.0,0.0,0.0,0.0,limited_no_detected_signals,0,0,neutral_monitor,No transaction structure recommendation.,Neither axis currently crosses a review threshold.,[],Dual-axis research triage. M&A scores are not calibrated probabilities; risk scores are not findings of incompetence or fraud.
MDT,Medtronic plc. Ordinary Shares,4.1,757,low,0.0,12.0,10.0,0.0,0.0,0.0,0.0,limited_no_detected_signals,0,0,neutral_monitor,No transaction structure recommendation.,Neither axis currently crosses a review threshold.,[],Dual-axis research triage. M&A scores are not calibrated probabilities; risk scores are not findings of incompetence or fraud.
MO,Altria Group Inc.,4.1,758,low,0.0,12.0,10.0,0.0,0.0,0.0,0.0,limited_no_detected_signals,0,0,neutral_monitor,No transaction structure recommendation.,Neither axis currently crosses a review threshold.,[],Dual-axis research triage. M&A scores are not calibrated probabilities; risk scores are not findings of incompetence or fraud.
MRK,Merck & Company Inc. Common Stock (new),4.1,759,low,0.0,12.0,10.0,0.0,0.0,0.0,0.0,limited_no_detected_signals,0,0,neutral_monitor,No transaction structure recommendation.,Neither axis currently crosses a review threshold.,[],Dual-axis research triage. M&A scores are not calibrated probabilities; risk scores are not findings of incompetence or fraud.
PM,Philip Morris International Inc Common Stock,4.1,760,low,0.0,12.0,10.0,0.0,0.0,0.0,0.0,limited_no_detected_signals,0,0,neutral_monitor,No transaction structure recommendation.,Neither axis currently crosses a review threshold.,[],Dual-axis research triage. M&A scores are not calibrated probabilities; risk scores are not findings of incompetence or fraud.
