observation_date,horizon_end,outcome_window_complete,cik,company_name,ticker_candidates,sic_codes,annual_report_form,annual_report_filed,annual_report_accession,provisional_tender_offer_signal_within_horizon,provisional_any_transaction_signal_within_horizon,forward_candidate_ids,model_label_eligible
2018-12-31,2019-12-31,True,1800,ABBOTT LABORATORIES,"[""ABT""]","[""2834""]",10-K,2018-02-16,0001047469-18-000856,False,False,[],False
2018-12-31,2019-12-31,True,3116,AKORN INC,[],"[""2834""]",10-K,2018-02-28,0001628280-18-002518,False,False,[],False
2018-12-31,2019-12-31,True,14272,BRISTOL MYERS SQUIBB CO,"[""BMY"", ""BMYMP"", ""CELG-RI""]","[""2834""]",10-K,2018-02-13,0000014272-18-000055,False,False,[],False
2018-12-31,2019-12-31,True,25743,"TherapeuticsMD, Inc.","[""TXMD""]","[""2834""]",10-K,2018-02-23,0001387131-18-000776,False,False,[],False
2018-12-31,2019-12-31,True,34956,"TENAX THERAPEUTICS, INC.","[""TENX""]","[""8731""]",10-K,2018-04-02,0001654954-18-003517,False,False,[],False
2018-12-31,2019-12-31,True,57725,LANNETT CO INC,[],"[""2834""]",10-K,2018-08-28,0001104659-18-053976,False,False,[],False
2018-12-31,2019-12-31,True,59478,LILLY ELI & CO,"[""LLY""]","[""2834""]",10-K,2018-02-20,0000059478-18-000089,False,False,[],False
2018-12-31,2019-12-31,True,70487,NATIONAL RESEARCH CORP,"[""NRC""]","[""8731""]",10-K,2018-03-14,0001437749-18-004585,False,False,[],False
2018-12-31,2019-12-31,True,78003,PFIZER INC,"[""PFE""]","[""2834""]",10-K,2018-02-22,0000078003-18-000027,False,False,[],False
2018-12-31,2019-12-31,True,93314,VOLITIONRX LTD,"[""VNRX""]","[""2835""]",10-K,2018-03-01,0001078782-18-000250,False,False,[],False
2018-12-31,2019-12-31,True,200406,JOHNSON & JOHNSON,"[""JNJ""]","[""2834""]",10-K,2018-02-21,0000200406-18-000005,False,False,[],False
2018-12-31,2019-12-31,True,275053,NATURES SUNSHINE PRODUCTS INC,"[""NATR""]","[""2834""]",10-K,2018-03-16,0001628280-18-003302,False,False,[],False
2018-12-31,2019-12-31,True,310158,"Merck & Co., Inc.","[""MRK""]","[""2834""]",10-K,2018-02-27,0000310158-18-000005,False,False,[],False
2018-12-31,2019-12-31,True,315545,"PROVECTUS BIOPHARMACEUTICALS, INC.","[""PVCT""]","[""2834""]",10-K,2018-03-23,0001493152-18-003771,False,False,[],False
2018-12-31,2019-12-31,True,318154,AMGEN INC,"[""AMGN""]","[""2836""]",10-K,2018-02-13,0000318154-18-000004,False,False,[],False
2018-12-31,2019-12-31,True,318306,ABEONA THERAPEUTICS INC.,"[""ABEO""]","[""2834""]",10-K,2018-03-16,0001144204-18-015277,False,False,[],False
2018-12-31,2019-12-31,True,352998,"Teligent, Inc.",[],"[""2834""]",10-K,2018-03-19,0001628280-18-003357,False,False,[],False
2018-12-31,2019-12-31,True,357097,"Fibrocell Science, Inc.",[],"[""2834""]",10-K,2018-03-19,0001628280-18-003348,False,True,"[""3785ada8330a1e0a297d""]",False
2018-12-31,2019-12-31,True,704562,"Avid Bioservices, Inc.","[""CDMO""]","[""2834""]",10-K,2018-07-16,0001683168-18-001961,False,False,[],False
2018-12-31,2019-12-31,True,707511,REGENERX BIOPHARMACEUTICALS INC,"[""RGRX""]","[""2834""]",10-K,2018-03-29,0001144204-18-017995,False,False,[],False
2018-12-31,2019-12-31,True,725363,CEL SCI CORP,"[""CVM""]","[""2836""]",10-K,2018-12-19,0001654954-18-014104,False,False,[],False
2018-12-31,2019-12-31,True,727510,"ENZON PHARMACEUTICALS, INC.","[""ENZN""]","[""2836""]",10-K/A,2018-04-25,0001144204-18-022403,False,False,[],False
2018-12-31,2019-12-31,True,749647,Celsion CORP,"[""IMNN""]","[""2834""]",10-K,2018-03-27,0001437749-18-005539,False,False,[],False
2018-12-31,2019-12-31,True,764195,VBI Vaccines Inc/BC,"[""VBIVQ""]","[""2834""]",10-K,2018-02-26,0001493152-18-002611,False,False,[],False
2018-12-31,2019-12-31,True,771856,"CHAMPIONS ONCOLOGY, INC.","[""CSBR""]","[""2836""]",10-K,2018-07-30,0001628280-18-009773,False,False,[],False
2018-12-31,2019-12-31,True,786947,"ACURA PHARMACEUTICALS, INC","[""ACUR""]","[""2834""]",10-K,2018-06-07,0001144204-18-033269,False,False,[],False
2018-12-31,2019-12-31,True,792977,AMAG PHARMACEUTICALS INC.,[],"[""2834""]",10-K,2018-03-01,0000792977-18-000012,False,False,[],False
2018-12-31,2019-12-31,True,810509,"NAVIDEA BIOPHARMACEUTICALS, INC.","[""NAVB""]","[""2835""]",10-K,2018-03-15,0001437749-18-004756,False,False,[],False
2018-12-31,2019-12-31,True,811641,IMMUCELL CORP /DE/,"[""ICCC""]","[""2835""]",10-K,2018-03-29,0001213900-18-003621,False,False,[],False
2018-12-31,2019-12-31,True,812796,"SOLIGENIX, INC.","[""SNGX""]","[""2834""]",10-K/A,2018-08-17,0001213900-18-011350,False,False,[],False
2018-12-31,2019-12-31,True,816284,CELGENE CORP /DE/,[],"[""2834""]",10-K,2018-02-07,0000816284-18-000005,False,True,"[""ef18db548786ad4b9db4""]",False
2018-12-31,2019-12-31,True,818033,"HERON THERAPEUTICS, INC. /DE/","[""HRTX""]","[""2834""]",10-K,2018-02-27,0001193125-18-060951,False,False,[],False
2018-12-31,2019-12-31,True,818686,TEVA PHARMACEUTICAL INDUSTRIES LTD,"[""TEVA"", ""TEVJF""]","[""2834""]",10-K,2018-02-12,0001193125-18-039076,False,False,[],False
2018-12-31,2019-12-31,True,820081,CAMBREX CORP,[],"[""2834""]",10-K,2018-02-08,0001437749-18-001987,False,True,"[""5d6146cfb834da537fe3""]",False
2018-12-31,2019-12-31,True,822411,"ImmunoCellular Therapeutics, Ltd.","[""IMUC""]","[""2834""]",10-K,2018-03-14,0000822411-18-000004,False,False,[],False
2018-12-31,2019-12-31,True,827871,"EAGLE PHARMACEUTICALS, INC.","[""EGRX""]","[""2834""]",10-K,2018-02-26,0000827871-18-000003,False,False,[],False
2018-12-31,2019-12-31,True,831547,SPECTRUM PHARMACEUTICALS INC,[],"[""2834""]",10-K/A,2018-05-01,0000831547-18-000036,False,False,[],False
2018-12-31,2019-12-31,True,849146,Lifevantage Corp,"[""LFVN""]","[""2834""]",10-K,2018-08-15,0000849146-18-000074,False,False,[],False
2018-12-31,2019-12-31,True,849636,RespireRx Pharmaceuticals Inc.,"[""RSPI""]","[""2834""]",10-K,2018-04-17,0001493152-18-005325,False,False,[],False
2018-12-31,2019-12-31,True,850261,"Sorrento Therapeutics, Inc.","[""SRNE""]","[""8731""]",10-K/A,2018-04-26,0000850261-18-000017,False,False,[],False
2018-12-31,2019-12-31,True,863894,VERU INC.,"[""VERU""]","[""2834""]",10-K,2018-12-13,0000863894-18-000011,False,False,[],False
2018-12-31,2019-12-31,True,873303,"Sarepta Therapeutics, Inc.","[""SRPT""]","[""2834""]",10-K,2018-03-01,0001564590-18-004107,False,False,[],False
2018-12-31,2019-12-31,True,875622,BIOSPECIFICS TECHNOLOGIES CORP,[],"[""2834""]",10-K,2018-03-14,0001140361-18-013423,False,False,[],False
2018-12-31,2019-12-31,True,876343,BIOTIME INC,"[""LCTX""]","[""2836""]",10-K/A,2018-04-02,0001493152-18-004546,False,False,[],False
2018-12-31,2019-12-31,True,879169,INCYTE CORP,"[""INCY""]","[""8731""]",10-K,2018-02-15,0001558370-18-000722,False,False,[],False
2018-12-31,2019-12-31,True,879407,"ARROWHEAD PHARMACEUTICALS, INC.","[""ARWR""]","[""2834""]",10-K,2018-12-11,0001564590-18-030805,False,False,[],False
2018-12-31,2019-12-31,True,881524,VIVUS INC,[],"[""2834""]",10-K/A,2018-04-26,0001047469-18-003224,False,False,[],False
2018-12-31,2019-12-31,True,882361,Aptose Biosciences Inc.,"[""APTO""]","[""2836""]",40-F,2018-03-27,0001171843-18-002315,False,False,[],False
2018-12-31,2019-12-31,True,885590,"Valeant Pharmaceuticals International, Inc.","[""BHC""]","[""2834""]",10-K,2018-02-28,0000885590-18-000017,False,False,[],False
2018-12-31,2019-12-31,True,886163,LIGAND PHARMACEUTICALS INC,"[""LGND"", ""LGNDZ"", ""LGNXZ"", ""LGNYZ"", ""LGNZZ""]","[""2834""]",10-K,2018-03-01,0000886163-18-000030,False,False,[],False
2018-12-31,2019-12-31,True,887247,Adamis Pharmaceuticals Corp,"[""DMKPQ""]","[""2834""]",10-K/A,2018-04-30,0001387131-18-001841,False,False,[],False
2018-12-31,2019-12-31,True,887359,Vericel Corp,"[""VCEL""]","[""2836""]",10-K,2018-03-05,0001628280-18-002753,False,False,[],False
2018-12-31,2019-12-31,True,894158,"Synthetic Biologics, Inc.","[""TOVX""]","[""2834""]",10-K,2018-02-22,0001144204-18-010286,False,False,[],False
2018-12-31,2019-12-31,True,896264,USANA HEALTH SCIENCES INC,"[""USNA""]","[""2833""]",10-K,2018-02-28,0001047469-18-001146,False,False,[],False
2018-12-31,2019-12-31,True,901832,ASTRAZENECA PLC,"[""AZN"", ""AZNCF""]","[""2834""]",20-F,2018-03-06,0001104659-18-015257,False,False,[],False
2018-12-31,2019-12-31,True,906338,TARO PHARMACEUTICAL INDUSTRIES LTD,[],"[""2834""]",20-F,2018-06-21,0001564590-18-015952,False,False,[],False
2018-12-31,2019-12-31,True,910267,TITAN PHARMACEUTICALS INC,"[""TTNP"", ""TTNPW""]","[""2836""]",10-K,2018-04-02,0001144204-18-018448,False,False,[],False
2018-12-31,2019-12-31,True,911216,PALATIN TECHNOLOGIES INC,"[""PTN""]","[""2834""]",10-K,2018-09-13,0001654954-18-010150,False,False,[],False
2018-12-31,2019-12-31,True,920465,LA JOLLA PHARMACEUTICAL CO,[],"[""2836""]",10-K/A,2018-04-30,0000920465-18-000011,False,False,[],False
2018-12-31,2019-12-31,True,921114,AmpliPhi Biosciences Corp,"[""ARMP""]","[""2836""]",10-K,2018-03-14,0001144204-18-014652,False,True,"[""f73b22ef8c2932ac7973""]",False
2018-12-31,2019-12-31,True,921299,FIBROGEN INC,"[""FGEN""]","[""2834""]",10-K,2018-02-27,0001564590-18-003508,False,False,[],False
2018-12-31,2019-12-31,True,926617,"VERMILLION, INC.","[""AWH""]","[""2835""]",10-K/A,2018-04-30,0000926617-18-000034,False,False,[],False
2018-12-31,2019-12-31,True,936402,Shire plc,[],"[""2834""]",10-K,2018-02-20,0000936402-18-000007,False,False,[],False
2018-12-31,2019-12-31,True,944809,"Opko Health, Inc.","[""OPK""]","[""2834""]",10-K,2018-03-01,0000944809-18-000014,False,False,[],False
2018-12-31,2019-12-31,True,946644,HEMISPHERX BIOPHARMA INC,"[""AIM""]","[""2836""]",10-K,2018-03-30,0001493152-18-004291,False,False,[],False
2018-12-31,2019-12-31,True,1001316,"TG THERAPEUTICS, INC.","[""TGTX""]","[""2834""]",10-K,2018-03-15,0001654954-18-002638,False,False,[],False
2018-12-31,2019-12-31,True,1005201,DEPOMED INC,[],"[""2834""]",10-K,2018-03-01,0001558370-18-001325,False,False,[],False
2018-12-31,2019-12-31,True,1006281,"Protalix BioTherapeutics, Inc.","[""PLX""]","[""2836""]",10-K,2018-03-06,0001144204-18-013053,False,False,[],False
2018-12-31,2019-12-31,True,1008848,ACORDA THERAPEUTICS INC,[],"[""2836""]",10-K/A,2018-03-09,0001564590-18-005035,False,False,[],False
2018-12-31,2019-12-31,True,1012477,AVADEL PHARMACEUTICALS PLC,"[""AVDL""]","[""2834""]",10-K/A,2018-04-30,0001144204-18-023840,False,False,[],False
2018-12-31,2019-12-31,True,1015820,QIAGEN NV,"[""QGEN""]","[""2836""]",20-F,2018-03-06,0001015820-18-000010,False,False,[],False
2018-12-31,2019-12-31,True,1016504,INTEGRATED BIOPHARMA INC,"[""INBP""]","[""2834""]",10-K,2018-09-12,0001437749-18-016922,False,False,[],False
2018-12-31,2019-12-31,True,1018735,NYMOX PHARMACEUTICAL CORP,"[""NYMXF""]","[""2835""]",20-F/A,2018-05-11,0001640334-18-000936,False,False,[],False
2018-12-31,2019-12-31,True,1023024,ANI PHARMACEUTICALS INC,"[""ANIP""]","[""2834""]",10-K,2018-02-27,0001144204-18-011197,False,False,[],False
2018-12-31,2019-12-31,True,1023549,XTL BIOPHARMACEUTICALS LTD,"[""XTLB""]","[""2834""]",20-F,2018-03-15,0001213900-18-003028,False,False,[],False
2018-12-31,2019-12-31,True,1024126,"PERNIX THERAPEUTICS HOLDINGS, INC.",[],"[""2834""]",10-K,2018-03-08,0001136261-18-000075,False,False,[],False
2018-12-31,2019-12-31,True,1029142,DYNAVAX TECHNOLOGIES CORP,"[""DVAX""]","[""2834""]",10-K,2018-03-08,0001564590-18-004917,False,False,[],False
2018-12-31,2019-12-31,True,1035354,"Eloxx Pharmaceuticals, Inc.","[""ELOX""]","[""8731""]",10-K/A,2018-04-19,0001193125-18-122262,False,False,[],False
2018-12-31,2019-12-31,True,1042074,"CymaBay Therapeutics, Inc.",[],"[""2834""]",10-K,2018-03-15,0001564590-18-005831,False,False,[],False
2018-12-31,2019-12-31,True,1042418,"HedgePath Pharmaceuticals, Inc.","[""INTI""]","[""8731""]",10-K,2018-02-16,0001193125-18-047834,False,False,[],False
2018-12-31,2019-12-31,True,1053369,ELITE PHARMACEUTICALS INC /NV/,"[""ELTP""]","[""2834""]",10-K,2018-06-14,0001144204-18-034237,False,False,[],False
2018-12-31,2019-12-31,True,1053691,Diffusion Pharmaceuticals Inc.,"[""CRVO""]","[""2834""]",10-K,2018-04-02,0001437749-18-006050,False,False,[],False
2018-12-31,2019-12-31,True,1069308,Acer Therapeutics Inc.,[],"[""2834""]",10-K,2018-03-07,0001564590-18-004714,False,False,[],False
2018-12-31,2019-12-31,True,1069899,PHIBRO ANIMAL HEALTH CORP,"[""PAHC""]","[""2834""]",10-K,2018-08-27,0001144204-18-046489,False,False,[],False
2018-12-31,2019-12-31,True,1070081,"PTC THERAPEUTICS, INC.","[""PTCT""]","[""2834""]",10-K,2018-03-06,0001070081-18-000042,False,False,[],False
2018-12-31,2019-12-31,True,1070336,ACHILLION PHARMACEUTICALS INC,[],"[""2834""]",10-K,2018-02-22,0001193125-18-052951,False,True,"[""9808302131c3787e0458""]",False
2018-12-31,2019-12-31,True,1072379,NORTHWEST BIOTHERAPEUTICS INC,"[""NWBO""]","[""2834""]",10-K,2018-04-17,0001144204-18-020971,False,False,[],False
2018-12-31,2019-12-31,True,1084201,SINOVAC BIOTECH LTD,"[""SVA""]","[""2834""]",20-F,2018-05-11,0001144204-18-027303,False,False,[],False
2018-12-31,2019-12-31,True,1087294,CUMBERLAND PHARMACEUTICALS INC,"[""CPIX""]","[""2834""]",10-K,2018-03-09,0001628280-18-003034,False,False,[],False
2018-12-31,2019-12-31,True,1092662,"CHEMBIO DIAGNOSTICS, INC.",[],"[""2834""]",10-K,2018-03-08,0001092662-18-000013,False,False,[],False
2018-12-31,2019-12-31,True,1100412,ARRAY BIOPHARMA INC,[],"[""2834""]",10-K,2018-08-14,0001100412-18-000026,True,True,"[""f32d56addd0fb2c0c2d1""]",False
2018-12-31,2019-12-31,True,1100682,CHARLES RIVER LABORATORIES INTERNATIONAL INC,"[""CRL""]","[""8731""]",10-K,2018-02-13,0001100682-18-000005,False,False,[],False
2018-12-31,2019-12-31,True,1103021,BIODELIVERY SCIENCES INTERNATIONAL INC,[],"[""2834""]",10-K,2018-03-15,0001193125-18-084193,False,False,[],False
2018-12-31,2019-12-31,True,1105533,ARGOS THERAPEUTICS INC,[],"[""2834""]",10-K,2018-04-02,0001171843-18-002425,False,False,[],False
2018-12-31,2019-12-31,True,1106644,"CHINA PHARMA HOLDINGS, INC.","[""CPHI""]","[""2834""]",10-K,2018-04-02,0001213900-18-003895,False,False,[],False
2018-12-31,2019-12-31,True,1107421,ZIOPHARM ONCOLOGY INC,"[""TCRT""]","[""2834""]",10-K/A,2018-04-30,0001193125-18-143297,False,False,[],False
2018-12-31,2019-12-31,True,1109196,"MABVAX THERAPEUTICS HOLDINGS, INC.",[],"[""2834""]",10-K/A,2018-10-15,0001654954-18-011102,False,False,[],False
2018-12-31,2019-12-31,True,1113423,Aeterna Zentaris Inc.,"[""CSCI""]","[""2834""]",20-F,2018-03-28,0001628280-18-003635,False,False,[],False
2018-12-31,2019-12-31,True,1114448,NOVARTIS AG,"[""NVS"", ""NVSEF""]","[""2834""]",20-F,2018-01-24,0001047469-18-000380,False,False,[],False
2018-12-31,2019-12-31,True,1117480,CHIMERIX INC,"[""CMRX""]","[""2834""]",10-K,2018-03-01,0001117480-18-000008,False,False,[],False
2018-12-31,2019-12-31,True,1121404,Sanofi,"[""SNY"", ""SNYNF""]","[""2834""]",20-F/A,2018-03-16,0001193125-18-084834,False,False,[],False
2018-12-31,2019-12-31,True,1124140,EXACT SCIENCES CORP,"[""EXAS""]","[""8731""]",10-K,2018-02-22,0001558370-18-000941,False,False,[],False
2018-12-31,2019-12-31,True,1125345,MACROGENICS INC,"[""MGNX""]","[""2834""]",10-K,2018-02-27,0001125345-18-000022,False,False,[],False
2018-12-31,2019-12-31,True,1126234,NEWLINK GENETICS CORP,"[""LUMO""]","[""2834""]",10-K/A,2018-04-09,0001126234-18-000063,False,False,[],False
2018-12-31,2019-12-31,True,1130598,"Onconova Therapeutics, Inc.","[""TRAW""]","[""2834""]",10-K/A,2018-04-25,0001047469-18-003170,False,False,[],False
2018-12-31,2019-12-31,True,1131399,GLAXOSMITHKLINE PLC,"[""GSK"", ""GLAXF""]","[""2834""]",20-F/A,2018-03-20,0001193125-18-088407,False,False,[],False
2018-12-31,2019-12-31,True,1133416,GALECTIN THERAPEUTICS INC,"[""GALT""]","[""2834""]",10-K/A,2018-09-28,0001193125-18-287503,False,False,[],False
2018-12-31,2019-12-31,True,1133519,MEDICURE INC,"[""MCUJF""]","[""2834""]",20-F,2018-05-15,0001279569-18-001086,False,False,[],False
2018-12-31,2019-12-31,True,1133818,BIO-PATH HOLDINGS INC,"[""BPTH""]","[""2834""]",10-K,2018-04-02,0001144204-18-018611,False,False,[],False
2018-12-31,2019-12-31,True,1133869,"CAPRICOR THERAPEUTICS, INC.","[""CAPR""]","[""2834""]",10-K,2018-03-22,0001144204-18-016468,False,False,[],False
2018-12-31,2019-12-31,True,1134765,"True Drinks Holdings, Inc.","[""CHUC""]","[""2833""]",10-K,2018-06-26,0001654954-18-006979,False,False,[],False
2018-12-31,2019-12-31,True,1135951,DR REDDYS LABORATORIES LTD,"[""RDY""]","[""2834""]",20-F/A,2018-07-12,0001575872-18-000142,False,False,[],False
2018-12-31,2019-12-31,True,1137883,BRAINSTORM CELL THERAPEUTICS INC.,"[""BCLI""]","[""2836""]",10-K,2018-03-08,0001144204-18-013470,False,False,[],False
2018-12-31,2019-12-31,True,1138776,"Aevi Genomic Medicine, Inc.",[],"[""2836""]",10-K,2018-03-13,0001144204-18-014238,False,True,"[""b1359d1f26a40da7210f""]",False
2018-12-31,2019-12-31,True,1157601,"MADRIGAL PHARMACEUTICALS, INC.","[""MDGL""]","[""2834""]",10-K,2018-03-13,0001047469-18-001557,False,False,[],False
2018-12-31,2019-12-31,True,1158780,PLURISTEM THERAPEUTICS INC,"[""PLUR""]","[""2836""]",10-K,2018-09-12,0001178913-18-002512,False,False,[],False
2018-12-31,2019-12-31,True,1159036,HALOZYME THERAPEUTICS INC,"[""HALO""]","[""2836""]",10-K,2018-02-20,0001159036-18-000011,False,False,[],False
2018-12-31,2019-12-31,True,1160308,Savara Inc,"[""SVRA""]","[""2834""]",10-K,2018-03-14,0001564590-18-005610,False,False,[],False
2018-12-31,2019-12-31,True,1167419,"Riot Blockchain, Inc.","[""RIOT""]","[""2835""]",10-K/A,2018-06-29,0001079973-18-000410,False,False,[],False
2018-12-31,2019-12-31,True,1168220,ULURU Inc.,[],"[""2834""]",10-K,2018-03-30,0001168220-18-000008,False,False,[],False
2018-12-31,2019-12-31,True,1174940,ORAGENICS INC,"[""OGEN""]","[""2834""]",10-K,2018-02-16,0001193125-18-048564,False,False,[],False
2018-12-31,2019-12-31,True,1175505,FIVE PRIME THERAPEUTICS INC,[],"[""2834""]",10-K/A,2018-03-12,0001193125-18-079236,False,False,[],False
2018-12-31,2019-12-31,True,1176309,ORAMED PHARMACEUTICALS INC.,"[""ORMP""]","[""2834""]",10-K,2018-11-28,0001213900-18-016666,False,False,[],False
2018-12-31,2019-12-31,True,1177648,ENANTA PHARMACEUTICALS INC,"[""ENTA""]","[""2834""]",10-K,2018-11-29,0001564590-18-030275,False,False,[],False
2018-12-31,2019-12-31,True,1178253,SCYNEXIS INC,"[""SCYX""]","[""2834""]",10-K,2018-03-13,0001564590-18-005461,False,False,[],False
2018-12-31,2019-12-31,True,1178670,"ALNYLAM PHARMACEUTICALS, INC.","[""ALNY""]","[""2834""]",10-K,2018-02-15,0001564590-18-002152,False,False,[],False
2018-12-31,2019-12-31,True,1178711,"Paratek Pharmaceuticals, Inc.",[],"[""2834""]",10-K,2018-03-06,0001564590-18-004551,False,False,[],False
2018-12-31,2019-12-31,True,1178879,AMICUS THERAPEUTICS INC,"[""FOLD""]","[""2834""]",10-K,2018-03-01,0001047469-18-001199,False,False,[],False
2018-12-31,2019-12-31,True,1183765,"Molecular Templates, Inc.","[""MTEM""]","[""2834""]",10-K,2018-03-30,0001564590-18-007268,False,False,[],False
2018-12-31,2019-12-31,True,1208261,IMMUNE PHARMACEUTICALS INC,[],"[""2834""]",10-K,2018-04-02,0001144204-18-018699,False,False,[],False
2018-12-31,2019-12-31,True,1211583,FENNEC PHARMACEUTICALS INC.,"[""FENC""]","[""2836""]",10-K,2018-03-28,0001144204-18-017571,False,False,[],False
2018-12-31,2019-12-31,True,1213037,"Trovagene, Inc.","[""CRDF""]","[""2836""]",10-K,2018-02-26,0001628280-18-002226,False,False,[],False
2018-12-31,2019-12-31,True,1226616,MEDICINOVA INC,"[""MNOV""]","[""2834""]",10-K,2018-02-13,0001564590-18-001957,False,False,[],False
2018-12-31,2019-12-31,True,1228627,"REXAHN PHARMACEUTICALS, INC.","[""OCUP""]","[""2834""]",10-K,2018-03-09,0001140361-18-012817,False,False,[],False
2018-12-31,2019-12-31,True,1232524,Jazz Pharmaceuticals plc,"[""JAZZ""]","[""2834""]",10-K/A,2018-04-24,0001193125-18-128804,False,False,[],False
2018-12-31,2019-12-31,True,1253689,GLYCOMIMETICS INC,"[""GLYC""]","[""2834""]",10-K,2018-03-06,0001558370-18-001553,False,False,[],False
2018-12-31,2019-12-31,True,1261249,AGILE THERAPEUTICS INC,"[""AGRX"", ""AGXRW""]","[""2834""]",10-K,2018-03-12,0001047469-18-001539,False,False,[],False
2018-12-31,2019-12-31,True,1264587,STEMLINE THERAPEUTICS INC,[],"[""2834""]",10-K,2018-03-16,0001104659-18-018361,False,False,[],False
2018-12-31,2019-12-31,True,1267565,"COLLEGIUM PHARMACEUTICAL, INC","[""COLL""]","[""2834""]",10-K,2018-03-07,0001558370-18-001644,False,False,[],False
2018-12-31,2019-12-31,True,1267602,ALIMERA SCIENCES INC,"[""ALIM""]","[""2834""]",10-K,2018-03-02,0001267602-18-000047,False,False,[],False
2018-12-31,2019-12-31,True,1267813,MARINUS PHARMACEUTICALS INC,"[""MRNS""]","[""2834""]",10-K,2018-03-07,0001558370-18-001587,False,False,[],False
2018-12-31,2019-12-31,True,1269021,PORTOLA PHARMACEUTICALS INC,[],"[""2834""]",10-K,2018-03-01,0001564590-18-004153,False,False,[],False
2018-12-31,2019-12-31,True,1270073,INTERCEPT PHARMACEUTICALS INC,[],"[""2834""]",10-K,2018-02-28,0001144204-18-011793,False,False,[],False
2018-12-31,2019-12-31,True,1273636,APPLIED GENETIC TECHNOLOGIES CORP,[],"[""2836""]",10-K,2018-09-11,0001564590-18-022913,False,False,[],False
2018-12-31,2019-12-31,True,1274792,MERRIMACK PHARMACEUTICALS INC,[],"[""2834""]",10-K,2018-03-12,0001564590-18-005246,False,False,[],False
2018-12-31,2019-12-31,True,1279704,"Cellectar Biosciences, Inc.","[""CLRB""]","[""2834""]",10-K,2018-03-21,0001144204-18-016175,False,False,[],False
2018-12-31,2019-12-31,True,1280600,ACCELERON PHARMA INC,[],"[""2836""]",10-K,2018-02-27,0001280600-18-000016,False,False,[],False
2018-12-31,2019-12-31,True,1280776,VITAL THERAPIES INC,"[""IMUX""]","[""2834""]",10-K/A,2018-03-14,0001280776-18-000015,False,False,[],False
2018-12-31,2019-12-31,True,1281895,"ROCKET PHARMACEUTICALS, INC.","[""RCKT"", ""RCKTW""]","[""2834""]",10-K,2018-03-07,0001564590-18-004621,False,False,[],False
2018-12-31,2019-12-31,True,1285819,OMEROS CORP,"[""OMER""]","[""2834""]",10-K,2018-03-01,0001285819-18-000003,False,False,[],False
2018-12-31,2019-12-31,True,1290149,"Sierra Oncology, Inc.",[],"[""2834""]",10-K,2018-02-27,0001193125-18-059374,False,False,[],False
2018-12-31,2019-12-31,True,1293310,"HUMANIGEN, INC",[],"[""2834""]",10-K,2018-03-27,0001214659-18-002397,False,False,[],False
2018-12-31,2019-12-31,True,1293971,"bluebird bio, Inc.","[""BLUE""]","[""2836""]",10-K,2018-02-21,0001564590-18-002704,False,False,[],False
2018-12-31,2019-12-31,True,1295947,"Prestige Brands Holdings, Inc.","[""PBH""]","[""2834""]",10-K,2018-05-10,0001295947-18-000013,False,False,[],False
2018-12-31,2019-12-31,True,1297184,"Amphastar Pharmaceuticals, Inc.","[""AMPH""]","[""2834""]",10-K,2018-03-14,0001297184-18-000011,False,False,[],False
2018-12-31,2019-12-31,True,1300699,"Athenex, Inc.",[],"[""2834""]",10-K,2018-03-26,0001564590-18-006715,False,False,[],False
2018-12-31,2019-12-31,True,1301501,Achaogen Inc,[],"[""2834""]",10-K,2018-02-27,0001564590-18-003544,False,False,[],False
2018-12-31,2019-12-31,True,1302573,OncoMed Pharmaceuticals Inc,[],"[""2834""]",10-K,2018-03-09,0001564590-18-005014,False,True,"[""e4ef58aba61055e0d4ce""]",False
2018-12-31,2019-12-31,True,1305253,"Eiger BioPharmaceuticals, Inc.","[""EIGRQ""]","[""2836""]",10-K,2018-03-09,0001564590-18-005123,False,False,[],False
2018-12-31,2019-12-31,True,1314052,ANAVEX LIFE SCIENCES CORP.,"[""AVXL""]","[""8731""]",10-K,2018-12-12,0001615774-18-014328,False,False,[],False
2018-12-31,2019-12-31,True,1316175,Anthera Pharmaceuticals Inc,[],"[""2834""]",10-K,2018-03-05,0001214659-18-001789,False,False,[],False
2018-12-31,2019-12-31,True,1318641,CLEVELAND BIOLABS INC,"[""STAB""]","[""8731""]",10-K,2018-03-06,0001318641-18-000005,False,False,[],False
2018-12-31,2019-12-31,True,1321834,"Akers Biosciences, Inc.","[""TNFA""]","[""2835""]",10-K/A,2018-07-13,0001493152-18-009979,False,False,[],False
2018-12-31,2019-12-31,True,1322505,"ALBIREO PHARMA, INC.",[],"[""2834""]",10-K,2018-03-27,0001564590-18-006847,False,False,[],False
2018-12-31,2019-12-31,True,1325879,AVEO PHARMACEUTICALS INC,[],"[""2834""]",10-K,2018-03-13,0001564590-18-005386,False,False,[],False
2018-12-31,2019-12-31,True,1326110,"NantKwest, Inc.","[""IBRX""]","[""2836""]",10-K,2018-03-12,0001564590-18-005290,False,False,[],False
2018-12-31,2019-12-31,True,1326190,"Altimmune, Inc.","[""ALT""]","[""2834""]",10-K/A,2018-04-30,0001193125-18-143451,False,False,[],False
2018-12-31,2019-12-31,True,1326732,Xencor Inc,"[""XNCR""]","[""2834""]",10-K,2018-02-28,0001558370-18-001202,False,False,[],False
2018-12-31,2019-12-31,True,1328143,Adamas Pharmaceuticals Inc,[],"[""2834""]",10-K,2018-02-22,0001628280-18-002045,False,False,[],False
2018-12-31,2019-12-31,True,1337553,AERIE PHARMACEUTICALS INC,[],"[""2836""]",10-K,2018-03-01,0001628280-18-002651,False,False,[],False
2018-12-31,2019-12-31,True,1339469,"CHIASMA, INC",[],"[""2834""]",10-K,2018-03-20,0001193125-18-089176,False,False,[],False
2018-12-31,2019-12-31,True,1339970,aTYR PHARMA INC,"[""ATYR""]","[""2836""]",10-K,2018-03-20,0001564590-18-006333,False,False,[],False
2018-12-31,2019-12-31,True,1340652,"ChemoCentryx, Inc.",[],"[""2834""]",10-K,2018-03-12,0001193125-18-079260,False,False,[],False
2018-12-31,2019-12-31,True,1341235,"Aldeyra Therapeutics, Inc.","[""ALDX""]","[""2834""]",10-K,2018-03-29,0001193125-18-102077,False,False,[],False
2018-12-31,2019-12-31,True,1345099,MESOBLAST LTD,"[""MESO"", ""MEOBF""]","[""2836""]",20-F,2018-08-31,0001564590-18-022521,False,False,[],False
2018-12-31,2019-12-31,True,1346830,"Cara Therapeutics, Inc.","[""CARA""]","[""2834""]",10-K,2018-03-15,0001564590-18-005879,False,False,[],False
2018-12-31,2019-12-31,True,1347178,Vanda Pharmaceuticals Inc.,"[""VNDA""]","[""2834""]",10-K,2018-02-15,0001193125-18-046425,False,False,[],False
2018-12-31,2019-12-31,True,1347613,"SYNERGY PHARMACEUTICALS, INC.",[],"[""2834""]",10-K,2018-03-01,0001347613-18-000003,False,False,[],False
2018-12-31,2019-12-31,True,1348911,"KalVista Pharmaceuticals, Inc.","[""KALV""]","[""2834""]",10-K,2018-07-30,0001564590-18-017915,False,False,[],False
2018-12-31,2019-12-31,True,1351288,GW PHARMACEUTICALS PLC,[],"[""2834""]",10-K,2018-11-29,0001564590-18-030224,False,False,[],False
2018-12-31,2019-12-31,True,1355250,Innovation Pharmaceuticals Inc.,"[""IPIX""]","[""2834""]",10-K,2018-09-11,0001477932-18-004457,False,False,[],False
2018-12-31,2019-12-31,True,1356090,INTREXON CORP,"[""PGEN""]","[""8731""]",10-K,2018-03-01,0001356090-18-000002,False,False,[],False
2018-12-31,2019-12-31,True,1356576,SUPERNUS PHARMACEUTICALS INC,"[""SUPN""]","[""2834""]",10-K,2018-03-01,0001047469-18-001210,False,False,[],False
2018-12-31,2019-12-31,True,1357459,"Neuralstem, Inc.","[""PALI""]","[""2836""]",10-K,2018-04-02,0001171843-18-002404,False,False,[],False
2018-12-31,2019-12-31,True,1358403,"BELLICUM PHARMACEUTICALS, INC",[],"[""2834""]",10-K,2018-03-13,0001358403-18-000037,False,False,[],False
2018-12-31,2019-12-31,True,1358762,REATA PHARMACEUTICALS INC,[],"[""2834""]",10-K,2018-03-02,0001564590-18-004193,False,False,[],False
2018-12-31,2019-12-31,True,1359931,PROTEON THERAPEUTICS INC,"[""TARA""]","[""2836""]",10-K/A,2018-03-28,0001171843-18-002325,False,False,[],False
2018-12-31,2019-12-31,True,1360214,"Imprimis Pharmaceuticals, Inc.","[""HROW"", ""HROWL"", ""HROWM""]","[""2834""]",10-K,2018-03-08,0001493152-18-003095,False,False,[],False
2018-12-31,2019-12-31,True,1360886,"OSIRIS THERAPEUTICS, INC.",[],"[""2836""]",10-K,2018-03-28,0001047469-18-002273,True,True,"[""c568d44e0b36b37b3f2c""]",False
2018-12-31,2019-12-31,True,1367083,"Sonoma Pharmaceuticals, Inc.","[""SNOA""]","[""2834""]",10-K,2018-06-26,0001683168-18-001786,False,False,[],False
2018-12-31,2019-12-31,True,1367644,Emergent BioSolutions Inc.,"[""EBS""]","[""2834""]",10-K,2018-02-23,0001367644-18-000014,False,False,[],False
2018-12-31,2019-12-31,True,1367920,"CONCERT PHARMACEUTICALS, INC.",[],"[""2834""]",10-K,2018-03-01,0001367920-18-000012,False,False,[],False
2018-12-31,2019-12-31,True,1368148,"ATHERSYS, INC / NEW","[""ATHXQ""]","[""2834""]",10-K,2018-03-15,0001193125-18-084081,False,False,[],False
2018-12-31,2019-12-31,True,1368514,"ADMA BIOLOGICS, INC.","[""ADMA""]","[""2836""]",10-K,2018-03-29,0001193805-18-000470,False,False,[],False
2018-12-31,2019-12-31,True,1369568,"CATALYST PHARMACEUTICALS, INC.","[""CPRX""]","[""2834""]",10-K,2018-03-14,0001193125-18-082292,False,False,[],False
2018-12-31,2019-12-31,True,1369868,"China Biologic Products Holdings, Inc.",[],"[""2836""]",20-F,2018-02-28,0001144204-18-011790,False,False,[],False
2018-12-31,2019-12-31,True,1370053,ANAPTYSBIO INC,"[""ANAB""]","[""2834""]",10-K/A,2018-09-14,0001370053-18-000041,False,False,[],False
2018-12-31,2019-12-31,True,1372514,EYEGATE PHARMACEUTICALS INC,"[""KPRX"", ""KPHMW""]","[""2834""]",10-K,2018-03-02,0001144204-18-012542,False,False,[],False
2018-12-31,2019-12-31,True,1373707,TETRAPHASE PHARMACEUTICALS INC,[],"[""2834""]",10-K,2018-03-06,0001564590-18-004528,False,False,[],False
2018-12-31,2019-12-31,True,1374690,"ZAFGEN, INC.","[""LRMR""]","[""2834""]",10-K,2018-03-09,0001193125-18-077456,False,False,[],False
2018-12-31,2019-12-31,True,1375151,"ZOGENIX, INC.",[],"[""2834""]",10-K,2018-03-06,0001375151-18-000006,False,False,[],False
2018-12-31,2019-12-31,True,1377121,"Protagonist Therapeutics, Inc","[""PTGX""]","[""2834""]",10-K,2018-03-07,0001558370-18-001637,False,False,[],False
2018-12-31,2019-12-31,True,1378624,"Cellular Biomedicine Group, Inc.",[],"[""2836""]",10-K,2018-03-05,0001654954-18-002152,False,False,[],False
2018-12-31,2019-12-31,True,1379006,"NANOVIRICIDES, INC.","[""NNVC""]","[""8731""]",10-K,2018-10-12,0001144204-18-053665,False,False,[],False
2018-12-31,2019-12-31,True,1383701,Conatus Pharmaceuticals Inc.,[],"[""2834""]",10-K,2018-03-08,0001564590-18-004914,False,False,[],False
2018-12-31,2019-12-31,True,1385818,"AYTU BIOSCIENCE, INC","[""AYTU""]","[""2834""]",10-K,2018-09-06,0001213900-18-012209,False,False,[],False
2018-12-31,2019-12-31,True,1386570,ChromaDex Corp.,"[""CDXC""]","[""2833""]",10-K,2018-03-15,0001654954-18-002621,False,False,[],False
2018-12-31,2019-12-31,True,1388319,"U.S. Stem Cell, Inc.","[""USRM""]","[""8731""]",10-K/A,2018-04-26,0001185185-18-000743,False,False,[],False
2018-12-31,2019-12-31,True,1388320,"Actinium Pharmaceuticals, Inc.","[""ATNM""]","[""2834""]",10-K,2018-03-16,0001213900-18-003091,False,False,[],False
2018-12-31,2019-12-31,True,1389545,"NovaBay Pharmaceuticals, Inc.","[""NBY""]","[""2834""]",10-K,2018-03-21,0001437749-18-005177,False,False,[],False
2018-12-31,2019-12-31,True,1390478,"SELLAS Life Sciences Group, Inc.","[""SLS""]","[""2834""]",10-K,2018-04-13,0001193125-18-117053,False,False,[],False
2018-12-31,2019-12-31,True,1393434,"OCULAR THERAPEUTIX, INC","[""OCUL""]","[""2834""]",10-K,2018-03-08,0001558370-18-001678,False,False,[],False
2018-12-31,2019-12-31,True,1394319,"Tracon Pharmaceuticals, Inc.","[""TCON""]","[""2836""]",10-K,2018-03-01,0001564590-18-003925,False,False,[],False
2018-12-31,2019-12-31,True,1395937,Syndax Pharmaceuticals Inc,"[""SNDX""]","[""2834""]",10-K,2018-03-08,0001564590-18-004911,False,False,[],False
2018-12-31,2019-12-31,True,1396814,"Pacira Pharmaceuticals, Inc.","[""PCRX""]","[""2834""]",10-K,2018-02-28,0001396814-18-000009,False,False,[],False
2018-12-31,2019-12-31,True,1399529,Dicerna Pharmaceuticals Inc,[],"[""2834""]",10-K,2018-03-08,0001193125-18-075129,False,False,[],False
2018-12-31,2019-12-31,True,1401395,Neptune Technologies & Bioressources Inc.,"[""NEPTF""]","[""2834""]",40-F,2018-06-28,0001564590-18-016387,False,False,[],False
2018-12-31,2019-12-31,True,1401667,"PUMA BIOTECHNOLOGY, INC.","[""PBYI""]","[""2834""]",10-K,2018-03-09,0001564590-18-005152,False,False,[],False
2018-12-31,2019-12-31,True,1401708,NanoString Technologies Inc,[],"[""2836""]",10-K,2018-03-07,0001401708-18-000058,False,False,[],False
2018-12-31,2019-12-31,True,1401914,"Dare Bioscience, Inc.","[""DARE""]","[""2834""]",10-K/A,2018-04-30,0001193125-18-143344,False,False,[],False
2018-12-31,2019-12-31,True,1402479,MYOS RENS TECHNOLOGY INC.,"[""MDVLQ""]","[""2834""]",10-K,2018-03-27,0001213900-18-003522,False,False,[],False
2018-12-31,2019-12-31,True,1403708,Evoke Pharma Inc,"[""EVOK""]","[""2834""]",10-K,2018-03-07,0001564590-18-004725,False,False,[],False
2018-12-31,2019-12-31,True,1403752,Zymeworks Inc.,[],"[""2834""]",10-K,2018-03-14,0001193125-18-082473,False,False,[],False
2018-12-31,2019-12-31,True,1404281,"Novus Therapeutics, Inc.","[""ELDN""]","[""2834""]",10-K,2018-04-02,0001564590-18-007314,False,False,[],False
2018-12-31,2019-12-31,True,1404644,"AQUINOX PHARMACEUTICALS, INC","[""NGNE""]","[""2834""]",10-K,2018-03-12,0001193125-18-079210,False,False,[],False
2018-12-31,2019-12-31,True,1410098,CorMedix Inc.,"[""CRMD""]","[""2834""]",10-K/A,2018-07-10,0001654954-18-007507,False,False,[],False
2018-12-31,2019-12-31,True,1410939,Ophthotech Corp.,[],"[""2834""]",10-K,2018-03-05,0001410939-18-000013,False,False,[],False
2018-12-31,2019-12-31,True,1411685,"VistaGen Therapeutics, Inc.","[""VTGN""]","[""2834""]",10-K,2018-06-26,0001654954-18-006990,False,False,[],False
2018-12-31,2019-12-31,True,1411906,"Ampio Pharmaceuticals, Inc.","[""AMPE""]","[""2834""]",10-K,2018-03-06,0001144204-18-013087,False,False,[],False
2018-12-31,2019-12-31,True,1412486,"Cocrystal Pharma, Inc.","[""COCP""]","[""2834""]",10-K/A,2018-04-30,0001493152-18-005989,False,False,[],False
2018-12-31,2019-12-31,True,1413263,"CHINA JO-JO DRUGSTORES, INC.",[],"[""2833""]",10-K,2018-06-29,0001213900-18-008512,False,False,[],False
2018-12-31,2019-12-31,True,1419041,Tocagen Inc,"[""FBRX""]","[""2834""]",10-K,2018-03-09,0001564590-18-005132,False,False,[],False
2018-12-31,2019-12-31,True,1419600,Flexion Therapeutics Inc,[],"[""2834""]",10-K,2018-03-08,0001564590-18-004912,False,False,[],False
2018-12-31,2019-12-31,True,1420565,AILERON THERAPEUTICS INC,"[""ALRN""]","[""2834""]",10-K,2018-04-02,0001564590-18-007403,False,False,[],False
2018-12-31,2019-12-31,True,1420720,"iBio, Inc.","[""IBIO""]","[""2834""]",10-K,2018-09-18,0001144204-18-049866,False,False,[],False
2018-12-31,2019-12-31,True,1421876,GALAPAGOS NV,"[""GLPG"", ""GLPGF""]","[""2834""]",20-F,2018-03-23,0001558370-18-002364,False,False,[],False
2018-12-31,2019-12-31,True,1422143,"Kura Oncology, Inc.","[""KURA""]","[""2834""]",10-K,2018-03-12,0001564590-18-005293,False,False,[],False
2018-12-31,2019-12-31,True,1423824,ALDER BIOPHARMACEUTICALS INC,[],"[""2834""]",10-K,2018-02-26,0001564590-18-003221,True,True,"[""14355e7da2b6860bb5da""]",False
2018-12-31,2019-12-31,True,1425205,"IOVANCE BIOTHERAPEUTICS, INC.","[""IOVA""]","[""2836""]",10-K,2018-03-12,0001144204-18-014151,False,False,[],False
2018-12-31,2019-12-31,True,1426800,"ASSEMBLY BIOSCIENCES, INC.","[""ASMB""]","[""2834""]",10-K,2018-03-08,0001144204-18-013474,False,False,[],False
2018-12-31,2019-12-31,True,1427925,ACELRX PHARMACEUTICALS INC,"[""TLPH""]","[""2834""]",10-K,2018-03-09,0001437749-18-004222,False,False,[],False
2018-12-31,2019-12-31,True,1428522,"Radius Health, Inc.",[],"[""2834""]",10-K,2018-03-01,0001628280-18-002666,False,False,[],False
2018-12-31,2019-12-31,True,1429260,"Fortress Biotech, Inc.","[""FBIO"", ""FBIOP""]","[""2834""]",10-K,2018-03-16,0001144204-18-015301,False,False,[],False
2018-12-31,2019-12-31,True,1429560,TREVENA INC,"[""TRVN""]","[""2834""]",10-K/A,2018-06-14,0001104659-18-040166,False,False,[],False
2018-12-31,2019-12-31,True,1430306,Tonix Pharmaceuticals Holding Corp.,"[""TNXP""]","[""2834""]",10-K,2018-03-09,0001615774-18-001762,False,False,[],False
2018-12-31,2019-12-31,True,1434316,FATE THERAPEUTICS INC,"[""FATE""]","[""2836""]",10-K,2018-03-05,0001564590-18-004394,False,False,[],False
2018-12-31,2019-12-31,True,1434647,"KEMPHARM, INC","[""ZVRA""]","[""2834""]",10-K,2018-03-30,0001437749-18-005932,False,False,[],False
2018-12-31,2019-12-31,True,1434868,"Esperion Therapeutics, Inc.","[""ESPR""]","[""2834""]",10-K,2018-02-20,0001047469-18-000899,False,False,[],False
2018-12-31,2019-12-31,True,1435049,"ADURO BIOTECH, INC.",[],"[""2834""]",10-K,2018-03-01,0001564590-18-004135,False,False,[],False
2018-12-31,2019-12-31,True,1437402,"ARDELYX, INC.","[""ARDX""]","[""2834""]",10-K,2018-03-14,0001558370-18-002056,False,False,[],False
2018-12-31,2019-12-31,True,1437786,IMMUNE DESIGN CORP.,[],"[""2834""]",10-K,2018-03-14,0001437786-18-000013,True,True,"[""b2eecc683d683cb682e3""]",False
2018-12-31,2019-12-31,True,1438533,"Retrophin, Inc.","[""TVTX""]","[""2834""]",10-K/A,2018-07-06,0001438533-18-000020,False,False,[],False
2018-12-31,2019-12-31,True,1438569,Grifols SA,"[""GRFS"", ""GIFLF"", ""GIFOF"", ""GIKLY""]","[""2834""]",20-F,2018-04-06,0001104659-18-022787,False,False,[],False
2018-12-31,2019-12-31,True,1439222,AGIOS PHARMACEUTICALS INC,"[""AGIO""]","[""2834""]",10-K,2018-02-14,0001439222-18-000004,False,False,[],False
2018-12-31,2019-12-31,True,1442836,"Mersana Therapeutics, Inc.","[""MRSN""]","[""2834""]",10-K,2018-03-28,0001558370-18-002479,False,False,[],False
2018-12-31,2019-12-31,True,1444192,Acasti Pharma Inc.,"[""ACST""]","[""2834""]",20-F,2018-06-29,0001171843-18-004911,False,False,[],False
2018-12-31,2019-12-31,True,1445283,"PROTEOSTASIS THERAPEUTICS, INC.","[""KA""]","[""2834""]",10-K,2018-03-14,0001564590-18-005657,False,False,[],False
2018-12-31,2019-12-31,True,1446847,IRONWOOD PHARMACEUTICALS INC,"[""IRWD""]","[""2834""]",10-K/A,2018-04-27,0001104659-18-027788,False,False,[],False
2018-12-31,2019-12-31,True,1447028,Arbutus Biopharma Corp,"[""ABUS""]","[""2834""]",10-K,2018-03-16,0001628280-18-003276,False,False,[],False
2018-12-31,2019-12-31,True,1453593,"Xtant Medical Holdings, Inc.","[""XTNT""]","[""2836""]",10-K/A,2018-04-05,0001144204-18-019363,False,False,[],False
2018-12-31,2019-12-31,True,1453687,SELECTA BIOSCIENCES INC,"[""RNAC""]","[""2834""]",10-K,2018-03-15,0001453687-18-000012,False,False,[],False
2018-12-31,2019-12-31,True,1454789,CATABASIS PHARMACEUTICALS INC,"[""ATXS""]","[""2834""]",10-K,2018-03-15,0001047469-18-001688,False,False,[],False
2018-12-31,2019-12-31,True,1457612,"GENOCEA BIOSCIENCES, INC.",[],"[""2836""]",10-K,2018-02-16,0001457612-18-000019,False,False,[],False
2018-12-31,2019-12-31,True,1460702,RITTER PHARMACEUTICALS INC,"[""QLGN""]","[""2834""]",10-K,2018-03-19,0001493152-18-003532,False,False,[],False
2018-12-31,2019-12-31,True,1461993,"MELINTA THERAPEUTICS, INC. /NEW/",[],"[""2834""]",10-K/A,2018-04-30,0001564590-18-009871,False,False,[],False
2018-12-31,2019-12-31,True,1466301,"Clovis Oncology, Inc.",[],"[""2834""]",10-K,2018-02-27,0001558370-18-001172,False,False,[],False
2018-12-31,2019-12-31,True,1467154,"Novan, Inc.",[],"[""2834""]",10-K,2018-03-27,0001564590-18-006881,False,False,[],False
2018-12-31,2019-12-31,True,1467652,"Neos Therapeutics, Inc.",[],"[""2834""]",10-K,2018-03-16,0001047469-18-001730,False,False,[],False
2018-12-31,2019-12-31,True,1472091,"Edge Therapeutics, Inc.","[""PDSB""]","[""2834""]",10-K,2018-03-01,0001140361-18-011218,False,False,[],False
2018-12-31,2019-12-31,True,1476963,"HEAT BIOLOGICS, INC.","[""SCPX""]","[""2834""]",10-K,2018-03-02,0001553350-18-000174,False,False,[],False
2018-12-31,2019-12-31,True,1478069,CONTRAFECT Corp,"[""CFRXQ""]","[""2834""]",10-K,2018-03-15,0001193125-18-084172,False,False,[],False
2018-12-31,2019-12-31,True,1478121,Pfenex Inc.,[],"[""2834""]",10-K/A,2018-06-06,0001193125-18-185599,False,False,[],False
2018-12-31,2019-12-31,True,1478242,IQVIA HOLDINGS INC.,"[""IQV""]","[""8731""]",10-K,2018-02-16,0001564590-18-002340,False,False,[],False
2018-12-31,2019-12-31,True,1479290,"Revance Therapeutics, Inc.","[""RVNC""]","[""2834""]",10-K,2018-03-02,0001479290-18-000038,False,False,[],False
2018-12-31,2019-12-31,True,1479419,"Kala Pharmaceuticals, Inc.","[""KALA""]","[""2834""]",10-K,2018-04-02,0001558370-18-002697,False,False,[],False
2018-12-31,2019-12-31,True,1481512,"Ra Pharmaceuticals, Inc.",[],"[""2834""]",10-K,2018-03-14,0001047469-18-001637,False,True,"[""99aee86afc34ac2e03e7""]",False
2018-12-31,2019-12-31,True,1485003,"Eleven Biotherapeutics, Inc.","[""CARM""]","[""2834""]",10-K,2018-04-02,0001485003-18-000034,False,False,[],False
2018-12-31,2019-12-31,True,1488039,ATOSSA GENETICS INC,"[""ATOS""]","[""2834""]",10-K,2018-03-08,0001615774-18-001693,False,False,[],False
2018-12-31,2019-12-31,True,1492422,"Apellis Pharmaceuticals, Inc.","[""APLS""]","[""2834""]",10-K,2018-03-19,0001564590-18-006193,False,False,[],False
2018-12-31,2019-12-31,True,1492426,Horizon Pharma plc,[],"[""2834""]",10-K,2018-02-28,0001564590-18-003661,False,False,[],False
2018-12-31,2019-12-31,True,1493566,"OTONOMY, INC.",[],"[""2834""]",10-K,2018-03-08,0001564590-18-004915,False,False,[],False
2018-12-31,2019-12-31,True,1494650,"OptiNose, Inc.","[""OPTN""]","[""2834""]",10-K,2018-03-13,0001494650-18-000025,False,False,[],False
2018-12-31,2019-12-31,True,1496671,"Calithera Biosciences, Inc.","[""CALA""]","[""2834""]",10-K,2018-03-08,0001564590-18-004953,False,False,[],False
2018-12-31,2019-12-31,True,1497253,"ORGANOVO HOLDINGS, INC.","[""ONVO""]","[""2836""]",10-K,2018-05-31,0001564590-18-014814,False,False,[],False
2018-12-31,2019-12-31,True,1497504,PLx Pharma Inc.,[],"[""2834""]",10-K/A,2018-04-27,0001437749-18-007987,False,False,[],False
2018-12-31,2019-12-31,True,1498382,"DelMar Pharmaceuticals, Inc.","[""KTRA""]","[""2834""]",10-K,2018-09-24,0001213900-18-012876,False,False,[],False
2018-12-31,2019-12-31,True,1498403,BioLineRx Ltd.,"[""BLRX""]","[""2834""]",20-F,2018-03-06,0001178913-18-000765,False,False,[],False
2018-12-31,2019-12-31,True,1501697,"Arsanis, Inc.","[""XFOR"", ""XFOWW""]","[""2836""]",10-K,2018-03-09,0001564590-18-005038,False,False,[],False
2018-12-31,2019-12-31,True,1501756,"Adverum Biotechnologies, Inc.","[""ADVM""]","[""2836""]",10-K,2018-03-06,0001564590-18-004560,False,False,[],False
2018-12-31,2019-12-31,True,1501989,"CytomX Therapeutics, Inc.","[""CTMX""]","[""2834""]",10-K/A,2018-03-14,0001193125-18-082604,False,False,[],False
2018-12-31,2019-12-31,True,1503802,Karyopharm Therapeutics Inc.,"[""KPTI""]","[""2834""]",10-K,2018-03-15,0001193125-18-084024,False,False,[],False
2018-12-31,2019-12-31,True,1504167,BioPharmX Corp,[],"[""2834""]",10-K,2018-04-26,0001558370-18-003341,False,False,[],False
2018-12-31,2019-12-31,True,1505512,Regulus Therapeutics Inc.,"[""RGLS""]","[""2834""]",10-K,2018-03-08,0001628280-18-002874,False,False,[],False
2018-12-31,2019-12-31,True,1506184,IMMUTEP Ltd,"[""IMMP""]","[""2834""]",20-F,2018-10-19,0001193125-18-302492,False,False,[],False
2018-12-31,2019-12-31,True,1506251,"Citius Pharmaceuticals, Inc.","[""CTXR""]","[""2834""]",10-K,2018-12-11,0001213900-18-017214,False,False,[],False
2018-12-31,2019-12-31,True,1509190,"ARATANA THERAPEUTICS, INC.",[],"[""2834""]",10-K/A,2018-04-27,0001509190-18-000017,False,True,"[""566b012e9d87cad1e110""]",False
2018-12-31,2019-12-31,True,1509745,"LEAP THERAPEUTICS, INC.","[""LPTX""]","[""2834""]",10-K,2018-02-23,0001047469-18-000976,False,False,[],False
2018-12-31,2019-12-31,True,1512762,"Coherus BioSciences, Inc.","[""CHRS""]","[""2836""]",10-K,2018-03-08,0001564590-18-004947,False,False,[],False
2018-12-31,2019-12-31,True,1513818,"Versartis, Inc.",[],"[""2834""]",10-K/A,2018-04-11,0001564590-18-007963,False,False,[],False
2018-12-31,2019-12-31,True,1513856,"Neurotrope, Inc.",[],"[""2834""]",10-K,2018-03-06,0001144204-18-013105,False,False,[],False
2018-12-31,2019-12-31,True,1515673,Ultragenyx Pharmaceutical Inc.,"[""RARE""]","[""2834""]",10-K,2018-02-21,0001564590-18-002535,False,False,[],False
2018-12-31,2019-12-31,True,1516479,"Insys Therapeutics, Inc.",[],"[""2834""]",10-K,2018-03-12,0001564590-18-005187,False,False,[],False
2018-12-31,2019-12-31,True,1517022,"Akebia Therapeutics, Inc.","[""AKBA""]","[""2834""]",10-K,2018-03-12,0001564590-18-005286,False,False,[],False
2018-12-31,2019-12-31,True,1520262,Alkermes plc.,"[""ALKS""]","[""2834""]",10-K,2018-02-16,0001520262-18-000016,False,False,[],False
2018-12-31,2019-12-31,True,1521036,"Lantheus Holdings, Inc.","[""LNTH""]","[""2835""]",10-K,2018-02-26,0001628280-18-002261,False,False,[],False
2018-12-31,2019-12-31,True,1522602,"CohBar, Inc.","[""CWBR""]","[""2834""]",10-K,2018-04-02,0001213900-18-003845,False,False,[],False
2018-12-31,2019-12-31,True,1526119,"Verastem, Inc.","[""VSTM""]","[""2834""]",10-K,2018-03-13,0001558370-18-001953,False,False,[],False
2018-12-31,2019-12-31,True,1527599,"SYNLOGIC, INC.","[""SYBX""]","[""2834""]",10-K,2018-03-20,0001564590-18-006323,False,False,[],False
2018-12-31,2019-12-31,True,1533040,RXi Pharmaceuticals Corp,"[""PHIO""]","[""2834""]",10-K,2018-03-26,0001193125-18-096053,False,False,[],False
2018-12-31,2019-12-31,True,1534120,Cerecor Inc.,"[""AVTX""]","[""2834""]",10-K/A,2018-09-07,0001104659-18-055804,False,False,[],False
2018-12-31,2019-12-31,True,1534525,"Xenetic Biosciences, Inc.","[""XBIO""]","[""2834""]",10-K/A,2018-04-30,0001683168-18-001121,False,False,[],False
2018-12-31,2019-12-31,True,1535955,Lipocine Inc.,"[""LPCN""]","[""2834""]",10-K,2018-03-12,0001144204-18-013981,False,False,[],False
2018-12-31,2019-12-31,True,1536196,Can-Fite BioPharma Ltd.,"[""CANF""]","[""2834""]",20-F,2018-03-28,0001213900-18-003554,False,False,[],False
2018-12-31,2019-12-31,True,1537917,"TYME TECHNOLOGIES, INC.",[],"[""2834""]",10-K,2018-06-13,0001193125-18-191626,False,False,[],False
2018-12-31,2019-12-31,True,1539029,"Clearside Biomedical, Inc.","[""CLSD""]","[""2834""]",10-K,2018-03-16,0001564590-18-006055,False,False,[],False
2018-12-31,2019-12-31,True,1540159,"Stellar Biotechnologies, Inc.","[""EDSA""]","[""2834""]",10-K,2018-11-30,0001144204-18-062614,False,True,"[""657e35910a4479b911f5""]",False
2018-12-31,2019-12-31,True,1541157,Akari Therapeutics Plc,"[""AKTX""]","[""2834""]",20-F,2018-07-18,0001144204-18-038891,False,False,[],False
2018-12-31,2019-12-31,True,1551152,AbbVie Inc.,"[""ABBV""]","[""2834""]",10-K,2018-02-16,0001551152-18-000014,False,False,[],False
2018-12-31,2019-12-31,True,1551986,"INNOVATE BIOPHARMACEUTICALS, INC.","[""NMTRQ""]","[""2834""]",10-K/A,2018-06-29,0001144204-18-036723,False,False,[],False
2018-12-31,2019-12-31,True,1552451,MyoKardia Inc,[],"[""2834""]",10-K,2018-03-08,0001564590-18-004940,False,False,[],False
2018-12-31,2019-12-31,True,1552795,Benitec Biopharma LTD/ADR,[],"[""2834""]",20-F,2018-10-30,0001564590-18-025473,False,False,[],False
2018-12-31,2019-12-31,True,1553846,RedHill Biopharma Ltd.,"[""RDHL""]","[""2834""]",20-F,2018-02-22,0001558370-18-000892,False,False,[],False
2018-12-31,2019-12-31,True,1555280,Zoetis Inc.,"[""ZTS""]","[""2834""]",10-K,2018-02-15,0001555280-18-000053,False,False,[],False
2018-12-31,2019-12-31,True,1556263,"Syros Pharmaceuticals, Inc.","[""SYRS""]","[""2834""]",10-K/A,2018-08-24,0001104659-18-053548,False,False,[],False
2018-12-31,2019-12-31,True,1557142,"Kadmon Holdings, Inc.",[],"[""2834""]",10-K,2018-03-06,0001557142-18-000021,False,False,[],False
2018-12-31,2019-12-31,True,1557746,"Aclaris Therapeutics, Inc.","[""ACRS""]","[""2834""]",10-K,2018-03-12,0001558370-18-001866,False,False,[],False
2018-12-31,2019-12-31,True,1557883,"Dermira, Inc.",[],"[""2834""]",10-K,2018-02-22,0001564590-18-002915,False,False,[],False
2018-12-31,2019-12-31,True,1559053,Prothena Corp plc,"[""PRTA""]","[""2834""]",10-K,2018-02-26,0001559053-18-000008,False,False,[],False
2018-12-31,2019-12-31,True,1560241,"G1 Therapeutics, Inc.","[""GTHX""]","[""2834""]",10-K,2018-02-21,0001564590-18-002706,False,False,[],False
2018-12-31,2019-12-31,True,1561743,"Kindred Biosciences, Inc.",[],"[""2834""]",10-K,2018-03-01,0001561743-18-000026,False,False,[],False
2018-12-31,2019-12-31,True,1563855,SOPHIRIS BIO INC.,[],"[""2834""]",10-K,2018-03-21,0001437749-18-005174,False,False,[],False
2018-12-31,2019-12-31,True,1566044,Menlo Therapeutics Inc.,"[""VYNE""]","[""2834""]",10-K,2018-03-28,0001628280-18-003726,False,False,[],False
2018-12-31,2019-12-31,True,1566049,Arcturus Therapeutics Ltd.,[],"[""2834""]",20-F/A,2018-07-10,0001564590-18-016705,False,False,[],False
2018-12-31,2019-12-31,True,1566373,"Spring Bank Pharmaceuticals, Inc.",[],"[""2834""]",10-K,2018-02-20,0001564590-18-002474,False,False,[],False
2018-12-31,2019-12-31,True,1567514,"Intra-Cellular Therapies, Inc.","[""ITCI""]","[""2834""]",10-K,2018-03-01,0001193125-18-067144,False,False,[],False
2018-12-31,2019-12-31,True,1567529,KAMADA LTD,"[""KMDA""]","[""2834""]",20-F,2018-03-06,0001178913-18-000767,False,False,[],False
2018-12-31,2019-12-31,True,1567892,Mallinckrodt plc,[],"[""2834""]",10-K,2018-02-27,0001567892-18-000010,False,False,[],False
2018-12-31,2019-12-31,True,1570562,"Evolus, Inc.","[""EOLS""]","[""2834""]",10-K,2018-03-29,0001570562-18-000013,False,False,[],False
2018-12-31,2019-12-31,True,1571498,"Epizyme, Inc.",[],"[""2834""]",10-K,2018-03-13,0001564590-18-005397,False,False,[],False
2018-12-31,2019-12-31,True,1572552,"Asterias Biotherapeutics, Inc.",[],"[""2836""]",10-K,2018-03-15,0001140361-18-013695,False,True,"[""9b58e01887d6d9bcebbf""]",False
2018-12-31,2019-12-31,True,1574235,"Pulmatrix, Inc.","[""PULM""]","[""2834""]",10-K,2018-03-13,0001193125-18-080793,False,False,[],False
2018-12-31,2019-12-31,True,1576263,"Mirati Therapeutics, Inc.",[],"[""2834""]",10-K,2018-03-08,0001628280-18-002942,False,False,[],False
2018-12-31,2019-12-31,True,1578845,Allergan plc,[],"[""2834""]",10-K,2018-02-16,0001564590-18-002345,False,True,"[""c1899dc9d0de44c14bb2""]",False
2018-12-31,2019-12-31,True,1579428,"Axsome Therapeutics, Inc.","[""AXSM""]","[""2834""]",10-K,2018-03-07,0001558370-18-001639,False,False,[],False
2018-12-31,2019-12-31,True,1581280,Twist Bioscience Corp,"[""TWST""]","[""2836""]",10-K,2018-12-20,0001193125-18-354577,False,False,[],False
2018-12-31,2019-12-31,True,1581720,"Loxo Oncology, Inc.",[],"[""2834""]",10-K,2018-03-01,0001104659-18-014107,True,True,"[""4cb9fd79cb439bde776a""]",False
2018-12-31,2019-12-31,True,1582313,Xenon Pharmaceuticals Inc.,"[""XENE""]","[""2834""]",10-K,2018-03-07,0001564590-18-004750,False,False,[],False
2018-12-31,2019-12-31,True,1582554,"Matinas BioPharma Holdings, Inc.","[""MTNB""]","[""2834""]",10-K/A,2018-06-14,0001493152-18-008654,False,False,[],False
2018-12-31,2019-12-31,True,1583107,"Theravance Biopharma, Inc.","[""TBPH""]","[""2834""]",10-K,2018-02-28,0001047469-18-001160,False,False,[],False
2018-12-31,2019-12-31,True,1583648,"PIERIS PHARMACEUTICALS, INC.","[""PIRS""]","[""8731""]",10-K/A,2018-04-26,0001583648-18-000022,False,False,[],False
2018-12-31,2019-12-31,True,1585364,PERRIGO Co plc,"[""PRGO""]","[""2834""]",10-K,2018-03-01,0001585364-18-000015,False,False,[],False
2018-12-31,2019-12-31,True,1585608,"Jaguar Health, Inc.","[""JAGX""]","[""2834""]",10-K,2018-04-09,0001047469-18-002654,False,False,[],False
2018-12-31,2019-12-31,True,1586049,Oxford Immunotec Global PLC,[],"[""2835""]",10-K,2018-02-27,0001437749-18-003397,False,False,[],False
2018-12-31,2019-12-31,True,1586105,Egalet Corp,[],"[""2834""]",10-K,2018-03-16,0001558370-18-002180,False,False,[],False
2018-12-31,2019-12-31,True,1587221,Zosano Pharma Corp,[],"[""2834""]",10-K,2018-03-12,0001193125-18-078418,False,False,[],False
2018-12-31,2019-12-31,True,1588972,"Recro Pharma, Inc.",[],"[""2834""]",10-K,2018-03-02,0001564590-18-004277,False,False,[],False
2018-12-31,2019-12-31,True,1590560,uniQure N.V.,"[""QURE""]","[""2834""]",10-K,2018-03-14,0001558370-18-002042,False,False,[],False
2018-12-31,2019-12-31,True,1590877,REGENXBIO Inc.,"[""RGNX""]","[""2836""]",10-K,2018-03-06,0001564590-18-004532,False,False,[],False
2018-12-31,2019-12-31,True,1593034,Endo International plc,[],"[""2834""]",10-K,2018-02-27,0001593034-18-000010,False,False,[],False
2018-12-31,2019-12-31,True,1593984,MediWound Ltd.,"[""MDWD""]","[""2833""]",20-F,2018-03-19,0001178913-18-000887,False,False,[],False
2018-12-31,2019-12-31,True,1595097,"Corbus Pharmaceuticals Holdings, Inc.","[""CRBP""]","[""2834""]",10-K,2018-03-12,0001493152-18-003208,False,False,[],False
2018-12-31,2019-12-31,True,1595248,"Genprex, Inc.","[""GNPX""]","[""2834""]",10-K,2018-04-17,0001564590-18-008342,False,False,[],False
2018-12-31,2019-12-31,True,1595353,Galmed Pharmaceuticals Ltd.,"[""GLMD""]","[""2834""]",20-F,2018-03-13,0001144204-18-014234,False,False,[],False
2018-12-31,2019-12-31,True,1596783,"Catalent, Inc.","[""CTLT""]","[""2834""]",10-K,2018-08-28,0001596783-18-000101,False,False,[],False
2018-12-31,2019-12-31,True,1596812,Bioblast Pharma Ltd.,"[""ENLV""]","[""2834""]",20-F,2018-04-23,0001144204-18-021827,False,False,[],False
2018-12-31,2019-12-31,True,1596946,Quotient Ltd,[],"[""2835""]",10-K,2018-05-30,0001564590-18-014671,False,False,[],False
2018-12-31,2019-12-31,True,1597264,Blueprint Medicines Corp,"[""BPMC""]","[""2834""]",10-K/A,2018-08-01,0001558370-18-006096,False,False,[],False
2018-12-31,2019-12-31,True,1597553,"Sage Therapeutics, Inc.","[""SAGE""]","[""2834""]",10-K,2018-02-22,0001564590-18-002772,False,False,[],False
2018-12-31,2019-12-31,True,1598646,"Minerva Neurosciences, Inc.","[""NERV""]","[""2834""]",10-K,2018-03-12,0001564590-18-005224,False,False,[],False
2018-12-31,2019-12-31,True,1599298,Summit Therapeutics plc,"[""SMMT""]","[""2834""]",20-F,2018-04-13,0001628280-18-004229,False,False,[],False
2018-12-31,2019-12-31,True,1600132,"Bellerophon Therapeutics, Inc.","[""BLPH""]","[""2834""]",10-K/A,2018-05-17,0001600132-18-000062,False,False,[],False
2018-12-31,2019-12-31,True,1600620,Aurinia Pharmaceuticals Inc.,"[""AUPH""]","[""2834""]",40-F,2018-03-15,0001628280-18-003228,False,False,[],False
2018-12-31,2019-12-31,True,1601936,Auris Medical Holding AG,"[""CYTO""]","[""2834""]",20-F,2018-03-22,0001601936-18-000007,False,False,[],False
2018-12-31,2019-12-31,True,1603207,Vascular Biogenics Ltd.,"[""NTBL""]","[""2834""]",20-F,2018-03-15,0001493152-18-003377,False,False,[],False
2018-12-31,2019-12-31,True,1604191,"AzurRx BioPharma, Inc.","[""ENTO""]","[""2834""]",10-K/A,2018-04-27,0001654954-18-004465,False,False,[],False
2018-12-31,2019-12-31,True,1604464,"Atara Biotherapeutics, Inc.","[""ATRA""]","[""2836""]",10-K,2018-02-27,0001564590-18-003390,False,False,[],False
2018-12-31,2019-12-31,True,1604924,Forward Pharma A/S,[],"[""2834""]",20-F,2018-04-30,0001047469-18-003354,False,False,[],False
2018-12-31,2019-12-31,True,1604950,scPharmaceuticals Inc.,"[""SCPH""]","[""2834""]",10-K,2018-03-21,0001564590-18-006366,False,False,[],False
2018-12-31,2019-12-31,True,1606645,Foamix Pharmaceuticals Ltd.,[],"[""2833""]",10-K/A,2018-03-01,0001178913-18-000738,False,False,[],False
2018-12-31,2019-12-31,True,1607245,Oasmia Pharmaceutical AB,[],"[""2834""]",20-F,2018-09-14,0001144204-18-049492,False,False,[],False
2018-12-31,2019-12-31,True,1607678,"Viking Therapeutics, Inc.","[""VKTX""]","[""2834""]",10-K,2018-03-07,0001564590-18-004757,False,False,[],False
2018-12-31,2019-12-31,True,1608390,Affimed N.V.,"[""AFMD""]","[""2834""]",20-F,2018-03-20,0000950103-18-003510,False,False,[],False
2018-12-31,2019-12-31,True,1609351,"Spark Therapeutics, Inc.",[],"[""2836""]",10-K,2018-02-27,0001609351-18-000026,True,True,"[""2a8e6cb3e0f728913216""]",False
2018-12-31,2019-12-31,True,1609809,"Seres Therapeutics, Inc.","[""MCRB""]","[""2834""]",10-K,2018-03-08,0001564590-18-004830,False,False,[],False
2018-12-31,2019-12-31,True,1610618,"Cidara Therapeutics, Inc.","[""CDTX""]","[""2836""]",10-K,2018-02-27,0001610618-18-000011,False,False,[],False
2018-12-31,2019-12-31,True,1610950,"Syneos Health, Inc.",[],"[""8731""]",10-K,2018-02-28,0001610950-18-000006,False,False,[],False
2018-12-31,2019-12-31,True,1611746,Therapix Biosciences Ltd.,"[""SPRC""]","[""2834""]",20-F,2018-04-30,0001213900-18-005176,False,False,[],False
2018-12-31,2019-12-31,True,1611747,BiondVax Pharmaceuticals Ltd.,"[""SCNI""]","[""2836""]",20-F,2018-04-30,0001213900-18-005179,False,False,[],False
2018-12-31,2019-12-31,True,1612042,Ascendis Pharma A/S,"[""ASND""]","[""2834""]",20-F,2018-03-28,0001193125-18-099514,False,False,[],False
2018-12-31,2019-12-31,True,1612940,ProQR Therapeutics N.V.,"[""PRQR""]","[""2834""]",20-F,2018-03-30,0001558370-18-002577,False,False,[],False
2018-12-31,2019-12-31,True,1613780,DBV Technologies S.A.,"[""DBVT""]","[""2836""]",20-F,2018-03-16,0001193125-18-085953,False,False,[],False
2018-12-31,2019-12-31,True,1613859,"PRA Health Sciences, Inc.",[],"[""8731""]",10-K,2018-02-22,0001628280-18-002026,False,False,[],False
2018-12-31,2019-12-31,True,1614744,Kitov Pharma Ltd.,"[""PPBT""]","[""2834""]",20-F,2018-03-05,0001213900-18-002558,False,False,[],False
2018-12-31,2019-12-31,True,1615219,"Flex Pharma, Inc.","[""SLRX""]","[""2834""]",10-K,2018-03-07,0001615219-18-000018,False,False,[],False
2018-12-31,2019-12-31,True,1616212,Trillium Therapeutics Inc.,[],"[""2834""]",40-F/A,2018-04-04,0001062993-18-001503,False,False,[],False
2018-12-31,2019-12-31,True,1618835,"Evofem Biosciences, Inc.","[""EVFM""]","[""2834""]",10-K,2018-02-26,0001564590-18-003259,False,False,[],False
2018-12-31,2019-12-31,True,1621227,Adaptimmune Therapeutics PLC,"[""ADAP""]","[""2836""]",10-K,2018-03-15,0001104659-18-017694,False,False,[],False
2018-12-31,2019-12-31,True,1621443,"Zynerba Pharmaceuticals, Inc.",[],"[""2834""]",10-K,2018-03-12,0001558370-18-001906,False,False,[],False
2018-12-31,2019-12-31,True,1624422,Erytech Pharma S.A.,[],"[""2836""]",20-F/A,2018-05-23,0001193125-18-172196,False,False,[],False
2018-12-31,2019-12-31,True,1624658,"Allena Pharmaceuticals, Inc.",[],"[""2836""]",10-K,2018-03-27,0001564590-18-006811,False,False,[],False
2018-12-31,2019-12-31,True,1626199,"ALPINE IMMUNE SCIENCES, INC.",[],"[""2834""]",10-K,2018-03-28,0001564590-18-006916,False,False,[],False
2018-12-31,2019-12-31,True,1626878,XBiotech Inc.,"[""XBIT""]","[""2834""]",10-K/A,2018-09-05,0001171843-18-006389,False,False,[],False
2018-12-31,2019-12-31,True,1626971,"Corvus Pharmaceuticals, Inc.","[""CRVS""]","[""2834""]",10-K/A,2018-08-17,0001104659-18-052661,False,False,[],False
2018-12-31,2019-12-31,True,1627281,Cellectis S.A.,"[""CLLS""]","[""2836""]",20-F,2018-03-13,0001193125-18-080876,False,False,[],False
2018-12-31,2019-12-31,True,1628738,"Audentes Therapeutics, Inc.",[],"[""2836""]",10-K/A,2018-08-10,0001564590-18-021284,True,True,"[""3c8a29fb7cb948712212""]",False
2018-12-31,2019-12-31,True,1629137,"Global Blood Therapeutics, Inc.",[],"[""2834""]",10-K,2018-02-27,0001193125-18-060818,False,False,[],False
2018-12-31,2019-12-31,True,1631574,Wave Life Sciences Ltd.,"[""WVE""]","[""2834""]",10-K/A,2018-05-09,0001193125-18-157593,False,False,[],False
2018-12-31,2019-12-31,True,1631650,"Aimmune Therapeutics, Inc.",[],"[""2834""]",10-K,2018-02-20,0001564590-18-002466,False,False,[],False
2018-12-31,2019-12-31,True,1633932,ESSA Pharma Inc.,"[""EPIX""]","[""2834""]",20-F,2018-12-13,0001279569-18-002468,False,False,[],False
2018-12-31,2019-12-31,True,1634432,Strongbridge Biopharma plc,[],"[""2834""]",10-K,2018-03-12,0001558370-18-001865,False,False,[],False
2018-12-31,2019-12-31,True,1636050,Axovant Sciences Ltd.,[],"[""2834""]",10-K,2018-06-11,0001636050-18-000014,False,False,[],False
2018-12-31,2019-12-31,True,1636282,"Aeglea BioTherapeutics, Inc.","[""SYRE""]","[""2834""]",10-K,2018-03-13,0001564590-18-005404,False,False,[],False
2018-12-31,2019-12-31,True,1636651,Ovid Therapeutics Inc.,"[""OVID""]","[""2834""]",10-K,2018-03-29,0001564590-18-007152,False,False,[],False
2018-12-31,2019-12-31,True,1637890,CELYAD S.A.,[],"[""2834""]",20-F,2018-04-06,0001193125-18-110096,False,False,[],False
2018-12-31,2019-12-31,True,1638287,Gemphire Therapeutics Inc.,"[""NRBO""]","[""2834""]",10-K/A,2018-08-22,0001558370-18-007185,False,False,[],False
2018-12-31,2019-12-31,True,1638381,Intec Pharma Ltd.,[],"[""2834""]",20-F,2018-03-09,0001615774-18-001716,False,False,[],False
2018-12-31,2019-12-31,True,1640266,"Voyager Therapeutics, Inc.","[""VYGR""]","[""2836""]",10-K,2018-03-14,0001558370-18-002038,False,False,[],False
2018-12-31,2019-12-31,True,1640455,"Jounce Therapeutics, Inc.",[],"[""2836""]",10-K,2018-03-08,0001640455-18-000030,False,False,[],False
2018-12-31,2019-12-31,True,1641489,vTv Therapeutics Inc.,"[""VTVT""]","[""2834""]",10-K,2018-02-27,0001564590-18-003515,False,False,[],False
2018-12-31,2019-12-31,True,1641640,Nabriva Therapeutics plc,[],"[""2834""]",10-K,2018-03-16,0001047469-18-001768,False,False,[],False
2018-12-31,2019-12-31,True,1642271,Concordia International Corp.,[],"[""2834""]",20-F,2018-03-08,0001642271-18-000008,False,False,[],False
2018-12-31,2019-12-31,True,1642380,OncoCyte Corp,"[""OCX""]","[""2835""]",10-K/A,2018-04-30,0001493152-18-005986,False,False,[],False
2018-12-31,2019-12-31,True,1643918,Midatech Pharma Plc,"[""BDRX""]","[""2834""]",20-F,2018-04-24,0001214659-18-002960,False,False,[],False
2018-12-31,2019-12-31,True,1645460,"Cue Biopharma, Inc.","[""CUE""]","[""2834""]",10-K,2018-03-29,0001144204-18-017978,False,False,[],False
2018-12-31,2019-12-31,True,1647320,Clementia Pharmaceuticals Inc.,[],"[""2834""]",20-F,2018-02-28,0001171843-18-001547,False,False,[],False
2018-12-31,2019-12-31,True,1648257,Hutchison China MediTech Ltd,"[""HCM"", ""HMDCF""]","[""2834""]",20-F,2018-03-12,0001047469-18-001485,False,False,[],False
2018-12-31,2019-12-31,True,1649904,"RHYTHM PHARMACEUTICALS, INC.","[""RYTM""]","[""2834""]",10-K,2018-03-12,0001558370-18-001923,False,False,[],False
2018-12-31,2019-12-31,True,1649989,"Outlook Therapeutics, Inc.","[""OTLK""]","[""2836""]",10-K,2018-12-18,0001144204-18-065142,False,False,[],False
2018-12-31,2019-12-31,True,1650664,"Editas Medicine, Inc.","[""EDIT""]","[""2836""]",10-K,2018-03-08,0001558370-18-001721,False,False,[],False
2018-12-31,2019-12-31,True,1651308,"BeiGene, Ltd.","[""BGNE"", ""BEIGF""]","[""2834""]",10-K,2018-02-28,0001558370-18-001303,False,False,[],False
2018-12-31,2019-12-31,True,1651311,Merus N.V.,"[""MRUS""]","[""2834""]",20-F,2018-04-30,0001193125-18-143856,False,False,[],False
2018-12-31,2019-12-31,True,1651407,"Checkpoint Therapeutics, Inc.","[""CKPT""]","[""2834""]",10-K,2018-03-16,0001144204-18-015101,False,False,[],False
2018-12-31,2019-12-31,True,1651625,AC Immune SA,"[""ACIU""]","[""2834""]",20-F,2018-03-20,0000950103-18-003508,False,False,[],False
2018-12-31,2019-12-31,True,1652130,"Intellia Therapeutics, Inc.","[""NTLA""]","[""2835""]",10-K/A,2018-05-01,0001193125-18-144969,False,False,[],False
2018-12-31,2019-12-31,True,1654151,"Deciphera Pharmaceuticals, Inc.",[],"[""2834""]",10-K,2018-03-28,0001193125-18-099539,False,False,[],False
2018-12-31,2019-12-31,True,1656328,"Sienna Biopharmaceuticals, Inc.",[],"[""2834""]",10-K,2018-03-15,0001193125-18-084145,False,False,[],False
2018-12-31,2019-12-31,True,1656472,Cronos Group Inc.,"[""CRON""]","[""2833""]",40-F,2018-04-30,0001193125-18-140678,False,False,[],False
2018-12-31,2019-12-31,True,1657312,Verona Pharma plc,"[""VRNA""]","[""2834""]",20-F,2018-02-27,0001657312-18-000006,False,False,[],False
2018-12-31,2019-12-31,True,1659617,"Moleculin Biotech, Inc.","[""MBRX""]","[""2834""]",10-K,2018-03-28,0001659617-18-000027,False,False,[],False
2018-12-31,2019-12-31,True,1660046,Immuron Ltd,"[""IMRN""]","[""2834""]",20-F,2018-10-31,0001615774-18-011717,False,False,[],False
2018-12-31,2019-12-31,True,1660719,Aralez Pharmaceuticals Inc.,[],"[""2834""]",10-K/A,2018-04-30,0001104659-18-028587,False,False,[],False
2018-12-31,2019-12-31,True,1661181,Avista Healthcare Public Acquisition Corp.,"[""ORGO""]","[""2834""]",10-K/A,2018-10-15,0001558370-18-007702,False,False,[],False
2018-12-31,2019-12-31,True,1662524,"AKCEA THERAPEUTICS, INC.",[],"[""2834""]",10-K,2018-02-28,0001662524-18-000007,False,False,[],False
2018-12-31,2019-12-31,True,1668243,UroGen Pharma Ltd.,"[""URGN""]","[""2834""]",20-F,2018-03-15,0001564590-18-005876,False,False,[],False
2018-12-31,2019-12-31,True,1668397,"Medpace Holdings, Inc.","[""MEDP""]","[""8731""]",10-K,2018-02-27,0001564590-18-003500,True,True,"[""222298e4d8828ffda2a3""]",False
2018-12-31,2019-12-31,True,1671584,Aptevo Therapeutics Inc.,"[""APVO""]","[""2834""]",10-K/A,2018-07-27,0001564590-18-017755,False,False,[],False
2018-12-31,2019-12-31,True,1674416,CRISPR Therapeutics AG,"[""CRSP""]","[""2836""]",10-K,2018-03-08,0001564590-18-004920,False,False,[],False
2018-12-31,2019-12-31,True,1674657,Motif Bio plc,[],"[""2834""]",20-F,2018-04-10,0001104659-18-023117,False,False,[],False
2018-12-31,2019-12-31,True,1674988,Zealand Pharma A/S,[],"[""2834""]",20-F,2018-03-13,0001047469-18-001582,False,False,[],False
2018-12-31,2019-12-31,True,1677940,BeyondSpring Inc.,"[""BYSI""]","[""2834""]",20-F/A,2018-05-16,0001140361-18-024221,False,False,[],False
2018-12-31,2019-12-31,True,1679082,Myovant Sciences Ltd.,[],"[""2834""]",10-K,2018-06-07,0001679082-18-000016,False,False,[],False
2018-12-31,2019-12-31,True,1680048,"MUSTANG BIO, INC.","[""MBIO""]","[""2834""]",10-K,2018-03-29,0001144204-18-017988,False,False,[],False
2018-12-31,2019-12-31,True,1682639,"EYENOVIA, INC.","[""EYEN""]","[""2834""]",10-K,2018-04-02,0001144204-18-018682,False,False,[],False
2018-12-31,2019-12-31,True,1684144,Zomedica Pharmaceuticals Corp.,"[""ZOM""]","[""2834""]",10-K,2018-02-28,0001171843-18-001549,False,False,[],False
2018-12-31,2019-12-31,True,1684693,Sol-Gel Technologies Ltd.,"[""SLGL""]","[""2834""]",20-F,2018-03-26,0001178913-18-000960,False,False,[],False
2018-12-31,2019-12-31,True,1685071,"Dova Pharmaceuticals, Inc.",[],"[""2834""]",10-K,2018-02-16,0001104659-18-010386,True,True,"[""80afa13946bc0eed8a18""]",False
2018-12-31,2019-12-31,True,1685316,ObsEva SA,[],"[""2834""]",20-F,2018-03-09,0001564590-18-005150,False,False,[],False
2018-12-31,2019-12-31,True,1689813,Biohaven Pharmaceutical Holding Co Ltd.,[],"[""2834""]",10-K,2018-03-06,0001047469-18-001326,False,False,[],False
2018-12-31,2019-12-31,True,1697862,ARGENX SE,"[""ARGX""]","[""2836""]",20-F,2018-03-26,0001558370-18-002384,False,False,[],False
2018-12-31,2019-12-31,True,1701108,"Spero Therapeutics, Inc.","[""SPRO""]","[""2834""]",10-K,2018-04-02,0001564590-18-007402,False,False,[],False
2018-12-31,2019-12-31,True,1704292,Zai Lab Ltd,"[""ZLAB""]","[""2834""]",20-F,2018-04-30,0001564590-18-009692,False,False,[],False
2018-12-31,2019-12-31,True,1707502,Solid Biosciences Inc.,"[""SLDB""]","[""2836""]",10-K,2018-03-29,0001193125-18-100742,False,False,[],False
2018-12-31,2019-12-31,True,1708688,InflaRx N.V.,"[""IFRX""]","[""2834""]",20-F,2018-03-29,0000950103-18-003977,False,False,[],False
2018-12-31,2019-12-31,True,1709626,NuCana plc,"[""NCNA""]","[""2834""]",20-F,2018-03-22,0001564590-18-006509,False,False,[],False
2018-12-31,2019-12-31,True,1711279,"Krystal Biotech, Inc.","[""KRYS""]","[""2836""]",10-K,2018-03-12,0001564590-18-005252,False,False,[],False
2018-12-31,2019-12-31,True,1711675,Nightstar Therapeutics plc,[],"[""2836""]",20-F,2018-04-03,0001564590-18-007555,False,True,"[""b4586231f8ba8e9427b8""]",False
2018-12-31,2019-12-31,True,1712641,Biofrontera AG,[],"[""2834""]",20-F,2018-04-30,0001493152-18-005915,False,False,[],False
2018-12-31,2019-12-31,True,1714899,Denali Therapeutics Inc.,"[""DNLI""]","[""2836""]",10-K/A,2018-07-13,0001193125-18-217923,False,False,[],False
2018-12-31,2019-12-31,True,1717452,"Odonate Therapeutics, Inc.","[""ODTC""]","[""2834""]",10-K/A,2018-04-02,0001564590-18-007434,False,False,[],False
2018-12-31,2019-12-31,True,1720580,"resTORbio, Inc.","[""ACET""]","[""2834""]",10-K/A,2018-04-27,0001193125-18-139320,False,False,[],False
2018-12-31,2019-12-31,True,1730463,Autolus Therapeutics plc,"[""AUTL""]","[""2836""]",20-F,2018-11-23,0001730463-18-000005,False,False,[],False
2018-12-31,2019-12-31,True,1737927,Canopy Growth Corp,"[""CGC""]","[""2833""]",40-F,2018-06-28,0001564590-18-016393,False,False,[],False
2019-12-31,2020-12-30,True,1800,ABBOTT LABORATORIES,"[""ABT""]","[""2834""]",10-K,2019-02-22,0001047469-19-000624,False,False,[],False
2019-12-31,2020-12-30,True,3116,AKORN INC,[],"[""2834""]",10-K,2019-03-01,0001628280-19-002359,False,False,[],False
2019-12-31,2020-12-30,True,14272,BRISTOL MYERS SQUIBB CO,"[""BMY"", ""BMYMP"", ""CELG-RI""]","[""2834""]",10-K,2019-02-25,0000014272-19-000047,False,False,[],False
2019-12-31,2020-12-30,True,25743,"TherapeuticsMD, Inc.","[""TXMD""]","[""2834""]",10-K,2019-02-27,0001387131-19-001471,False,False,[],False
2019-12-31,2020-12-30,True,34956,"TENAX THERAPEUTICS, INC.","[""TENX""]","[""8731""]",10-K,2019-04-01,0001654954-19-003861,False,False,[],False
2019-12-31,2020-12-30,True,57725,LANNETT CO INC,[],"[""2834""]",10-K,2019-08-28,0001104659-19-047753,False,False,[],False
2019-12-31,2020-12-30,True,59478,LILLY ELI & CO,"[""LLY""]","[""2834""]",10-K,2019-02-19,0000059478-19-000082,False,False,[],False
2019-12-31,2020-12-30,True,70487,NATIONAL RESEARCH CORP,"[""NRC""]","[""8731""]",10-K,2019-03-08,0001437749-19-004393,False,False,[],False
2019-12-31,2020-12-30,True,72444,"Vaxart, Inc.","[""VXRT""]","[""2836""]",10-K,2019-02-06,0001513162-19-000041,False,False,[],False
2019-12-31,2020-12-30,True,78003,PFIZER INC,"[""PFE""]","[""2834""]",10-K,2019-02-28,0000078003-19-000015,False,False,[],False
2019-12-31,2020-12-30,True,93314,VOLITIONRX LTD,"[""VNRX""]","[""2835""]",10-K,2019-03-13,0001078782-19-000220,False,False,[],False
2019-12-31,2020-12-30,True,200406,JOHNSON & JOHNSON,"[""JNJ""]","[""2834""]",10-K,2019-02-20,0000200406-19-000009,False,False,[],False
2019-12-31,2020-12-30,True,275053,NATURES SUNSHINE PRODUCTS INC,"[""NATR""]","[""2834""]",10-K,2019-03-08,0001628280-19-002700,False,False,[],False
2019-12-31,2020-12-30,True,310158,"Merck & Co., Inc.","[""MRK""]","[""2834""]",10-K,2019-02-27,0000310158-19-000014,False,False,[],False
2019-12-31,2020-12-30,True,315545,"PROVECTUS BIOPHARMACEUTICALS, INC.","[""PVCT""]","[""2834""]",10-K/A,2019-05-09,0001493152-19-006696,False,False,[],False
2019-12-31,2020-12-30,True,318154,AMGEN INC,"[""AMGN""]","[""2836""]",10-K,2019-02-13,0000318154-19-000008,False,False,[],False
2019-12-31,2020-12-30,True,318306,ABEONA THERAPEUTICS INC.,"[""ABEO""]","[""2834""]",10-K,2019-03-18,0001144204-19-014623,False,False,[],False
2019-12-31,2020-12-30,True,352998,"Teligent, Inc.",[],"[""2834""]",10-K,2019-04-01,0001628280-19-003719,False,False,[],False
2019-12-31,2020-12-30,True,704562,"Avid Bioservices, Inc.","[""CDMO""]","[""2834""]",10-K,2019-06-27,0001683168-19-002038,False,False,[],False
2019-12-31,2020-12-30,True,707511,REGENERX BIOPHARMACEUTICALS INC,"[""RGRX""]","[""2834""]",10-K,2019-03-29,0001144204-19-016982,False,False,[],False
2019-12-31,2020-12-30,True,725363,CEL SCI CORP,"[""CVM""]","[""2836""]",10-K/A,2019-12-23,0001654954-19-014164,False,False,[],False
2019-12-31,2020-12-30,True,727510,"ENZON PHARMACEUTICALS, INC.","[""ENZN""]","[""2836""]",10-K/A,2019-04-25,0001144204-19-021264,False,False,[],False
2019-12-31,2020-12-30,True,749647,Celsion CORP,"[""IMNN""]","[""2834""]",10-K,2019-03-29,0001493152-19-004184,False,False,[],False
2019-12-31,2020-12-30,True,764195,VBI Vaccines Inc/BC,"[""VBIVQ""]","[""2834""]",10-K,2019-02-25,0001493152-19-002481,False,False,[],False
2019-12-31,2020-12-30,True,771856,"CHAMPIONS ONCOLOGY, INC.","[""CSBR""]","[""2836""]",10-K,2019-07-29,0001628280-19-009139,False,True,"[""6d6df0ab6491c35531ab""]",False
2019-12-31,2020-12-30,True,786947,"ACURA PHARMACEUTICALS, INC","[""ACUR""]","[""2834""]",10-K,2019-09-16,0001144204-19-044723,False,False,[],False
2019-12-31,2020-12-30,True,792977,AMAG PHARMACEUTICALS INC.,[],"[""2834""]",10-K,2019-03-01,0000792977-19-000036,True,True,"[""bafadd0c86e941a72373""]",False
2019-12-31,2020-12-30,True,810509,"NAVIDEA BIOPHARMACEUTICALS, INC.","[""NAVB""]","[""2835""]",10-K,2019-03-15,0001437749-19-005086,False,False,[],False
2019-12-31,2020-12-30,True,811641,IMMUCELL CORP /DE/,"[""ICCC""]","[""2835""]",10-K,2019-03-22,0001213900-19-004653,False,False,[],False
2019-12-31,2020-12-30,True,812796,"SOLIGENIX, INC.","[""SNGX""]","[""2834""]",10-K,2019-03-26,0001213900-19-004865,False,False,[],False
2019-12-31,2020-12-30,True,818033,"HERON THERAPEUTICS, INC. /DE/","[""HRTX""]","[""2834""]",10-K,2019-02-22,0001193125-19-047780,False,False,[],False
2019-12-31,2020-12-30,True,818686,TEVA PHARMACEUTICAL INDUSTRIES LTD,"[""TEVA"", ""TEVJF""]","[""2834""]",10-K,2019-02-19,0001193125-19-043564,False,False,[],False
2019-12-31,2020-12-30,True,827871,"EAGLE PHARMACEUTICALS, INC.","[""EGRX""]","[""2834""]",10-K,2019-02-28,0000827871-19-000008,False,False,[],False
2019-12-31,2020-12-30,True,831547,SPECTRUM PHARMACEUTICALS INC,[],"[""2834""]",10-K,2019-02-28,0000831547-19-000006,False,False,[],False
2019-12-31,2020-12-30,True,849146,Lifevantage Corp,"[""LFVN""]","[""2834""]",10-K,2019-08-14,0000849146-19-000063,False,False,[],False
2019-12-31,2020-12-30,True,849636,RespireRx Pharmaceuticals Inc.,"[""RSPI""]","[""2834""]",10-K,2019-04-16,0001493152-19-005477,False,False,[],False
2019-12-31,2020-12-30,True,850261,"Sorrento Therapeutics, Inc.","[""SRNE""]","[""8731""]",10-K/A,2019-04-30,0000850261-19-000018,False,False,[],False
2019-12-31,2020-12-30,True,861838,"IDERA PHARMACEUTICALS, INC.",[],"[""2836""]",10-K,2019-03-06,0001558370-19-001585,False,False,[],False
2019-12-31,2020-12-30,True,863894,VERU INC.,"[""VERU""]","[""2834""]",10-K,2019-12-12,0000863894-19-000014,False,False,[],False
2019-12-31,2020-12-30,True,873303,"Sarepta Therapeutics, Inc.","[""SRPT""]","[""2834""]",10-K,2019-02-28,0001564590-19-005170,False,False,[],False
2019-12-31,2020-12-30,True,875622,BIOSPECIFICS TECHNOLOGIES CORP,[],"[""2834""]",10-K,2019-04-02,0001140361-19-006323,True,True,"[""272ea24b8477a044255c""]",False
2019-12-31,2020-12-30,True,876343,BIOTIME INC,"[""LCTX""]","[""2836""]",10-K/A,2019-05-01,0001493152-19-006257,False,False,[],False
2019-12-31,2020-12-30,True,879169,INCYTE CORP,"[""INCY""]","[""8731""]",10-K,2019-02-14,0001558370-19-000682,False,False,[],False
2019-12-31,2020-12-30,True,879407,"ARROWHEAD PHARMACEUTICALS, INC.","[""ARWR""]","[""2834""]",10-K,2019-11-25,0001564590-19-044376,False,False,[],False
2019-12-31,2020-12-30,True,881524,VIVUS INC,[],"[""2834""]",10-K,2019-02-26,0001558370-19-001077,False,False,[],False
2019-12-31,2020-12-30,True,882361,Aptose Biosciences Inc.,"[""APTO""]","[""2836""]",10-K/A,2019-04-22,0001171843-19-002540,False,False,[],False
2019-12-31,2020-12-30,True,885590,Bausch Health Companies Inc.,"[""BHC""]","[""2834""]",10-K,2019-02-20,0000885590-19-000006,False,False,[],False
2019-12-31,2020-12-30,True,886163,LIGAND PHARMACEUTICALS INC,"[""LGND"", ""LGNDZ"", ""LGNXZ"", ""LGNYZ"", ""LGNZZ""]","[""2834""]",10-K,2019-02-28,0000886163-19-000041,False,False,[],False
2019-12-31,2020-12-30,True,887247,Adamis Pharmaceuticals Corp,"[""DMKPQ""]","[""2834""]",10-K/A,2019-04-30,0001387131-19-003177,False,False,[],False
2019-12-31,2020-12-30,True,887359,Vericel Corp,"[""VCEL""]","[""2836""]",10-K,2019-02-26,0001628280-19-002007,False,False,[],False
2019-12-31,2020-12-30,True,894158,"Synthetic Biologics, Inc.","[""TOVX""]","[""2834""]",10-K/A,2019-04-01,0001144204-19-017481,False,False,[],False
2019-12-31,2020-12-30,True,896264,USANA HEALTH SCIENCES INC,"[""USNA""]","[""2833""]",10-K,2019-02-26,0001047469-19-000707,False,False,[],False
2019-12-31,2020-12-30,True,901832,ASTRAZENECA PLC,"[""AZN"", ""AZNCF""]","[""2834""]",20-F,2019-03-05,0001104659-19-012881,False,False,[],False
2019-12-31,2020-12-30,True,906338,TARO PHARMACEUTICAL INDUSTRIES LTD,[],"[""2834""]",20-F,2019-06-20,0001564590-19-022978,False,False,[],False
2019-12-31,2020-12-30,True,910267,TITAN PHARMACEUTICALS INC,"[""TTNP"", ""TTNPW""]","[""2836""]",10-K/A,2019-04-02,0001144204-19-017559,False,False,[],False
2019-12-31,2020-12-30,True,911216,PALATIN TECHNOLOGIES INC,"[""PTN""]","[""2834""]",10-K,2019-09-12,0001654954-19-010679,False,False,[],False
2019-12-31,2020-12-30,True,920465,LA JOLLA PHARMACEUTICAL CO,[],"[""2836""]",10-K/A,2019-04-30,0000920465-19-000067,False,False,[],False
2019-12-31,2020-12-30,True,921299,FIBROGEN INC,"[""FGEN""]","[""2834""]",10-K,2019-02-27,0001564590-19-004979,False,False,[],False
2019-12-31,2020-12-30,True,926617,"VERMILLION, INC.","[""AWH""]","[""2835""]",10-K/A,2019-04-29,0000926617-19-000013,False,False,[],False
2019-12-31,2020-12-30,True,944809,"Opko Health, Inc.","[""OPK""]","[""2834""]",10-K,2019-03-01,0000944809-19-000017,False,False,[],False
2019-12-31,2020-12-30,True,946644,HEMISPHERX BIOPHARMA INC,"[""AIM""]","[""2836""]",10-K,2019-04-01,0001493152-19-004583,False,False,[],False
2019-12-31,2020-12-30,True,1001316,"TG THERAPEUTICS, INC.","[""TGTX""]","[""2834""]",10-K,2019-03-01,0001654954-19-002189,False,False,[],False
2019-12-31,2020-12-30,True,1005201,"Assertio Therapeutics, Inc",[],"[""2834""]",10-K,2019-03-11,0001005201-19-000040,False,False,[],False
2019-12-31,2020-12-30,True,1006281,"Protalix BioTherapeutics, Inc.","[""PLX""]","[""2836""]",10-K,2019-03-18,0001144204-19-014464,False,False,[],False
2019-12-31,2020-12-30,True,1008848,ACORDA THERAPEUTICS INC,[],"[""2836""]",10-K,2019-02-27,0001564590-19-004986,False,False,[],False
2019-12-31,2020-12-30,True,1010086,SIGA TECHNOLOGIES INC,"[""SIGA""]","[""2834""]",10-K,2019-03-06,0001010086-19-000007,False,False,[],False
2019-12-31,2020-12-30,True,1012477,AVADEL PHARMACEUTICALS PLC,"[""AVDL""]","[""2834""]",10-K,2019-03-15,0001012477-19-000002,False,False,[],False
2019-12-31,2020-12-30,True,1015820,QIAGEN NV,"[""QGEN""]","[""2836""]",20-F,2019-03-06,0001015820-19-000009,True,True,"[""fe871fff4da61064e45d""]",False
2019-12-31,2020-12-30,True,1016504,INTEGRATED BIOPHARMA INC,"[""INBP""]","[""2834""]",10-K,2019-08-29,0001437749-19-017611,False,False,[],False
2019-12-31,2020-12-30,True,1018735,NYMOX PHARMACEUTICAL CORP,"[""NYMXF""]","[""2835""]",20-F,2019-03-29,0001640334-19-000464,False,False,[],False
2019-12-31,2020-12-30,True,1023024,ANI PHARMACEUTICALS INC,"[""ANIP""]","[""2834""]",10-K,2019-02-27,0001144204-19-010541,False,False,[],False
2019-12-31,2020-12-30,True,1023549,XTL BIOPHARMACEUTICALS LTD,"[""XTLB""]","[""2834""]",20-F,2019-03-11,0001213900-19-003911,False,False,[],False
2019-12-31,2020-12-30,True,1029142,DYNAVAX TECHNOLOGIES CORP,"[""DVAX""]","[""2834""]",10-K,2019-02-27,0001564590-19-004888,False,False,[],False
2019-12-31,2020-12-30,True,1035354,"Eloxx Pharmaceuticals, Inc.","[""ELOX""]","[""8731""]",10-K,2019-03-14,0001564590-19-007811,False,False,[],False
2019-12-31,2020-12-30,True,1042074,"CymaBay Therapeutics, Inc.",[],"[""2834""]",10-K,2019-02-28,0001564590-19-005435,False,False,[],False
2019-12-31,2020-12-30,True,1042418,"HedgePath Pharmaceuticals, Inc.","[""INTI""]","[""8731""]",10-K,2019-03-07,0001193125-19-066503,False,False,[],False
2019-12-31,2020-12-30,True,1053369,ELITE PHARMACEUTICALS INC /NV/,"[""ELTP""]","[""2834""]",10-K,2019-06-21,0001213900-19-011224,False,False,[],False
2019-12-31,2020-12-30,True,1053691,Diffusion Pharmaceuticals Inc.,"[""CRVO""]","[""2834""]",10-K,2019-03-19,0001437749-19-005256,False,False,[],False
2019-12-31,2020-12-30,True,1069308,Acer Therapeutics Inc.,[],"[""2834""]",10-K,2019-03-07,0001564590-19-006779,False,False,[],False
2019-12-31,2020-12-30,True,1069899,PHIBRO ANIMAL HEALTH CORP,"[""PAHC""]","[""2834""]",10-K,2019-08-27,0001144204-19-041832,False,False,[],False
2019-12-31,2020-12-30,True,1070081,"PTC THERAPEUTICS, INC.","[""PTCT""]","[""2834""]",10-K,2019-03-01,0001070081-19-000018,False,False,[],False
2019-12-31,2020-12-30,True,1072379,NORTHWEST BIOTHERAPEUTICS INC,"[""NWBO""]","[""2834""]",10-K,2019-04-02,0001144204-19-017803,False,False,[],False
2019-12-31,2020-12-30,True,1084201,SINOVAC BIOTECH LTD,"[""SVA""]","[""2834""]",20-F,2019-04-29,0001564590-19-013766,False,False,[],False
2019-12-31,2020-12-30,True,1087294,CUMBERLAND PHARMACEUTICALS INC,"[""CPIX""]","[""2834""]",10-K,2019-03-12,0001628280-19-002785,False,False,[],False
2019-12-31,2020-12-30,True,1092662,"CHEMBIO DIAGNOSTICS, INC.",[],"[""2834""]",10-K,2019-03-18,0001140361-19-005069,False,False,[],False
2019-12-31,2020-12-30,True,1094038,"Marker Therapeutics, Inc.","[""MRKR""]","[""2834""]",10-K,2019-03-15,0001144204-19-014350,False,False,[],False
2019-12-31,2020-12-30,True,1100397,"Advaxis, Inc.","[""ADXS""]","[""2834""]",10-K,2019-12-20,0001493152-19-019523,False,False,[],False
2019-12-31,2020-12-30,True,1100682,CHARLES RIVER LABORATORIES INTERNATIONAL INC,"[""CRL""]","[""8731""]",10-K,2019-02-13,0001100682-19-000004,False,False,[],False
2019-12-31,2020-12-30,True,1103021,BIODELIVERY SCIENCES INTERNATIONAL INC,[],"[""2834""]",10-K,2019-03-14,0001193125-19-074893,False,False,[],False
2019-12-31,2020-12-30,True,1106644,"CHINA PHARMA HOLDINGS, INC.","[""CPHI""]","[""2834""]",10-K,2019-03-28,0001213900-19-005094,False,False,[],False
2019-12-31,2020-12-30,True,1107421,ZIOPHARM ONCOLOGY INC,"[""TCRT""]","[""2834""]",10-K,2019-03-05,0001193125-19-063978,False,False,[],False
2019-12-31,2020-12-30,True,1113423,Aeterna Zentaris Inc.,"[""CSCI""]","[""2834""]",20-F/A,2019-07-26,0001104659-19-041942,False,False,[],False
2019-12-31,2020-12-30,True,1114448,NOVARTIS AG,"[""NVS"", ""NVSEF""]","[""2834""]",20-F,2019-01-30,0001370368-19-000002,False,False,[],False
2019-12-31,2020-12-30,True,1117480,CHIMERIX INC,"[""CMRX""]","[""2834""]",10-K,2019-03-05,0001117480-19-000010,False,False,[],False
2019-12-31,2020-12-30,True,1121404,Sanofi,"[""SNY"", ""SNYNF""]","[""2834""]",20-F,2019-03-08,0001193125-19-068926,False,False,[],False
2019-12-31,2020-12-30,True,1124140,EXACT SCIENCES CORP,"[""EXAS""]","[""8731""]",10-K,2019-02-21,0001558370-19-000854,False,False,[],False
2019-12-31,2020-12-30,True,1125345,MACROGENICS INC,"[""MGNX""]","[""2834""]",10-K,2019-02-26,0001125345-19-000046,False,False,[],False
2019-12-31,2020-12-30,True,1126234,NEWLINK GENETICS CORP,"[""LUMO""]","[""2834""]",10-K,2019-03-05,0001126234-19-000026,False,True,"[""d930d6161f85509c8cbd""]",False
2019-12-31,2020-12-30,True,1129928,ONCOLYTICS BIOTECH INC,"[""ONCY""]","[""2834""]",20-F,2019-03-15,0001129928-19-000014,False,False,[],False
2019-12-31,2020-12-30,True,1130598,"Onconova Therapeutics, Inc.","[""TRAW""]","[""2834""]",10-K,2019-04-01,0001047469-19-001839,False,False,[],False
2019-12-31,2020-12-30,True,1131399,GLAXOSMITHKLINE PLC,"[""GSK"", ""GLAXF""]","[""2834""]",20-F,2019-03-15,0001193125-19-076716,False,False,[],False
2019-12-31,2020-12-30,True,1133416,GALECTIN THERAPEUTICS INC,"[""GALT""]","[""2834""]",10-K,2019-03-06,0001193125-19-064705,False,False,[],False
2019-12-31,2020-12-30,True,1133519,MEDICURE INC,"[""MCUJF""]","[""2834""]",20-F,2019-04-30,0001279569-19-001002,False,False,[],False
2019-12-31,2020-12-30,True,1133818,BIO-PATH HOLDINGS INC,"[""BPTH""]","[""2834""]",10-K,2019-03-19,0001144204-19-014855,False,False,[],False
2019-12-31,2020-12-30,True,1133869,"CAPRICOR THERAPEUTICS, INC.","[""CAPR""]","[""2834""]",10-K/A,2019-04-01,0001144204-19-017194,False,False,[],False
2019-12-31,2020-12-30,True,1134765,"True Drinks Holdings, Inc.","[""CHUC""]","[""2833""]",10-K,2019-04-01,0001654954-19-003885,False,False,[],False
2019-12-31,2020-12-30,True,1135951,DR REDDYS LABORATORIES LTD,"[""RDY""]","[""2834""]",20-F,2019-06-03,0001575872-19-000144,False,False,[],False
2019-12-31,2020-12-30,True,1137883,BRAINSTORM CELL THERAPEUTICS INC.,"[""BCLI""]","[""2836""]",10-K/A,2019-04-01,0001144204-19-017368,False,False,[],False
2019-12-31,2020-12-30,True,1157601,"MADRIGAL PHARMACEUTICALS, INC.","[""MDGL""]","[""2834""]",10-K/A,2019-04-30,0001193125-19-129437,False,False,[],False
2019-12-31,2020-12-30,True,1158780,PLURISTEM THERAPEUTICS INC,"[""PLUR""]","[""2836""]",10-K,2019-09-12,0001213900-19-017859,False,False,[],False
2019-12-31,2020-12-30,True,1159036,HALOZYME THERAPEUTICS INC,"[""HALO""]","[""2836""]",10-K,2019-02-21,0001159036-19-000006,False,False,[],False
2019-12-31,2020-12-30,True,1160308,Savara Inc,"[""SVRA""]","[""2834""]",10-K,2019-03-13,0001564590-19-007585,False,False,[],False
2019-12-31,2020-12-30,True,1167419,"Riot Blockchain, Inc.","[""RIOT""]","[""2835""]",10-K/A,2019-04-23,0001079973-19-000239,False,False,[],False
2019-12-31,2020-12-30,True,1169245,PhaseBio Pharmaceuticals Inc,"[""PHASQ""]","[""2834""]",10-K,2019-03-26,0001564590-19-009364,False,False,[],False
2019-12-31,2020-12-30,True,1173281,Ohr Pharmaceutical Inc,[],"[""2834""]",10-K,2019-01-03,0001387131-19-000051,False,False,[],False
2019-12-31,2020-12-30,True,1174940,ORAGENICS INC,"[""OGEN""]","[""2834""]",10-K/A,2019-04-29,0001564590-19-013787,False,False,[],False
2019-12-31,2020-12-30,True,1175505,FIVE PRIME THERAPEUTICS INC,[],"[""2834""]",10-K,2019-02-26,0001564590-19-004472,False,False,[],False
2019-12-31,2020-12-30,True,1176309,ORAMED PHARMACEUTICALS INC.,"[""ORMP""]","[""2834""]",10-K,2019-11-27,0001213900-19-024940,False,False,[],False
2019-12-31,2020-12-30,True,1177648,ENANTA PHARMACEUTICALS INC,"[""ENTA""]","[""2834""]",10-K,2019-11-27,0001564590-19-044729,False,False,[],False
2019-12-31,2020-12-30,True,1178253,SCYNEXIS INC,"[""SCYX""]","[""2834""]",10-K,2019-03-14,0001564590-19-007834,False,False,[],False
2019-12-31,2020-12-30,True,1178670,"ALNYLAM PHARMACEUTICALS, INC.","[""ALNY""]","[""2834""]",10-K,2019-02-14,0001564590-19-003022,False,False,[],False
2019-12-31,2020-12-30,True,1178711,"Paratek Pharmaceuticals, Inc.",[],"[""2834""]",10-K,2019-03-06,0001564590-19-006315,False,False,[],False
2019-12-31,2020-12-30,True,1178879,"AMICUS THERAPEUTICS, INC.","[""FOLD""]","[""2834""]",10-K,2019-02-28,0001178879-19-000024,False,False,[],False
2019-12-31,2020-12-30,True,1183765,"Molecular Templates, Inc.","[""MTEM""]","[""2834""]",10-K,2019-03-29,0001564590-19-010145,False,False,[],False
2019-12-31,2020-12-30,True,1205922,"VACCINEX, INC.","[""VCNX""]","[""2834""]",10-K,2019-03-13,0001564590-19-007458,False,False,[],False
2019-12-31,2020-12-30,True,1211583,FENNEC PHARMACEUTICALS INC.,"[""FENC""]","[""2836""]",10-K,2019-03-15,0001144204-19-014220,False,False,[],False
2019-12-31,2020-12-30,True,1213037,"Trovagene, Inc.","[""CRDF""]","[""2836""]",10-K,2019-03-06,0001628280-19-002546,False,False,[],False
2019-12-31,2020-12-30,True,1226616,MEDICINOVA INC,"[""MNOV""]","[""2834""]",10-K,2019-02-13,0001564590-19-002835,False,False,[],False
2019-12-31,2020-12-30,True,1228627,"REXAHN PHARMACEUTICALS, INC.","[""OCUP""]","[""2834""]",10-K,2019-03-07,0001140361-19-004539,False,False,[],False
2019-12-31,2020-12-30,True,1232524,Jazz Pharmaceuticals plc,"[""JAZZ""]","[""2834""]",10-K/A,2019-04-26,0001193125-19-122354,False,False,[],False
2019-12-31,2020-12-30,True,1253689,GLYCOMIMETICS INC,"[""GLYC""]","[""2834""]",10-K,2019-03-06,0001558370-19-001537,False,False,[],False
2019-12-31,2020-12-30,True,1261249,AGILE THERAPEUTICS INC,"[""AGRX"", ""AGXRW""]","[""2834""]",10-K,2019-03-12,0001047469-19-001136,False,False,[],False
2019-12-31,2020-12-30,True,1264587,STEMLINE THERAPEUTICS INC,[],"[""2834""]",10-K,2019-03-15,0001104659-19-015293,True,True,"[""a661706e069d4ca463d0""]",False
2019-12-31,2020-12-30,True,1267565,"COLLEGIUM PHARMACEUTICAL, INC","[""COLL""]","[""2834""]",10-K,2019-02-27,0001558370-19-001187,False,False,[],False
2019-12-31,2020-12-30,True,1267602,ALIMERA SCIENCES INC,"[""ALIM""]","[""2834""]",10-K,2019-02-25,0001267602-19-000043,False,False,[],False
2019-12-31,2020-12-30,True,1267813,MARINUS PHARMACEUTICALS INC,"[""MRNS""]","[""2834""]",10-K,2019-03-12,0001558370-19-001860,False,False,[],False
2019-12-31,2020-12-30,True,1269021,PORTOLA PHARMACEUTICALS INC,[],"[""2834""]",10-K,2019-03-01,0001564590-19-005772,True,True,"[""016765da728d01b67146""]",False
2019-12-31,2020-12-30,True,1270073,"INTERCEPT PHARMACEUTICALS, INC.",[],"[""2834""]",10-K,2019-03-01,0001144204-19-011650,False,False,[],False
2019-12-31,2020-12-30,True,1273636,APPLIED GENETIC TECHNOLOGIES CORP,[],"[""2836""]",10-K/A,2019-10-29,0001193125-19-277798,False,False,[],False
2019-12-31,2020-12-30,True,1274792,MERRIMACK PHARMACEUTICALS INC,[],"[""2834""]",10-K/A,2019-04-30,0001193125-19-129368,False,False,[],False
2019-12-31,2020-12-30,True,1279704,"Cellectar Biosciences, Inc.","[""CLRB""]","[""2834""]",10-K,2019-02-26,0001144204-19-009973,False,False,[],False
2019-12-31,2020-12-30,True,1280600,ACCELERON PHARMA INC,[],"[""2836""]",10-K,2019-02-27,0001280600-19-000012,False,False,[],False
2019-12-31,2020-12-30,True,1280776,VITAL THERAPIES INC,"[""IMUX""]","[""2834""]",10-K,2019-03-04,0001280776-19-000025,False,False,[],False
2019-12-31,2020-12-30,True,1281895,"ROCKET PHARMACEUTICALS, INC.","[""RCKT"", ""RCKTW""]","[""2834""]",10-K,2019-03-08,0001140361-19-004603,False,False,[],False
2019-12-31,2020-12-30,True,1285819,OMEROS CORP,"[""OMER""]","[""2834""]",10-K,2019-03-01,0001628280-19-002324,False,False,[],False
2019-12-31,2020-12-30,True,1290149,"Sierra Oncology, Inc.",[],"[""2834""]",10-K,2019-02-28,0001193125-19-055556,False,False,[],False
2019-12-31,2020-12-30,True,1293310,"HUMANIGEN, INC",[],"[""2834""]",10-K,2019-03-26,0001214659-19-002284,False,False,[],False
2019-12-31,2020-12-30,True,1293971,"bluebird bio, Inc.","[""BLUE""]","[""2836""]",10-K,2019-02-21,0001564590-19-003694,False,False,[],False
2019-12-31,2020-12-30,True,1295947,Prestige Consumer Healthcare Inc.,"[""PBH""]","[""2834""]",10-K,2019-05-13,0001295947-19-000015,False,False,[],False
2019-12-31,2020-12-30,True,1297184,"Amphastar Pharmaceuticals, Inc.","[""AMPH""]","[""2834""]",10-K,2019-03-15,0001297184-19-000013,False,False,[],False
2019-12-31,2020-12-30,True,1300699,"Athenex, Inc.",[],"[""2834""]",10-K,2019-03-11,0001564590-19-007092,False,False,[],False
2019-12-31,2020-12-30,True,1301501,"Achaogen, Inc.",[],"[""2834""]",10-K,2019-04-01,0001564590-19-010412,False,False,[],False
2019-12-31,2020-12-30,True,1305253,"Eiger BioPharmaceuticals, Inc.","[""EIGRQ""]","[""2836""]",10-K,2019-03-14,0001564590-19-007830,False,False,[],False
2019-12-31,2020-12-30,True,1314052,ANAVEX LIFE SCIENCES CORP.,"[""AVXL""]","[""8731""]",10-K,2019-12-16,0001731122-19-000784,False,False,[],False
2019-12-31,2020-12-30,True,1318641,CLEVELAND BIOLABS INC,"[""STAB""]","[""8731""]",10-K,2019-03-07,0001318641-19-000005,False,False,[],False
2019-12-31,2020-12-30,True,1321834,"Akers Biosciences, Inc.","[""TNFA""]","[""2835""]",10-K,2019-04-01,0001493152-19-004590,False,False,[],False
2019-12-31,2020-12-30,True,1322505,"ALBIREO PHARMA, INC.",[],"[""2834""]",10-K,2019-03-06,0001558370-19-001601,False,False,[],False
2019-12-31,2020-12-30,True,1325879,AVEO PHARMACEUTICALS INC,[],"[""2834""]",10-K/A,2019-04-30,0001564590-19-014349,False,False,[],False
2019-12-31,2020-12-30,True,1326110,"NantKwest, Inc.","[""IBRX""]","[""2836""]",10-K,2019-03-13,0001564590-19-007562,False,False,[],False
2019-12-31,2020-12-30,True,1326190,"Altimmune, Inc.","[""ALT""]","[""2834""]",10-K,2019-04-01,0001564590-19-010429,False,False,[],False
2019-12-31,2020-12-30,True,1326732,Xencor Inc,"[""XNCR""]","[""2834""]",10-K,2019-02-26,0001558370-19-001049,False,False,[],False
2019-12-31,2020-12-30,True,1328143,Adamas Pharmaceuticals Inc,[],"[""2834""]",10-K,2019-03-04,0001328143-19-000011,False,False,[],False
2019-12-31,2020-12-30,True,1337553,AERIE PHARMACEUTICALS INC,[],"[""2836""]",10-K,2019-03-01,0001628280-19-002369,False,False,[],False
2019-12-31,2020-12-30,True,1339469,"CHIASMA, INC",[],"[""2834""]",10-K,2019-03-08,0001193125-19-069153,False,False,[],False
2019-12-31,2020-12-30,True,1339970,aTYR PHARMA INC,"[""ATYR""]","[""2836""]",10-K,2019-03-26,0001564590-19-009381,False,False,[],False
2019-12-31,2020-12-30,True,1340243,MorphoSys AG,"[""MPSYF""]","[""2834""]",20-F,2019-03-13,0001193125-19-073431,False,False,[],False
2019-12-31,2020-12-30,True,1340652,"ChemoCentryx, Inc.",[],"[""2834""]",10-K,2019-03-11,0001193125-19-070954,False,False,[],False
2019-12-31,2020-12-30,True,1341235,"Aldeyra Therapeutics, Inc.","[""ALDX""]","[""2834""]",10-K,2019-03-08,0001564590-19-006997,False,False,[],False
2019-12-31,2020-12-30,True,1345099,MESOBLAST LTD,"[""MESO"", ""MEOBF""]","[""2836""]",20-F,2019-09-09,0001564590-19-034304,False,False,[],False
2019-12-31,2020-12-30,True,1346302,XERIS PHARMACEUTICALS INC,[],"[""2834""]",10-K,2019-03-06,0001346302-19-000009,False,False,[],False
2019-12-31,2020-12-30,True,1346830,"Cara Therapeutics, Inc.","[""CARA""]","[""2834""]",10-K,2019-03-12,0001564590-19-007389,False,False,[],False
2019-12-31,2020-12-30,True,1347178,Vanda Pharmaceuticals Inc.,"[""VNDA""]","[""2834""]",10-K,2019-02-19,0001347178-19-000003,False,False,[],False
2019-12-31,2020-12-30,True,1348911,"KalVista Pharmaceuticals, Inc.","[""KALV""]","[""2834""]",10-K,2019-07-16,0001564590-19-025009,False,False,[],False
2019-12-31,2020-12-30,True,1355250,Innovation Pharmaceuticals Inc.,"[""IPIX""]","[""2834""]",10-K,2019-09-30,0001477932-19-005611,False,False,[],False
2019-12-31,2020-12-30,True,1356090,INTREXON CORP,"[""PGEN""]","[""8731""]",10-K,2019-03-01,0001356090-19-000004,False,False,[],False
2019-12-31,2020-12-30,True,1356576,SUPERNUS PHARMACEUTICALS INC,"[""SUPN""]","[""2834""]",10-K,2019-03-01,0001047469-19-000828,False,False,[],False
2019-12-31,2020-12-30,True,1357459,"Neuralstem, Inc.","[""PALI""]","[""2836""]",10-K,2019-03-22,0001171843-19-001917,False,False,[],False
2019-12-31,2020-12-30,True,1358403,"BELLICUM PHARMACEUTICALS, INC",[],"[""2834""]",10-K,2019-03-12,0001358403-19-000038,False,False,[],False
2019-12-31,2020-12-30,True,1358762,REATA PHARMACEUTICALS INC,[],"[""2834""]",10-K,2019-02-28,0001564590-19-005161,False,False,[],False
2019-12-31,2020-12-30,True,1359931,PROTEON THERAPEUTICS INC,"[""TARA""]","[""2836""]",10-K/A,2019-04-12,0001171843-19-002376,False,False,[],False
2019-12-31,2020-12-30,True,1360214,"HARROW HEALTH, INC.","[""HROW"", ""HROWL"", ""HROWM""]","[""2834""]",10-K,2019-03-12,0001493152-19-003188,False,False,[],False
2019-12-31,2020-12-30,True,1367083,"Sonoma Pharmaceuticals, Inc.","[""SNOA""]","[""2834""]",10-K,2019-07-01,0001683168-19-002069,False,False,[],False
2019-12-31,2020-12-30,True,1367644,Emergent BioSolutions Inc.,"[""EBS""]","[""2834""]",10-K,2019-02-22,0001367644-19-000016,False,False,[],False
2019-12-31,2020-12-30,True,1367920,"CONCERT PHARMACEUTICALS, INC.",[],"[""2834""]",10-K,2019-02-28,0001367920-19-000009,False,False,[],False
2019-12-31,2020-12-30,True,1368148,"ATHERSYS, INC / NEW","[""ATHXQ""]","[""2834""]",10-K,2019-03-15,0001628280-19-002976,False,False,[],False
2019-12-31,2020-12-30,True,1368514,"ADMA BIOLOGICS, INC.","[""ADMA""]","[""2836""]",10-K,2019-03-13,0001193805-19-000281,False,False,[],False
2019-12-31,2020-12-30,True,1369568,"CATALYST PHARMACEUTICALS, INC.","[""CPRX""]","[""2834""]",10-K,2019-03-18,0001193125-19-078253,False,False,[],False
2019-12-31,2020-12-30,True,1369868,"China Biologic Products Holdings, Inc.",[],"[""2836""]",20-F,2019-03-06,0001144204-19-012555,False,False,[],False
2019-12-31,2020-12-30,True,1370053,ANAPTYSBIO INC,"[""ANAB""]","[""2834""]",10-K,2019-02-28,0001370053-19-000006,False,False,[],False
2019-12-31,2020-12-30,True,1372514,EYEGATE PHARMACEUTICALS INC,"[""KPRX"", ""KPHMW""]","[""2834""]",10-K,2019-03-01,0001144204-19-011634,False,False,[],False
2019-12-31,2020-12-30,True,1373707,TETRAPHASE PHARMACEUTICALS INC,[],"[""2834""]",10-K,2019-03-15,0001564590-19-008034,True,True,"[""ad5d4b52138d440d1e7a""]",False
2019-12-31,2020-12-30,True,1374690,"ZAFGEN, INC.","[""LRMR""]","[""2834""]",10-K,2019-03-14,0001564590-19-007863,False,True,"[""4841a0ff798465e0882b""]",False
2019-12-31,2020-12-30,True,1375151,"ZOGENIX, INC.",[],"[""2834""]",10-K,2019-02-28,0001375151-19-000016,False,False,[],False
2019-12-31,2020-12-30,True,1377121,"Protagonist Therapeutics, Inc","[""PTGX""]","[""2834""]",10-K,2019-03-12,0001558370-19-001853,False,False,[],False
2019-12-31,2020-12-30,True,1378624,"Cellular Biomedicine Group, Inc.",[],"[""2836""]",10-K,2019-02-19,0001654954-19-001756,False,True,"[""7d1f5840898f8939a5c6""]",False
2019-12-31,2020-12-30,True,1379006,"NANOVIRICIDES, INC.","[""NNVC""]","[""8731""]",10-K,2019-08-23,0001144204-19-041547,False,False,[],False
2019-12-31,2020-12-30,True,1382101,"SUTRO BIOPHARMA, INC.","[""STRO""]","[""2836""]",10-K,2019-04-01,0001564590-19-010253,False,False,[],False
2019-12-31,2020-12-30,True,1383701,Conatus Pharmaceuticals Inc.,[],"[""2834""]",10-K,2019-03-08,0001564590-19-007030,False,False,[],False
2019-12-31,2020-12-30,True,1385818,"AYTU BIOSCIENCE, INC","[""AYTU""]","[""2834""]",10-K,2019-09-26,0001654954-19-011147,False,False,[],False
2019-12-31,2020-12-30,True,1386570,ChromaDex Corp.,"[""CDXC""]","[""2833""]",10-K,2019-03-07,0001654954-19-002395,False,False,[],False
2019-12-31,2020-12-30,True,1388319,"U.S. Stem Cell, Inc.","[""USRM""]","[""8731""]",10-K,2019-03-13,0001185185-19-000351,False,False,[],False
2019-12-31,2020-12-30,True,1388320,"Actinium Pharmaceuticals, Inc.","[""ATNM""]","[""2834""]",10-K,2019-03-15,0001213900-19-004269,False,False,[],False
2019-12-31,2020-12-30,True,1389545,"NovaBay Pharmaceuticals, Inc.","[""NBY""]","[""2834""]",10-K/A,2019-04-12,0001437749-19-007095,False,False,[],False
2019-12-31,2020-12-30,True,1390478,"SELLAS Life Sciences Group, Inc.","[""SLS""]","[""2834""]",10-K/A,2019-04-30,0001390478-19-000023,False,False,[],False
2019-12-31,2020-12-30,True,1393434,"OCULAR THERAPEUTIX, INC","[""OCUL""]","[""2834""]",10-K,2019-03-07,0001558370-19-001659,False,False,[],False
2019-12-31,2020-12-30,True,1394319,"Tracon Pharmaceuticals, Inc.","[""TCON""]","[""2836""]",10-K,2019-03-01,0001564590-19-005597,False,False,[],False
2019-12-31,2020-12-30,True,1395064,TAKEDA PHARMACEUTICAL CO LTD,"[""TAK"", ""TKPHF""]","[""2834""]",20-F,2019-06-27,0001395064-19-000005,False,False,[],False
2019-12-31,2020-12-30,True,1395937,Syndax Pharmaceuticals Inc,"[""SNDX""]","[""2834""]",10-K/A,2019-03-18,0001564590-19-008313,False,False,[],False
2019-12-31,2020-12-30,True,1396814,"Pacira Pharmaceuticals, Inc.","[""PCRX""]","[""2834""]",10-K,2019-02-28,0001396814-19-000008,False,False,[],False
2019-12-31,2020-12-30,True,1398733,"Aquestive Therapeutics, Inc.","[""AQST""]","[""2834""]",10-K,2019-03-14,0001140361-19-004934,False,False,[],False
2019-12-31,2020-12-30,True,1399529,Dicerna Pharmaceuticals Inc,[],"[""2834""]",10-K,2019-03-13,0001399529-19-000005,False,False,[],False
2019-12-31,2020-12-30,True,1401040,DiaMedica Therapeutics Inc.,"[""DMAC""]","[""2834""]",10-K,2019-03-19,0001437749-19-005272,False,False,[],False
2019-12-31,2020-12-30,True,1401395,Neptune Wellness Solutions Inc.,"[""NEPTF""]","[""2834""]",40-F,2019-06-12,0001564590-19-022350,False,False,[],False
2019-12-31,2020-12-30,True,1401667,"PUMA BIOTECHNOLOGY, INC.","[""PBYI""]","[""2834""]",10-K,2019-03-01,0001564590-19-005830,False,False,[],False
2019-12-31,2020-12-30,True,1401708,NanoString Technologies Inc,[],"[""2836""]",10-K,2019-03-11,0001401708-19-000055,False,False,[],False
2019-12-31,2020-12-30,True,1401914,"Dare Bioscience, Inc.","[""DARE""]","[""2834""]",10-K,2019-04-01,0001401914-19-000015,False,False,[],False
2019-12-31,2020-12-30,True,1402479,MYOS RENS TECHNOLOGY INC.,"[""MDVLQ""]","[""2834""]",10-K,2019-03-27,0001213900-19-004963,False,False,[],False
2019-12-31,2020-12-30,True,1403708,Evoke Pharma Inc,"[""EVOK""]","[""2834""]",10-K,2019-03-06,0001564590-19-006404,False,False,[],False
2019-12-31,2020-12-30,True,1403752,Zymeworks Inc.,[],"[""2834""]",10-K,2019-03-06,0001193125-19-065609,False,False,[],False
2019-12-31,2020-12-30,True,1404281,"Novus Therapeutics, Inc.","[""ELDN""]","[""2834""]",10-K/A,2019-04-30,0001193125-19-129270,False,False,[],False
2019-12-31,2020-12-30,True,1404644,"AQUINOX PHARMACEUTICALS, INC","[""NGNE""]","[""2834""]",10-K/A,2019-04-15,0001193125-19-106596,False,False,[],False
2019-12-31,2020-12-30,True,1410098,CorMedix Inc.,"[""CRMD""]","[""2834""]",10-K/A,2019-05-29,0001654954-19-006678,False,False,[],False
2019-12-31,2020-12-30,True,1410939,Ophthotech Corp.,[],"[""2834""]",10-K,2019-02-28,0001410939-19-000012,False,False,[],False
2019-12-31,2020-12-30,True,1411685,"VistaGen Therapeutics, Inc.","[""VTGN""]","[""2834""]",10-K,2019-06-25,0001654954-19-007632,False,False,[],False
2019-12-31,2020-12-30,True,1411906,"Ampio Pharmaceuticals, Inc.","[""AMPE""]","[""2834""]",10-K,2019-03-18,0001558370-19-002244,False,False,[],False
2019-12-31,2020-12-30,True,1412486,"Cocrystal Pharma, Inc.","[""COCP""]","[""2834""]",10-K,2019-04-01,0001493152-19-004386,False,False,[],False
2019-12-31,2020-12-30,True,1419041,Tocagen Inc,"[""FBRX""]","[""2834""]",10-K,2019-02-27,0001564590-19-004933,False,False,[],False
2019-12-31,2020-12-30,True,1419600,Flexion Therapeutics Inc,[],"[""2834""]",10-K,2019-02-28,0001564590-19-005465,False,False,[],False
2019-12-31,2020-12-30,True,1420565,AILERON THERAPEUTICS INC,"[""ALRN""]","[""2834""]",10-K/A,2019-05-08,0001193125-19-141185,False,False,[],False
2019-12-31,2020-12-30,True,1420720,"iBio, Inc.","[""IBIO""]","[""2834""]",10-K,2019-08-26,0001144204-19-041659,False,False,[],False
2019-12-31,2020-12-30,True,1421876,GALAPAGOS NV,"[""GLPG"", ""GLPGF""]","[""2834""]",20-F,2019-03-29,0001558370-19-002655,False,False,[],False
2019-12-31,2020-12-30,True,1422142,"Aerpio Pharmaceuticals, Inc.","[""AADI""]","[""2834""]",10-K,2019-03-07,0001564590-19-006602,False,False,[],False
2019-12-31,2020-12-30,True,1422143,"Kura Oncology, Inc.","[""KURA""]","[""2834""]",10-K,2019-03-05,0001564590-19-006263,False,False,[],False
2019-12-31,2020-12-30,True,1425205,"IOVANCE BIOTHERAPEUTICS, INC.","[""IOVA""]","[""2836""]",10-K,2019-02-28,0001144204-19-010702,False,False,[],False
2019-12-31,2020-12-30,True,1426800,"ASSEMBLY BIOSCIENCES, INC.","[""ASMB""]","[""2834""]",10-K,2019-02-28,0001144204-19-011361,False,False,[],False
2019-12-31,2020-12-30,True,1427925,ACELRX PHARMACEUTICALS INC,"[""TLPH""]","[""2834""]",10-K/A,2019-04-30,0001437749-19-008205,False,False,[],False
2019-12-31,2020-12-30,True,1428522,"Radius Health, Inc.",[],"[""2834""]",10-K,2019-02-28,0001628280-19-002275,False,False,[],False
2019-12-31,2020-12-30,True,1429260,"Fortress Biotech, Inc.","[""FBIO"", ""FBIOP""]","[""2834""]",10-K,2019-03-18,0001144204-19-014617,False,False,[],False
2019-12-31,2020-12-30,True,1429560,TREVENA INC,"[""TRVN""]","[""2834""]",10-K,2019-03-13,0001558370-19-001898,False,False,[],False
2019-12-31,2020-12-30,True,1430306,Tonix Pharmaceuticals Holding Corp.,"[""TNXP""]","[""2834""]",10-K,2019-03-18,0001387131-19-001980,False,False,[],False
2019-12-31,2020-12-30,True,1434316,FATE THERAPEUTICS INC,"[""FATE""]","[""2836""]",10-K,2019-03-05,0001564590-19-006258,False,False,[],False
2019-12-31,2020-12-30,True,1434418,CONSTELLATION PHARMACEUTICALS INC,[],"[""2834""]",10-K,2019-03-14,0001564590-19-007860,False,False,[],False
2019-12-31,2020-12-30,True,1434647,"KEMPHARM, INC","[""ZVRA""]","[""2834""]",10-K,2019-03-01,0001437749-19-003789,False,False,[],False
2019-12-31,2020-12-30,True,1434868,"Esperion Therapeutics, Inc.","[""ESPR""]","[""2834""]",10-K,2019-02-28,0001047469-19-000791,False,False,[],False
2019-12-31,2020-12-30,True,1435049,"ADURO BIOTECH, INC.",[],"[""2834""]",10-K,2019-02-27,0001564590-19-004942,False,False,[],False
2019-12-31,2020-12-30,True,1437402,"ARDELYX, INC.","[""ARDX""]","[""2834""]",10-K,2019-03-06,0001558370-19-001583,False,False,[],False
2019-12-31,2020-12-30,True,1438533,"Retrophin, Inc.","[""TVTX""]","[""2834""]",10-K,2019-02-26,0001438533-19-000003,False,False,[],False
2019-12-31,2020-12-30,True,1438569,Grifols SA,"[""GRFS"", ""GIFLF"", ""GIFOF"", ""GIKLY""]","[""2834""]",20-F/A,2019-04-23,0001104659-19-023085,False,False,[],False
2019-12-31,2020-12-30,True,1439222,AGIOS PHARMACEUTICALS INC,"[""AGIO""]","[""2834""]",10-K,2019-02-14,0001439222-19-000004,False,False,[],False
2019-12-31,2020-12-30,True,1442836,"Mersana Therapeutics, Inc.","[""MRSN""]","[""2834""]",10-K,2019-03-08,0001558370-19-001720,False,False,[],False
2019-12-31,2020-12-30,True,1444192,Acasti Pharma Inc.,"[""ACST""]","[""2834""]",20-F,2019-06-26,0001171843-19-004174,False,False,[],False
2019-12-31,2020-12-30,True,1445283,"PROTEOSTASIS THERAPEUTICS, INC.","[""KA""]","[""2834""]",10-K,2019-03-08,0001564590-19-006999,False,False,[],False
2019-12-31,2020-12-30,True,1445815,"BIOXYTRAN, INC","[""BIXT""]","[""2834""]",10-K,2019-03-13,0001213900-19-004006,False,False,[],False
2019-12-31,2020-12-30,True,1446847,IRONWOOD PHARMACEUTICALS INC,"[""IRWD""]","[""2834""]",10-K,2019-02-25,0001558370-19-001005,False,False,[],False
2019-12-31,2020-12-30,True,1447028,Arbutus Biopharma Corp,"[""ABUS""]","[""2834""]",10-K,2019-03-07,0001447028-19-000006,False,False,[],False
2019-12-31,2020-12-30,True,1453593,"Xtant Medical Holdings, Inc.","[""XTNT""]","[""2836""]",10-K/A,2019-04-29,0001493152-19-006070,False,False,[],False
2019-12-31,2020-12-30,True,1453687,SELECTA BIOSCIENCES INC,"[""RNAC""]","[""2834""]",10-K,2019-03-15,0001453687-19-000032,False,False,[],False
2019-12-31,2020-12-30,True,1454789,CATABASIS PHARMACEUTICALS INC,"[""ATXS""]","[""2834""]",10-K,2019-03-14,0001047469-19-001212,False,False,[],False
2019-12-31,2020-12-30,True,1457612,"GENOCEA BIOSCIENCES, INC.",[],"[""2836""]",10-K,2019-02-28,0001457612-19-000027,False,False,[],False
2019-12-31,2020-12-30,True,1460602,Orgenesis Inc.,"[""ORGS""]","[""2834""]",10-K,2019-02-13,0001062993-19-000780,False,False,[],False
2019-12-31,2020-12-30,True,1460702,RITTER PHARMACEUTICALS INC,"[""QLGN""]","[""2834""]",10-K,2019-04-01,0001493152-19-004362,False,False,[],False
2019-12-31,2020-12-30,True,1461993,"MELINTA THERAPEUTICS, INC. /NEW/",[],"[""2834""]",10-K,2019-03-14,0001628280-19-002907,False,False,[],False
2019-12-31,2020-12-30,True,1463361,"Unity Biotechnology, Inc.","[""UBX""]","[""2834""]",10-K,2019-03-06,0001564590-19-006397,False,False,[],False
2019-12-31,2020-12-30,True,1466301,"Clovis Oncology, Inc.",[],"[""2834""]",10-K,2019-02-28,0001558370-19-001212,False,False,[],False
2019-12-31,2020-12-30,True,1467154,"Novan, Inc.",[],"[""2834""]",10-K/A,2019-04-30,0001467154-19-000021,False,False,[],False
2019-12-31,2020-12-30,True,1467652,"Neos Therapeutics, Inc.",[],"[""2834""]",10-K,2019-03-18,0001047469-19-001344,False,False,[],False
2019-12-31,2020-12-30,True,1468748,Kodiak Sciences Inc.,"[""KOD""]","[""2836""]",10-K,2019-03-27,0001564590-19-009601,False,False,[],False
2019-12-31,2020-12-30,True,1472091,"Edge Therapeutics, Inc.","[""PDSB""]","[""2834""]",10-K,2019-02-21,0001140361-19-003636,False,False,[],False
2019-12-31,2020-12-30,True,1476963,"HEAT BIOLOGICS, INC.","[""SCPX""]","[""2834""]",10-K/A,2019-04-24,0001553350-19-000432,False,False,[],False
2019-12-31,2020-12-30,True,1478069,CONTRAFECT Corp,"[""CFRXQ""]","[""2834""]",10-K,2019-03-14,0001193125-19-074982,False,False,[],False
2019-12-31,2020-12-30,True,1478121,Pfenex Inc.,[],"[""2834""]",10-K,2019-03-11,0001193125-19-070864,True,True,"[""f0296384983fac0b9a6b""]",False
2019-12-31,2020-12-30,True,1478242,IQVIA HOLDINGS INC.,"[""IQV""]","[""8731""]",10-K,2019-02-19,0001564590-19-003180,False,False,[],False
2019-12-31,2020-12-30,True,1479290,"Revance Therapeutics, Inc.","[""RVNC""]","[""2834""]",10-K,2019-02-28,0001479290-19-000030,False,False,[],False
2019-12-31,2020-12-30,True,1479419,"Kala Pharmaceuticals, Inc.","[""KALA""]","[""2834""]",10-K,2019-03-12,0001558370-19-001825,False,False,[],False
2019-12-31,2020-12-30,True,1485003,"Sesen Bio, Inc.","[""CARM""]","[""2834""]",10-K,2019-03-01,0001485003-19-000015,False,False,[],False
2019-12-31,2020-12-30,True,1488039,ATOSSA GENETICS INC,"[""ATOS""]","[""2834""]",10-K,2019-03-28,0001437749-19-005927,False,False,[],False
2019-12-31,2020-12-30,True,1492422,"Apellis Pharmaceuticals, Inc.","[""APLS""]","[""2834""]",10-K,2019-02-26,0001564590-19-004492,False,False,[],False
2019-12-31,2020-12-30,True,1492426,Horizon Pharma plc,[],"[""2834""]",10-K,2019-02-27,0001564590-19-004667,False,False,[],False
2019-12-31,2020-12-30,True,1493566,"OTONOMY, INC.",[],"[""2834""]",10-K,2019-03-04,0001564590-19-006043,False,False,[],False
2019-12-31,2020-12-30,True,1494650,"OptiNose, Inc.","[""OPTN""]","[""2834""]",10-K,2019-03-06,0001494650-19-000020,False,False,[],False
2019-12-31,2020-12-30,True,1496671,"Calithera Biosciences, Inc.","[""CALA""]","[""2834""]",10-K,2019-03-07,0001564590-19-006798,False,False,[],False
2019-12-31,2020-12-30,True,1497253,"ORGANOVO HOLDINGS, INC.","[""ONVO""]","[""2836""]",10-K,2019-06-03,0001564590-19-021444,False,False,[],False
2019-12-31,2020-12-30,True,1497504,PLx Pharma Inc.,[],"[""2834""]",10-K/A,2019-04-02,0001437749-19-006284,False,False,[],False
2019-12-31,2020-12-30,True,1498382,"DelMar Pharmaceuticals, Inc.","[""KTRA""]","[""2834""]",10-K,2019-09-09,0001213900-19-017497,False,False,[],False
2019-12-31,2020-12-30,True,1498403,BioLineRx Ltd.,"[""BLRX""]","[""2834""]",20-F/A,2019-07-30,0001178913-19-001988,False,False,[],False
2019-12-31,2020-12-30,True,1501697,"Arsanis, Inc.","[""XFOR"", ""XFOWW""]","[""2836""]",10-K,2019-03-11,0001564590-19-007097,False,False,[],False
2019-12-31,2020-12-30,True,1501756,"Adverum Biotechnologies, Inc.","[""ADVM""]","[""2836""]",10-K/A,2019-04-30,0001193125-19-126512,False,False,[],False
2019-12-31,2020-12-30,True,1501989,"CytomX Therapeutics, Inc.","[""CTMX""]","[""2834""]",10-K,2019-02-27,0001564590-19-004890,False,False,[],False
2019-12-31,2020-12-30,True,1503802,Karyopharm Therapeutics Inc.,"[""KPTI""]","[""2834""]",10-K,2019-02-28,0001193125-19-057610,False,False,[],False
2019-12-31,2020-12-30,True,1504167,BioPharmX Corp,[],"[""2834""]",10-K,2019-03-14,0001558370-19-002016,False,False,[],False
2019-12-31,2020-12-30,True,1505512,Regulus Therapeutics Inc.,"[""RGLS""]","[""2834""]",10-K/A,2019-04-29,0001628280-19-004952,False,False,[],False
2019-12-31,2020-12-30,True,1506184,IMMUTEP Ltd,"[""IMMP""]","[""2834""]",20-F,2019-09-23,0001193125-19-252176,False,False,[],False
2019-12-31,2020-12-30,True,1506251,"Citius Pharmaceuticals, Inc.","[""CTXR""]","[""2834""]",10-K,2019-12-16,0001213900-19-026259,False,False,[],False
2019-12-31,2020-12-30,True,1509745,"LEAP THERAPEUTICS, INC.","[""LPTX""]","[""2834""]",10-K,2019-04-01,0001047469-19-001830,False,False,[],False
2019-12-31,2020-12-30,True,1510487,Principia Biopharma Inc.,[],"[""2834""]",10-K,2019-03-19,0001564590-19-008448,True,True,"[""ad719b72d6d9c8b98fa2""]",False
2019-12-31,2020-12-30,True,1512762,"Coherus BioSciences, Inc.","[""CHRS""]","[""2836""]",10-K,2019-02-28,0001564590-19-005470,False,False,[],False
2019-12-31,2020-12-30,True,1513525,"ADIAL PHARMACEUTICALS, INC.","[""ADIL""]","[""2834""]",10-K,2019-02-19,0001213900-19-002769,False,False,[],False
2019-12-31,2020-12-30,True,1513818,"Aravive, Inc.",[],"[""2834""]",10-K/A,2019-04-30,0001564590-19-013919,False,False,[],False
2019-12-31,2020-12-30,True,1513856,"Neurotrope, Inc.",[],"[""2834""]",10-K,2019-03-08,0001144204-19-013080,False,True,"[""7f9d9ae96a44c70dc2fe""]",False
2019-12-31,2020-12-30,True,1515673,Ultragenyx Pharmaceutical Inc.,"[""RARE""]","[""2834""]",10-K,2019-02-20,0001564590-19-003324,False,False,[],False
2019-12-31,2020-12-30,True,1516479,"Insys Therapeutics, Inc.",[],"[""2834""]",10-K/A,2019-04-30,0001564590-19-014285,False,False,[],False
2019-12-31,2020-12-30,True,1517022,"Akebia Therapeutics, Inc.","[""AKBA""]","[""2834""]",10-K,2019-03-26,0001564590-19-009340,False,False,[],False
2019-12-31,2020-12-30,True,1520262,Alkermes plc.,"[""ALKS""]","[""2834""]",10-K,2019-02-15,0001564590-19-003060,False,False,[],False
2019-12-31,2020-12-30,True,1521036,"Lantheus Holdings, Inc.","[""LNTH""]","[""2835""]",10-K,2019-02-20,0001628280-19-001574,False,False,[],False
2019-12-31,2020-12-30,True,1522602,"CohBar, Inc.","[""CWBR""]","[""2834""]",10-K,2019-03-18,0001213900-19-004358,False,False,[],False
2019-12-31,2020-12-30,True,1526119,"Verastem, Inc.","[""VSTM""]","[""2834""]",10-K,2019-03-12,0001558370-19-001852,False,False,[],False
2019-12-31,2020-12-30,True,1527599,"SYNLOGIC, INC.","[""SYBX""]","[""2834""]",10-K,2019-03-12,0001564590-19-007367,False,False,[],False
2019-12-31,2020-12-30,True,1527728,Enochian Biosciences Inc,"[""RENB""]","[""2834""]",10-K/A,2019-10-28,0001731122-19-000631,False,False,[],False
2019-12-31,2020-12-30,True,1533040,Phio Pharmaceuticals Corp.,"[""PHIO""]","[""2834""]",10-K,2019-03-27,0001683168-19-000795,False,False,[],False
2019-12-31,2020-12-30,True,1534120,Cerecor Inc.,"[""AVTX""]","[""2834""]",10-K/A,2019-04-23,0001628280-19-004589,False,False,[],False
2019-12-31,2020-12-30,True,1534248,Anchiano Therapeutics Ltd.,"[""CMMB""]","[""2834""]",20-F/A,2019-04-24,0001144204-19-020986,False,False,[],False
2019-12-31,2020-12-30,True,1534525,"Xenetic Biosciences, Inc.","[""XBIO""]","[""2834""]",10-K/A,2019-04-30,0001683168-19-001259,False,False,[],False
2019-12-31,2020-12-30,True,1535955,Lipocine Inc.,"[""LPCN""]","[""2834""]",10-K,2019-03-06,0001144204-19-012434,False,False,[],False
2019-12-31,2020-12-30,True,1536196,Can-Fite BioPharma Ltd.,"[""CANF""]","[""2834""]",20-F/A,2019-04-02,0001213900-19-005569,False,False,[],False
2019-12-31,2020-12-30,True,1537917,"TYME TECHNOLOGIES, INC.",[],"[""2834""]",10-K,2019-06-12,0001564590-19-022300,False,False,[],False
2019-12-31,2020-12-30,True,1539029,"Clearside Biomedical, Inc.","[""CLSD""]","[""2834""]",10-K,2019-03-15,0001564590-19-007887,False,False,[],False
2019-12-31,2020-12-30,True,1541157,Akari Therapeutics Plc,"[""AKTX""]","[""2834""]",20-F,2019-04-23,0001144204-19-020749,False,False,[],False
2019-12-31,2020-12-30,True,1544227,"Millendo Therapeutics, Inc.","[""TPST""]","[""2834""]",10-K,2019-04-01,0001558370-19-002660,False,False,[],False
2019-12-31,2020-12-30,True,1551152,AbbVie Inc.,"[""ABBV""]","[""2834""]",10-K,2019-02-27,0001551152-19-000008,False,False,[],False
2019-12-31,2020-12-30,True,1551986,"INNOVATE BIOPHARMACEUTICALS, INC.","[""NMTRQ""]","[""2834""]",10-K,2019-03-18,0001551986-19-000019,False,False,[],False
2019-12-31,2020-12-30,True,1552451,MyoKardia Inc,[],"[""2834""]",10-K,2019-02-28,0001564590-19-005543,True,True,"[""aec80d20f651f5da2f44""]",False
2019-12-31,2020-12-30,True,1552795,Benitec Biopharma LTD/ADR,[],"[""2834""]",20-F,2019-10-30,0001564590-19-038501,False,False,[],False
2019-12-31,2020-12-30,True,1553846,RedHill Biopharma Ltd.,"[""RDHL""]","[""2834""]",20-F/A,2019-05-15,0001558370-19-005053,False,False,[],False
2019-12-31,2020-12-30,True,1555280,Zoetis Inc.,"[""ZTS""]","[""2834""]",10-K,2019-02-14,0001555280-19-000041,False,False,[],False
2019-12-31,2020-12-30,True,1556263,"Syros Pharmaceuticals, Inc.","[""SYRS""]","[""2834""]",10-K,2019-03-07,0001564590-19-006610,False,False,[],False
2019-12-31,2020-12-30,True,1557142,"Kadmon Holdings, Inc.",[],"[""2834""]",10-K,2019-03-07,0001557142-19-000020,False,False,[],False
2019-12-31,2020-12-30,True,1557746,"Aclaris Therapeutics, Inc.","[""ACRS""]","[""2834""]",10-K,2019-03-18,0001558370-19-002211,False,False,[],False
2019-12-31,2020-12-30,True,1557883,"Dermira, Inc.",[],"[""2834""]",10-K,2019-02-26,0001564590-19-004452,True,True,"[""536b6d92c91f369bba0a""]",False
2019-12-31,2020-12-30,True,1559053,Prothena Corp plc,"[""PRTA""]","[""2834""]",10-K,2019-03-15,0001559053-19-000007,False,False,[],False
2019-12-31,2020-12-30,True,1560241,"G1 Therapeutics, Inc.","[""GTHX""]","[""2834""]",10-K/A,2019-04-26,0001193125-19-122482,False,False,[],False
2019-12-31,2020-12-30,True,1561743,"Kindred Biosciences, Inc.",[],"[""2834""]",10-K,2019-03-06,0001561743-19-000030,False,False,[],False
2019-12-31,2020-12-30,True,1563855,SOPHIRIS BIO INC.,[],"[""2834""]",10-K,2019-03-13,0001437749-19-004801,False,False,[],False
2019-12-31,2020-12-30,True,1564824,Allakos Inc.,"[""ALLK""]","[""2834""]",10-K,2019-03-14,0001564590-19-007820,False,False,[],False
2019-12-31,2020-12-30,True,1566044,Menlo Therapeutics Inc.,"[""VYNE""]","[""2834""]",10-K,2019-02-28,0001564590-19-005451,False,False,[],False
2019-12-31,2020-12-30,True,1566049,Arcturus Therapeutics Ltd.,[],"[""2834""]",10-K/A,2019-04-10,0001564590-19-011220,False,False,[],False
2019-12-31,2020-12-30,True,1566373,"Spring Bank Pharmaceuticals, Inc.",[],"[""2834""]",10-K/A,2019-04-30,0001564590-19-014323,False,False,[],False
2019-12-31,2020-12-30,True,1567514,"Intra-Cellular Therapies, Inc.","[""ITCI""]","[""2834""]",10-K,2019-02-27,0001193125-19-054119,False,False,[],False
2019-12-31,2020-12-30,True,1567529,KAMADA LTD,"[""KMDA""]","[""2834""]",20-F,2019-02-27,0001178913-19-000698,False,False,[],False
2019-12-31,2020-12-30,True,1567892,Mallinckrodt plc,[],"[""2834""]",10-K,2019-02-26,0001567892-19-000009,False,False,[],False
2019-12-31,2020-12-30,True,1570562,"Evolus, Inc.","[""EOLS""]","[""2834""]",10-K/A,2019-08-12,0001570562-19-000128,False,False,[],False
2019-12-31,2020-12-30,True,1571498,"Epizyme, Inc.",[],"[""2834""]",10-K,2019-02-26,0001564590-19-004237,False,False,[],False
2019-12-31,2020-12-30,True,1574235,"Pulmatrix, Inc.","[""PULM""]","[""2834""]",10-K/A,2019-07-24,0001193125-19-200673,False,False,[],False
2019-12-31,2020-12-30,True,1576263,"Mirati Therapeutics, Inc.",[],"[""2834""]",10-K,2019-02-28,0001628280-19-002289,False,False,[],False
2019-12-31,2020-12-30,True,1579428,"Axsome Therapeutics, Inc.","[""AXSM""]","[""2834""]",10-K,2019-03-15,0001558370-19-002068,False,False,[],False
2019-12-31,2020-12-30,True,1580149,BIOVIE INC.,"[""BIVI""]","[""2834""]",10-K,2019-09-27,0001520138-19-000336,False,False,[],False
2019-12-31,2020-12-30,True,1581280,Twist Bioscience Corp,"[""TWST""]","[""2836""]",10-K,2019-12-13,0001193125-19-313115,False,False,[],False
2019-12-31,2020-12-30,True,1582313,Xenon Pharmaceuticals Inc.,"[""XENE""]","[""2834""]",10-K,2019-03-06,0001564590-19-006514,False,False,[],False
2019-12-31,2020-12-30,True,1582554,"Matinas BioPharma Holdings, Inc.","[""MTNB""]","[""2834""]",10-K,2019-04-01,0001493152-19-004560,False,False,[],False
2019-12-31,2020-12-30,True,1583107,"Theravance Biopharma, Inc.","[""TBPH""]","[""2834""]",10-K,2019-02-28,0001558370-19-001346,False,False,[],False
2019-12-31,2020-12-30,True,1583648,"PIERIS PHARMACEUTICALS, INC.","[""PIRS""]","[""8731""]",10-K,2019-03-18,0001583648-19-000011,False,False,[],False
2019-12-31,2020-12-30,True,1583771,"ContraVir Pharmaceuticals, Inc.","[""HEPA"", ""CTRVP""]","[""2834""]",10-K,2019-03-14,0001104659-19-014652,False,False,[],False
2019-12-31,2020-12-30,True,1585364,PERRIGO Co plc,"[""PRGO""]","[""2834""]",10-K,2019-02-27,0001585364-19-000016,False,False,[],False
2019-12-31,2020-12-30,True,1585608,"Jaguar Health, Inc.","[""JAGX""]","[""2834""]",10-K,2019-04-10,0001558370-19-002908,False,False,[],False
2019-12-31,2020-12-30,True,1586049,Oxford Immunotec Global PLC,[],"[""2835""]",10-K,2019-03-28,0001437749-19-005832,False,False,[],False
2019-12-31,2020-12-30,True,1586105,Egalet Corp,[],"[""2834""]",10-K/A,2019-04-30,0001558370-19-003493,False,False,[],False
2019-12-31,2020-12-30,True,1587221,Zosano Pharma Corp,[],"[""2834""]",10-K,2019-03-25,0001587221-19-000006,False,False,[],False
2019-12-31,2020-12-30,True,1588972,"Recro Pharma, Inc.",[],"[""2834""]",10-K,2019-02-19,0001564590-19-003187,False,False,[],False
2019-12-31,2020-12-30,True,1590560,uniQure N.V.,"[""QURE""]","[""2834""]",10-K/A,2019-04-29,0001104659-19-024560,False,False,[],False
2019-12-31,2020-12-30,True,1590877,REGENXBIO Inc.,"[""RGNX""]","[""2836""]",10-K,2019-02-27,0001564590-19-004920,False,False,[],False
2019-12-31,2020-12-30,True,1593034,Endo International plc,[],"[""2834""]",10-K,2019-02-28,0001593034-19-000009,False,False,[],False
2019-12-31,2020-12-30,True,1593984,MediWound Ltd.,"[""MDWD""]","[""2833""]",20-F,2019-03-25,0001178913-19-000913,False,False,[],False
2019-12-31,2020-12-30,True,1595097,"Corbus Pharmaceuticals Holdings, Inc.","[""CRBP""]","[""2834""]",10-K,2019-03-12,0001493152-19-003143,False,False,[],False
2019-12-31,2020-12-30,True,1595248,"Genprex, Inc.","[""GNPX""]","[""2834""]",10-K/A,2019-10-16,0001437749-19-020136,False,False,[],False
2019-12-31,2020-12-30,True,1595353,Galmed Pharmaceuticals Ltd.,"[""GLMD""]","[""2834""]",20-F,2019-03-13,0001144204-19-013601,False,False,[],False
2019-12-31,2020-12-30,True,1595585,"Tricida, Inc.",[],"[""2834""]",10-K/A,2019-04-01,0001595585-19-000075,False,False,[],False
2019-12-31,2020-12-30,True,1596783,"Catalent, Inc.","[""CTLT""]","[""2834""]",10-K,2019-08-27,0001596783-19-000183,False,False,[],False
2019-12-31,2020-12-30,True,1596812,Enlivex Therapeutics Ltd.,"[""ENLV""]","[""2834""]",20-F,2019-04-30,0001213900-19-007437,False,False,[],False
2019-12-31,2020-12-30,True,1596946,Quotient Ltd,[],"[""2835""]",10-K/A,2019-06-14,0001193125-19-173788,False,False,[],False
2019-12-31,2020-12-30,True,1597264,Blueprint Medicines Corp,"[""BPMC""]","[""2834""]",10-K,2019-02-26,0001558370-19-001094,False,False,[],False
2019-12-31,2020-12-30,True,1597553,"Sage Therapeutics, Inc.","[""SAGE""]","[""2834""]",10-K,2019-02-19,0001564590-19-003191,False,False,[],False
2019-12-31,2020-12-30,True,1598646,"Minerva Neurosciences, Inc.","[""NERV""]","[""2834""]",10-K,2019-03-12,0001564590-19-007246,False,False,[],False
2019-12-31,2020-12-30,True,1599298,Summit Therapeutics plc,"[""SMMT""]","[""2834""]",20-F,2019-03-29,0001599298-19-000008,False,False,[],False
2019-12-31,2020-12-30,True,1600132,"Bellerophon Therapeutics, Inc.","[""BLPH""]","[""2834""]",10-K,2019-03-14,0001600132-19-000056,False,False,[],False
2019-12-31,2020-12-30,True,1600620,Aurinia Pharmaceuticals Inc.,"[""AUPH""]","[""2834""]",40-F,2019-03-19,0001628280-19-003130,False,False,[],False
2019-12-31,2020-12-30,True,1600847,Gamida Cell Ltd.,[],"[""2836""]",20-F,2019-02-25,0001140361-19-003787,False,False,[],False
2019-12-31,2020-12-30,True,1601936,Auris Medical Holding AG,"[""CYTO""]","[""2834""]",20-F,2019-03-14,0001601936-19-000008,False,False,[],False
2019-12-31,2020-12-30,True,1603207,Vascular Biogenics Ltd.,"[""NTBL""]","[""2834""]",20-F,2019-03-28,0001493152-19-004066,False,False,[],False
2019-12-31,2020-12-30,True,1604191,"AzurRx BioPharma, Inc.","[""ENTO""]","[""2834""]",10-K/A,2019-04-30,0001654954-19-005061,False,False,[],False
2019-12-31,2020-12-30,True,1604464,"Atara Biotherapeutics, Inc.","[""ATRA""]","[""2836""]",10-K,2019-02-26,0001564590-19-004275,False,False,[],False
2019-12-31,2020-12-30,True,1604924,Forward Pharma A/S,[],"[""2834""]",20-F,2019-04-04,0001047469-19-001957,False,False,[],False
2019-12-31,2020-12-30,True,1604950,scPharmaceuticals Inc.,"[""SCPH""]","[""2834""]",10-K,2019-03-21,0001564590-19-008726,False,False,[],False
2019-12-31,2020-12-30,True,1606645,Foamix Pharmaceuticals Ltd.,[],"[""2833""]",10-K,2019-02-28,0001178913-19-000725,False,True,"[""5aa5957098b67fa52958""]",False
2019-12-31,2020-12-30,True,1607678,"Viking Therapeutics, Inc.","[""VKTX""]","[""2834""]",10-K,2019-03-13,0001564590-19-007584,False,False,[],False
2019-12-31,2020-12-30,True,1608390,Affimed N.V.,"[""AFMD""]","[""2834""]",20-F,2019-03-27,0001558370-19-002456,False,False,[],False
2019-12-31,2020-12-30,True,1609809,"Seres Therapeutics, Inc.","[""MCRB""]","[""2834""]",10-K,2019-03-06,0001564590-19-006423,False,False,[],False
2019-12-31,2020-12-30,True,1610618,"Cidara Therapeutics, Inc.","[""CDTX""]","[""2836""]",10-K,2019-02-28,0001610618-19-000012,False,False,[],False
2019-12-31,2020-12-30,True,1610950,"Syneos Health, Inc.",[],"[""8731""]",10-K,2019-03-18,0001610950-19-000008,False,False,[],False
2019-12-31,2020-12-30,True,1611746,Therapix Biosciences Ltd.,"[""SPRC""]","[""2834""]",20-F,2019-05-15,0001213900-19-008868,False,False,[],False
2019-12-31,2020-12-30,True,1611747,BiondVax Pharmaceuticals Ltd.,"[""SCNI""]","[""2836""]",20-F,2019-04-30,0001213900-19-007348,False,False,[],False
2019-12-31,2020-12-30,True,1612042,Ascendis Pharma A/S,"[""ASND""]","[""2834""]",20-F,2019-04-03,0001193125-19-096759,False,False,[],False
2019-12-31,2020-12-30,True,1612940,ProQR Therapeutics N.V.,"[""PRQR""]","[""2834""]",20-F,2019-03-28,0001558370-19-002525,False,False,[],False
2019-12-31,2020-12-30,True,1613780,DBV Technologies S.A.,"[""DBVT""]","[""2836""]",20-F,2019-04-01,0001193125-19-094568,False,False,[],False
2019-12-31,2020-12-30,True,1613859,"PRA Health Sciences, Inc.",[],"[""8731""]",10-K,2019-02-28,0001613859-19-000008,False,False,[],False
2019-12-31,2020-12-30,True,1614067,"Aridis Pharmaceuticals, Inc.","[""ARDS""]","[""2834""]",10-K/A,2019-06-12,0001104659-19-034957,False,False,[],False
2019-12-31,2020-12-30,True,1614744,Kitov Pharma Ltd.,"[""PPBT""]","[""2834""]",20-F/A,2019-04-03,0001213900-19-005687,False,False,[],False
2019-12-31,2020-12-30,True,1615219,"Flex Pharma, Inc.","[""SLRX""]","[""2834""]",10-K/A,2019-04-16,0001615219-19-000012,False,False,[],False
2019-12-31,2020-12-30,True,1616212,Trillium Therapeutics Inc.,[],"[""2834""]",20-F,2019-03-11,0001062993-19-001231,False,False,[],False
2019-12-31,2020-12-30,True,1618835,"Evofem Biosciences, Inc.","[""EVFM""]","[""2834""]",10-K,2019-03-01,0001618835-19-000031,False,False,[],False
2019-12-31,2020-12-30,True,1620737,ORGANIGRAM HOLDINGS INC.,"[""OGI""]","[""2834""]",40-F/A,2019-12-27,0001062993-19-004846,False,False,[],False
2019-12-31,2020-12-30,True,1621227,Adaptimmune Therapeutics PLC,"[""ADAP""]","[""2836""]",10-K,2019-02-27,0001558370-19-001209,False,False,[],False
2019-12-31,2020-12-30,True,1621443,"Zynerba Pharmaceuticals, Inc.",[],"[""2834""]",10-K,2019-03-11,0001558370-19-001742,False,False,[],False
2019-12-31,2020-12-30,True,1622229,Unum Therapeutics Inc.,"[""COGT""]","[""2834""]",10-K,2019-03-28,0001193125-19-089299,False,True,"[""3ddc9ca1e131cbbca327""]",False
2019-12-31,2020-12-30,True,1624422,Erytech Pharma S.A.,[],"[""2836""]",20-F,2019-03-29,0001564590-19-010079,False,False,[],False
2019-12-31,2020-12-30,True,1624658,"Allena Pharmaceuticals, Inc.",[],"[""2836""]",10-K,2019-03-07,0001564590-19-006630,False,False,[],False
2019-12-31,2020-12-30,True,1626199,"ALPINE IMMUNE SCIENCES, INC.",[],"[""2834""]",10-K,2019-03-18,0001626199-19-000010,False,False,[],False
2019-12-31,2020-12-30,True,1626878,XBiotech Inc.,"[""XBIT""]","[""2834""]",10-K/A,2019-03-15,0001171843-19-001758,False,False,[],False
2019-12-31,2020-12-30,True,1626971,"Corvus Pharmaceuticals, Inc.","[""CRVS""]","[""2834""]",10-K,2019-03-07,0001558370-19-001660,False,False,[],False
2019-12-31,2020-12-30,True,1627281,Cellectis S.A.,"[""CLLS""]","[""2836""]",20-F/A,2019-04-25,0001193125-19-118247,False,False,[],False
2019-12-31,2020-12-30,True,1629137,"Global Blood Therapeutics, Inc.",[],"[""2834""]",10-K,2019-02-27,0001193125-19-054260,False,False,[],False
2019-12-31,2020-12-30,True,1631574,Wave Life Sciences Ltd.,"[""WVE""]","[""2834""]",10-K/A,2019-04-29,0001193125-19-125660,False,False,[],False
2019-12-31,2020-12-30,True,1631650,"Aimmune Therapeutics, Inc.",[],"[""2834""]",10-K,2019-02-28,0001564590-19-005514,True,True,"[""227440a04f14c4f1b475""]",False
2019-12-31,2020-12-30,True,1633932,ESSA Pharma Inc.,"[""EPIX""]","[""2834""]",20-F,2019-12-20,0001104659-19-074530,False,False,[],False
2019-12-31,2020-12-30,True,1634432,Strongbridge Biopharma plc,[],"[""2834""]",10-K,2019-02-27,0001558370-19-001146,False,False,[],False
2019-12-31,2020-12-30,True,1636050,Axovant Gene Therapies Ltd.,[],"[""2834""]",10-K,2019-06-11,0001636050-19-000053,False,False,[],False
2019-12-31,2020-12-30,True,1636282,"Aeglea BioTherapeutics, Inc.","[""SYRE""]","[""2834""]",10-K,2019-03-07,0001564590-19-006771,False,False,[],False
2019-12-31,2020-12-30,True,1636651,Ovid Therapeutics Inc.,"[""OVID""]","[""2834""]",10-K,2019-03-07,0001564590-19-006804,False,False,[],False
2019-12-31,2020-12-30,True,1637890,CELYAD S.A.,[],"[""2834""]",20-F,2019-04-05,0001193125-19-099411,False,False,[],False
2019-12-31,2020-12-30,True,1638097,Entera Bio Ltd.,"[""ENTX""]","[""2836""]",20-F/A,2019-04-17,0000950103-19-004878,False,False,[],False
2019-12-31,2020-12-30,True,1638287,Gemphire Therapeutics Inc.,"[""NRBO""]","[""2834""]",10-K,2019-03-18,0001558370-19-002192,False,False,[],False
2019-12-31,2020-12-30,True,1638381,Intec Pharma Ltd.,[],"[""2834""]",10-K,2019-02-27,0001213900-19-003211,False,False,[],False
2019-12-31,2020-12-30,True,1640266,"Voyager Therapeutics, Inc.","[""VYGR""]","[""2836""]",10-K,2019-02-26,0001558370-19-001105,False,False,[],False
2019-12-31,2020-12-30,True,1640455,"Jounce Therapeutics, Inc.",[],"[""2836""]",10-K,2019-03-06,0001640455-19-000021,False,False,[],False
2019-12-31,2020-12-30,True,1641489,vTv Therapeutics Inc.,"[""VTVT""]","[""2834""]",10-K,2019-02-26,0001564590-19-004516,False,False,[],False
2019-12-31,2020-12-30,True,1641640,Nabriva Therapeutics plc,[],"[""2834""]",10-K,2019-03-12,0001047469-19-001138,False,False,[],False
2019-12-31,2020-12-30,True,1642380,OncoCyte Corp,"[""OCX""]","[""2835""]",10-K/A,2019-04-30,0001493152-19-006166,False,False,[],False
2019-12-31,2020-12-30,True,1643918,Midatech Pharma Plc,"[""BDRX""]","[""2834""]",20-F/A,2019-05-28,0001214659-19-003834,False,False,[],False
2019-12-31,2020-12-30,True,1644963,"AVENUE THERAPEUTICS, INC.","[""ATXI""]","[""2834""]",10-K,2019-03-12,0001144204-19-013543,False,False,[],False
2019-12-31,2020-12-30,True,1645460,"Cue Biopharma, Inc.","[""CUE""]","[""2834""]",10-K/A,2019-07-09,0001193125-19-191276,False,False,[],False
2019-12-31,2020-12-30,True,1645666,"Kezar Life Sciences, Inc.","[""KZR""]","[""2834""]",10-K,2019-03-26,0001564590-19-009369,False,False,[],False
2019-12-31,2020-12-30,True,1647320,Clementia Pharmaceuticals Inc.,[],"[""2834""]",20-F,2019-03-29,0001171843-19-002074,False,False,[],False
2019-12-31,2020-12-30,True,1648257,Hutchison China MediTech Ltd,"[""HCM"", ""HMDCF""]","[""2834""]",20-F/A,2019-05-30,0001104659-19-032556,False,False,[],False
2019-12-31,2020-12-30,True,1649904,"RHYTHM PHARMACEUTICALS, INC.","[""RYTM""]","[""2834""]",10-K,2019-03-08,0001558370-19-001698,False,False,[],False
2019-12-31,2020-12-30,True,1649989,"Outlook Therapeutics, Inc.","[""OTLK""]","[""2836""]",10-K,2019-12-19,0001104659-19-074095,False,False,[],False
2019-12-31,2020-12-30,True,1650664,"Editas Medicine, Inc.","[""EDIT""]","[""2836""]",10-K,2019-03-01,0001558370-19-001364,False,False,[],False
2019-12-31,2020-12-30,True,1651308,"BeiGene, Ltd.","[""BGNE"", ""BEIGF""]","[""2834""]",10-K,2019-02-28,0001651308-19-000018,False,False,[],False
2019-12-31,2020-12-30,True,1651311,Merus N.V.,"[""MRUS""]","[""2834""]",20-F,2019-04-03,0001193125-19-096700,False,False,[],False
2019-12-31,2020-12-30,True,1651407,"Checkpoint Therapeutics, Inc.","[""CKPT""]","[""2834""]",10-K,2019-03-18,0001144204-19-014409,False,False,[],False
2019-12-31,2020-12-30,True,1651625,AC Immune SA,"[""ACIU""]","[""2834""]",20-F/A,2019-04-19,0000950103-19-004949,False,False,[],False
2019-12-31,2020-12-30,True,1652130,"Intellia Therapeutics, Inc.","[""NTLA""]","[""2835""]",10-K,2019-02-27,0001564590-19-004680,False,False,[],False
2019-12-31,2020-12-30,True,1652499,CannTrust Holdings Inc.,[],"[""2833""]",40-F/A,2019-04-05,0001144204-19-018455,False,False,[],False
2019-12-31,2020-12-30,True,1653087,"Alector, Inc.","[""ALEC""]","[""2836""]",10-K,2019-03-26,0001564590-19-009358,False,False,[],False
2019-12-31,2020-12-30,True,1654151,"Deciphera Pharmaceuticals, Inc.",[],"[""2834""]",10-K,2019-03-14,0001193125-19-074791,False,False,[],False
2019-12-31,2020-12-30,True,1655759,"ARVINAS, INC.","[""ARVN""]","[""2834""]",10-K,2019-03-26,0001564590-19-009357,False,False,[],False
2019-12-31,2020-12-30,True,1656328,"Sienna Biopharmaceuticals, Inc.",[],"[""2834""]",10-K,2019-03-14,0001193125-19-074162,False,False,[],False
2019-12-31,2020-12-30,True,1656472,Cronos Group Inc.,"[""CRON""]","[""2833""]",40-F,2019-03-26,0001193125-19-085847,False,False,[],False
2019-12-31,2020-12-30,True,1656634,"Gritstone Oncology, Inc.","[""GRTS""]","[""2836""]",10-K/A,2019-04-19,0001193125-19-111139,False,False,[],False
2019-12-31,2020-12-30,True,1657312,Verona Pharma plc,"[""VRNA""]","[""2834""]",20-F,2019-03-19,0001657312-19-000007,False,False,[],False
2019-12-31,2020-12-30,True,1658247,"Crinetics Pharmaceuticals, Inc.","[""CRNX""]","[""2834""]",10-K,2019-03-13,0001564590-19-007561,False,False,[],False
2019-12-31,2020-12-30,True,1659323,Iterum Therapeutics plc,"[""ITRM""]","[""2834""]",10-K,2019-03-25,0001564590-19-009089,False,False,[],False
2019-12-31,2020-12-30,True,1659617,"Moleculin Biotech, Inc.","[""MBRX""]","[""2834""]",10-K,2019-02-21,0001659617-19-000018,False,False,[],False
2019-12-31,2020-12-30,True,1660046,Immuron Ltd,"[""IMRN""]","[""2834""]",20-F,2019-10-28,0001213900-19-021197,False,False,[],False
2019-12-31,2020-12-30,True,1660334,Verrica Pharmaceuticals Inc.,"[""VRCA""]","[""2834""]",10-K,2019-03-07,0001564590-19-006800,False,False,[],False
2019-12-31,2020-12-30,True,1661181,Organogenesis Holdings Inc.,"[""ORGO""]","[""2834""]",10-K/A,2019-04-30,0001193125-19-129342,False,False,[],False
2019-12-31,2020-12-30,True,1661998,"Homology Medicines, Inc.","[""QTTB""]","[""2834""]",10-K,2019-03-12,0001564590-19-007250,False,False,[],False
2019-12-31,2020-12-30,True,1662524,"AKCEA THERAPEUTICS, INC.",[],"[""2834""]",10-K,2019-03-01,0001564590-19-005745,True,True,"[""d3ba6dac22df9ff65d4b""]",False
2019-12-31,2020-12-30,True,1664106,"LogicBio Therapeutics, Inc.",[],"[""2836""]",10-K,2019-04-01,0001193125-19-094593,False,False,[],False
2019-12-31,2020-12-30,True,1667633,"Forty Seven, Inc.",[],"[""2834""]",10-K,2019-03-28,0001564590-19-009879,True,True,"[""abd186656d91339c7d4b""]",False
2019-12-31,2020-12-30,True,1668243,UroGen Pharma Ltd.,"[""URGN""]","[""2834""]",10-K,2019-02-28,0001564590-19-005323,False,False,[],False
2019-12-31,2020-12-30,True,1671584,Aptevo Therapeutics Inc.,"[""APVO""]","[""2834""]",10-K,2019-03-18,0001564590-19-008184,False,False,[],False
2019-12-31,2020-12-30,True,1674365,Aptinyx Inc.,[],"[""2834""]",10-K,2019-03-21,0001558370-19-002351,False,False,[],False
2019-12-31,2020-12-30,True,1674416,CRISPR Therapeutics AG,"[""CRSP""]","[""2836""]",10-K,2019-02-25,0001564590-19-004115,False,False,[],False
2019-12-31,2020-12-30,True,1674657,Motif Bio plc,[],"[""2834""]",20-F,2019-04-15,0001104659-19-021186,False,False,[],False
2019-12-31,2020-12-30,True,1674988,Zealand Pharma A/S,[],"[""2834""]",20-F/A,2019-09-05,0001104659-19-048891,False,False,[],False
2019-12-31,2020-12-30,True,1677940,BeyondSpring Inc.,"[""BYSI""]","[""2834""]",20-F,2019-04-30,0001140361-19-008017,False,False,[],False
2019-12-31,2020-12-30,True,1679082,Myovant Sciences Ltd.,[],"[""2834""]",10-K,2019-05-24,0001679082-19-000019,False,False,[],False
2019-12-31,2020-12-30,True,1680048,"MUSTANG BIO, INC.","[""MBIO""]","[""2834""]",10-K,2019-03-18,0001144204-19-014624,False,False,[],False
2019-12-31,2020-12-30,True,1681087,"AVROBIO, Inc.","[""TECX""]","[""2836""]",10-K,2019-03-25,0001193125-19-085321,False,False,[],False
2019-12-31,2020-12-30,True,1682639,"EYENOVIA, INC.","[""EYEN""]","[""2834""]",10-K,2019-03-27,0001144204-19-016350,False,False,[],False
2019-12-31,2020-12-30,True,1682852,"Moderna, Inc.","[""MRNA""]","[""2836""]",10-K/A,2019-04-25,0001682852-19-000013,False,False,[],False
2019-12-31,2020-12-30,True,1683541,AURORA CANNABIS INC,"[""ACB""]","[""2833""]",40-F/A,2019-09-13,0001279569-19-001924,False,False,[],False
2019-12-31,2020-12-30,True,1684144,Zomedica Pharmaceuticals Corp.,"[""ZOM""]","[""2834""]",10-K/A,2019-03-14,0001171843-19-001710,False,False,[],False
2019-12-31,2020-12-30,True,1684693,Sol-Gel Technologies Ltd.,"[""SLGL""]","[""2834""]",20-F,2019-03-21,0001178913-19-000896,False,False,[],False
2019-12-31,2020-12-30,True,1685316,ObsEva SA,[],"[""2834""]",20-F,2019-03-05,0001564590-19-006137,False,False,[],False
2019-12-31,2020-12-30,True,1689813,Biohaven Pharmaceutical Holding Co Ltd.,[],"[""2834""]",10-K,2019-02-28,0001689813-19-000014,False,False,[],False
2019-12-31,2020-12-30,True,1690585,"Magenta Therapeutics, Inc.","[""DNTH""]","[""2834""]",10-K,2019-03-19,0001193125-19-078948,False,False,[],False
2019-12-31,2020-12-30,True,1690947,HEXO Corp.,[],"[""2833""]",40-F/A,2019-11-15,0001062993-19-004508,False,False,[],False
2019-12-31,2020-12-30,True,1693415,"Translate Bio, Inc.",[],"[""2836""]",10-K,2019-03-21,0001564590-19-008803,False,False,[],False
2019-12-31,2020-12-30,True,1694187,"Neon Therapeutics, Inc.",[],"[""2836""]",10-K,2019-03-11,0001694187-19-000026,False,True,"[""eb9897491b43fd54569e""]",False
2019-12-31,2020-12-30,True,1694665,"Evelo Biosciences, Inc.","[""EVLO""]","[""2834""]",10-K,2019-02-15,0001694665-19-000013,False,False,[],False
2019-12-31,2020-12-30,True,1695357,"Provention Bio, Inc.",[],"[""2834""]",10-K,2019-03-19,0001493152-19-003588,False,False,[],False
2019-12-31,2020-12-30,True,1696396,Stealth BioTherapeutics Corp,[],"[""2834""]",20-F,2019-04-04,0001193125-19-097880,False,False,[],False
2019-12-31,2020-12-30,True,1697805,Bison Capital Acquisition Corp.,[],"[""2834""]",10-K,2019-03-05,0001213900-19-003564,False,False,[],False
2019-12-31,2020-12-30,True,1697862,ARGENX SE,"[""ARGX""]","[""2836""]",20-F,2019-03-26,0001558370-19-002436,False,False,[],False
2019-12-31,2020-12-30,True,1698530,"EXICURE, INC.","[""XCUR""]","[""2834""]",10-K/A,2019-09-23,0001698530-19-000136,False,False,[],False
2019-12-31,2020-12-30,True,1701108,"Spero Therapeutics, Inc.","[""SPRO""]","[""2834""]",10-K,2019-03-14,0001564590-19-007805,False,False,[],False
2019-12-31,2020-12-30,True,1704292,Zai Lab Ltd,"[""ZLAB""]","[""2834""]",20-F/A,2019-08-23,0001564590-19-032910,False,False,[],False
2019-12-31,2020-12-30,True,1707502,Solid Biosciences Inc.,"[""SLDB""]","[""2836""]",10-K,2019-03-13,0001564590-19-007462,False,False,[],False
2019-12-31,2020-12-30,True,1708493,"Harpoon Therapeutics, Inc.",[],"[""2836""]",10-K,2019-03-14,0001564590-19-007829,False,False,[],False
2019-12-31,2020-12-30,True,1708599,"AgeX Therapeutics, Inc.","[""SER""]","[""2834""]",10-K/A,2019-04-30,0001493152-19-006168,False,False,[],False
2019-12-31,2020-12-30,True,1708688,InflaRx N.V.,"[""IFRX""]","[""2834""]",20-F/A,2019-03-29,0001140361-19-006054,False,False,[],False
2019-12-31,2020-12-30,True,1709401,"Rubius Therapeutics, Inc.",[],"[""2836""]",10-K/A,2019-05-15,0001558370-19-005041,False,False,[],False
2019-12-31,2020-12-30,True,1709626,NuCana plc,"[""NCNA""]","[""2834""]",20-F,2019-03-07,0001564590-19-006811,False,False,[],False
2019-12-31,2020-12-30,True,1710340,"Eton Pharmaceuticals, Inc.","[""ETON""]","[""2834""]",10-K,2019-03-25,0001493152-19-003817,False,False,[],False
2019-12-31,2020-12-30,True,1711279,"Krystal Biotech, Inc.","[""KRYS""]","[""2836""]",10-K,2019-03-12,0001564590-19-007267,False,False,[],False
2019-12-31,2020-12-30,True,1711754,"Inmune Bio, Inc.","[""INMB""]","[""2836""]",10-K,2019-03-29,0001640334-19-000466,False,False,[],False
2019-12-31,2020-12-30,True,1711786,"Hoth Therapeutics, Inc.","[""HOTH""]","[""2834""]",10-K,2019-04-01,0001213900-19-005307,False,False,[],False
2019-12-31,2020-12-30,True,1712641,Biofrontera AG,[],"[""2834""]",20-F,2019-04-29,0001493152-19-006059,False,False,[],False
2019-12-31,2020-12-30,True,1714899,Denali Therapeutics Inc.,"[""DNLI""]","[""2836""]",10-K,2019-03-12,0001714899-19-000015,False,False,[],False
2019-12-31,2020-12-30,True,1717452,"Odonate Therapeutics, Inc.","[""ODTC""]","[""2834""]",10-K,2019-02-22,0001564590-19-003806,False,False,[],False
2019-12-31,2020-12-30,True,1718108,"Surface Oncology, Inc.",[],"[""2836""]",10-K,2019-03-07,0001564590-19-006783,False,False,[],False
2019-12-31,2020-12-30,True,1718903,Realm Therapeutics plc,[],"[""2834""]",20-F,2019-04-10,0001718903-19-000002,False,False,[],False
2019-12-31,2020-12-30,True,1719714,Mereo Biopharma Group plc,"[""MREO""]","[""2834""]",20-F/A,2019-05-29,0001193125-19-159080,False,False,[],False
2019-12-31,2020-12-30,True,1720580,"resTORbio, Inc.","[""ACET""]","[""2834""]",10-K,2019-03-18,0001564590-19-008262,False,False,[],False
2019-12-31,2020-12-30,True,1720893,"BioXcel Therapeutics, Inc.","[""BTAI""]","[""2834""]",10-K,2019-03-12,0001558370-19-001798,False,False,[],False
2019-12-31,2020-12-30,True,1722890,"Taiwan Liposome Company, Ltd.",[],"[""2834""]",20-F,2019-04-30,0001564590-19-013972,False,False,[],False
2019-12-31,2020-12-30,True,1722926,ASLAN Pharmaceuticals Ltd,[],"[""2834""]",20-F,2019-04-29,0001564590-19-013503,False,False,[],False
2019-12-31,2020-12-30,True,1722964,"Y-mAbs Therapeutics, Inc.","[""YMAB""]","[""2834""]",10-K,2019-03-22,0001558370-19-002375,False,False,[],False
2019-12-31,2020-12-30,True,1723069,Tiziana Life Sciences plc,"[""TLSA""]","[""2834""]",20-F,2019-04-04,0001213900-19-005736,False,False,[],False
2019-12-31,2020-12-30,True,1723128,"Amneal Pharmaceuticals, Inc.","[""AMRX""]","[""2834""]",10-K,2019-03-01,0001723128-19-000028,False,False,[],False
2019-12-31,2020-12-30,True,1723980,"China SXT Pharmaceuticals, Inc.","[""SXTC""]","[""2834""]",20-F/A,2019-08-19,0001213900-19-016250,False,False,[],False
2019-12-31,2020-12-30,True,1724344,Entasis Therapeutics Holdings Inc.,[],"[""2834""]",10-K,2019-03-29,0001558370-19-002588,False,False,[],False
2019-12-31,2020-12-30,True,1724521,"Arcus Biosciences, Inc.","[""RCUS""]","[""2834""]",10-K,2019-03-05,0001564590-19-006274,False,False,[],False
2019-12-31,2020-12-30,True,1727196,Scholar Rock Holding Corp,"[""SRRK""]","[""2836""]",10-K,2019-03-19,0001558370-19-002252,False,False,[],False
2019-12-31,2020-12-30,True,1728117,"Gossamer Bio, Inc.","[""GOSS""]","[""2834""]",10-K,2019-03-22,0001564590-19-009031,False,False,[],False
2019-12-31,2020-12-30,True,1730430,"Kiniksa Pharmaceuticals, Ltd.","[""KNSA""]","[""2834""]",10-K,2019-03-12,0001558370-19-001857,False,False,[],False
2019-12-31,2020-12-30,True,1730463,Autolus Therapeutics plc,"[""AUTL""]","[""2836""]",20-F,2019-02-25,0001730463-19-000004,False,False,[],False
2019-12-31,2020-12-30,True,1731348,"Tilray, Inc.","[""TLRY""]","[""2833""]",10-K,2019-03-25,0001564590-19-009157,False,False,[],False
2019-12-31,2020-12-30,True,1731831,"Eidos Therapeutics, Inc.",[],"[""2834""]",10-K,2019-04-15,0001564590-19-011575,False,True,"[""5d151c55b3b41e65401c""]",False
2019-12-31,2020-12-30,True,1733418,Aphria Inc.,[],"[""2833""]",40-F/A,2019-08-26,0001279569-19-001826,False,False,[],False
2019-12-31,2020-12-30,True,1734005,Aptorum Group Ltd,"[""APM""]","[""2834""]",20-F/A,2019-04-22,0001213900-19-006842,False,False,[],False
2019-12-31,2020-12-30,True,1734768,IMV Inc.,[],"[""2834""]",40-F,2019-04-01,0001176256-19-000085,False,False,[],False
2019-12-31,2020-12-30,True,1735438,MeiraGTx Holdings plc,"[""MGTX""]","[""2836""]",10-K,2019-03-26,0001193125-19-086735,False,False,[],False
2019-12-31,2020-12-30,True,1737287,"Allogene Therapeutics, Inc.","[""ALLO""]","[""2836""]",10-K,2019-03-08,0001564590-19-006991,False,False,[],False
2019-12-31,2020-12-30,True,1737927,Canopy Growth Corp,"[""CGC""]","[""2833""]",40-F,2019-06-26,0001564590-19-023506,False,False,[],False
2019-12-31,2020-12-30,True,1737953,"Replimune Group, Inc.","[""REPL""]","[""2836""]",10-K/A,2019-07-29,0001104659-19-042098,False,False,[],False
2019-12-31,2020-12-30,True,1739104,Elanco Animal Health Inc,"[""ELAN""]","[""2834""]",10-K,2019-02-20,0001739104-19-000006,False,False,[],False
2019-12-31,2020-12-30,True,1739426,Osmotica Pharmaceuticals plc,"[""RVLPQ""]","[""2834""]",10-K,2019-03-28,0001558370-19-002499,False,False,[],False
2019-12-31,2020-12-30,True,1740547,Urovant Sciences Ltd.,[],"[""2834""]",10-K,2019-06-14,0001564590-19-022570,False,False,[],False
2019-12-31,2020-12-30,True,1746466,"Equillium, Inc.","[""EQ""]","[""2834""]",10-K,2019-03-27,0001564590-19-009580,False,False,[],False
2019-12-31,2020-12-30,True,1748907,Orchard Therapeutics plc,[],"[""2836""]",20-F/A,2019-04-26,0001564590-19-013383,False,False,[],False
2019-12-31,2020-12-30,True,1750019,TCR2 THERAPEUTICS INC.,[],"[""2836""]",10-K,2019-03-29,0001750019-19-000009,False,False,[],False
2020-12-31,2021-12-31,True,1800,ABBOTT LABORATORIES,"[""ABT""]","[""2834""]",10-K,2020-02-21,0001104659-20-023904,False,False,[],False
2020-12-31,2021-12-31,True,3116,AKORN INC,[],"[""2834""]",10-K/A,2020-04-10,0001628280-20-004869,False,False,[],False
2020-12-31,2021-12-31,True,14272,BRISTOL MYERS SQUIBB CO,"[""BMY"", ""BMYMP"", ""CELG-RI""]","[""2834""]",10-K,2020-02-24,0000014272-20-000082,False,False,[],False
2020-12-31,2021-12-31,True,25743,"TherapeuticsMD, Inc.","[""TXMD""]","[""2834""]",10-K/A,2020-04-29,0001387131-20-004224,False,False,[],False
2020-12-31,2021-12-31,True,34956,"TENAX THERAPEUTICS, INC.","[""TENX""]","[""8731""]",10-K,2020-03-30,0001654954-20-003498,False,False,[],False
2020-12-31,2021-12-31,True,57725,LANNETT CO INC,[],"[""2834""]",10-K,2020-08-27,0001558370-20-010874,False,False,[],False
2020-12-31,2021-12-31,True,59478,ELI LILLY & Co,"[""LLY""]","[""2834""]",10-K,2020-02-19,0000059478-20-000057,False,False,[],False
2020-12-31,2021-12-31,True,70487,NATIONAL RESEARCH CORP,"[""NRC""]","[""8731""]",10-K,2020-03-06,0001437749-20-004493,False,False,[],False
2020-12-31,2021-12-31,True,72444,"Vaxart, Inc.","[""VXRT""]","[""2836""]",10-K,2020-03-19,0001437749-20-005683,False,False,[],False
2020-12-31,2021-12-31,True,73290,BIOMERICA INC,"[""BMRA""]","[""2835""]",10-K,2020-08-31,0001513162-20-000185,False,False,[],False
2020-12-31,2021-12-31,True,78003,PFIZER INC,"[""PFE""]","[""2834""]",10-K,2020-02-27,0000078003-20-000014,False,False,[],False
2020-12-31,2021-12-31,True,93314,VOLITIONRX LTD,"[""VNRX""]","[""2835""]",10-K,2020-02-20,0001078782-20-000134,False,False,[],False
2020-12-31,2021-12-31,True,200406,JOHNSON & JOHNSON,"[""JNJ""]","[""2834""]",10-K,2020-02-18,0000200406-20-000010,False,False,[],False
2020-12-31,2021-12-31,True,275053,NATURES SUNSHINE PRODUCTS INC,"[""NATR""]","[""2834""]",10-K,2020-03-11,0000275053-20-000009,False,False,[],False
2020-12-31,2021-12-31,True,310158,"Merck & Co., Inc.","[""MRK""]","[""2834""]",10-K,2020-02-26,0000310158-20-000005,False,False,[],False
2020-12-31,2021-12-31,True,315545,"PROVECTUS BIOPHARMACEUTICALS, INC.","[""PVCT""]","[""2834""]",10-K,2020-03-05,0001493152-20-003433,False,False,[],False
2020-12-31,2021-12-31,True,318154,AMGEN INC,"[""AMGN""]","[""2836""]",10-K/A,2020-02-13,0000318154-20-000019,False,False,[],False
2020-12-31,2021-12-31,True,318306,ABEONA THERAPEUTICS INC.,"[""ABEO""]","[""2834""]",10-K,2020-03-16,0001493152-20-004015,False,False,[],False
2020-12-31,2021-12-31,True,352998,"Teligent, Inc.",[],"[""2834""]",10-K/A,2020-04-28,0001104659-20-052495,False,False,[],False
2020-12-31,2021-12-31,True,704562,"Avid Bioservices, Inc.","[""CDMO""]","[""2834""]",10-K,2020-06-30,0001683168-20-002138,False,False,[],False
2020-12-31,2021-12-31,True,707511,REGENERX BIOPHARMACEUTICALS INC,"[""RGRX""]","[""2834""]",10-K,2020-03-20,0001104659-20-036901,False,False,[],False
2020-12-31,2021-12-31,True,725363,CEL SCI CORP,"[""CVM""]","[""2836""]",10-K,2020-12-29,0001654954-20-013975,False,False,[],False
2020-12-31,2021-12-31,True,727510,"ENZON PHARMACEUTICALS, INC.","[""ENZN""]","[""2836""]",10-K/A,2020-04-24,0001104659-20-050989,False,False,[],False
2020-12-31,2021-12-31,True,749647,Celsion CORP,"[""IMNN""]","[""2834""]",10-K,2020-03-25,0001493152-20-004717,False,False,[],False
2020-12-31,2021-12-31,True,764195,VBI Vaccines Inc/BC,"[""VBIVQ""]","[""2834""]",10-K,2020-03-05,0001493152-20-003413,False,False,[],False
2020-12-31,2021-12-31,True,786947,"ACURA PHARMACEUTICALS, INC","[""ACUR""]","[""2834""]",10-K,2020-03-31,0001104659-20-040632,False,False,[],False
2020-12-31,2021-12-31,True,810509,"NAVIDEA BIOPHARMACEUTICALS, INC.","[""NAVB""]","[""2835""]",10-K,2020-03-18,0001437749-20-005567,False,False,[],False
2020-12-31,2021-12-31,True,811641,IMMUCELL CORP /DE/,"[""ICCC""]","[""2835""]",10-K,2020-03-27,0001213900-20-007650,False,False,[],False
2020-12-31,2021-12-31,True,812796,"SOLIGENIX, INC.","[""SNGX""]","[""2834""]",10-K,2020-03-30,0001213900-20-007959,False,False,[],False
2020-12-31,2021-12-31,True,818033,"HERON THERAPEUTICS, INC. /DE/","[""HRTX""]","[""2834""]",10-K,2020-03-02,0001564590-20-007973,False,False,[],False
2020-12-31,2021-12-31,True,818686,TEVA PHARMACEUTICAL INDUSTRIES LTD,"[""TEVA"", ""TEVJF""]","[""2834""]",10-K,2020-02-21,0001193125-20-044221,False,False,[],False
2020-12-31,2021-12-31,True,827871,"EAGLE PHARMACEUTICALS, INC.","[""EGRX""]","[""2834""]",10-K,2020-03-02,0000827871-20-000007,False,False,[],False
2020-12-31,2021-12-31,True,831547,SPECTRUM PHARMACEUTICALS INC,[],"[""2834""]",10-K,2020-03-02,0000831547-20-000009,False,False,[],False
2020-12-31,2021-12-31,True,849146,Lifevantage Corp,"[""LFVN""]","[""2834""]",10-K,2020-08-18,0000849146-20-000115,False,False,[],False
2020-12-31,2021-12-31,True,849636,RespireRx Pharmaceuticals Inc.,"[""RSPI""]","[""2834""]",10-K,2020-04-14,0001493152-20-006358,False,False,[],False
2020-12-31,2021-12-31,True,850261,"Sorrento Therapeutics, Inc.","[""SRNE""]","[""2836""]",10-K,2020-03-03,0000850261-20-000027,False,False,[],False
2020-12-31,2021-12-31,True,861838,"IDERA PHARMACEUTICALS, INC.",[],"[""2836""]",10-K,2020-03-12,0001558370-20-002458,False,False,[],False
2020-12-31,2021-12-31,True,863894,VERU INC.,"[""VERU""]","[""2834""]",10-K,2020-12-10,0000863894-20-000021,False,False,[],False
2020-12-31,2021-12-31,True,873303,"Sarepta Therapeutics, Inc.","[""SRPT""]","[""2834""]",10-K,2020-02-26,0001564590-20-006769,False,False,[],False
2020-12-31,2021-12-31,True,876343,"Lineage Cell Therapeutics, Inc.","[""LCTX""]","[""2836""]",10-K/A,2020-04-28,0001493152-20-007279,False,False,[],False
2020-12-31,2021-12-31,True,879169,INCYTE CORP,"[""INCY""]","[""8731""]",10-K,2020-02-13,0001558370-20-000774,False,False,[],False
2020-12-31,2021-12-31,True,879407,"ARROWHEAD PHARMACEUTICALS, INC.","[""ARWR""]","[""2834""]",10-K,2020-11-23,0001564590-20-054893,False,False,[],False
2020-12-31,2021-12-31,True,881524,VIVUS INC,[],"[""2834""]",10-K/A,2020-04-29,0001047469-20-002715,False,False,[],False
2020-12-31,2021-12-31,True,882361,Aptose Biosciences Inc.,"[""APTO""]","[""2836""]",10-K,2020-03-10,0001171843-20-001617,False,False,[],False
2020-12-31,2021-12-31,True,885590,Bausch Health Companies Inc.,"[""BHC""]","[""2834""]",10-K,2020-02-19,0000885590-20-000006,False,False,[],False
2020-12-31,2021-12-31,True,886163,LIGAND PHARMACEUTICALS INC,"[""LGND"", ""LGNDZ"", ""LGNXZ"", ""LGNYZ"", ""LGNZZ""]","[""2834""]",10-K,2020-02-27,0000886163-20-000025,False,False,[],False
2020-12-31,2021-12-31,True,887247,Adamis Pharmaceuticals Corp,"[""DMKPQ""]","[""2834""]",10-K/A,2020-04-29,0001387131-20-004269,False,False,[],False
2020-12-31,2021-12-31,True,887359,Vericel Corp,"[""VCEL""]","[""2836""]",10-K,2020-02-25,0001628280-20-002229,False,False,[],False
2020-12-31,2021-12-31,True,894158,"Synthetic Biologics, Inc.","[""TOVX""]","[""2834""]",10-K,2020-02-20,0001104659-20-023415,False,False,[],False
2020-12-31,2021-12-31,True,896264,USANA HEALTH SCIENCES INC,"[""USNA""]","[""2833""]",10-K,2020-02-25,0001562762-20-000071,False,False,[],False
2020-12-31,2021-12-31,True,899394,"HARBOR DIVERSIFIED, INC.","[""HRBR""]","[""2834""]",10-K,2020-07-10,0001193125-20-191135,False,False,[],False
2020-12-31,2021-12-31,True,901832,ASTRAZENECA PLC,"[""AZN"", ""AZNCF""]","[""2834""]",20-F,2020-03-03,0001104659-20-028557,False,False,[],False
2020-12-31,2021-12-31,True,906338,TARO PHARMACEUTICAL INDUSTRIES LTD,[],"[""2834""]",20-F,2020-06-19,0001564590-20-029846,False,False,[],False
2020-12-31,2021-12-31,True,910267,TITAN PHARMACEUTICALS INC,"[""TTNP"", ""TTNPW""]","[""2836""]",10-K,2020-03-30,0001104659-20-040354,False,False,[],False
2020-12-31,2021-12-31,True,911216,PALATIN TECHNOLOGIES INC,"[""PTN""]","[""2834""]",10-K,2020-09-25,0001654954-20-010471,False,False,[],False
2020-12-31,2021-12-31,True,920465,LA JOLLA PHARMACEUTICAL CO,[],"[""2836""]",10-K,2020-03-02,0000920465-20-000036,False,False,[],False
2020-12-31,2021-12-31,True,921114,"Armata Pharmaceuticals, Inc.","[""ARMP""]","[""2836""]",10-K,2020-03-19,0001558370-20-002943,False,False,[],False
2020-12-31,2021-12-31,True,921299,FIBROGEN INC,"[""FGEN""]","[""2834""]",10-K,2020-03-02,0001564590-20-008161,False,False,[],False
2020-12-31,2021-12-31,True,925741,"BioCardia, Inc.","[""BCDA""]","[""2836""]",10-K,2020-04-09,0001437749-20-007405,False,False,[],False
2020-12-31,2021-12-31,True,926617,"VERMILLION, INC.","[""AWH""]","[""2835""]",10-K,2020-04-07,0000926617-20-000015,False,False,[],False
2020-12-31,2021-12-31,True,944809,"Opko Health, Inc.","[""OPK""]","[""2834""]",10-K,2020-03-02,0000944809-20-000007,False,False,[],False
2020-12-31,2021-12-31,True,946644,AIM ImmunoTech Inc.,"[""AIM""]","[""2836""]",10-K,2020-03-30,0001493152-20-005290,False,False,[],False
2020-12-31,2021-12-31,True,1001316,"TG THERAPEUTICS, INC.","[""TGTX""]","[""2834""]",10-K,2020-03-02,0001558370-20-001897,False,False,[],False
2020-12-31,2021-12-31,True,1005201,"Assertio Therapeutics, Inc",[],"[""2834""]",10-K,2020-03-10,0001005201-20-000021,False,False,[],False
2020-12-31,2021-12-31,True,1006281,"Protalix BioTherapeutics, Inc.","[""PLX""]","[""2836""]",10-K,2020-03-12,0001104659-20-032540,False,False,[],False
2020-12-31,2021-12-31,True,1008848,ACORDA THERAPEUTICS INC,[],"[""2836""]",10-K,2020-02-28,0001564590-20-007789,False,False,[],False
2020-12-31,2021-12-31,True,1010086,SIGA TECHNOLOGIES INC,"[""SIGA""]","[""2834""]",10-K,2020-03-05,0001010086-20-000006,False,False,[],False
2020-12-31,2021-12-31,True,1012477,AVADEL PHARMACEUTICALS PLC,"[""AVDL""]","[""2834""]",10-K,2020-03-16,0001012477-20-000007,False,False,[],False
2020-12-31,2021-12-31,True,1016504,INTEGRATED BIOPHARMA INC,"[""INBP""]","[""2834""]",10-K,2020-09-23,0001437749-20-020123,False,False,[],False
2020-12-31,2021-12-31,True,1018735,NYMOX PHARMACEUTICAL CORP,"[""NYMXF""]","[""2835""]",20-F,2020-03-30,0001640334-20-000668,False,False,[],False
2020-12-31,2021-12-31,True,1023024,ANI PHARMACEUTICALS INC,"[""ANIP""]","[""2834""]",10-K,2020-02-27,0001104659-20-025744,False,False,[],False
2020-12-31,2021-12-31,True,1023549,XTL BIOPHARMACEUTICALS LTD,"[""XTLB""]","[""2834""]",20-F,2020-03-12,0001213900-20-006104,False,False,[],False
2020-12-31,2021-12-31,True,1029142,DYNAVAX TECHNOLOGIES CORP,"[""DVAX""]","[""2834""]",10-K,2020-03-11,0001564590-20-010075,False,False,[],False
2020-12-31,2021-12-31,True,1035354,"Eloxx Pharmaceuticals, Inc.","[""ELOX""]","[""8731""]",10-K,2020-03-06,0001564590-20-009148,False,False,[],False
2020-12-31,2021-12-31,True,1042074,"CymaBay Therapeutics, Inc.",[],"[""2834""]",10-K/A,2020-04-29,0001193125-20-123459,False,False,[],False
2020-12-31,2021-12-31,True,1042418,"Inhibitor Therapeutics, Inc.","[""INTI""]","[""8731""]",10-K,2020-03-30,0001193125-20-090201,False,False,[],False
2020-12-31,2021-12-31,True,1053369,ELITE PHARMACEUTICALS INC /NV/,"[""ELTP""]","[""2834""]",10-K,2020-06-29,0001213900-20-016181,False,False,[],False
2020-12-31,2021-12-31,True,1053691,Diffusion Pharmaceuticals Inc.,"[""CRVO""]","[""2834""]",10-K,2020-03-17,0001437749-20-005469,False,False,[],False
2020-12-31,2021-12-31,True,1069308,Acer Therapeutics Inc.,[],"[""2834""]",10-K,2020-03-18,0001564590-20-011639,False,False,[],False
2020-12-31,2021-12-31,True,1069899,PHIBRO ANIMAL HEALTH CORP,"[""PAHC""]","[""2834""]",10-K,2020-08-26,0001104659-20-098687,False,False,[],False
2020-12-31,2021-12-31,True,1070081,"PTC THERAPEUTICS, INC.","[""PTCT""]","[""2834""]",10-K,2020-03-02,0001070081-20-000064,False,False,[],False
2020-12-31,2021-12-31,True,1072379,NORTHWEST BIOTHERAPEUTICS INC,"[""NWBO""]","[""2834""]",10-K/A,2020-06-24,0001104659-20-076152,False,False,[],False
2020-12-31,2021-12-31,True,1076682,"POLARITYTE, INC.","[""RGTPQ""]","[""2836""]",10-K,2020-03-12,0001493152-20-003780,False,False,[],False
2020-12-31,2021-12-31,True,1084201,SINOVAC BIOTECH LTD,"[""SVA""]","[""2834""]",20-F,2020-04-30,0001564590-20-020204,False,False,[],False
2020-12-31,2021-12-31,True,1087294,CUMBERLAND PHARMACEUTICALS INC,"[""CPIX""]","[""2834""]",10-K,2020-03-20,0001628280-20-003880,False,False,[],False
2020-12-31,2021-12-31,True,1092662,"CHEMBIO DIAGNOSTICS, INC.",[],"[""2834""]",10-K/A,2020-05-06,0001140361-20-010767,False,False,[],False
2020-12-31,2021-12-31,True,1094038,"Marker Therapeutics, Inc.","[""MRKR""]","[""2834""]",10-K,2020-03-12,0001104659-20-032463,False,False,[],False
2020-12-31,2021-12-31,True,1100397,"Advaxis, Inc.","[""ADXS""]","[""2834""]",10-K/A,2020-02-28,0001493152-20-003138,False,True,"[""b2e943c0dddafdfa9dfe""]",False
2020-12-31,2021-12-31,True,1100682,"CHARLES RIVER LABORATORIES INTERNATIONAL, INC.","[""CRL""]","[""8731""]",10-K,2020-02-11,0001100682-20-000005,False,False,[],False
2020-12-31,2021-12-31,True,1103021,BIODELIVERY SCIENCES INTERNATIONAL INC,[],"[""2834""]",10-K,2020-03-12,0001103021-20-000042,False,False,[],False
2020-12-31,2021-12-31,True,1106644,"CHINA PHARMA HOLDINGS, INC.","[""CPHI""]","[""2834""]",10-K,2020-03-30,0001213900-20-008020,False,False,[],False
2020-12-31,2021-12-31,True,1106838,"Sonnet BioTherapeutics Holdings, Inc.","[""SONN""]","[""2834""]",10-K,2020-12-17,0001493152-20-023801,False,False,[],False
2020-12-31,2021-12-31,True,1107421,ZIOPHARM ONCOLOGY INC,"[""TCRT""]","[""2834""]",10-K/A,2020-04-29,0001193125-20-126370,False,False,[],False
2020-12-31,2021-12-31,True,1113423,Aeterna Zentaris Inc.,"[""CSCI""]","[""2834""]",20-F/A,2020-06-18,0001493152-20-011387,False,False,[],False
2020-12-31,2021-12-31,True,1114448,NOVARTIS AG,"[""NVS"", ""NVSEF""]","[""2834""]",20-F,2020-01-29,0001370368-20-000003,False,False,[],False
2020-12-31,2021-12-31,True,1117480,CHIMERIX INC,"[""CMRX""]","[""2834""]",10-K,2020-02-25,0001117480-20-000006,False,False,[],False
2020-12-31,2021-12-31,True,1121404,Sanofi,"[""SNY"", ""SNYNF""]","[""2834""]",20-F,2020-03-05,0001121404-20-000006,False,False,[],False
2020-12-31,2021-12-31,True,1124140,EXACT SCIENCES CORP,"[""EXAS""]","[""8731""]",10-K,2020-02-21,0001124140-20-000010,False,False,[],False
2020-12-31,2021-12-31,True,1124524,"Cryoport, Inc.","[""CYRX""]","[""2834""]",10-K,2020-03-10,0001104659-20-031407,False,False,[],False
2020-12-31,2021-12-31,True,1125345,MACROGENICS INC,"[""MGNX""]","[""2834""]",10-K/A,2020-03-02,0001125345-20-000036,False,False,[],False
2020-12-31,2021-12-31,True,1129928,ONCOLYTICS BIOTECH INC,"[""ONCY""]","[""2834""]",20-F,2020-03-06,0001129928-20-000012,False,False,[],False
2020-12-31,2021-12-31,True,1130598,"Onconova Therapeutics, Inc.","[""TRAW""]","[""2834""]",10-K,2020-03-27,0001047469-20-001878,False,False,[],False
2020-12-31,2021-12-31,True,1131399,GLAXOSMITHKLINE PLC,"[""GSK"", ""GLAXF""]","[""2834""]",20-F,2020-03-06,0001193125-20-065064,False,False,[],False
2020-12-31,2021-12-31,True,1133416,GALECTIN THERAPEUTICS INC,"[""GALT""]","[""2834""]",10-K,2020-03-16,0001193125-20-073907,False,False,[],False
2020-12-31,2021-12-31,True,1133519,MEDICURE INC,"[""MCUJF""]","[""2834""]",20-F,2020-04-16,0001193125-20-108359,False,False,[],False
2020-12-31,2021-12-31,True,1133818,BIO-PATH HOLDINGS INC,"[""BPTH""]","[""2834""]",10-K,2020-03-05,0001104659-20-029711,False,False,[],False
2020-12-31,2021-12-31,True,1133869,"CAPRICOR THERAPEUTICS, INC.","[""CAPR""]","[""2834""]",10-K,2020-03-27,0001104659-20-039272,False,False,[],False
2020-12-31,2021-12-31,True,1134765,"Charlie's Holdings, Inc.","[""CHUC""]","[""2833""]",10-K,2020-04-14,0001654954-20-004066,False,False,[],False
2020-12-31,2021-12-31,True,1135951,DR REDDYS LABORATORIES LTD,"[""RDY""]","[""2834""]",20-F,2020-06-15,0001575872-20-000145,False,False,[],False
2020-12-31,2021-12-31,True,1137883,BRAINSTORM CELL THERAPEUTICS INC.,"[""BCLI""]","[""2836""]",10-K,2020-02-18,0001104659-20-022244,False,False,[],False
2020-12-31,2021-12-31,True,1157601,"MADRIGAL PHARMACEUTICALS, INC.","[""MDGL""]","[""2834""]",10-K,2020-02-26,0001193125-20-049021,False,False,[],False
2020-12-31,2021-12-31,True,1158780,PLURISTEM THERAPEUTICS INC,"[""PLUR""]","[""2836""]",10-K,2020-09-10,0001213900-20-026105,False,False,[],False
2020-12-31,2021-12-31,True,1159036,"HALOZYME THERAPEUTICS, INC.","[""HALO""]","[""2836""]",10-K,2020-02-24,0001159036-20-000013,False,False,[],False
2020-12-31,2021-12-31,True,1160308,Savara Inc,"[""SVRA""]","[""2834""]",10-K,2020-03-12,0001564590-20-010465,False,False,[],False
2020-12-31,2021-12-31,True,1167419,"Riot Blockchain, Inc.","[""RIOT""]","[""2835""]",10-K/A,2020-04-29,0001079973-20-000321,False,False,[],False
2020-12-31,2021-12-31,True,1169245,PhaseBio Pharmaceuticals Inc,"[""PHASQ""]","[""2834""]",10-K,2020-03-30,0001169245-20-000043,False,False,[],False
2020-12-31,2021-12-31,True,1173281,"NeuBase Therapeutics, Inc.",[],"[""2834""]",10-K,2020-12-23,0001104659-20-139139,False,False,[],False
2020-12-31,2021-12-31,True,1174940,ORAGENICS INC,"[""OGEN""]","[""2834""]",10-K,2020-03-04,0001493152-20-003343,False,False,[],False
2020-12-31,2021-12-31,True,1175505,"FIVE PRIME THERAPEUTICS, INC.",[],"[""2834""]",10-K,2020-02-27,0001564590-20-007407,True,True,"[""1dbbd5563e1fc3c82d94""]",False
2020-12-31,2021-12-31,True,1176309,ORAMED PHARMACEUTICALS INC.,"[""ORMP""]","[""2834""]",10-K,2020-11-24,0001213900-20-038924,False,False,[],False
2020-12-31,2021-12-31,True,1177648,ENANTA PHARMACEUTICALS INC,"[""ENTA""]","[""2834""]",10-K,2020-11-25,0001564590-20-055233,False,False,[],False
2020-12-31,2021-12-31,True,1178253,SCYNEXIS INC,"[""SCYX""]","[""2834""]",10-K/A,2020-04-28,0001564590-20-019188,False,False,[],False
2020-12-31,2021-12-31,True,1178670,"ALNYLAM PHARMACEUTICALS, INC.","[""ALNY""]","[""2834""]",10-K,2020-02-13,0001178670-20-000004,False,False,[],False
2020-12-31,2021-12-31,True,1178711,"Paratek Pharmaceuticals, Inc.",[],"[""2834""]",10-K,2020-03-10,0001564590-20-009802,False,False,[],False
2020-12-31,2021-12-31,True,1178879,"AMICUS THERAPEUTICS, INC.","[""FOLD""]","[""2834""]",10-K,2020-03-02,0001178879-20-000015,False,False,[],False
2020-12-31,2021-12-31,True,1183765,"Molecular Templates, Inc.","[""MTEM""]","[""2834""]",10-K,2020-03-13,0001564590-20-010667,False,False,[],False
2020-12-31,2021-12-31,True,1205922,"VACCINEX, INC.","[""VCNX""]","[""2834""]",10-K,2020-03-09,0001564590-20-009251,False,False,[],False
2020-12-31,2021-12-31,True,1211583,FENNEC PHARMACEUTICALS INC.,"[""FENC""]","[""2836""]",10-K,2020-02-14,0001104659-20-021132,False,False,[],False
2020-12-31,2021-12-31,True,1213037,"Trovagene, Inc.","[""CRDF""]","[""2836""]",10-K,2020-02-27,0001628280-20-002424,False,False,[],False
2020-12-31,2021-12-31,True,1213809,DYADIC INTERNATIONAL INC,"[""DYAI""]","[""2836""]",10-K,2020-03-30,0001213809-20-000018,False,False,[],False
2020-12-31,2021-12-31,True,1226616,MEDICINOVA INC,"[""MNOV""]","[""2834""]",10-K,2020-02-13,0001564590-20-004605,False,False,[],False
2020-12-31,2021-12-31,True,1228627,"REXAHN PHARMACEUTICALS, INC.","[""OCUP""]","[""2834""]",10-K/A,2020-04-29,0001140361-20-010048,False,False,[],False
2020-12-31,2021-12-31,True,1232524,Jazz Pharmaceuticals plc,"[""JAZZ""]","[""2834""]",10-K/A,2020-04-24,0001193125-20-119160,False,False,[],False
2020-12-31,2021-12-31,True,1253689,GLYCOMIMETICS INC,"[""GLYC""]","[""2834""]",10-K,2020-02-28,0001558370-20-001723,False,False,[],False
2020-12-31,2021-12-31,True,1259942,BELLUS Health Inc.,[],"[""2834""]",40-F,2020-02-27,0001104659-20-026291,False,False,[],False
2020-12-31,2021-12-31,True,1261249,AGILE THERAPEUTICS INC,"[""AGRX"", ""AGXRW""]","[""2834""]",10-K,2020-02-20,0001047469-20-000966,False,False,[],False
2020-12-31,2021-12-31,True,1267565,"COLLEGIUM PHARMACEUTICAL, INC","[""COLL""]","[""2834""]",10-K,2020-02-27,0001558370-20-001625,False,False,[],False
2020-12-31,2021-12-31,True,1267602,ALIMERA SCIENCES INC,"[""ALIM""]","[""2834""]",10-K,2020-03-02,0001267602-20-000029,False,False,[],False
2020-12-31,2021-12-31,True,1267813,MARINUS PHARMACEUTICALS INC,"[""MRNS""]","[""2834""]",10-K,2020-03-16,0001558370-20-002792,False,False,[],False
2020-12-31,2021-12-31,True,1270073,"INTERCEPT PHARMACEUTICALS, INC.",[],"[""2834""]",10-K,2020-02-25,0001558370-20-001314,False,False,[],False
2020-12-31,2021-12-31,True,1273636,APPLIED GENETIC TECHNOLOGIES CORP,[],"[""2836""]",10-K,2020-09-18,0001193125-20-249103,False,False,[],False
2020-12-31,2021-12-31,True,1274792,MERRIMACK PHARMACEUTICALS INC,[],"[""2834""]",10-K,2020-03-12,0001564590-20-010531,False,False,[],False
2020-12-31,2021-12-31,True,1279704,"Cellectar Biosciences, Inc.","[""CLRB""]","[""2834""]",10-K,2020-03-09,0001104659-20-030742,False,False,[],False
2020-12-31,2021-12-31,True,1280600,ACCELERON PHARMA INC,[],"[""2836""]",10-K,2020-02-27,0001280600-20-000012,True,True,"[""f4ee39bac6223c55988e""]",False
2020-12-31,2021-12-31,True,1280776,"IMMUNIC, INC.","[""IMUX""]","[""2834""]",10-K,2020-03-16,0001280776-20-000009,False,False,[],False
2020-12-31,2021-12-31,True,1281895,"ROCKET PHARMACEUTICALS, INC.","[""RCKT"", ""RCKTW""]","[""2834""]",10-K,2020-03-06,0001140361-20-005056,False,False,[],False
2020-12-31,2021-12-31,True,1285819,OMEROS CORP,"[""OMER""]","[""2834""]",10-K,2020-03-02,0001558370-20-001891,False,False,[],False
2020-12-31,2021-12-31,True,1290149,"Sierra Oncology, Inc.",[],"[""2834""]",10-K,2020-03-03,0001193125-20-059703,False,False,[],False
2020-12-31,2021-12-31,True,1293310,"HUMANIGEN, INC",[],"[""2834""]",10-K,2020-03-16,0001214659-20-002661,False,False,[],False
2020-12-31,2021-12-31,True,1293971,"bluebird bio, Inc.","[""BLUE""]","[""2836""]",10-K,2020-02-18,0001293971-20-000007,False,False,[],False
2020-12-31,2021-12-31,True,1295947,Prestige Consumer Healthcare Inc.,"[""PBH""]","[""2834""]",10-K,2020-05-08,0001295947-20-000018,False,False,[],False
2020-12-31,2021-12-31,True,1297184,"Amphastar Pharmaceuticals, Inc.","[""AMPH""]","[""2834""]",10-K,2020-03-16,0001297184-20-000007,False,False,[],False
2020-12-31,2021-12-31,True,1300699,"Athenex, Inc.",[],"[""2834""]",10-K,2020-03-02,0001564590-20-008138,False,False,[],False
2020-12-31,2021-12-31,True,1305253,"Eiger BioPharmaceuticals, Inc.","[""EIGRQ""]","[""2836""]",10-K,2020-03-13,0001564590-20-010645,False,False,[],False
2020-12-31,2021-12-31,True,1314052,ANAVEX LIFE SCIENCES CORP.,"[""AVXL""]","[""8731""]",10-K,2020-12-28,0001731122-20-001338,False,False,[],False
2020-12-31,2021-12-31,True,1318641,CLEVELAND BIOLABS INC,"[""STAB""]","[""8731""]",10-K/A,2020-04-29,0001437749-20-008857,False,False,[],False
2020-12-31,2021-12-31,True,1321834,"Akers Biosciences, Inc.","[""TNFA""]","[""2835""]",10-K/A,2020-10-21,0001493152-20-019739,False,False,[],False
2020-12-31,2021-12-31,True,1322505,"ALBIREO PHARMA, INC.",[],"[""2834""]",10-K,2020-03-02,0001558370-20-001905,False,False,[],False
2020-12-31,2021-12-31,True,1325879,AVEO PHARMACEUTICALS INC,[],"[""2834""]",10-K,2020-03-16,0001564590-20-011145,False,False,[],False
2020-12-31,2021-12-31,True,1326110,"NantKwest, Inc.","[""IBRX""]","[""2836""]",10-K,2020-03-25,0001564590-20-012816,False,True,"[""c74ece601619826181de""]",False
2020-12-31,2021-12-31,True,1326190,"Altimmune, Inc.","[""ALT""]","[""2834""]",10-K,2020-03-27,0001564590-20-013377,False,False,[],False
2020-12-31,2021-12-31,True,1326732,Xencor Inc,"[""XNCR""]","[""2834""]",10-K,2020-02-25,0001558370-20-001256,False,False,[],False
2020-12-31,2021-12-31,True,1328143,Adamas Pharmaceuticals Inc,[],"[""2834""]",10-K,2020-02-25,0001328143-20-000012,True,True,"[""f24f12c8e688e6041d1c""]",False
2020-12-31,2021-12-31,True,1337553,AERIE PHARMACEUTICALS INC,[],"[""2836""]",10-K,2020-02-24,0001628280-20-002027,False,False,[],False
2020-12-31,2021-12-31,True,1339469,"CHIASMA, INC",[],"[""2834""]",10-K,2020-03-16,0001193125-20-074902,False,True,"[""50e3eeb1cb584cda3a2a""]",False
2020-12-31,2021-12-31,True,1339970,aTYR PHARMA INC,"[""ATYR""]","[""2836""]",10-K,2020-03-26,0001564590-20-013208,False,False,[],False
2020-12-31,2021-12-31,True,1340243,MorphoSys AG,"[""MPSYF""]","[""2834""]",20-F,2020-03-18,0001193125-20-077290,False,False,[],False
2020-12-31,2021-12-31,True,1340652,"ChemoCentryx, Inc.",[],"[""2834""]",10-K,2020-03-10,0001564590-20-009787,False,False,[],False
2020-12-31,2021-12-31,True,1341235,"Aldeyra Therapeutics, Inc.","[""ALDX""]","[""2834""]",10-K,2020-03-12,0001564590-20-010493,False,False,[],False
2020-12-31,2021-12-31,True,1345099,MESOBLAST LTD,"[""MESO"", ""MEOBF""]","[""2836""]",20-F,2020-09-03,0001564590-20-042401,False,False,[],False
2020-12-31,2021-12-31,True,1346302,XERIS PHARMACEUTICALS INC,[],"[""2834""]",10-K,2020-03-12,0001346302-20-000007,False,True,"[""11adff52fa04833aec0a""]",False
2020-12-31,2021-12-31,True,1346830,"Cara Therapeutics, Inc.","[""CARA""]","[""2834""]",10-K,2020-02-27,0001558370-20-001659,False,False,[],False
2020-12-31,2021-12-31,True,1347178,Vanda Pharmaceuticals Inc.,"[""VNDA""]","[""2834""]",10-K,2020-02-26,0001347178-20-000003,False,False,[],False
2020-12-31,2021-12-31,True,1348911,"KalVista Pharmaceuticals, Inc.","[""KALV""]","[""2834""]",10-K,2020-07-01,0001564590-20-031501,False,False,[],False
2020-12-31,2021-12-31,True,1351172,Liminal BioSciences Inc.,[],"[""2834""]",20-F/A,2020-08-04,0001564590-20-036174,False,False,[],False
2020-12-31,2021-12-31,True,1351288,GW PHARMACEUTICALS PLC,[],"[""2834""]",10-K,2020-02-27,0001564590-20-007319,False,True,"[""fa65c5740cc2fbc3383f""]",False
2020-12-31,2021-12-31,True,1355250,Innovation Pharmaceuticals Inc.,"[""IPIX""]","[""2834""]",10-K,2020-09-14,0001477932-20-005387,False,False,[],False
2020-12-31,2021-12-31,True,1356090,"PRECIGEN, INC.","[""PGEN""]","[""8731""]",10-K,2020-03-02,0001628280-20-002699,False,False,[],False
2020-12-31,2021-12-31,True,1356576,"SUPERNUS PHARMACEUTICALS, INC.","[""SUPN""]","[""2834""]",10-K,2020-02-28,0001356576-20-000010,False,False,[],False
2020-12-31,2021-12-31,True,1357459,"Seneca Biopharma, Inc.","[""PALI""]","[""2836""]",10-K,2020-03-27,0001171843-20-002061,False,False,[],False
2020-12-31,2021-12-31,True,1357874,PRECISION BIOSCIENCES INC,"[""DTIL""]","[""2836""]",10-K,2020-03-10,0001564590-20-009541,False,False,[],False
2020-12-31,2021-12-31,True,1358403,"BELLICUM PHARMACEUTICALS, INC",[],"[""2834""]",10-K,2020-03-12,0001358403-20-000007,False,False,[],False
2020-12-31,2021-12-31,True,1358762,REATA PHARMACEUTICALS INC,[],"[""2834""]",10-K,2020-02-19,0001564590-20-005272,False,False,[],False
2020-12-31,2021-12-31,True,1359931,"ArTara Therapeutics, Inc.","[""TARA""]","[""2836""]",10-K,2020-03-20,0001171843-20-001860,False,False,[],False
2020-12-31,2021-12-31,True,1360214,"HARROW HEALTH, INC.","[""HROW"", ""HROWL"", ""HROWM""]","[""2834""]",10-K,2020-03-13,0001493152-20-003862,False,False,[],False
2020-12-31,2021-12-31,True,1367083,"Sonoma Pharmaceuticals, Inc.","[""SNOA""]","[""2834""]",10-K,2020-07-10,0001683168-20-002234,False,False,[],False
2020-12-31,2021-12-31,True,1367644,Emergent BioSolutions Inc.,"[""EBS""]","[""2834""]",10-K,2020-02-25,0001367644-20-000010,False,False,[],False
2020-12-31,2021-12-31,True,1367920,"CONCERT PHARMACEUTICALS, INC.",[],"[""2834""]",10-K,2020-02-27,0001367920-20-000013,False,False,[],False
2020-12-31,2021-12-31,True,1368148,"ATHERSYS, INC / NEW","[""ATHXQ""]","[""2834""]",10-K,2020-03-16,0001368148-20-000020,False,False,[],False
2020-12-31,2021-12-31,True,1368514,"ADMA BIOLOGICS, INC.","[""ADMA""]","[""2836""]",10-K,2020-03-13,0001193805-20-000348,False,False,[],False
2020-12-31,2021-12-31,True,1369568,"CATALYST PHARMACEUTICALS, INC.","[""CPRX""]","[""2834""]",10-K/A,2020-04-29,0001193125-20-126361,False,False,[],False
2020-12-31,2021-12-31,True,1369868,"China Biologic Products Holdings, Inc.",[],"[""2836""]",20-F,2020-03-12,0001104659-20-032518,False,False,[],False
2020-12-31,2021-12-31,True,1370053,"ANAPTYSBIO, INC","[""ANAB""]","[""2834""]",10-K,2020-03-02,0001370053-20-000009,False,False,[],False
2020-12-31,2021-12-31,True,1372299,"Ocugen, Inc.","[""OCGN""]","[""2836""]",10-K/A,2020-04-29,0001104659-20-053502,False,False,[],False
2020-12-31,2021-12-31,True,1372514,EYEGATE PHARMACEUTICALS INC,"[""KPRX"", ""KPHMW""]","[""2834""]",10-K,2020-03-04,0001104659-20-029162,False,False,[],False
2020-12-31,2021-12-31,True,1375151,"ZOGENIX, INC.",[],"[""2834""]",10-K,2020-03-02,0001375151-20-000011,False,False,[],False
2020-12-31,2021-12-31,True,1377121,"Protagonist Therapeutics, Inc","[""PTGX""]","[""2834""]",10-K,2020-03-10,0001558370-20-002334,False,False,[],False
2020-12-31,2021-12-31,True,1379006,"NANOVIRICIDES, INC.","[""NNVC""]","[""8731""]",10-K,2020-10-13,0001104659-20-114577,False,False,[],False
2020-12-31,2021-12-31,True,1382101,"SUTRO BIOPHARMA, INC.","[""STRO""]","[""2836""]",10-K/A,2020-05-04,0001564590-20-020872,False,False,[],False
2020-12-31,2021-12-31,True,1383701,Conatus Pharmaceuticals Inc.,[],"[""2834""]",10-K,2020-03-11,0001564590-20-010122,False,False,[],False
2020-12-31,2021-12-31,True,1385818,"AYTU BIOSCIENCE, INC","[""AYTU""]","[""2834""]",10-K,2020-10-06,0001654954-20-010891,False,False,[],False
2020-12-31,2021-12-31,True,1386570,ChromaDex Corp.,"[""CDXC""]","[""2833""]",10-K/A,2020-05-18,0001654954-20-005725,False,False,[],False
2020-12-31,2021-12-31,True,1388320,"Actinium Pharmaceuticals, Inc.","[""ATNM""]","[""2834""]",10-K/A,2020-07-13,0001213900-20-017370,False,False,[],False
2020-12-31,2021-12-31,True,1389545,"NovaBay Pharmaceuticals, Inc.","[""NBY""]","[""2834""]",10-K,2020-03-26,0001437749-20-006213,False,False,[],False
2020-12-31,2021-12-31,True,1390478,"SELLAS Life Sciences Group, Inc.","[""SLS""]","[""2834""]",10-K,2020-03-13,0001390478-20-000007,False,False,[],False
2020-12-31,2021-12-31,True,1393434,"OCULAR THERAPEUTIX, INC","[""OCUL""]","[""2834""]",10-K,2020-03-12,0001558370-20-002537,False,False,[],False
2020-12-31,2021-12-31,True,1394319,"Tracon Pharmaceuticals, Inc.","[""TCON""]","[""2836""]",10-K,2020-02-28,0001564590-20-007520,False,False,[],False
2020-12-31,2021-12-31,True,1395064,TAKEDA PHARMACEUTICAL CO LTD,"[""TAK"", ""TKPHF""]","[""2834""]",20-F,2020-06-24,0001395064-20-000110,False,False,[],False
2020-12-31,2021-12-31,True,1395937,Syndax Pharmaceuticals Inc,"[""SNDX""]","[""2834""]",10-K,2020-03-05,0001564590-20-009016,False,False,[],False
2020-12-31,2021-12-31,True,1396814,"Pacira BioSciences, Inc.","[""PCRX""]","[""2834""]",10-K,2020-02-21,0001396814-20-000008,False,False,[],False
2020-12-31,2021-12-31,True,1398733,"Aquestive Therapeutics, Inc.","[""AQST""]","[""2834""]",10-K,2020-03-11,0001140361-20-005499,False,False,[],False
2020-12-31,2021-12-31,True,1399529,Dicerna Pharmaceuticals Inc,[],"[""2834""]",10-K,2020-02-28,0001399529-20-000009,True,True,"[""b134354b7923c92728b2""]",False
2020-12-31,2021-12-31,True,1401040,DiaMedica Therapeutics Inc.,"[""DMAC""]","[""2834""]",10-K,2020-03-23,0001437749-20-005906,False,False,[],False
2020-12-31,2021-12-31,True,1401395,Neptune Wellness Solutions Inc.,"[""NEPTF""]","[""2834""]",40-F,2020-06-10,0001564590-20-028900,False,False,[],False
2020-12-31,2021-12-31,True,1401667,"PUMA BIOTECHNOLOGY, INC.","[""PBYI""]","[""2834""]",10-K,2020-02-28,0001564590-20-007591,False,False,[],False
2020-12-31,2021-12-31,True,1401708,NanoString Technologies Inc,[],"[""2836""]",10-K,2020-03-02,0001401708-20-000039,False,False,[],False
2020-12-31,2021-12-31,True,1401914,"Dare Bioscience, Inc.","[""DARE""]","[""2834""]",10-K,2020-03-27,0001401914-20-000042,False,False,[],False
2020-12-31,2021-12-31,True,1402479,MYOS RENS TECHNOLOGY INC.,"[""MDVLQ""]","[""2834""]",10-K,2020-03-24,0001213900-20-007278,False,False,[],False
2020-12-31,2021-12-31,True,1403708,Evoke Pharma Inc,"[""EVOK""]","[""2834""]",10-K,2020-03-12,0001564590-20-010254,False,False,[],False
2020-12-31,2021-12-31,True,1403752,Zymeworks Inc.,[],"[""2834""]",10-K,2020-03-02,0001193125-20-058902,False,False,[],False
2020-12-31,2021-12-31,True,1404281,"Novus Therapeutics, Inc.","[""ELDN""]","[""2834""]",10-K,2020-03-17,0001564590-20-011260,False,False,[],False
2020-12-31,2021-12-31,True,1404644,"Neoleukin Therapeutics, Inc.","[""NGNE""]","[""2834""]",10-K,2020-03-12,0001193125-20-071545,False,False,[],False
2020-12-31,2021-12-31,True,1408443,Milestone Pharmaceuticals Inc.,"[""MIST""]","[""2834""]",10-K/A,2020-10-23,0001104659-20-117701,False,False,[],False
2020-12-31,2021-12-31,True,1410098,CorMedix Inc.,"[""CRMD""]","[""2834""]",10-K,2020-03-16,0001213900-20-006521,False,False,[],False
2020-12-31,2021-12-31,True,1410939,"IVERIC bio, Inc.",[],"[""2834""]",10-K,2020-02-27,0001410939-20-000009,False,False,[],False
2020-12-31,2021-12-31,True,1411685,"VistaGen Therapeutics, Inc.","[""VTGN""]","[""2834""]",10-K,2020-06-29,0001654954-20-007107,False,False,[],False
2020-12-31,2021-12-31,True,1411906,"Ampio Pharmaceuticals, Inc.","[""AMPE""]","[""2834""]",10-K,2020-02-21,0001558370-20-001123,False,False,[],False
2020-12-31,2021-12-31,True,1412486,"Cocrystal Pharma, Inc.","[""COCP""]","[""2834""]",10-K,2020-03-27,0001493152-20-004916,False,False,[],False
2020-12-31,2021-12-31,True,1419041,Tocagen Inc,"[""FBRX""]","[""2834""]",10-K/A,2020-04-29,0001564590-20-019686,False,False,[],False
2020-12-31,2021-12-31,True,1419600,Flexion Therapeutics Inc,[],"[""2834""]",10-K,2020-03-12,0001564590-20-010490,True,True,"[""99b542235ad9508c8916""]",False
2020-12-31,2021-12-31,True,1420565,AILERON THERAPEUTICS INC,"[""ALRN""]","[""2834""]",10-K,2020-03-30,0001564590-20-014155,False,False,[],False
2020-12-31,2021-12-31,True,1420720,"iBio, Inc.","[""IBIO""]","[""2834""]",10-K/A,2020-10-27,0001104659-20-118585,False,False,[],False
2020-12-31,2021-12-31,True,1421876,GALAPAGOS NV,"[""GLPG"", ""GLPGF""]","[""2834""]",20-F,2020-03-27,0001558370-20-003270,False,False,[],False
2020-12-31,2021-12-31,True,1422142,"Aerpio Pharmaceuticals, Inc.","[""AADI""]","[""2834""]",10-K,2020-03-16,0001564590-20-011174,False,True,"[""a288d08fb06b44494baf""]",False
2020-12-31,2021-12-31,True,1422143,"Kura Oncology, Inc.","[""KURA""]","[""2834""]",10-K,2020-02-25,0001564590-20-006391,False,False,[],False
2020-12-31,2021-12-31,True,1425205,"IOVANCE BIOTHERAPEUTICS, INC.","[""IOVA""]","[""2836""]",10-K,2020-02-25,0001104659-20-024830,False,False,[],False
2020-12-31,2021-12-31,True,1426332,NGM BIOPHARMACEUTICALS INC,[],"[""2834""]",10-K,2020-03-17,0001564590-20-011422,False,False,[],False
2020-12-31,2021-12-31,True,1426800,"ASSEMBLY BIOSCIENCES, INC.","[""ASMB""]","[""2834""]",10-K,2020-03-04,0001564590-20-008696,False,False,[],False
2020-12-31,2021-12-31,True,1427925,ACELRX PHARMACEUTICALS INC,"[""TLPH""]","[""2834""]",10-K/A,2020-04-17,0001437749-20-007965,False,False,[],False
2020-12-31,2021-12-31,True,1428522,"Radius Health, Inc.",[],"[""2834""]",10-K,2020-02-27,0001628280-20-002354,False,False,[],False
2020-12-31,2021-12-31,True,1429260,"Fortress Biotech, Inc.","[""FBIO"", ""FBIOP""]","[""2834""]",10-K,2020-03-16,0001104659-20-034133,False,False,[],False
2020-12-31,2021-12-31,True,1429560,TREVENA INC,"[""TRVN""]","[""2834""]",10-K,2020-03-12,0001558370-20-002472,False,False,[],False
2020-12-31,2021-12-31,True,1430306,Tonix Pharmaceuticals Holding Corp.,"[""TNXP""]","[""2834""]",10-K,2020-03-24,0001387131-20-003189,False,False,[],False
2020-12-31,2021-12-31,True,1434265,GENMAB A/S,"[""GMAB"", ""GNMSF""]","[""2834""]",20-F,2020-03-30,0001558370-20-003378,False,False,[],False
2020-12-31,2021-12-31,True,1434316,FATE THERAPEUTICS INC,"[""FATE""]","[""2836""]",10-K,2020-03-02,0001564590-20-008141,False,False,[],False
2020-12-31,2021-12-31,True,1434418,CONSTELLATION PHARMACEUTICALS INC,[],"[""2834""]",10-K,2020-03-10,0001564590-20-009735,True,True,"[""6a5a1e6d99e311985717""]",False
2020-12-31,2021-12-31,True,1434647,"KEMPHARM, INC","[""ZVRA""]","[""2834""]",10-K/A,2020-04-08,0001437749-20-007335,False,False,[],False
2020-12-31,2021-12-31,True,1434868,"Esperion Therapeutics, Inc.","[""ESPR""]","[""2834""]",10-K,2020-02-27,0001104659-20-026203,False,False,[],False
2020-12-31,2021-12-31,True,1435049,"ADURO BIOTECH, INC.",[],"[""2834""]",10-K,2020-03-09,0001564590-20-009364,False,False,[],False
2020-12-31,2021-12-31,True,1437402,"ARDELYX, INC.","[""ARDX""]","[""2834""]",10-K,2020-03-06,0001558370-20-002138,False,False,[],False
2020-12-31,2021-12-31,True,1438533,"Retrophin, Inc.","[""TVTX""]","[""2834""]",10-K,2020-02-24,0001438533-20-000004,False,False,[],False
2020-12-31,2021-12-31,True,1438569,Grifols SA,"[""GRFS"", ""GIFLF"", ""GIFOF"", ""GIKLY""]","[""2834""]",20-F,2020-04-06,0001104659-20-043470,False,False,[],False
2020-12-31,2021-12-31,True,1439222,"AGIOS PHARMACEUTICALS, INC.","[""AGIO""]","[""2834""]",10-K,2020-02-19,0001439222-20-000014,False,True,"[""eb8ac53a9d17030cbd0c""]",False
2020-12-31,2021-12-31,True,1442836,"Mersana Therapeutics, Inc.","[""MRSN""]","[""2834""]",10-K,2020-02-28,0001558370-20-001726,False,False,[],False
2020-12-31,2021-12-31,True,1444192,Acasti Pharma Inc.,"[""ACST""]","[""2834""]",10-K,2020-06-29,0001171843-20-004613,False,False,[],False
2020-12-31,2021-12-31,True,1445283,"PROTEOSTASIS THERAPEUTICS, INC.","[""KA""]","[""2834""]",10-K,2020-03-10,0001564590-20-009767,False,False,[],False
2020-12-31,2021-12-31,True,1445815,"BIOXYTRAN, INC","[""BIXT""]","[""2834""]",10-K,2020-03-18,0001213900-20-006766,False,False,[],False
2020-12-31,2021-12-31,True,1446847,IRONWOOD PHARMACEUTICALS INC,"[""IRWD""]","[""2834""]",10-K,2020-02-13,0001558370-20-000779,False,False,[],False
2020-12-31,2021-12-31,True,1447028,Arbutus Biopharma Corp,"[""ABUS""]","[""2834""]",10-K/A,2020-03-06,0001447028-20-000041,False,False,[],False
2020-12-31,2021-12-31,True,1453593,"Xtant Medical Holdings, Inc.","[""XTNT""]","[""2836""]",10-K,2020-03-05,0001493152-20-003410,False,False,[],False
2020-12-31,2021-12-31,True,1453687,SELECTA BIOSCIENCES INC,"[""RNAC""]","[""2834""]",10-K,2020-03-12,0001453687-20-000028,False,False,[],False
2020-12-31,2021-12-31,True,1454789,CATABASIS PHARMACEUTICALS INC,"[""ATXS""]","[""2834""]",10-K,2020-03-10,0001047469-20-001338,False,False,[],False
2020-12-31,2021-12-31,True,1457612,"GENOCEA BIOSCIENCES, INC.",[],"[""2836""]",10-K,2020-02-13,0001457612-20-000015,False,False,[],False
2020-12-31,2021-12-31,True,1460602,Orgenesis Inc.,"[""ORGS""]","[""2834""]",10-K,2020-03-09,0001062993-20-001299,False,False,[],False
2020-12-31,2021-12-31,True,1460702,RITTER PHARMACEUTICALS INC,"[""QLGN""]","[""2834""]",10-K/A,2020-04-24,0001493152-20-007088,False,False,[],False
2020-12-31,2021-12-31,True,1463361,"Unity Biotechnology, Inc.","[""UBX""]","[""2834""]",10-K,2020-03-11,0001564590-20-010071,False,False,[],False
2020-12-31,2021-12-31,True,1466301,"Clovis Oncology, Inc.",[],"[""2834""]",10-K,2020-02-26,0001558370-20-001500,False,False,[],False
2020-12-31,2021-12-31,True,1467154,"Novan, Inc.",[],"[""2834""]",10-K/A,2020-05-20,0001467154-20-000069,False,False,[],False
2020-12-31,2021-12-31,True,1467652,"Neos Therapeutics, Inc.",[],"[""2834""]",10-K,2020-03-13,0001558370-20-002684,False,True,"[""925676497e6d22f2aadc""]",False
2020-12-31,2021-12-31,True,1468748,Kodiak Sciences Inc.,"[""KOD""]","[""2836""]",10-K,2020-03-16,0001564590-20-011186,False,False,[],False
2020-12-31,2021-12-31,True,1472091,PDS Biotechnology Corp,"[""PDSB""]","[""2834""]",10-K,2020-03-27,0001140361-20-007252,False,False,[],False
2020-12-31,2021-12-31,True,1476963,"HEAT BIOLOGICS, INC.","[""SCPX""]","[""2834""]",10-K,2020-03-30,0001553350-20-000252,False,False,[],False
2020-12-31,2021-12-31,True,1477845,"Annovis Bio, Inc.","[""ANVS""]","[""2834""]",10-K,2020-03-25,0001104659-20-038326,False,False,[],False
2020-12-31,2021-12-31,True,1478069,CONTRAFECT Corp,"[""CFRXQ""]","[""2834""]",10-K,2020-03-18,0001193125-20-077242,False,False,[],False
2020-12-31,2021-12-31,True,1478242,IQVIA HOLDINGS INC.,"[""IQV""]","[""8731""]",10-K,2020-02-18,0001564590-20-004901,False,False,[],False
2020-12-31,2021-12-31,True,1478320,Adaptive Biotechnologies Corp,"[""ADPT""]","[""2836""]",10-K,2020-02-26,0001564590-20-006830,False,False,[],False
2020-12-31,2021-12-31,True,1479290,"Revance Therapeutics, Inc.","[""RVNC""]","[""2834""]",10-K,2020-02-26,0001479290-20-000042,False,False,[],False
2020-12-31,2021-12-31,True,1479419,"Kala Pharmaceuticals, Inc.","[""KALA""]","[""2834""]",10-K,2020-02-12,0001558370-20-000733,False,False,[],False
2020-12-31,2021-12-31,True,1481512,"Ra Pharmaceuticals, Inc.",[],"[""2834""]",10-K/A,2020-04-03,0001104659-20-043153,False,False,[],False
2020-12-31,2021-12-31,True,1485003,"Sesen Bio, Inc.","[""CARM""]","[""2834""]",10-K,2020-03-16,0001485003-20-000038,False,False,[],False
2020-12-31,2021-12-31,True,1488039,"ATOSSA THERAPEUTICS, INC.","[""ATOS""]","[""2834""]",10-K,2020-03-26,0001437749-20-006155,False,False,[],False
2020-12-31,2021-12-31,True,1490978,"Schrodinger, Inc.","[""SDGR""]","[""2834""]",10-K,2020-03-16,0001564590-20-011182,False,False,[],False
2020-12-31,2021-12-31,True,1492422,"Apellis Pharmaceuticals, Inc.","[""APLS""]","[""2834""]",10-K,2020-02-27,0001564590-20-007350,False,False,[],False
2020-12-31,2021-12-31,True,1492426,Horizon Therapeutics Public Ltd Co,[],"[""2834""]",10-K,2020-02-26,0001564590-20-006575,False,False,[],False
2020-12-31,2021-12-31,True,1493566,"OTONOMY, INC.",[],"[""2834""]",10-K,2020-02-27,0001564590-20-007386,False,False,[],False
2020-12-31,2021-12-31,True,1494650,"OptiNose, Inc.","[""OPTN""]","[""2834""]",10-K,2020-03-05,0001494650-20-000020,False,False,[],False
2020-12-31,2021-12-31,True,1496323,"IGM Biosciences, Inc.","[""IGMS""]","[""2834""]",10-K,2020-03-26,0001564590-20-013183,False,False,[],False
2020-12-31,2021-12-31,True,1496671,"Calithera Biosciences, Inc.","[""CALA""]","[""2834""]",10-K,2020-03-11,0001564590-20-010058,False,False,[],False
2020-12-31,2021-12-31,True,1497253,"ORGANOVO HOLDINGS, INC.","[""ONVO""]","[""2836""]",10-K/A,2020-07-29,0001564590-20-034276,False,False,[],False
2020-12-31,2021-12-31,True,1497504,PLx Pharma Inc.,[],"[""2834""]",10-K/A,2020-04-24,0001437749-20-008381,False,False,[],False
2020-12-31,2021-12-31,True,1498382,"Kintara Therapeutics, Inc.","[""KTRA""]","[""2834""]",10-K,2020-09-18,0001564590-20-044019,False,False,[],False
2020-12-31,2021-12-31,True,1498403,BioLineRx Ltd.,"[""BLRX""]","[""2834""]",20-F,2020-03-12,0001178913-20-000790,False,False,[],False
2020-12-31,2021-12-31,True,1501697,"X4 Pharmaceuticals, Inc","[""XFOR"", ""XFOWW""]","[""2836""]",10-K,2020-03-12,0001628280-20-003484,False,False,[],False
2020-12-31,2021-12-31,True,1501756,"Adverum Biotechnologies, Inc.","[""ADVM""]","[""2836""]",10-K,2020-03-12,0001564590-20-010503,False,False,[],False
2020-12-31,2021-12-31,True,1501989,"CytomX Therapeutics, Inc.","[""CTMX""]","[""2834""]",10-K,2020-02-27,0001564590-20-007395,False,False,[],False
2020-12-31,2021-12-31,True,1503802,Karyopharm Therapeutics Inc.,"[""KPTI""]","[""2834""]",10-K,2020-02-26,0001193125-20-049115,False,False,[],False
2020-12-31,2021-12-31,True,1504167,BioPharmX Corp,[],"[""2834""]",10-K,2020-03-23,0001558370-20-003019,False,False,[],False
2020-12-31,2021-12-31,True,1505512,Regulus Therapeutics Inc.,"[""RGLS""]","[""2834""]",10-K,2020-03-12,0001628280-20-003483,False,False,[],False
2020-12-31,2021-12-31,True,1506184,IMMUTEP Ltd,"[""IMMP""]","[""2834""]",20-F,2020-09-25,0001193125-20-253940,False,False,[],False
2020-12-31,2021-12-31,True,1506251,"Citius Pharmaceuticals, Inc.","[""CTXR""]","[""2834""]",10-K,2020-12-16,0001213900-20-043004,False,False,[],False
2020-12-31,2021-12-31,True,1509745,"LEAP THERAPEUTICS, INC.","[""LPTX""]","[""2834""]",10-K,2020-03-16,0001047469-20-001500,False,False,[],False
2020-12-31,2021-12-31,True,1512717,Theratechnologies Inc.,"[""THTX""]","[""2834""]",40-F,2020-02-25,0001193125-20-047314,False,False,[],False
2020-12-31,2021-12-31,True,1512762,"Coherus BioSciences, Inc.","[""CHRS""]","[""2836""]",10-K,2020-02-27,0001564590-20-007416,False,False,[],False
2020-12-31,2021-12-31,True,1513525,"ADIAL PHARMACEUTICALS, INC.","[""ADIL""]","[""2834""]",10-K,2020-03-20,0001213900-20-007020,False,False,[],False
2020-12-31,2021-12-31,True,1513818,"Aravive, Inc.",[],"[""2834""]",10-K,2020-03-27,0001564590-20-013390,False,False,[],False
2020-12-31,2021-12-31,True,1515673,Ultragenyx Pharmaceutical Inc.,"[""RARE""]","[""2834""]",10-K,2020-02-14,0001564590-20-004667,False,False,[],False
2020-12-31,2021-12-31,True,1517022,"Akebia Therapeutics, Inc.","[""AKBA""]","[""2834""]",10-K,2020-03-12,0001564590-20-010491,False,False,[],False
2020-12-31,2021-12-31,True,1520262,Alkermes plc.,"[""ALKS""]","[""2834""]",10-K,2020-02-13,0001564590-20-004489,False,False,[],False
2020-12-31,2021-12-31,True,1521036,"Lantheus Holdings, Inc.","[""LNTH""]","[""2835""]",10-K,2020-02-25,0001628280-20-002197,False,False,[],False
2020-12-31,2021-12-31,True,1522602,"CohBar, Inc.","[""CWBR""]","[""2834""]",10-K,2020-03-12,0001213900-20-006115,False,False,[],False
2020-12-31,2021-12-31,True,1526119,"Verastem, Inc.","[""VSTM""]","[""2834""]",10-K,2020-03-11,0001558370-20-002421,False,False,[],False
2020-12-31,2021-12-31,True,1527599,"SYNLOGIC, INC.","[""SYBX""]","[""2834""]",10-K,2020-03-12,0001564590-20-010261,False,False,[],False
2020-12-31,2021-12-31,True,1527728,Enochian Biosciences Inc,"[""RENB""]","[""2834""]",10-K/A,2020-10-28,0001731122-20-001098,False,False,[],False
2020-12-31,2021-12-31,True,1532346,"Atreca, Inc.",[],"[""2834""]",10-K,2020-03-11,0001558370-20-002406,False,False,[],False
2020-12-31,2021-12-31,True,1533040,Phio Pharmaceuticals Corp.,"[""PHIO""]","[""2834""]",10-K,2020-03-26,0001683168-20-000969,False,False,[],False
2020-12-31,2021-12-31,True,1534120,Cerecor Inc.,"[""AVTX""]","[""2834""]",10-K,2020-03-11,0001628280-20-003395,False,False,[],False
2020-12-31,2021-12-31,True,1534248,Anchiano Therapeutics Ltd.,"[""CMMB""]","[""2834""]",10-K,2020-03-17,0001104659-20-034835,False,False,[],False
2020-12-31,2021-12-31,True,1534525,"Xenetic Biosciences, Inc.","[""XBIO""]","[""2834""]",10-K/A,2020-04-29,0001683168-20-001321,False,False,[],False
2020-12-31,2021-12-31,True,1535955,Lipocine Inc.,"[""LPCN""]","[""2834""]",10-K,2020-03-13,0001104659-20-032764,False,False,[],False
2020-12-31,2021-12-31,True,1536196,Can-Fite BioPharma Ltd.,"[""CANF""]","[""2834""]",20-F,2020-03-27,0001213900-20-007682,False,False,[],False
2020-12-31,2021-12-31,True,1537917,"TYME TECHNOLOGIES, INC.",[],"[""2834""]",10-K,2020-05-22,0001564590-20-026661,False,False,[],False
2020-12-31,2021-12-31,True,1539029,"Clearside Biomedical, Inc.","[""CLSD""]","[""2834""]",10-K,2020-03-13,0001564590-20-010810,False,False,[],False
2020-12-31,2021-12-31,True,1540159,"Edesa Biotech, Inc.","[""EDSA""]","[""2834""]",10-K,2020-12-07,0001654954-20-013236,False,False,[],False
2020-12-31,2021-12-31,True,1541157,Akari Therapeutics Plc,"[""AKTX""]","[""2834""]",20-F,2020-03-31,0001104659-20-040722,False,False,[],False
2020-12-31,2021-12-31,True,1544227,"Millendo Therapeutics, Inc.","[""TPST""]","[""2834""]",10-K,2020-03-11,0001544227-20-000004,False,False,[],False
2020-12-31,2021-12-31,True,1551152,AbbVie Inc.,"[""ABBV""]","[""2834""]",10-K,2020-02-21,0001551152-20-000007,False,False,[],False
2020-12-31,2021-12-31,True,1551986,"INNOVATE BIOPHARMACEUTICALS, INC.","[""NMTRQ""]","[""2834""]",10-K,2020-03-20,0001551986-20-000050,False,False,[],False
2020-12-31,2021-12-31,True,1552189,"Exactus, Inc.","[""PLSH""]","[""2833""]",10-K,2020-05-22,0001654954-20-005937,False,False,[],False
2020-12-31,2021-12-31,True,1553846,RedHill Biopharma Ltd.,"[""RDHL""]","[""2834""]",20-F,2020-03-04,0001558370-20-001994,False,False,[],False
2020-12-31,2021-12-31,True,1555280,Zoetis Inc.,"[""ZTS""]","[""2834""]",10-K,2020-02-13,0001555280-20-000054,False,False,[],False
2020-12-31,2021-12-31,True,1556263,"Syros Pharmaceuticals, Inc.","[""SYRS""]","[""2834""]",10-K,2020-03-05,0001564590-20-008795,False,False,[],False
2020-12-31,2021-12-31,True,1557142,"Kadmon Holdings, Inc.",[],"[""2834""]",10-K,2020-03-05,0001557142-20-000015,False,True,"[""5a89615f983a03665b04""]",False
2020-12-31,2021-12-31,True,1557746,"Aclaris Therapeutics, Inc.","[""ACRS""]","[""2834""]",10-K,2020-02-25,0001558370-20-001325,False,False,[],False
2020-12-31,2021-12-31,True,1559053,Prothena Corp plc,"[""PRTA""]","[""2834""]",10-K,2020-03-03,0001559053-20-000005,False,False,[],False
2020-12-31,2021-12-31,True,1560241,"G1 Therapeutics, Inc.","[""GTHX""]","[""2834""]",10-K,2020-02-26,0001564590-20-006846,False,False,[],False
2020-12-31,2021-12-31,True,1561743,"Kindred Biosciences, Inc.",[],"[""2834""]",10-K,2020-03-16,0001561743-20-000009,False,True,"[""90a0383386b5e4735a57""]",False
2020-12-31,2021-12-31,True,1563577,"Galera Therapeutics, Inc.","[""GRTX""]","[""2834""]",10-K,2020-03-10,0001564590-20-009542,False,False,[],False
2020-12-31,2021-12-31,True,1563880,"Trevi Therapeutics, Inc.","[""TRVI""]","[""2834""]",10-K,2020-03-16,0001564590-20-010996,False,False,[],False
2020-12-31,2021-12-31,True,1564824,Allakos Inc.,"[""ALLK""]","[""2834""]",10-K,2020-02-25,0001564590-20-006408,False,False,[],False
2020-12-31,2021-12-31,True,1566044,Menlo Therapeutics Inc.,"[""VYNE""]","[""2834""]",10-K,2020-03-03,0001564590-20-008442,False,False,[],False
2020-12-31,2021-12-31,True,1566373,"Spring Bank Pharmaceuticals, Inc.",[],"[""2834""]",10-K,2020-02-14,0001564590-20-004684,False,False,[],False
2020-12-31,2021-12-31,True,1567514,"Intra-Cellular Therapies, Inc.","[""ITCI""]","[""2834""]",10-K,2020-03-02,0001193125-20-057888,False,False,[],False
2020-12-31,2021-12-31,True,1567529,KAMADA LTD,"[""KMDA""]","[""2834""]",20-F/A,2020-03-16,0001213900-20-006396,False,False,[],False
2020-12-31,2021-12-31,True,1567892,Mallinckrodt plc,[],"[""2834""]",10-K,2020-02-26,0001567892-20-000005,False,False,[],False
2020-12-31,2021-12-31,True,1570562,"Evolus, Inc.","[""EOLS""]","[""2834""]",10-K,2020-02-25,0001570562-20-000061,False,False,[],False
2020-12-31,2021-12-31,True,1571498,"Epizyme, Inc.",[],"[""2834""]",10-K,2020-02-27,0001564590-20-007398,False,False,[],False
2020-12-31,2021-12-31,True,1574232,Addex Therapeutics Ltd.,"[""ADXN""]","[""2834""]",20-F,2020-04-27,0001047469-20-002580,False,False,[],False
2020-12-31,2021-12-31,True,1574235,"Pulmatrix, Inc.","[""PULM""]","[""2834""]",10-K,2020-03-26,0001193125-20-086168,False,False,[],False
2020-12-31,2021-12-31,True,1576263,"Mirati Therapeutics, Inc.",[],"[""2834""]",10-K,2020-02-26,0001628280-20-002301,False,False,[],False
2020-12-31,2021-12-31,True,1578845,Allergan plc,[],"[""2834""]",10-K/A,2020-04-29,0001193125-20-126525,False,False,[],False
2020-12-31,2021-12-31,True,1579428,"Axsome Therapeutics, Inc.","[""AXSM""]","[""2834""]",10-K,2020-03-12,0001558370-20-002573,False,False,[],False
2020-12-31,2021-12-31,True,1580149,BIOVIE INC.,"[""BIVI""]","[""2834""]",10-K/A,2020-08-07,0001520138-20-000360,False,False,[],False
2020-12-31,2021-12-31,True,1581280,Twist Bioscience Corp,"[""TWST""]","[""2836""]",10-K,2020-11-27,0001193125-20-303904,False,False,[],False
2020-12-31,2021-12-31,True,1582313,Xenon Pharmaceuticals Inc.,"[""XENE""]","[""2834""]",10-K,2020-03-09,0001564590-20-009385,False,False,[],False
2020-12-31,2021-12-31,True,1582554,"Matinas BioPharma Holdings, Inc.","[""MTNB""]","[""2834""]",10-K,2020-03-09,0001493152-20-003558,False,False,[],False
2020-12-31,2021-12-31,True,1583107,"Theravance Biopharma, Inc.","[""TBPH""]","[""2834""]",10-K,2020-02-27,0001558370-20-001644,False,False,[],False
2020-12-31,2021-12-31,True,1583648,"PIERIS PHARMACEUTICALS, INC.","[""PIRS""]","[""8731""]",10-K,2020-03-13,0001583648-20-000015,False,False,[],False
2020-12-31,2021-12-31,True,1583771,"Hepion Pharmaceuticals, Inc.","[""HEPA"", ""CTRVP""]","[""2834""]",10-K/A,2020-06-15,0001104659-20-073279,False,False,[],False
2020-12-31,2021-12-31,True,1585364,PERRIGO Co plc,"[""PRGO""]","[""2834""]",10-K,2020-02-27,0001585364-20-000013,False,False,[],False
2020-12-31,2021-12-31,True,1585608,"Jaguar Health, Inc.","[""JAGX""]","[""2834""]",10-K,2020-04-03,0001558370-20-003581,False,False,[],False
2020-12-31,2021-12-31,True,1586049,Oxford Immunotec Global PLC,[],"[""2835""]",10-K,2020-03-06,0001437749-20-004480,False,True,"[""b47a03020c0900829e6c""]",False
2020-12-31,2021-12-31,True,1586105,Zyla Life Sciences,[],"[""2834""]",10-K/A,2020-04-28,0001558370-20-004399,False,False,[],False
2020-12-31,2021-12-31,True,1587221,Zosano Pharma Corp,[],"[""2834""]",10-K,2020-03-13,0001587221-20-000004,False,False,[],False
2020-12-31,2021-12-31,True,1588972,"Recro Pharma, Inc.",[],"[""2834""]",10-K,2020-03-04,0001564590-20-008538,False,False,[],False
2020-12-31,2021-12-31,True,1590560,uniQure N.V.,"[""QURE""]","[""2834""]",10-K,2020-03-02,0001558370-20-001883,False,False,[],False
2020-12-31,2021-12-31,True,1590877,REGENXBIO Inc.,"[""RGNX""]","[""2836""]",10-K,2020-02-26,0001564590-20-006826,False,False,[],False
2020-12-31,2021-12-31,True,1593034,Endo International plc,[],"[""2834""]",10-K,2020-02-26,0001593034-20-000019,False,False,[],False
2020-12-31,2021-12-31,True,1593984,MediWound Ltd.,"[""MDWD""]","[""2833""]",20-F,2020-02-25,0001178913-20-000640,False,False,[],False
2020-12-31,2021-12-31,True,1595097,"Corbus Pharmaceuticals Holdings, Inc.","[""CRBP""]","[""2834""]",10-K,2020-03-16,0001493152-20-004077,False,False,[],False
2020-12-31,2021-12-31,True,1595248,"Genprex, Inc.","[""GNPX""]","[""2834""]",10-K,2020-03-30,0001437749-20-006522,False,False,[],False
2020-12-31,2021-12-31,True,1595353,Galmed Pharmaceuticals Ltd.,"[""GLMD""]","[""2834""]",20-F,2020-03-12,0001104659-20-032166,False,False,[],False
2020-12-31,2021-12-31,True,1595585,"Tricida, Inc.",[],"[""2834""]",10-K,2020-03-02,0001595585-20-000032,False,False,[],False
2020-12-31,2021-12-31,True,1595893,"Turning Point Therapeutics, Inc.",[],"[""2834""]",10-K,2020-03-18,0001564590-20-011492,False,False,[],False
2020-12-31,2021-12-31,True,1596783,"Catalent, Inc.","[""CTLT""]","[""2834""]",10-K,2020-08-31,0001596783-20-000155,False,False,[],False
2020-12-31,2021-12-31,True,1596812,Enlivex Therapeutics Ltd.,"[""ENLV""]","[""2834""]",20-F,2020-04-30,0001213900-20-010632,False,False,[],False
2020-12-31,2021-12-31,True,1596946,Quotient Ltd,[],"[""2835""]",10-K,2020-06-12,0001564590-20-029174,False,False,[],False
2020-12-31,2021-12-31,True,1597264,Blueprint Medicines Corp,"[""BPMC""]","[""2834""]",10-K,2020-02-13,0001558370-20-000784,False,False,[],False
2020-12-31,2021-12-31,True,1597553,"Sage Therapeutics, Inc.","[""SAGE""]","[""2834""]",10-K,2020-02-27,0001564590-20-007021,False,False,[],False
2020-12-31,2021-12-31,True,1598599,Innate Pharma SA,"[""IPHA"", ""IPHYF""]","[""2836""]",20-F,2020-04-24,0001171843-20-002847,False,False,[],False
2020-12-31,2021-12-31,True,1598646,"Minerva Neurosciences, Inc.","[""NERV""]","[""2834""]",10-K,2020-03-09,0001564590-20-009243,False,False,[],False
2020-12-31,2021-12-31,True,1599298,Summit Therapeutics plc,"[""SMMT""]","[""2834""]",20-F,2020-04-30,0001599298-20-000005,False,False,[],False
2020-12-31,2021-12-31,True,1600132,"Bellerophon Therapeutics, Inc.","[""BLPH""]","[""2834""]",10-K,2020-04-06,0001600132-20-000039,False,False,[],False
2020-12-31,2021-12-31,True,1600620,Aurinia Pharmaceuticals Inc.,"[""AUPH""]","[""2834""]",40-F,2020-03-05,0001628280-20-003036,False,False,[],False
2020-12-31,2021-12-31,True,1600847,Gamida Cell Ltd.,[],"[""2836""]",20-F,2020-02-26,0001213900-20-004776,False,False,[],False
2020-12-31,2021-12-31,True,1601936,Auris Medical Holding Ltd.,"[""CYTO""]","[""2834""]",20-F,2020-04-16,0001213900-20-009292,False,False,[],False
2020-12-31,2021-12-31,True,1603207,Vascular Biogenics Ltd.,"[""NTBL""]","[""2834""]",20-F,2020-03-19,0001493152-20-004312,False,False,[],False
2020-12-31,2021-12-31,True,1604191,"AzurRx BioPharma, Inc.","[""ENTO""]","[""2834""]",10-K/A,2020-04-29,0001654954-20-004656,False,False,[],False
2020-12-31,2021-12-31,True,1604464,"Atara Biotherapeutics, Inc.","[""ATRA""]","[""2836""]",10-K,2020-02-27,0001564590-20-007027,False,False,[],False
2020-12-31,2021-12-31,True,1604924,Forward Pharma A/S,[],"[""2834""]",20-F,2020-04-24,0001047469-20-002573,False,False,[],False
2020-12-31,2021-12-31,True,1604950,scPharmaceuticals Inc.,"[""SCPH""]","[""2834""]",10-K,2020-03-24,0001564590-20-012500,False,False,[],False
2020-12-31,2021-12-31,True,1607678,"Viking Therapeutics, Inc.","[""VKTX""]","[""2834""]",10-K,2020-02-26,0001564590-20-006766,False,False,[],False
2020-12-31,2021-12-31,True,1608390,Affimed N.V.,"[""AFMD""]","[""2834""]",20-F,2020-04-28,0001558370-20-004500,False,False,[],False
2020-12-31,2021-12-31,True,1609809,"Seres Therapeutics, Inc.","[""MCRB""]","[""2834""]",10-K,2020-03-02,0001564590-20-008002,False,False,[],False
2020-12-31,2021-12-31,True,1610618,"Cidara Therapeutics, Inc.","[""CDTX""]","[""2836""]",10-K,2020-03-04,0001610618-20-000011,False,False,[],False
2020-12-31,2021-12-31,True,1610950,"Syneos Health, Inc.",[],"[""8731""]",10-K,2020-02-20,0001610950-20-000043,False,False,[],False
2020-12-31,2021-12-31,True,1611746,Therapix Biosciences Ltd.,"[""SPRC""]","[""2834""]",20-F,2020-06-15,0001213900-20-014990,False,False,[],False
2020-12-31,2021-12-31,True,1611747,BiondVax Pharmaceuticals Ltd.,"[""SCNI""]","[""2836""]",20-F,2020-06-12,0001213900-20-014759,False,False,[],False
2020-12-31,2021-12-31,True,1612042,Ascendis Pharma A/S,"[""ASND""]","[""2834""]",20-F,2020-04-03,0001193125-20-096870,False,False,[],False
2020-12-31,2021-12-31,True,1612940,ProQR Therapeutics N.V.,"[""PRQR""]","[""2834""]",20-F,2020-03-31,0001558370-20-003457,False,False,[],False
2020-12-31,2021-12-31,True,1613780,DBV Technologies S.A.,"[""DBVT""]","[""2836""]",20-F,2020-03-20,0001193125-20-080633,False,False,[],False
2020-12-31,2021-12-31,True,1613859,"PRA Health Sciences, Inc.",[],"[""8731""]",10-K,2020-02-21,0001613859-20-000007,False,True,"[""e67d16e3c2d5e10f6cc6""]",False
2020-12-31,2021-12-31,True,1614067,"Aridis Pharmaceuticals, Inc.","[""ARDS""]","[""2834""]",10-K,2020-04-08,0001047469-20-002189,False,False,[],False
2020-12-31,2021-12-31,True,1614744,Kitov Pharma Ltd.,"[""PPBT""]","[""2834""]",20-F/A,2020-03-31,0001213900-20-008240,False,False,[],False
2020-12-31,2021-12-31,True,1615219,"Salarius Pharmaceuticals, Inc.","[""SLRX""]","[""2834""]",10-K,2020-03-23,0001615219-20-000014,False,False,[],False
2020-12-31,2021-12-31,True,1616212,Trillium Therapeutics Inc.,[],"[""2834""]",40-F,2020-03-10,0001062993-20-001304,False,True,"[""89bc1c29a436df09e29b""]",False
2020-12-31,2021-12-31,True,1618835,"Evofem Biosciences, Inc.","[""EVFM""]","[""2834""]",10-K,2020-03-12,0001618835-20-000047,False,False,[],False
2020-12-31,2021-12-31,True,1620737,ORGANIGRAM HOLDINGS INC.,"[""OGI""]","[""2834""]",40-F,2020-11-30,0001062993-20-005949,False,False,[],False
2020-12-31,2021-12-31,True,1621227,Adaptimmune Therapeutics PLC,"[""ADAP""]","[""2836""]",10-K,2020-02-27,0001558370-20-001571,False,False,[],False
2020-12-31,2021-12-31,True,1621443,"Zynerba Pharmaceuticals, Inc.",[],"[""2834""]",10-K,2020-03-10,0001558370-20-002280,False,False,[],False
2020-12-31,2021-12-31,True,1623526,"Stoke Therapeutics, Inc.","[""STOK""]","[""2834""]",10-K,2020-03-23,0001564590-20-012202,False,False,[],False
2020-12-31,2021-12-31,True,1624422,Erytech Pharma S.A.,[],"[""2836""]",20-F,2020-03-18,0001564590-20-011602,False,False,[],False
2020-12-31,2021-12-31,True,1624658,"Allena Pharmaceuticals, Inc.",[],"[""2836""]",10-K/A,2020-04-29,0001564590-20-019432,False,False,[],False
2020-12-31,2021-12-31,True,1626199,"ALPINE IMMUNE SCIENCES, INC.",[],"[""2834""]",10-K,2020-03-30,0001626199-20-000009,False,False,[],False
2020-12-31,2021-12-31,True,1626878,XBiotech Inc.,"[""XBIT""]","[""2834""]",10-K,2020-03-16,0001171843-20-001761,False,False,[],False
2020-12-31,2021-12-31,True,1626971,"Corvus Pharmaceuticals, Inc.","[""CRVS""]","[""2834""]",10-K,2020-03-09,0001558370-20-002232,False,False,[],False
2020-12-31,2021-12-31,True,1627281,Cellectis S.A.,"[""CLLS""]","[""2836""]",20-F,2020-03-05,0001193125-20-061833,False,False,[],False
2020-12-31,2021-12-31,True,1628171,"Revolution Medicines, Inc.","[""RVMD"", ""RVMDW""]","[""2836""]",10-K,2020-03-30,0001564590-20-014169,False,False,[],False
2020-12-31,2021-12-31,True,1629137,"Global Blood Therapeutics, Inc.",[],"[""2834""]",10-K,2020-02-26,0001193125-20-050084,False,False,[],False
2020-12-31,2021-12-31,True,1631574,Wave Life Sciences Ltd.,"[""WVE""]","[""2834""]",10-K/A,2020-04-29,0001564590-20-019772,False,False,[],False
2020-12-31,2021-12-31,True,1633070,Axcella Health Inc.,[],"[""2836""]",10-K,2020-03-23,0001633070-20-000012,False,False,[],False
2020-12-31,2021-12-31,True,1633932,ESSA Pharma Inc.,"[""EPIX""]","[""2834""]",10-K,2020-12-15,0001558370-20-014403,False,False,[],False
2020-12-31,2021-12-31,True,1634432,Strongbridge Biopharma plc,[],"[""2834""]",10-K,2020-02-28,0001558370-20-001720,False,True,"[""9bde7933d1324b0b3295""]",False
2020-12-31,2021-12-31,True,1636050,Axovant Gene Therapies Ltd.,[],"[""2834""]",10-K,2020-06-10,0001636050-20-000028,False,False,[],False
2020-12-31,2021-12-31,True,1636282,"Aeglea BioTherapeutics, Inc.","[""SYRE""]","[""2834""]",10-K,2020-02-24,0001564590-20-005888,False,False,[],False
2020-12-31,2021-12-31,True,1636651,Ovid Therapeutics Inc.,"[""OVID""]","[""2834""]",10-K,2020-03-11,0001564590-20-010108,False,False,[],False
2020-12-31,2021-12-31,True,1637890,CELYAD S.A.,[],"[""2834""]",20-F,2020-03-25,0001193125-20-084305,False,False,[],False
2020-12-31,2021-12-31,True,1638097,Entera Bio Ltd.,"[""ENTX""]","[""2836""]",20-F,2020-03-26,0001178913-20-000939,False,False,[],False
2020-12-31,2021-12-31,True,1638287,"NeuroBo Pharmaceuticals, Inc.","[""NRBO""]","[""2834""]",10-K,2020-03-30,0001558370-20-003385,False,False,[],False
2020-12-31,2021-12-31,True,1638381,Intec Pharma Ltd.,[],"[""2834""]",10-K,2020-03-13,0001213900-20-006334,False,True,"[""4d5f2b3d4dd3284c833c""]",False
2020-12-31,2021-12-31,True,1640266,"Voyager Therapeutics, Inc.","[""VYGR""]","[""2836""]",10-K,2020-03-03,0001558370-20-001974,False,False,[],False
2020-12-31,2021-12-31,True,1640455,"Jounce Therapeutics, Inc.",[],"[""2836""]",10-K,2020-02-27,0001640455-20-000034,False,False,[],False
2020-12-31,2021-12-31,True,1641489,vTv Therapeutics Inc.,"[""VTVT""]","[""2834""]",10-K,2020-02-21,0001564590-20-005627,False,False,[],False
2020-12-31,2021-12-31,True,1641640,Nabriva Therapeutics plc,[],"[""2834""]",10-K,2020-03-12,0001558370-20-002547,False,False,[],False
2020-12-31,2021-12-31,True,1642375,"Guardion Health Sciences, Inc.","[""GHSI""]","[""2834""]",10-K,2020-03-30,0001493152-20-005000,False,False,[],False
2020-12-31,2021-12-31,True,1642380,OncoCyte Corp,"[""OCX""]","[""2835""]",10-K/A,2020-04-28,0001493152-20-007252,False,False,[],False
2020-12-31,2021-12-31,True,1643918,Midatech Pharma Plc,"[""BDRX""]","[""2834""]",20-F/A,2020-06-17,0001214659-20-005715,False,False,[],False
2020-12-31,2021-12-31,True,1644963,"AVENUE THERAPEUTICS, INC.","[""ATXI""]","[""2834""]",10-K,2020-03-30,0001104659-20-040345,False,False,[],False
2020-12-31,2021-12-31,True,1645460,"Cue Biopharma, Inc.","[""CUE""]","[""2834""]",10-K/A,2020-04-29,0001193125-20-126402,False,False,[],False
2020-12-31,2021-12-31,True,1645469,Monopar Therapeutics,"[""MNPR""]","[""2834""]",10-K,2020-03-27,0001654954-20-003363,False,False,[],False
2020-12-31,2021-12-31,True,1645666,"Kezar Life Sciences, Inc.","[""KZR""]","[""2834""]",10-K,2020-03-12,0001564590-20-010498,False,False,[],False
2020-12-31,2021-12-31,True,1648257,Hutchison China MediTech Ltd,"[""HCM"", ""HMDCF""]","[""2834""]",20-F/A,2020-04-29,0001104659-20-052824,False,False,[],False
2020-12-31,2021-12-31,True,1649904,"RHYTHM PHARMACEUTICALS, INC.","[""RYTM""]","[""2834""]",10-K,2020-03-02,0001558370-20-001896,False,False,[],False
2020-12-31,2021-12-31,True,1649989,"Outlook Therapeutics, Inc.","[""OTLK""]","[""2836""]",10-K,2020-12-23,0001558370-20-014540,False,False,[],False
2020-12-31,2021-12-31,True,1650664,"Editas Medicine, Inc.","[""EDIT""]","[""2836""]",10-K,2020-02-26,0001558370-20-001476,False,False,[],False
2020-12-31,2021-12-31,True,1651308,"BeiGene, Ltd.","[""BGNE"", ""BEIGF""]","[""2834""]",10-K,2020-03-02,0001651308-20-000020,False,False,[],False
2020-12-31,2021-12-31,True,1651311,Merus N.V.,"[""MRUS""]","[""2834""]",10-K/A,2020-04-29,0001193125-20-126288,False,False,[],False
2020-12-31,2021-12-31,True,1651407,"Checkpoint Therapeutics, Inc.","[""CKPT""]","[""2834""]",10-K,2020-03-11,0001104659-20-032004,False,False,[],False
2020-12-31,2021-12-31,True,1651625,AC Immune SA,"[""ACIU""]","[""2834""]",20-F,2020-03-30,0000950103-20-006219,False,False,[],False
2020-12-31,2021-12-31,True,1652130,"Intellia Therapeutics, Inc.","[""NTLA""]","[""2835""]",10-K,2020-02-27,0001564590-20-007409,False,False,[],False
2020-12-31,2021-12-31,True,1653087,"Alector, Inc.","[""ALEC""]","[""2836""]",10-K,2020-03-24,0001564590-20-012520,False,False,[],False
2020-12-31,2021-12-31,True,1654151,"Deciphera Pharmaceuticals, Inc.",[],"[""2834""]",10-K,2020-03-09,0001654151-20-000003,False,False,[],False
2020-12-31,2021-12-31,True,1655759,"ARVINAS, INC.","[""ARVN""]","[""2834""]",10-K,2020-03-16,0001564590-20-011004,False,False,[],False
2020-12-31,2021-12-31,True,1656472,Cronos Group Inc.,"[""CRON""]","[""2833""]",10-K/A,2020-03-30,0001656472-20-000033,False,False,[],False
2020-12-31,2021-12-31,True,1656634,"Gritstone Oncology, Inc.","[""GRTS""]","[""2836""]",10-K,2020-03-11,0001564590-20-009886,False,False,[],False
2020-12-31,2021-12-31,True,1657312,Verona Pharma plc,"[""VRNA""]","[""2834""]",20-F/A,2020-07-16,0001104659-20-084136,False,False,[],False
2020-12-31,2021-12-31,True,1658247,"Crinetics Pharmaceuticals, Inc.","[""CRNX""]","[""2834""]",10-K,2020-03-09,0001564590-20-009365,False,False,[],False
2020-12-31,2021-12-31,True,1659323,Iterum Therapeutics plc,"[""ITRM""]","[""2834""]",10-K/A,2020-08-06,0001193125-20-211364,False,False,[],False
2020-12-31,2021-12-31,True,1659617,"Moleculin Biotech, Inc.","[""MBRX""]","[""2834""]",10-K,2020-03-19,0001659617-20-000066,False,False,[],False
2020-12-31,2021-12-31,True,1660046,Immuron Ltd,"[""IMRN""]","[""2834""]",20-F,2020-10-28,0001213900-20-033685,False,False,[],False
2020-12-31,2021-12-31,True,1660334,Verrica Pharmaceuticals Inc.,"[""VRCA""]","[""2834""]",10-K,2020-03-13,0001564590-20-010832,False,False,[],False
2020-12-31,2021-12-31,True,1661059,"NextCure, Inc.","[""NXTC""]","[""2834""]",10-K,2020-03-12,0001558370-20-002566,False,False,[],False
2020-12-31,2021-12-31,True,1661181,Organogenesis Holdings Inc.,"[""ORGO""]","[""2834""]",10-K/A,2020-04-29,0001193125-20-126225,False,False,[],False
2020-12-31,2021-12-31,True,1661998,"Homology Medicines, Inc.","[""QTTB""]","[""2834""]",10-K,2020-03-12,0001564590-20-010441,False,False,[],False
2020-12-31,2021-12-31,True,1662774,"Cortexyme, Inc.","[""QNCX""]","[""2836""]",10-K,2020-03-16,0001564590-20-011165,False,False,[],False
2020-12-31,2021-12-31,True,1664106,"LogicBio Therapeutics, Inc.",[],"[""2836""]",10-K/A,2020-06-05,0001193125-20-162226,False,False,[],False
2020-12-31,2021-12-31,True,1668243,UroGen Pharma Ltd.,"[""URGN""]","[""2834""]",10-K,2020-03-02,0001564590-20-007970,False,False,[],False
2020-12-31,2021-12-31,True,1668397,"Medpace Holdings, Inc.","[""MEDP""]","[""8731""]",10-K,2020-02-25,0001564590-20-006385,False,False,[],False
2020-12-31,2021-12-31,True,1671584,Aptevo Therapeutics Inc.,"[""APVO""]","[""2834""]",10-K,2020-03-25,0001564590-20-012791,False,False,[],False
2020-12-31,2021-12-31,True,1673772,"RAPT Therapeutics, Inc.","[""RAPT""]","[""2834""]",10-K,2020-03-30,0001564590-20-014162,False,False,[],False
2020-12-31,2021-12-31,True,1674365,Aptinyx Inc.,[],"[""2834""]",10-K,2020-03-30,0001558370-20-003369,False,False,[],False
2020-12-31,2021-12-31,True,1674416,CRISPR Therapeutics AG,"[""CRSP""]","[""2836""]",10-K,2020-02-12,0001564590-20-004355,False,False,[],False
2020-12-31,2021-12-31,True,1674988,Zealand Pharma A/S,[],"[""2834""]",20-F,2020-03-13,0001047469-20-001482,False,False,[],False
2020-12-31,2021-12-31,True,1676725,"IDEAYA Biosciences, Inc.","[""IDYA""]","[""2834""]",10-K,2020-03-24,0001564590-20-012501,False,False,[],False
2020-12-31,2021-12-31,True,1677940,BeyondSpring Inc.,"[""BYSI""]","[""2834""]",20-F,2020-04-30,0001140361-20-010310,False,False,[],False
2020-12-31,2021-12-31,True,1679082,Myovant Sciences Ltd.,[],"[""2834""]",10-K,2020-05-18,0001679082-20-000026,False,False,[],False
2020-12-31,2021-12-31,True,1679363,"Morphic Holding, Inc.",[],"[""2834""]",10-K,2020-02-27,0001558370-20-001653,False,False,[],False
2020-12-31,2021-12-31,True,1680048,"MUSTANG BIO, INC.","[""MBIO""]","[""2834""]",10-K,2020-03-16,0001104659-20-034130,False,False,[],False
2020-12-31,2021-12-31,True,1680581,"Fulcrum Therapeutics, Inc.","[""FULC""]","[""2834""]",10-K,2020-03-05,0001564590-20-008951,False,False,[],False
2020-12-31,2021-12-31,True,1681087,"AVROBIO, Inc.","[""TECX""]","[""2836""]",10-K,2020-03-16,0001564590-20-011144,False,False,[],False
2020-12-31,2021-12-31,True,1682639,"EYENOVIA, INC.","[""EYEN""]","[""2834""]",10-K,2020-03-30,0001104659-20-040118,False,False,[],False
2020-12-31,2021-12-31,True,1682852,"Moderna, Inc.","[""MRNA""]","[""2836""]",10-K,2020-02-27,0001682852-20-000006,False,False,[],False
2020-12-31,2021-12-31,True,1683541,AURORA CANNABIS INC,"[""ACB""]","[""2833""]",40-F,2020-09-25,0001628280-20-013898,False,False,[],False
2020-12-31,2021-12-31,True,1684144,Zomedica Pharmaceuticals Corp.,"[""ZOM""]","[""2834""]",10-K,2020-02-26,0001171843-20-001304,False,False,[],False
2020-12-31,2021-12-31,True,1684693,Sol-Gel Technologies Ltd.,"[""SLGL""]","[""2834""]",20-F,2020-03-24,0001178913-20-000911,False,False,[],False
2020-12-31,2021-12-31,True,1685316,ObsEva SA,[],"[""2834""]",20-F,2020-03-05,0001564590-20-008792,False,False,[],False
2020-12-31,2021-12-31,True,1689813,Biohaven Pharmaceutical Holding Co Ltd.,[],"[""2834""]",10-K,2020-02-26,0001689813-20-000016,False,False,[],False
2020-12-31,2021-12-31,True,1690585,"Magenta Therapeutics, Inc.","[""DNTH""]","[""2834""]",10-K,2020-03-03,0001193125-20-059835,False,False,[],False
2020-12-31,2021-12-31,True,1690947,HEXO Corp.,[],"[""2833""]",40-F,2020-10-30,0001062993-20-005256,False,False,[],False
2020-12-31,2021-12-31,True,1692830,"Satsuma Pharmaceuticals, Inc.",[],"[""2834""]",10-K,2020-03-10,0001564590-20-009753,False,False,[],False
2020-12-31,2021-12-31,True,1693415,"Translate Bio, Inc.",[],"[""2836""]",10-K,2020-03-12,0001193125-20-071633,True,True,"[""af6291dd827fb2f433f6""]",False
2020-12-31,2021-12-31,True,1694665,"Evelo Biosciences, Inc.","[""EVLO""]","[""2834""]",10-K,2020-02-14,0001694665-20-000017,False,False,[],False
2020-12-31,2021-12-31,True,1695357,"Provention Bio, Inc.",[],"[""2834""]",10-K/A,2020-08-06,0001493152-20-014805,False,False,[],False
2020-12-31,2021-12-31,True,1696396,Stealth BioTherapeutics Corp,[],"[""2834""]",20-F,2020-04-01,0001564590-20-014804,False,False,[],False
2020-12-31,2021-12-31,True,1697532,Applied Therapeutics Inc.,"[""APLT""]","[""2834""]",10-K,2020-03-13,0001558370-20-002630,False,False,[],False
2020-12-31,2021-12-31,True,1697805,"XYNOMIC PHARMACEUTICALS HOLDINGS, INC.",[],"[""2834""]",10-K,2020-06-01,0001213900-20-013743,False,False,[],False
2020-12-31,2021-12-31,True,1697862,ARGENX SE,"[""ARGX""]","[""2836""]",20-F,2020-03-31,0001558370-20-003438,False,False,[],False
2020-12-31,2021-12-31,True,1698530,"EXICURE, INC.","[""XCUR""]","[""2834""]",10-K,2020-03-10,0001698530-20-000013,False,False,[],False
2020-12-31,2021-12-31,True,1701108,"Spero Therapeutics, Inc.","[""SPRO""]","[""2834""]",10-K,2020-03-16,0001564590-20-010998,False,False,[],False
2020-12-31,2021-12-31,True,1701541,"Black Diamond Therapeutics, Inc.","[""BDTX""]","[""2836""]",10-K,2020-03-24,0001701541-20-000009,False,False,[],False
2020-12-31,2021-12-31,True,1703647,"Frequency Therapeutics, Inc.","[""KRRO""]","[""2834""]",10-K,2020-03-26,0001564590-20-012977,False,False,[],False
2020-12-31,2021-12-31,True,1704292,Zai Lab Ltd,"[""ZLAB""]","[""2834""]",20-F/A,2020-09-18,0001564590-20-043994,False,False,[],False
2020-12-31,2021-12-31,True,1706431,"Vir Biotechnology, Inc.","[""VIR""]","[""2836""]",10-K,2020-03-26,0001564590-20-013194,False,False,[],False
2020-12-31,2021-12-31,True,1707502,Solid Biosciences Inc.,"[""SLDB""]","[""2836""]",10-K/A,2020-03-13,0001193125-20-073038,False,False,[],False
2020-12-31,2021-12-31,True,1708493,"Harpoon Therapeutics, Inc.",[],"[""2836""]",10-K,2020-03-12,0001564590-20-010479,False,False,[],False
2020-12-31,2021-12-31,True,1708599,"AgeX Therapeutics, Inc.","[""SER""]","[""2834""]",10-K/A,2020-05-22,0001493152-20-009712,False,False,[],False
2020-12-31,2021-12-31,True,1708688,InflaRx N.V.,"[""IFRX""]","[""2834""]",20-F,2020-04-29,0001140361-20-010155,False,False,[],False
2020-12-31,2021-12-31,True,1709401,"Rubius Therapeutics, Inc.",[],"[""2836""]",10-K,2020-03-12,0001558370-20-002475,False,False,[],False
2020-12-31,2021-12-31,True,1709626,NuCana plc,"[""NCNA""]","[""2834""]",20-F,2020-03-10,0001564590-20-009788,False,False,[],False
2020-12-31,2021-12-31,True,1710340,"Eton Pharmaceuticals, Inc.","[""ETON""]","[""2834""]",10-K/A,2020-05-21,0001493152-20-009627,False,False,[],False
2020-12-31,2021-12-31,True,1711279,"Krystal Biotech, Inc.","[""KRYS""]","[""2836""]",10-K,2020-03-10,0001564590-20-009550,False,False,[],False
2020-12-31,2021-12-31,True,1711754,"Inmune Bio, Inc.","[""INMB""]","[""2836""]",10-K,2020-03-11,0001213900-20-005916,False,False,[],False
2020-12-31,2021-12-31,True,1711786,"Hoth Therapeutics, Inc.","[""HOTH""]","[""2834""]",10-K,2020-03-02,0001213900-20-005186,False,False,[],False
2020-12-31,2021-12-31,True,1712641,Biofrontera AG,[],"[""2834""]",20-F,2020-04-21,0001493152-20-006857,False,False,[],False
2020-12-31,2021-12-31,True,1714899,Denali Therapeutics Inc.,"[""DNLI""]","[""2836""]",10-K,2020-02-27,0001714899-20-000026,False,False,[],False
2020-12-31,2021-12-31,True,1717452,"Odonate Therapeutics, Inc.","[""ODTC""]","[""2834""]",10-K,2020-02-20,0001564590-20-005407,False,False,[],False
2020-12-31,2021-12-31,True,1718108,"Surface Oncology, Inc.",[],"[""2836""]",10-K,2020-03-10,0001564590-20-009521,False,False,[],False
2020-12-31,2021-12-31,True,1719714,Mereo Biopharma Group plc,"[""MREO""]","[""2834""]",20-F,2020-06-15,0001193125-20-169533,False,False,[],False
2020-12-31,2021-12-31,True,1720580,"resTORbio, Inc.","[""ACET""]","[""2834""]",10-K,2020-03-12,0001564590-20-010474,False,False,[],False
2020-12-31,2021-12-31,True,1720725,"Oyster Point Pharma, Inc.",[],"[""2836""]",10-K,2020-02-27,0001720725-20-000006,False,False,[],False
2020-12-31,2021-12-31,True,1720893,"BioXcel Therapeutics, Inc.","[""BTAI""]","[""2834""]",10-K,2020-03-09,0001558370-20-002196,False,False,[],False
2020-12-31,2021-12-31,True,1722890,"Taiwan Liposome Company, Ltd.",[],"[""2834""]",20-F,2020-03-10,0001193125-20-067890,False,False,[],False
2020-12-31,2021-12-31,True,1722926,ASLAN Pharmaceuticals Ltd,[],"[""2834""]",20-F,2020-04-16,0001564590-20-016974,False,False,[],False
2020-12-31,2021-12-31,True,1722964,"Y-mAbs Therapeutics, Inc.","[""YMAB""]","[""2834""]",10-K,2020-03-12,0001558370-20-002551,False,False,[],False
2020-12-31,2021-12-31,True,1723069,Tiziana Life Sciences plc,"[""TLSA""]","[""2834""]",20-F,2020-06-17,0001213900-20-015211,False,False,[],False
2020-12-31,2021-12-31,True,1723128,"Amneal Pharmaceuticals, Inc.","[""AMRX""]","[""2834""]",10-K,2020-03-02,0001564590-20-008179,False,False,[],False
2020-12-31,2021-12-31,True,1723980,"China SXT Pharmaceuticals, Inc.","[""SXTC""]","[""2834""]",20-F,2020-07-31,0001213900-20-019503,False,False,[],False
2020-12-31,2021-12-31,True,1724344,Entasis Therapeutics Holdings Inc.,[],"[""2834""]",10-K,2020-03-11,0001558370-20-002414,False,False,[],False
2020-12-31,2021-12-31,True,1724521,"Arcus Biosciences, Inc.","[""RCUS""]","[""2834""]",10-K,2020-03-05,0001564590-20-008972,False,False,[],False
2020-12-31,2021-12-31,True,1727196,Scholar Rock Holding Corp,"[""SRRK""]","[""2836""]",10-K,2020-03-12,0001558370-20-002536,False,False,[],False
2020-12-31,2021-12-31,True,1728117,"Gossamer Bio, Inc.","[""GOSS""]","[""2834""]",10-K,2020-03-24,0001564590-20-012323,False,False,[],False
2020-12-31,2021-12-31,True,1729427,"CNS Pharmaceuticals, Inc.","[""CNSP""]","[""2834""]",10-K,2020-03-12,0001683168-20-000781,False,False,[],False
2020-12-31,2021-12-31,True,1730430,"Kiniksa Pharmaceuticals, Ltd.","[""KNSA""]","[""2834""]",10-K,2020-03-05,0001558370-20-002081,False,False,[],False
2020-12-31,2021-12-31,True,1730463,Autolus Therapeutics plc,"[""AUTL""]","[""2836""]",20-F/A,2020-06-30,0001193125-20-184031,False,False,[],False
2020-12-31,2021-12-31,True,1731348,"Tilray, Inc.","[""TLRY""]","[""2833""]",10-K/A,2020-04-29,0001564590-20-019701,False,True,"[""9d3fc483bb95f0c712cd""]",False
2020-12-31,2021-12-31,True,1733413,"TFF Pharmaceuticals, Inc.","[""TFFP""]","[""2834""]",10-K/A,2020-04-29,0001213900-20-010404,False,False,[],False
2020-12-31,2021-12-31,True,1733418,Aphria Inc.,[],"[""2833""]",40-F,2020-07-29,0001193125-20-201787,False,False,[],False
2020-12-31,2021-12-31,True,1734005,Aptorum Group Ltd,"[""APM""]","[""2834""]",20-F,2020-04-29,0001213900-20-010347,False,False,[],False
2020-12-31,2021-12-31,True,1734517,"Viela Bio, Inc.",[],"[""2834""]",10-K,2020-03-25,0001564590-20-012848,True,True,"[""0b9ee9435fb42ac3557a""]",False
2020-12-31,2021-12-31,True,1734768,IMV Inc.,[],"[""2834""]",40-F/A,2020-08-26,0001104659-20-098647,False,False,[],False
2020-12-31,2021-12-31,True,1735438,MeiraGTx Holdings plc,"[""MGTX""]","[""2836""]",10-K,2020-03-11,0001558370-20-002429,False,False,[],False
2020-12-31,2021-12-31,True,1737287,"Allogene Therapeutics, Inc.","[""ALLO""]","[""2836""]",10-K,2020-02-27,0001737287-20-000012,False,False,[],False
2020-12-31,2021-12-31,True,1737927,Canopy Growth Corp,"[""CGC""]","[""2833""]",10-K/A,2020-07-29,0001140361-20-016963,False,False,[],False
2020-12-31,2021-12-31,True,1737953,"Replimune Group, Inc.","[""REPL""]","[""2836""]",10-K,2020-06-03,0001047469-20-003318,False,False,[],False
2020-12-31,2021-12-31,True,1739104,Elanco Animal Health Inc,"[""ELAN""]","[""2834""]",10-K,2020-02-28,0001739104-20-000005,False,False,[],False
2020-12-31,2021-12-31,True,1739174,BiomX Inc.,"[""PHGE"", ""PHGEW"", ""PHGE-UN""]","[""2836""]",10-K,2020-03-26,0001213900-20-007405,False,False,[],False
2020-12-31,2021-12-31,True,1739426,Osmotica Pharmaceuticals plc,"[""RVLPQ""]","[""2834""]",10-K/A,2020-09-11,0001104659-20-104402,False,False,[],False
2020-12-31,2021-12-31,True,1740547,Urovant Sciences Ltd.,[],"[""2834""]",10-K,2020-06-19,0001564590-20-029968,False,True,"[""a49b75cf48718f941d05""]",False
2020-12-31,2021-12-31,True,1744659,"Akero Therapeutics, Inc.","[""AKRO""]","[""2834""]",10-K,2020-03-16,0001558370-20-002798,False,False,[],False
2020-12-31,2021-12-31,True,1745999,Beam Therapeutics Inc.,"[""BEAM""]","[""2836""]",10-K,2020-03-30,0001564590-20-014308,False,False,[],False
2020-12-31,2021-12-31,True,1746466,"Equillium, Inc.","[""EQ""]","[""2834""]",10-K,2020-03-26,0001564590-20-013207,False,False,[],False
2020-12-31,2021-12-31,True,1748907,Orchard Therapeutics plc,[],"[""2836""]",10-K,2020-02-27,0001564590-20-007353,False,False,[],False
2020-12-31,2021-12-31,True,1750019,TCR2 THERAPEUTICS INC.,[],"[""2836""]",10-K,2020-03-30,0001564590-20-013856,False,False,[],False
2020-12-31,2021-12-31,True,1751299,"Kaleido Biosciences, Inc.","[""KLDO""]","[""2836""]",10-K,2020-03-02,0001564590-20-007969,False,False,[],False
2020-12-31,2021-12-31,True,1751876,Happiness Biotech Group Ltd,"[""PAVS""]","[""2833""]",20-F,2020-07-24,0001213900-20-018560,False,False,[],False
2020-12-31,2021-12-31,True,1755237,"Cyclerion Therapeutics, Inc.","[""CYCN""]","[""2834""]",10-K,2020-03-12,0001104659-20-032554,False,False,[],False
2020-12-31,2021-12-31,True,1757064,Genfit S.A.,"[""GNFT""]","[""2836""]",20-F,2020-05-27,0001564590-20-026970,False,False,[],False
2020-12-31,2021-12-31,True,1759138,"Cabaletta Bio, Inc.","[""CABA""]","[""2836""]",10-K,2020-03-30,0001564590-20-013929,False,False,[],False
2020-12-31,2021-12-31,True,1759425,"Mirum Pharmaceuticals, Inc.","[""MIRM""]","[""2834""]",10-K,2020-03-12,0001564590-20-010471,False,False,[],False
2020-12-31,2021-12-31,True,1760542,HOOKIPA Pharma Inc.,"[""HOOK""]","[""2834""]",10-K,2020-03-19,0001558370-20-002928,False,False,[],False
2020-12-31,2021-12-31,True,1761612,BICYCLE THERAPEUTICS plc,"[""BCYC""]","[""2834""]",10-K,2020-03-10,0001558370-20-002278,False,False,[],False
2020-12-31,2021-12-31,True,1764013,"Immunovant, Inc.","[""IMVT""]","[""2836""]",10-K,2020-06-29,0000950123-20-006444,False,False,[],False
2020-12-31,2021-12-31,True,1766600,Sundial Growers Inc.,"[""SNDL""]","[""2833""]",20-F,2020-03-31,0001564590-20-014358,False,False,[],False
2020-12-31,2021-12-31,True,1768224,Arcturus Therapeutics Holdings Inc.,"[""ARCT""]","[""2834""]",10-K,2020-03-16,0001564590-20-011037,False,False,[],False
2020-12-31,2021-12-31,True,1771885,FSD Pharma Inc.,"[""QNTM""]","[""2833""]",40-F/A,2020-03-17,0001062993-20-001379,False,False,[],False
2020-12-31,2021-12-31,True,1771917,"Karuna Therapeutics, Inc.",[],"[""2834""]",10-K,2020-03-24,0001564590-20-012311,False,False,[],False
2020-12-31,2021-12-31,True,1773427,"SpringWorks Therapeutics, Inc.","[""SWTX""]","[""2836""]",10-K,2020-03-12,0001558370-20-002563,False,False,[],False
2020-12-31,2021-12-31,True,1776985,BioNTech SE,"[""BNTX""]","[""2836""]",20-F,2020-03-31,0001564590-20-014536,False,False,[],False
2020-12-31,2021-12-31,True,1778016,I-Mab,"[""IMAB""]","[""2834""]",20-F,2020-04-29,0001193125-20-124785,False,False,[],False
2020-12-31,2021-12-31,True,1781983,"Aprea Therapeutics, Inc.","[""APRE""]","[""2834""]",10-K,2020-03-27,0001558370-20-003257,False,False,[],False
2020-12-31,2021-12-31,True,1783183,"Phathom Pharmaceuticals, Inc.","[""PHAT""]","[""2834""]",10-K,2020-03-19,0001564590-20-011712,False,False,[],False
2020-12-31,2021-12-31,True,1785173,"89bio, Inc.","[""ETNB""]","[""2834""]",10-K,2020-03-18,0001564590-20-011636,False,False,[],False
2020-12-31,2021-12-31,True,1787306,"Arcutis Biotherapeutics, Inc.","[""ARQT""]","[""2834""]",10-K,2020-03-19,0001787306-20-000005,False,False,[],False
2020-12-31,2021-12-31,True,1793294,"PPD, Inc.",[],"[""8731""]",10-K,2020-03-05,0001793294-20-000004,False,False,[],False
2020-12-31,2021-12-31,True,1808898,Benitec Biopharma Inc.,"[""BNTC""]","[""2834""]",10-K,2020-09-23,0001193125-20-252381,False,False,[],False
2020-12-31,2021-12-31,True,1809196,Immatics B.V.,"[""IMTX"", ""IMTXW""]","[""2836""]",20-F,2020-07-08,0001193125-20-189264,False,False,[],False
2021-12-31,2022-12-31,True,1800,ABBOTT LABORATORIES,"[""ABT""]","[""2834""]",10-K,2021-02-19,0001104659-21-025751,False,False,[],False
2021-12-31,2022-12-31,True,14272,BRISTOL MYERS SQUIBB CO,"[""BMY"", ""BMYMP"", ""CELG-RI""]","[""2834""]",10-K,2021-02-10,0000014272-21-000066,False,False,[],False
2021-12-31,2022-12-31,True,25743,"TherapeuticsMD, Inc.","[""TXMD""]","[""2834""]",10-K,2021-03-04,0001387131-21-003140,True,True,"[""520029b12f1a295409f3""]",False
2021-12-31,2022-12-31,True,34956,"TENAX THERAPEUTICS, INC.","[""TENX""]","[""2834""]",10-K/A,2021-04-16,0001654954-21-004297,False,False,[],False
2021-12-31,2022-12-31,True,57725,LANNETT CO INC,[],"[""2834""]",10-K,2021-08-26,0001558370-21-012094,False,False,[],False
2021-12-31,2022-12-31,True,59478,ELI LILLY & Co,"[""LLY""]","[""2834""]",10-K,2021-02-17,0000059478-21-000083,False,False,[],False
2021-12-31,2022-12-31,True,70487,NATIONAL RESEARCH CORP,"[""NRC""]","[""8731""]",10-K/A,2021-04-28,0001437749-21-010003,False,False,[],False
2021-12-31,2022-12-31,True,72444,"Vaxart, Inc.","[""VXRT""]","[""2836""]",10-K,2021-02-25,0001437749-21-004115,False,False,[],False
2021-12-31,2022-12-31,True,73290,BIOMERICA INC,"[""BMRA""]","[""2835""]",10-K/A,2021-10-14,0001513162-21-000127,False,False,[],False
2021-12-31,2022-12-31,True,78003,PFIZER INC,"[""PFE""]","[""2834""]",10-K,2021-02-25,0000078003-21-000038,False,False,[],False
2021-12-31,2022-12-31,True,93314,VOLITIONRX LTD,"[""VNRX""]","[""2835""]",10-K,2021-03-22,0001078782-21-000262,False,False,[],False
2021-12-31,2022-12-31,True,109657,"GT Biopharma, Inc.","[""GTBP""]","[""2834""]",10-K,2021-04-16,0001654954-21-004295,False,False,[],False
2021-12-31,2022-12-31,True,200406,JOHNSON & JOHNSON,"[""JNJ""]","[""2834""]",10-K,2021-02-22,0000200406-21-000008,False,False,[],False
2021-12-31,2022-12-31,True,275053,NATURES SUNSHINE PRODUCTS INC,"[""NATR""]","[""2834""]",10-K/A,2021-07-09,0000275053-21-000011,False,False,[],False
2021-12-31,2022-12-31,True,310158,"Merck & Co., Inc.","[""MRK""]","[""2834""]",10-K,2021-02-25,0000310158-21-000004,False,False,[],False
2021-12-31,2022-12-31,True,315545,"PROVECTUS BIOPHARMACEUTICALS, INC.","[""PVCT""]","[""2834""]",10-K,2021-03-02,0001493152-21-005194,False,False,[],False
2021-12-31,2022-12-31,True,318154,AMGEN INC,"[""AMGN""]","[""2836""]",10-K,2021-02-09,0000318154-21-000010,False,False,[],False
2021-12-31,2022-12-31,True,318306,ABEONA THERAPEUTICS INC.,"[""ABEO""]","[""2834""]",10-K,2021-03-24,0001493152-21-006705,False,False,[],False
2021-12-31,2022-12-31,True,352998,"Teligent, Inc.",[],"[""2834""]",10-K,2021-05-04,0001628280-21-008709,False,False,[],False
2021-12-31,2022-12-31,True,704562,"Avid Bioservices, Inc.","[""CDMO""]","[""2834""]",10-K,2021-06-29,0001683168-21-002764,False,False,[],False
2021-12-31,2022-12-31,True,707511,REGENERX BIOPHARMACEUTICALS INC,"[""RGRX""]","[""2834""]",10-K,2021-03-02,0001104659-21-030728,False,False,[],False
2021-12-31,2022-12-31,True,715446,Anixa Biosciences Inc,"[""ANIX""]","[""2834""]",10-K,2021-01-07,0001493152-21-000456,False,False,[],False
2021-12-31,2022-12-31,True,725363,CEL SCI CORP,"[""CVM""]","[""2836""]",10-K,2021-12-21,0001654954-21-013417,False,False,[],False
2021-12-31,2022-12-31,True,727510,"ENZON PHARMACEUTICALS, INC.","[""ENZN""]","[""2836""]",10-K,2021-02-23,0001104659-21-026712,False,False,[],False
2021-12-31,2022-12-31,True,748592,NTN BUZZTIME INC,"[""ERNA""]","[""2834""]",10-K,2021-03-11,0001493152-21-005827,False,False,[],False
2021-12-31,2022-12-31,True,749647,Celsion CORP,"[""IMNN""]","[""2834""]",10-K,2021-03-19,0001493152-21-006382,False,False,[],False
2021-12-31,2022-12-31,True,764195,VBI Vaccines Inc/BC,"[""VBIVQ""]","[""2834""]",10-K,2021-03-02,0001493152-21-005171,False,False,[],False
2021-12-31,2022-12-31,True,771856,"CHAMPIONS ONCOLOGY, INC.","[""CSBR""]","[""2836""]",10-K,2021-07-26,0001628280-21-014464,False,False,[],False
2021-12-31,2022-12-31,True,772320,"Gene Biotherapeutics, Inc.",[],"[""2836""]",10-K,2021-04-23,0001493152-21-009535,False,False,[],False
2021-12-31,2022-12-31,True,786947,"ACURA PHARMACEUTICALS, INC","[""ACUR""]","[""2834""]",10-K,2021-03-31,0001104659-21-044760,False,False,[],False
2021-12-31,2022-12-31,True,791908,XOMA Corp,"[""XOMA"", ""XOMAO"", ""XOMAP""]","[""2834""]",10-K,2021-03-10,0001558370-21-002676,False,False,[],False
2021-12-31,2022-12-31,True,810509,"NAVIDEA BIOPHARMACEUTICALS, INC.","[""NAVB""]","[""2835""]",10-K,2021-03-26,0001437749-21-007329,False,False,[],False
2021-12-31,2022-12-31,True,811641,IMMUCELL CORP /DE/,"[""ICCC""]","[""2835""]",10-K,2021-03-30,0001213900-21-018473,False,False,[],False
2021-12-31,2022-12-31,True,812796,"SOLIGENIX, INC.","[""SNGX""]","[""2834""]",10-K,2021-03-30,0001213900-21-018698,False,False,[],False
2021-12-31,2022-12-31,True,818033,"HERON THERAPEUTICS, INC. /DE/","[""HRTX""]","[""2834""]",10-K,2021-02-24,0001564590-21-007841,False,False,[],False
2021-12-31,2022-12-31,True,818686,TEVA PHARMACEUTICAL INDUSTRIES LTD,"[""TEVA"", ""TEVJF""]","[""2834""]",10-K,2021-02-10,0001193125-21-036239,False,False,[],False
2021-12-31,2022-12-31,True,822370,"Emmaus Life Sciences, Inc.","[""EMMA""]","[""2834""]",10-K/A,2021-08-10,0001564590-21-042835,False,False,[],False
2021-12-31,2022-12-31,True,827871,"EAGLE PHARMACEUTICALS, INC.","[""EGRX""]","[""2834""]",10-K,2021-03-05,0000827871-21-000011,False,False,[],False
2021-12-31,2022-12-31,True,831547,SPECTRUM PHARMACEUTICALS INC,[],"[""2834""]",10-K,2021-03-31,0000831547-21-000009,False,False,[],False
2021-12-31,2022-12-31,True,832489,"GeoVax Labs, Inc.","[""GOVX"", ""GOVXW""]","[""2834""]",10-K/A,2021-04-28,0001437749-21-010047,False,False,[],False
2021-12-31,2022-12-31,True,849146,Lifevantage Corp,"[""LFVN""]","[""2834""]",10-K,2021-08-19,0000849146-21-000078,False,False,[],False
2021-12-31,2022-12-31,True,849636,RespireRx Pharmaceuticals Inc.,"[""RSPI""]","[""2834""]",10-K,2021-04-15,0001493152-21-008869,False,False,[],False
2021-12-31,2022-12-31,True,850261,"Sorrento Therapeutics, Inc.","[""SRNE""]","[""2836""]",10-K,2021-02-19,0001564590-21-006983,False,False,[],False
2021-12-31,2022-12-31,True,861838,"IDERA PHARMACEUTICALS, INC.",[],"[""2836""]",10-K,2021-03-01,0001558370-21-002152,False,False,[],False
2021-12-31,2022-12-31,True,863894,VERU INC.,"[""VERU""]","[""2834""]",10-K,2021-12-02,0000863894-21-000013,False,False,[],False
2021-12-31,2022-12-31,True,873303,"Sarepta Therapeutics, Inc.","[""SRPT""]","[""2834""]",10-K,2021-03-01,0001564590-21-009835,False,False,[],False
2021-12-31,2022-12-31,True,876343,"Lineage Cell Therapeutics, Inc.","[""LCTX""]","[""2836""]",10-K,2021-03-11,0001493152-21-005814,False,False,[],False
2021-12-31,2022-12-31,True,879169,INCYTE CORP,"[""INCY""]","[""8731""]",10-K,2021-02-09,0001558370-21-000825,False,False,[],False
2021-12-31,2022-12-31,True,879407,"ARROWHEAD PHARMACEUTICALS, INC.","[""ARWR""]","[""2834""]",10-K,2021-11-22,0001564590-21-057888,False,False,[],False
2021-12-31,2022-12-31,True,882361,Aptose Biosciences Inc.,"[""APTO""]","[""2836""]",10-K,2021-03-23,0001171843-21-002006,False,False,[],False
2021-12-31,2022-12-31,True,885590,Bausch Health Companies Inc.,"[""BHC""]","[""2834""]",10-K,2021-02-24,0000885590-21-000011,False,False,[],False
2021-12-31,2022-12-31,True,886163,LIGAND PHARMACEUTICALS INC,"[""LGND"", ""LGNDZ"", ""LGNXZ"", ""LGNYZ"", ""LGNZZ""]","[""2834""]",10-K,2021-02-24,0000886163-21-000050,False,False,[],False
2021-12-31,2022-12-31,True,887247,Adamis Pharmaceuticals Corp,"[""DMKPQ""]","[""2834""]",10-K/A,2021-04-30,0001387131-21-005159,False,False,[],False
2021-12-31,2022-12-31,True,887359,Vericel Corp,"[""VCEL""]","[""2836""]",10-K,2021-02-24,0001628280-21-003081,False,False,[],False
2021-12-31,2022-12-31,True,894158,"Synthetic Biologics, Inc.","[""TOVX""]","[""2834""]",10-K,2021-03-04,0001104659-21-032150,False,False,[],False
2021-12-31,2022-12-31,True,896264,USANA HEALTH SCIENCES INC,"[""USNA""]","[""2833""]",10-K,2021-03-02,0001437749-21-004694,False,False,[],False
2021-12-31,2022-12-31,True,899394,"HARBOR DIVERSIFIED, INC.","[""HRBR""]","[""2834""]",10-K,2021-04-01,0001193125-21-103375,False,False,[],False
2021-12-31,2022-12-31,True,901832,ASTRAZENECA PLC,"[""AZN"", ""AZNCF""]","[""2834""]",20-F,2021-02-16,0001104659-21-022456,False,False,[],False
2021-12-31,2022-12-31,True,906338,TARO PHARMACEUTICAL INDUSTRIES LTD,[],"[""2834""]",20-F,2021-06-17,0001564590-21-033341,False,False,[],False
2021-12-31,2022-12-31,True,910267,TITAN PHARMACEUTICALS INC,"[""TTNP"", ""TTNPW""]","[""2836""]",10-K,2021-03-31,0001104659-21-044732,False,False,[],False
2021-12-31,2022-12-31,True,911216,PALATIN TECHNOLOGIES INC,"[""PTN""]","[""2834""]",10-K,2021-09-28,0001654954-21-010495,False,False,[],False
2021-12-31,2022-12-31,True,920465,LA JOLLA PHARMACEUTICAL CO,[],"[""2836""]",10-K/A,2021-04-30,0001564590-21-022601,True,True,"[""acc638866fb11450bcb3""]",False
2021-12-31,2022-12-31,True,921114,"Armata Pharmaceuticals, Inc.","[""ARMP""]","[""2836""]",10-K,2021-03-18,0001558370-21-003202,False,False,[],False
2021-12-31,2022-12-31,True,921299,FIBROGEN INC,"[""FGEN""]","[""2834""]",10-K,2021-03-01,0001564590-21-009871,False,False,[],False
2021-12-31,2022-12-31,True,925741,"BioCardia, Inc.","[""BCDA""]","[""2836""]",10-K,2021-03-30,0001437749-21-007543,False,False,[],False
2021-12-31,2022-12-31,True,926617,Aspira Women's Health Inc.,"[""AWH""]","[""2835""]",10-K/A,2021-04-30,0000926617-21-000039,False,False,[],False
2021-12-31,2022-12-31,True,926844,China Botanic Pharmaceutical,"[""FBDS""]","[""2834""]",10-K,2021-12-16,0001829126-21-016607,False,False,[],False
2021-12-31,2022-12-31,True,944809,"OPKO HEALTH, INC.","[""OPK""]","[""2834""]",10-K,2021-02-18,0000944809-21-000015,False,False,[],False
2021-12-31,2022-12-31,True,946486,WINDTREE THERAPEUTICS INC /DE/,"[""WINT"", ""WINTW""]","[""2836""]",10-K,2021-03-29,0001437749-21-007493,False,False,[],False
2021-12-31,2022-12-31,True,946644,AIM ImmunoTech Inc.,"[""AIM""]","[""2836""]",10-K,2021-03-31,0001493152-21-007259,False,False,[],False
2021-12-31,2022-12-31,True,1001316,"TG THERAPEUTICS, INC.","[""TGTX""]","[""2834""]",10-K,2021-03-01,0001558370-21-002149,False,False,[],False
2021-12-31,2022-12-31,True,1006281,"Protalix BioTherapeutics, Inc.","[""PLX""]","[""2836""]",10-K/A,2021-04-30,0001558370-21-005321,False,False,[],False
2021-12-31,2022-12-31,True,1008848,ACORDA THERAPEUTICS INC,[],"[""2836""]",10-K,2021-03-16,0001564590-21-013318,False,False,[],False
2021-12-31,2022-12-31,True,1010086,SIGA TECHNOLOGIES INC,"[""SIGA""]","[""2834""]",10-K,2021-03-04,0001437749-21-005031,False,False,[],False
2021-12-31,2022-12-31,True,1012477,AVADEL PHARMACEUTICALS PLC,"[""AVDL""]","[""2834""]",10-K,2021-03-09,0001012477-21-000004,False,False,[],False
2021-12-31,2022-12-31,True,1015820,QIAGEN N.V.,"[""QGEN""]","[""2836""]",20-F,2021-03-05,0001015820-21-000018,False,False,[],False
2021-12-31,2022-12-31,True,1016504,INTEGRATED BIOPHARMA INC,"[""INBP""]","[""2834""]",10-K,2021-09-02,0001437749-21-021375,False,False,[],False
2021-12-31,2022-12-31,True,1018735,NYMOX PHARMACEUTICAL CORP,"[""NYMXF""]","[""2835""]",20-F/A,2021-06-11,0001640334-21-001335,False,False,[],False
2021-12-31,2022-12-31,True,1023024,ANI PHARMACEUTICALS INC,"[""ANIP""]","[""2834""]",10-K,2021-03-11,0001023024-21-000007,False,False,[],False
2021-12-31,2022-12-31,True,1023549,XTL BIOPHARMACEUTICALS LTD,"[""XTLB""]","[""2834""]",20-F/A,2021-05-19,0001213900-21-027792,False,False,[],False
2021-12-31,2022-12-31,True,1029125,"Panbela Therapeutics, Inc.","[""PBLA""]","[""2834""]",10-K,2021-03-25,0001437749-21-007154,False,False,[],False
2021-12-31,2022-12-31,True,1029142,DYNAVAX TECHNOLOGIES CORP,"[""DVAX""]","[""2834""]",10-K,2021-02-25,0001564590-21-008833,False,False,[],False
2021-12-31,2022-12-31,True,1035354,"Eloxx Pharmaceuticals, Inc.","[""ELOX""]","[""8731""]",10-K,2021-03-12,0001564590-21-012703,False,False,[],False
2021-12-31,2022-12-31,True,1042074,"CymaBay Therapeutics, Inc.",[],"[""2834""]",10-K,2021-03-25,0001193125-21-094424,False,False,[],False
2021-12-31,2022-12-31,True,1042418,"Inhibitor Therapeutics, Inc.","[""INTI""]","[""8731""]",10-K,2021-03-26,0001193125-21-095516,False,False,[],False
2021-12-31,2022-12-31,True,1053369,ELITE PHARMACEUTICALS INC /NV/,"[""ELTP""]","[""2834""]",10-K/A,2021-06-22,0001493152-21-014984,False,False,[],False
2021-12-31,2022-12-31,True,1053691,Diffusion Pharmaceuticals Inc.,"[""CRVO""]","[""2834""]",10-K,2021-03-17,0001437749-21-006236,False,False,[],False
2021-12-31,2022-12-31,True,1069308,Acer Therapeutics Inc.,[],"[""2834""]",10-K,2021-03-01,0001564590-21-009909,False,False,[],False
2021-12-31,2022-12-31,True,1069899,PHIBRO ANIMAL HEALTH CORP,"[""PAHC""]","[""2834""]",10-K,2021-08-25,0001104659-21-109354,False,False,[],False
2021-12-31,2022-12-31,True,1070081,"PTC THERAPEUTICS, INC.","[""PTCT""]","[""2834""]",10-K,2021-02-25,0001070081-21-000009,False,False,[],False
2021-12-31,2022-12-31,True,1072379,NORTHWEST BIOTHERAPEUTICS INC,"[""NWBO""]","[""2834""]",10-K,2021-03-31,0001104659-21-044832,False,False,[],False
2021-12-31,2022-12-31,True,1076682,"POLARITYTE, INC.","[""RGTPQ""]","[""2836""]",10-K,2021-03-30,0001493152-21-007159,False,False,[],False
2021-12-31,2022-12-31,True,1084201,SINOVAC BIOTECH LTD,"[""SVA""]","[""2834""]",20-F,2021-04-22,0001564590-21-020156,False,False,[],False
2021-12-31,2022-12-31,True,1087294,CUMBERLAND PHARMACEUTICALS INC,"[""CPIX""]","[""2834""]",10-K,2021-03-12,0001628280-21-004654,False,False,[],False
2021-12-31,2022-12-31,True,1092662,"CHEMBIO DIAGNOSTICS, INC.",[],"[""2834""]",10-K/A,2021-04-30,0001140361-21-015342,False,False,[],False
2021-12-31,2022-12-31,True,1094038,"Marker Therapeutics, Inc.","[""MRKR""]","[""2834""]",10-K,2021-03-09,0001104659-21-033855,False,False,[],False
2021-12-31,2022-12-31,True,1100682,"CHARLES RIVER LABORATORIES INTERNATIONAL, INC.","[""CRL""]","[""8731""]",10-K,2021-02-17,0001100682-21-000005,False,False,[],False
2021-12-31,2022-12-31,True,1103021,BIODELIVERY SCIENCES INTERNATIONAL INC,[],"[""2834""]",10-K,2021-03-11,0001103021-21-000029,True,True,"[""590309d813c7bcebf9f3""]",False
2021-12-31,2022-12-31,True,1106644,"CHINA PHARMA HOLDINGS, INC.","[""CPHI""]","[""2834""]",10-K,2021-03-26,0001213900-21-017981,False,False,[],False
2021-12-31,2022-12-31,True,1106838,"Sonnet BioTherapeutics Holdings, Inc.","[""SONN""]","[""2834""]",10-K,2021-12-17,0001493152-21-031781,False,False,[],False
2021-12-31,2022-12-31,True,1107421,ZIOPHARM ONCOLOGY INC,"[""TCRT""]","[""2834""]",10-K,2021-03-01,0001193125-21-063387,False,False,[],False
2021-12-31,2022-12-31,True,1113423,Aeterna Zentaris Inc.,"[""CSCI""]","[""2834""]",40-F/A,2021-03-29,0001493152-21-006966,False,False,[],False
2021-12-31,2022-12-31,True,1114448,NOVARTIS AG,"[""NVS"", ""NVSEF""]","[""2834""]",20-F,2021-01-26,0001370368-21-000006,False,False,[],False
2021-12-31,2022-12-31,True,1117480,CHIMERIX INC,"[""CMRX""]","[""2834""]",10-K,2021-02-25,0001117480-21-000006,False,False,[],False
2021-12-31,2022-12-31,True,1121404,Sanofi,"[""SNY"", ""SNYNF""]","[""2834""]",20-F,2021-03-04,0001121404-21-000004,False,False,[],False
2021-12-31,2022-12-31,True,1124140,EXACT SCIENCES CORP,"[""EXAS""]","[""8731""]",10-K,2021-02-16,0001124140-21-000029,False,False,[],False
2021-12-31,2022-12-31,True,1124524,"Cryoport, Inc.","[""CYRX""]","[""2834""]",10-K,2021-03-01,0001104659-21-030112,False,False,[],False
2021-12-31,2022-12-31,True,1125345,MACROGENICS INC,"[""MGNX""]","[""2834""]",10-K,2021-02-25,0001125345-21-000035,False,False,[],False
2021-12-31,2022-12-31,True,1126234,"LUMOS PHARMA, INC.","[""LUMO""]","[""2834""]",10-K,2021-03-09,0001126234-21-000034,False,False,[],False
2021-12-31,2022-12-31,True,1129928,ONCOLYTICS BIOTECH INC,"[""ONCY""]","[""2834""]",20-F,2021-03-05,0001129928-21-000013,False,False,[],False
2021-12-31,2022-12-31,True,1130598,"Onconova Therapeutics, Inc.","[""TRAW""]","[""2834""]",10-K/A,2021-04-30,0001104659-21-059160,False,False,[],False
2021-12-31,2022-12-31,True,1131399,GLAXOSMITHKLINE PLC,"[""GSK"", ""GLAXF""]","[""2834""]",20-F,2021-03-12,0001193125-21-079417,False,False,[],False
2021-12-31,2022-12-31,True,1133416,GALECTIN THERAPEUTICS INC,"[""GALT""]","[""2834""]",10-K,2021-03-31,0001193125-21-101402,False,False,[],False
2021-12-31,2022-12-31,True,1133519,MEDICURE INC,"[""MCUJF""]","[""2834""]",20-F,2021-04-21,0001193125-21-123309,False,False,[],False
2021-12-31,2022-12-31,True,1133818,BIO-PATH HOLDINGS INC,"[""BPTH""]","[""2834""]",10-K,2021-03-09,0001104659-21-033789,False,False,[],False
2021-12-31,2022-12-31,True,1133869,"CAPRICOR THERAPEUTICS, INC.","[""CAPR""]","[""2834""]",10-K,2021-03-15,0001104659-21-036410,False,False,[],False
2021-12-31,2022-12-31,True,1134765,"Charlie's Holdings, Inc.","[""CHUC""]","[""2833""]",10-K,2021-04-05,0001654954-21-003838,False,False,[],False
2021-12-31,2022-12-31,True,1135951,DR REDDYS LABORATORIES LTD,"[""RDY""]","[""2834""]",20-F,2021-06-30,0001575872-21-000138,False,False,[],False
2021-12-31,2022-12-31,True,1137883,BRAINSTORM CELL THERAPEUTICS INC.,"[""BCLI""]","[""2836""]",10-K,2021-02-04,0001104659-21-011928,False,False,[],False
2021-12-31,2022-12-31,True,1157075,"PharmaCyte Biotech, Inc.","[""PMCB""]","[""2836""]",10-K,2021-08-10,0001683168-21-003377,False,False,[],False
2021-12-31,2022-12-31,True,1157601,"MADRIGAL PHARMACEUTICALS, INC.","[""MDGL""]","[""2834""]",10-K,2021-02-25,0001193125-21-056164,False,False,[],False
2021-12-31,2022-12-31,True,1158780,PLURISTEM THERAPEUTICS INC,"[""PLUR""]","[""2836""]",10-K,2021-09-13,0001213900-21-047664,False,False,[],False
2021-12-31,2022-12-31,True,1159036,"HALOZYME THERAPEUTICS, INC.","[""HALO""]","[""2836""]",10-K,2021-02-23,0001159036-21-000014,False,False,[],False
2021-12-31,2022-12-31,True,1160308,Savara Inc,"[""SVRA""]","[""2834""]",10-K,2021-03-10,0001564590-21-011919,False,False,[],False
2021-12-31,2022-12-31,True,1169245,PhaseBio Pharmaceuticals Inc,"[""PHASQ""]","[""2834""]",10-K,2021-03-15,0001169245-21-000024,False,False,[],False
2021-12-31,2022-12-31,True,1173281,"NeuBase Therapeutics, Inc.",[],"[""2834""]",10-K,2021-12-23,0001410578-21-000599,False,False,[],False
2021-12-31,2022-12-31,True,1174940,ORAGENICS INC,"[""OGEN""]","[""2834""]",10-K,2021-03-01,0001493152-21-005122,False,False,[],False
2021-12-31,2022-12-31,True,1176309,ORAMED PHARMACEUTICALS INC.,"[""ORMP""]","[""2834""]",10-K,2021-11-24,0001213900-21-062009,False,False,[],False
2021-12-31,2022-12-31,True,1177648,ENANTA PHARMACEUTICALS INC,"[""ENTA""]","[""2834""]",10-K,2021-11-24,0000950170-21-004895,False,False,[],False
2021-12-31,2022-12-31,True,1178253,SCYNEXIS INC,"[""SCYX""]","[""2834""]",10-K,2021-03-29,0001564590-21-015962,False,False,[],False
2021-12-31,2022-12-31,True,1178670,"ALNYLAM PHARMACEUTICALS, INC.","[""ALNY""]","[""2834""]",10-K,2021-02-11,0001178670-21-000010,False,False,[],False
2021-12-31,2022-12-31,True,1178711,"Paratek Pharmaceuticals, Inc.",[],"[""2834""]",10-K,2021-03-29,0001564590-21-016154,False,False,[],False
2021-12-31,2022-12-31,True,1178879,"AMICUS THERAPEUTICS, INC.","[""FOLD""]","[""2834""]",10-K,2021-03-01,0001178879-21-000004,False,False,[],False
2021-12-31,2022-12-31,True,1183765,"Molecular Templates, Inc.","[""MTEM""]","[""2834""]",10-K,2021-03-19,0001564590-21-014250,False,False,[],False
2021-12-31,2022-12-31,True,1205922,"VACCINEX, INC.","[""VCNX""]","[""2834""]",10-K,2021-03-31,0001564590-21-016874,False,False,[],False
2021-12-31,2022-12-31,True,1211583,FENNEC PHARMACEUTICALS INC.,"[""FENC""]","[""2836""]",10-K,2021-03-30,0001104659-21-043756,False,False,[],False
2021-12-31,2022-12-31,True,1213037,"Cardiff Oncology, Inc.","[""CRDF""]","[""2836""]",10-K,2021-02-25,0001628280-21-003277,False,False,[],False
2021-12-31,2022-12-31,True,1213809,DYADIC INTERNATIONAL INC,"[""DYAI""]","[""2836""]",10-K/A,2021-07-27,0001437749-21-017634,False,False,[],False
2021-12-31,2022-12-31,True,1226616,MEDICINOVA INC,"[""MNOV""]","[""2834""]",10-K,2021-02-19,0001564590-21-006771,False,False,[],False
2021-12-31,2022-12-31,True,1228627,"Ocuphire Pharma, Inc.","[""OCUP""]","[""2834""]",10-K,2021-03-11,0001140361-21-008099,False,False,[],False
2021-12-31,2022-12-31,True,1232524,Jazz Pharmaceuticals plc,"[""JAZZ""]","[""2834""]",10-K/A,2021-04-23,0001193125-21-129101,False,False,[],False
2021-12-31,2022-12-31,True,1253689,GLYCOMIMETICS INC,"[""GLYC""]","[""2834""]",10-K,2021-03-02,0001558370-21-002222,False,False,[],False
2021-12-31,2022-12-31,True,1259942,BELLUS Health Inc.,[],"[""2834""]",40-F,2021-02-25,0001104659-21-028308,False,False,[],False
2021-12-31,2022-12-31,True,1261249,AGILE THERAPEUTICS INC,"[""AGRX"", ""AGXRW""]","[""2834""]",10-K,2021-03-01,0001558370-21-002163,False,False,[],False
2021-12-31,2022-12-31,True,1267565,"COLLEGIUM PHARMACEUTICAL, INC","[""COLL""]","[""2834""]",10-K,2021-02-25,0001558370-21-001814,False,False,[],False
2021-12-31,2022-12-31,True,1267602,ALIMERA SCIENCES INC,"[""ALIM""]","[""2834""]",10-K,2021-03-05,0001267602-21-000013,False,False,[],False
2021-12-31,2022-12-31,True,1267813,MARINUS PHARMACEUTICALS INC,"[""MRNS""]","[""2834""]",10-K,2021-03-09,0001558370-21-002646,False,False,[],False
2021-12-31,2022-12-31,True,1270073,"INTERCEPT PHARMACEUTICALS, INC.",[],"[""2834""]",10-K,2021-02-25,0001558370-21-001804,False,False,[],False
2021-12-31,2022-12-31,True,1273636,APPLIED GENETIC TECHNOLOGIES CORP,[],"[""2836""]",10-K,2021-09-23,0001193125-21-280686,True,True,"[""23d609a41c048e753ee5""]",False
2021-12-31,2022-12-31,True,1274792,MERRIMACK PHARMACEUTICALS INC,[],"[""2834""]",10-K,2021-03-10,0001564590-21-012087,False,False,[],False
2021-12-31,2022-12-31,True,1279704,"Cellectar Biosciences, Inc.","[""CLRB""]","[""2834""]",10-K/A,2021-04-30,0001104659-21-058983,False,False,[],False
2021-12-31,2022-12-31,True,1280776,"IMMUNIC, INC.","[""IMUX""]","[""2834""]",10-K,2021-02-26,0001280776-21-000009,False,False,[],False
2021-12-31,2022-12-31,True,1281895,"ROCKET PHARMACEUTICALS, INC.","[""RCKT"", ""RCKTW""]","[""2834""]",10-K,2021-03-01,0001140361-21-006677,False,False,[],False
2021-12-31,2022-12-31,True,1285819,OMEROS CORP,"[""OMER""]","[""2834""]",10-K,2021-03-01,0001558370-21-002177,False,False,[],False
2021-12-31,2022-12-31,True,1290149,"Sierra Oncology, Inc.",[],"[""2834""]",10-K,2021-03-11,0001564590-21-012234,False,True,"[""ef1d9e40cc12c092058e""]",False
2021-12-31,2022-12-31,True,1293310,"HUMANIGEN, INC",[],"[""2834""]",10-K,2021-03-10,0001214659-21-002990,False,False,[],False
2021-12-31,2022-12-31,True,1293971,"bluebird bio, Inc.","[""BLUE""]","[""2836""]",10-K,2021-02-23,0001293971-21-000013,False,False,[],False
2021-12-31,2022-12-31,True,1295947,Prestige Consumer Healthcare Inc.,"[""PBH""]","[""2834""]",10-K,2021-05-07,0001295947-21-000021,False,False,[],False
2021-12-31,2022-12-31,True,1297184,"Amphastar Pharmaceuticals, Inc.","[""AMPH""]","[""2834""]",10-K,2021-03-15,0001297184-21-000008,False,False,[],False
2021-12-31,2022-12-31,True,1300699,"Athenex, Inc.",[],"[""2834""]",10-K,2021-03-01,0001564590-21-009879,False,False,[],False
2021-12-31,2022-12-31,True,1305253,"Eiger BioPharmaceuticals, Inc.","[""EIGRQ""]","[""2836""]",10-K,2021-03-09,0001564590-21-011758,False,False,[],False
2021-12-31,2022-12-31,True,1310630,China Foods Holdings Ltd.,"[""CFOO""]","[""2833""]",10-K,2021-04-13,0001493152-21-008621,False,False,[],False
2021-12-31,2022-12-31,True,1314052,ANAVEX LIFE SCIENCES CORP.,"[""AVXL""]","[""8731""]",10-K,2021-11-24,0001731122-21-002062,False,False,[],False
2021-12-31,2022-12-31,True,1318641,CLEVELAND BIOLABS INC,"[""STAB""]","[""2834""]",10-K,2021-03-22,0001437749-21-006758,False,False,[],False
2021-12-31,2022-12-31,True,1321834,"Akers Biosciences, Inc.","[""TNFA""]","[""2835""]",10-K,2021-03-01,0001493152-21-005129,False,False,[],False
2021-12-31,2022-12-31,True,1322505,"ALBIREO PHARMA, INC.",[],"[""2834""]",10-K,2021-02-25,0001558370-21-001730,False,False,[],False
2021-12-31,2022-12-31,True,1325879,"AVEO PHARMACEUTICALS, INC.",[],"[""2834""]",10-K,2021-03-16,0001564590-21-013607,False,True,"[""8b03ee1c84094ea87051""]",False
2021-12-31,2022-12-31,True,1326190,"Altimmune, Inc.","[""ALT""]","[""2834""]",10-K,2021-02-25,0001564590-21-008422,False,False,[],False
2021-12-31,2022-12-31,True,1326732,Xencor Inc,"[""XNCR""]","[""2834""]",10-K,2021-02-24,0001558370-21-001522,False,False,[],False
2021-12-31,2022-12-31,True,1335105,"LIXTE BIOTECHNOLOGY HOLDINGS, INC.","[""LIXT"", ""LIXTW""]","[""2834""]",10-K,2021-03-26,0001493152-21-006882,False,False,[],False
2021-12-31,2022-12-31,True,1337553,AERIE PHARMACEUTICALS INC,[],"[""2836""]",10-K,2021-02-26,0001628280-21-003345,False,True,"[""25270b0a93a9a194b2e7""]",False
2021-12-31,2022-12-31,True,1339970,aTYR PHARMA INC,"[""ATYR""]","[""2836""]",10-K,2021-03-24,0001564590-21-014940,False,False,[],False
2021-12-31,2022-12-31,True,1340243,MorphoSys AG,"[""MPSYF""]","[""2834""]",20-F,2021-03-15,0001193125-21-081523,False,False,[],False
2021-12-31,2022-12-31,True,1340652,"ChemoCentryx, Inc.",[],"[""2834""]",10-K,2021-03-01,0001564590-21-009883,False,True,"[""ebb7e458002c72a2f8d3""]",False
2021-12-31,2022-12-31,True,1341235,"Aldeyra Therapeutics, Inc.","[""ALDX""]","[""2834""]",10-K,2021-03-11,0001564590-21-012501,False,False,[],False
2021-12-31,2022-12-31,True,1345099,MESOBLAST LTD,"[""MESO"", ""MEOBF""]","[""2836""]",20-F,2021-08-31,0001564590-21-046486,False,False,[],False
2021-12-31,2022-12-31,True,1346830,"Cara Therapeutics, Inc.","[""CARA""]","[""2834""]",10-K,2021-02-25,0001558370-21-001839,False,False,[],False
2021-12-31,2022-12-31,True,1347178,Vanda Pharmaceuticals Inc.,"[""VNDA""]","[""2834""]",10-K,2021-02-11,0001347178-21-000005,False,False,[],False
2021-12-31,2022-12-31,True,1348362,Lexaria Bioscience Corp.,"[""LEXX"", ""LEXXW""]","[""2834""]",10-K,2021-11-29,0001640334-21-002981,False,False,[],False
2021-12-31,2022-12-31,True,1348911,"KalVista Pharmaceuticals, Inc.","[""KALV""]","[""2834""]",10-K,2021-07-13,0001564590-21-036441,False,False,[],False
2021-12-31,2022-12-31,True,1351172,Liminal BioSciences Inc.,[],"[""2834""]",20-F,2021-03-24,0001564590-21-015134,False,False,[],False
2021-12-31,2022-12-31,True,1355250,Innovation Pharmaceuticals Inc.,"[""IPIX""]","[""2834""]",10-K,2021-09-27,0001477932-21-006717,False,False,[],False
2021-12-31,2022-12-31,True,1356090,"PRECIGEN, INC.","[""PGEN""]","[""2834""]",10-K,2021-03-01,0001356090-21-000003,False,False,[],False
2021-12-31,2022-12-31,True,1356576,"SUPERNUS PHARMACEUTICALS, INC.","[""SUPN""]","[""2834""]",10-K,2021-03-08,0001356576-21-000028,False,False,[],False
2021-12-31,2022-12-31,True,1357459,"Seneca Biopharma, Inc.","[""PALI""]","[""2836""]",10-K,2021-03-22,0001171843-21-001965,False,False,[],False
2021-12-31,2022-12-31,True,1357874,PRECISION BIOSCIENCES INC,"[""DTIL""]","[""2836""]",10-K,2021-03-18,0001564590-21-014005,False,False,[],False
2021-12-31,2022-12-31,True,1358403,"BELLICUM PHARMACEUTICALS, INC",[],"[""2834""]",10-K,2021-03-31,0001628280-21-006164,False,False,[],False
2021-12-31,2022-12-31,True,1358762,REATA PHARMACEUTICALS INC,[],"[""2834""]",10-K,2021-03-01,0001564590-21-009624,False,False,[],False
2021-12-31,2022-12-31,True,1359931,"Protara Therapeutics, Inc.","[""TARA""]","[""2836""]",10-K,2021-03-11,0001213900-21-014709,False,False,[],False
2021-12-31,2022-12-31,True,1360214,"HARROW HEALTH, INC.","[""HROW"", ""HROWL"", ""HROWM""]","[""2834""]",10-K,2021-03-08,0001493152-21-005583,False,False,[],False
2021-12-31,2022-12-31,True,1367083,"Sonoma Pharmaceuticals, Inc.","[""SNOA""]","[""2834""]",10-K,2021-07-14,0001683168-21-002977,False,False,[],False
2021-12-31,2022-12-31,True,1367644,Emergent BioSolutions Inc.,"[""EBS""]","[""2834""]",10-K,2021-02-19,0001367644-21-000033,False,False,[],False
2021-12-31,2022-12-31,True,1367920,"CONCERT PHARMACEUTICALS, INC.",[],"[""2834""]",10-K,2021-02-25,0001367920-21-000013,False,False,[],False
2021-12-31,2022-12-31,True,1368148,"ATHERSYS, INC / NEW","[""ATHXQ""]","[""2834""]",10-K,2021-03-25,0001368148-21-000037,False,False,[],False
2021-12-31,2022-12-31,True,1368514,"ADMA BIOLOGICS, INC.","[""ADMA""]","[""2836""]",10-K,2021-03-25,0001193805-21-000411,False,False,[],False
2021-12-31,2022-12-31,True,1369568,"CATALYST PHARMACEUTICALS, INC.","[""CPRX""]","[""2834""]",10-K/A,2021-04-30,0001193125-21-145243,False,False,[],False
2021-12-31,2022-12-31,True,1370053,"ANAPTYSBIO, INC","[""ANAB""]","[""2834""]",10-K,2021-02-25,0001370053-21-000019,False,False,[],False
2021-12-31,2022-12-31,True,1372299,"Ocugen, Inc.","[""OCGN""]","[""2836""]",10-K,2021-03-19,0001628280-21-005124,False,False,[],False
2021-12-31,2022-12-31,True,1372514,EYEGATE PHARMACEUTICALS INC,"[""KPRX"", ""KPHMW""]","[""2834""]",10-K,2021-03-25,0001104659-21-041515,False,False,[],False
2021-12-31,2022-12-31,True,1374690,"Larimar Therapeutics, Inc.","[""LRMR""]","[""2834""]",10-K,2021-03-04,0001564590-21-011003,False,False,[],False
2021-12-31,2022-12-31,True,1375151,"ZOGENIX, INC.",[],"[""2834""]",10-K,2021-03-01,0001375151-21-000012,True,True,"[""1cf9f4eb25ca4a90bff6""]",False
2021-12-31,2022-12-31,True,1377121,"Protagonist Therapeutics, Inc","[""PTGX""]","[""2834""]",10-K,2021-03-10,0001558370-21-002715,False,False,[],False
2021-12-31,2022-12-31,True,1379006,"NANOVIRICIDES, INC.","[""NNVC""]","[""2834""]",10-K,2021-10-12,0001104659-21-125343,False,False,[],False
2021-12-31,2022-12-31,True,1382101,"SUTRO BIOPHARMA, INC.","[""STRO""]","[""2836""]",10-K,2021-03-18,0001564590-21-013945,False,False,[],False
2021-12-31,2022-12-31,True,1383701,Histogen Inc.,[],"[""2834""]",10-K,2021-03-11,0001564590-21-012536,False,False,[],False
2021-12-31,2022-12-31,True,1385508,"OPIANT PHARMACEUTICALS, INC.",[],"[""2834""]",10-K,2021-03-04,0001385508-21-000035,False,False,[],False
2021-12-31,2022-12-31,True,1385818,"AYTU BIOPHARMA, INC","[""AYTU""]","[""2834""]",10-K,2021-09-28,0001558370-21-012825,False,False,[],False
2021-12-31,2022-12-31,True,1386570,ChromaDex Corp.,"[""CDXC""]","[""2833""]",10-K,2021-03-12,0001654954-21-002692,False,False,[],False
2021-12-31,2022-12-31,True,1388319,"U.S. Stem Cell, Inc.","[""USRM""]","[""8731""]",10-K,2021-07-16,0001185185-21-000986,False,False,[],False
2021-12-31,2022-12-31,True,1388320,"Actinium Pharmaceuticals, Inc.","[""ATNM""]","[""2834""]",10-K,2021-03-31,0001213900-21-019297,False,False,[],False
2021-12-31,2022-12-31,True,1389545,"NovaBay Pharmaceuticals, Inc.","[""NBY""]","[""2834""]",10-K,2021-03-25,0001437749-21-007158,False,False,[],False
2021-12-31,2022-12-31,True,1390478,"SELLAS Life Sciences Group, Inc.","[""SLS""]","[""2834""]",10-K,2021-03-23,0001390478-21-000007,False,False,[],False
2021-12-31,2022-12-31,True,1393434,"OCULAR THERAPEUTIX, INC","[""OCUL""]","[""2834""]",10-K,2021-03-11,0001558370-21-002813,False,False,[],False
2021-12-31,2022-12-31,True,1394319,"Tracon Pharmaceuticals, Inc.","[""TCON""]","[""2836""]",10-K,2021-02-25,0001564590-21-008957,False,False,[],False
2021-12-31,2022-12-31,True,1395064,TAKEDA PHARMACEUTICAL CO LTD,"[""TAK"", ""TKPHF""]","[""2834""]",20-F,2021-06-29,0001395064-21-000140,False,False,[],False
2021-12-31,2022-12-31,True,1395937,Syndax Pharmaceuticals Inc,"[""SNDX""]","[""2834""]",10-K/A,2021-04-30,0001564590-21-022519,False,False,[],False
2021-12-31,2022-12-31,True,1396814,"Pacira BioSciences, Inc.","[""PCRX""]","[""2834""]",10-K,2021-03-01,0001396814-21-000014,False,False,[],False
2021-12-31,2022-12-31,True,1398733,"Aquestive Therapeutics, Inc.","[""AQST""]","[""2834""]",10-K,2021-03-09,0001140361-21-007811,False,False,[],False
2021-12-31,2022-12-31,True,1401040,DiaMedica Therapeutics Inc.,"[""DMAC""]","[""2834""]",10-K/A,2021-04-29,0001437749-21-010229,False,False,[],False
2021-12-31,2022-12-31,True,1401395,Neptune Wellness Solutions Inc.,"[""NEPTF""]","[""2834""]",40-F,2021-07-16,0001564590-21-036805,False,False,[],False
2021-12-31,2022-12-31,True,1401667,"PUMA BIOTECHNOLOGY, INC.","[""PBYI""]","[""2834""]",10-K,2021-03-01,0001564590-21-009840,False,False,[],False
2021-12-31,2022-12-31,True,1401708,NanoString Technologies Inc,[],"[""2836""]",10-K,2021-03-01,0001401708-21-000033,False,False,[],False
2021-12-31,2022-12-31,True,1401914,"Dare Bioscience, Inc.","[""DARE""]","[""2834""]",10-K,2021-03-30,0001401914-21-000041,False,False,[],False
2021-12-31,2022-12-31,True,1402479,"MedAvail Holdings, Inc.","[""MDVLQ""]","[""2834""]",10-K,2021-03-31,0001628280-21-006267,False,False,[],False
2021-12-31,2022-12-31,True,1403708,Evoke Pharma Inc,"[""EVOK""]","[""2834""]",10-K,2021-03-11,0001564590-21-012510,False,False,[],False
2021-12-31,2022-12-31,True,1403752,Zymeworks Inc.,[],"[""2834""]",10-K,2021-02-24,0001403752-21-000005,False,True,"[""6eb004060197d8798de0""]",False
2021-12-31,2022-12-31,True,1404281,"Eledon Pharmaceuticals, Inc.","[""ELDN""]","[""2834""]",10-K,2021-03-31,0001564590-21-016828,False,False,[],False
2021-12-31,2022-12-31,True,1404644,"Neoleukin Therapeutics, Inc.","[""NGNE""]","[""2834""]",10-K,2021-03-25,0001628280-21-005630,False,False,[],False
2021-12-31,2022-12-31,True,1408443,Milestone Pharmaceuticals Inc.,"[""MIST""]","[""2834""]",10-K,2021-03-29,0001558370-21-003631,False,False,[],False
2021-12-31,2022-12-31,True,1410098,CorMedix Inc.,"[""CRMD""]","[""2834""]",10-K,2021-03-30,0001213900-21-018684,False,False,[],False
2021-12-31,2022-12-31,True,1410939,"IVERIC bio, Inc.",[],"[""2834""]",10-K,2021-03-04,0001410939-21-000007,False,False,[],False
2021-12-31,2022-12-31,True,1411685,"VistaGen Therapeutics, Inc.","[""VTGN""]","[""2834""]",10-K,2021-06-29,0001654954-21-007380,False,False,[],False
2021-12-31,2022-12-31,True,1411906,"Ampio Pharmaceuticals, Inc.","[""AMPE""]","[""2834""]",10-K,2021-03-03,0001558370-21-002314,False,False,[],False
2021-12-31,2022-12-31,True,1412486,"Cocrystal Pharma, Inc.","[""COCP""]","[""2834""]",10-K,2021-03-17,0001493152-21-006211,False,False,[],False
2021-12-31,2022-12-31,True,1419041,"Forte Biosciences, Inc.","[""FBRX""]","[""2834""]",10-K,2021-03-16,0001564590-21-013249,False,False,[],False
2021-12-31,2022-12-31,True,1420565,AILERON THERAPEUTICS INC,"[""ALRN""]","[""2834""]",10-K,2021-03-24,0001564590-21-015115,False,False,[],False
2021-12-31,2022-12-31,True,1420720,"iBio, Inc.","[""IBIO""]","[""2834""]",10-K,2021-09-28,0001558370-21-012819,False,False,[],False
2021-12-31,2022-12-31,True,1421876,GALAPAGOS NV,"[""GLPG"", ""GLPGF""]","[""2834""]",20-F,2021-03-25,0001554855-21-000053,False,False,[],False
2021-12-31,2022-12-31,True,1422143,"Kura Oncology, Inc.","[""KURA""]","[""2834""]",10-K,2021-02-24,0001564590-21-007822,False,False,[],False
2021-12-31,2022-12-31,True,1425205,"IOVANCE BIOTHERAPEUTICS, INC.","[""IOVA""]","[""2836""]",10-K,2021-02-25,0001558370-21-001858,False,False,[],False
2021-12-31,2022-12-31,True,1426332,NGM BIOPHARMACEUTICALS INC,[],"[""2834""]",10-K/A,2021-11-04,0001193125-21-320239,False,False,[],False
2021-12-31,2022-12-31,True,1426800,"ASSEMBLY BIOSCIENCES, INC.","[""ASMB""]","[""2834""]",10-K,2021-02-25,0001564590-21-008878,False,False,[],False
2021-12-31,2022-12-31,True,1427925,ACELRX PHARMACEUTICALS INC,"[""TLPH""]","[""2834""]",10-K,2021-03-15,0001437749-21-006074,False,False,[],False
2021-12-31,2022-12-31,True,1428522,"Radius Health, Inc.",[],"[""2834""]",10-K,2021-02-25,0001628280-21-003172,True,True,"[""eadabd492158adb79b06""]",False
2021-12-31,2022-12-31,True,1429260,"Fortress Biotech, Inc.","[""FBIO"", ""FBIOP""]","[""2834""]",10-K/A,2021-04-09,0001558370-21-004130,False,False,[],False
2021-12-31,2022-12-31,True,1429560,TREVENA INC,"[""TRVN""]","[""2834""]",10-K,2021-03-09,0001558370-21-002598,False,False,[],False
2021-12-31,2022-12-31,True,1430306,Tonix Pharmaceuticals Holding Corp.,"[""TNXP""]","[""2834""]",10-K,2021-03-15,0001387131-21-003550,False,False,[],False
2021-12-31,2022-12-31,True,1434265,GENMAB A/S,"[""GMAB"", ""GNMSF""]","[""2834""]",20-F,2021-03-29,0001558370-21-003598,False,False,[],False
2021-12-31,2022-12-31,True,1434316,FATE THERAPEUTICS INC,"[""FATE""]","[""2836""]",10-K,2021-02-24,0001564590-21-008086,False,False,[],False
2021-12-31,2022-12-31,True,1434647,"KEMPHARM, INC","[""ZVRA""]","[""2834""]",10-K,2021-03-12,0001437749-21-005785,False,False,[],False
2021-12-31,2022-12-31,True,1434868,"Esperion Therapeutics, Inc.","[""ESPR""]","[""2834""]",10-K,2021-02-23,0001628280-21-002865,False,False,[],False
2021-12-31,2022-12-31,True,1435049,"CHINOOK THERAPEUTICS, INC.",[],"[""2834""]",10-K,2021-04-07,0001564590-21-018017,False,False,[],False
2021-12-31,2022-12-31,True,1437402,"ARDELYX, INC.","[""ARDX""]","[""2834""]",10-K,2021-03-08,0001558370-21-002500,False,False,[],False
2021-12-31,2022-12-31,True,1438533,"Travere Therapeutics, Inc.","[""TVTX""]","[""2834""]",10-K,2021-03-01,0001438533-21-000008,False,False,[],False
2021-12-31,2022-12-31,True,1438569,Grifols SA,"[""GRFS"", ""GIFLF"", ""GIFOF"", ""GIKLY""]","[""2834""]",20-F,2021-04-09,0001104659-21-048385,False,False,[],False
2021-12-31,2022-12-31,True,1442836,"Mersana Therapeutics, Inc.","[""MRSN""]","[""2834""]",10-K,2021-02-26,0001628280-21-003370,False,False,[],False
2021-12-31,2022-12-31,True,1444192,Acasti Pharma Inc.,"[""ACST""]","[""2834""]",10-K,2021-06-22,0001171843-21-004462,False,False,[],False
2021-12-31,2022-12-31,True,1445283,"YUMANITY THERAPEUTICS, INC.","[""KA""]","[""2834""]",10-K,2021-03-31,0001193125-21-101509,False,False,[],False
2021-12-31,2022-12-31,True,1445815,"BIOXYTRAN, INC","[""BIXT""]","[""2834""]",10-K,2021-04-09,0001785982-21-000076,False,False,[],False
2021-12-31,2022-12-31,True,1446847,IRONWOOD PHARMACEUTICALS INC,"[""IRWD""]","[""2834""]",10-K,2021-02-17,0001558370-21-001136,False,False,[],False
2021-12-31,2022-12-31,True,1447028,Arbutus Biopharma Corp,"[""ABUS""]","[""2834""]",10-K,2021-03-04,0001447028-21-000021,False,False,[],False
2021-12-31,2022-12-31,True,1453593,"Xtant Medical Holdings, Inc.","[""XTNT""]","[""2836""]",10-K,2021-02-24,0001493152-21-004676,False,False,[],False
2021-12-31,2022-12-31,True,1453687,SELECTA BIOSCIENCES INC,"[""RNAC""]","[""2834""]",10-K,2021-03-12,0001453687-21-000031,False,False,[],False
2021-12-31,2022-12-31,True,1454789,CATABASIS PHARMACEUTICALS INC,"[""ATXS""]","[""2834""]",10-K/A,2021-04-19,0001104659-21-051616,False,False,[],False
2021-12-31,2022-12-31,True,1457612,"GENOCEA BIOSCIENCES, INC.",[],"[""2836""]",10-K,2021-02-22,0001457612-21-000022,False,False,[],False
2021-12-31,2022-12-31,True,1460602,Orgenesis Inc.,"[""ORGS""]","[""2834""]",10-K,2021-03-09,0001493152-21-005653,False,False,[],False
2021-12-31,2022-12-31,True,1463361,"Unity Biotechnology, Inc.","[""UBX""]","[""2834""]",10-K,2021-03-23,0001564590-21-014854,False,False,[],False
2021-12-31,2022-12-31,True,1466301,"Clovis Oncology, Inc.",[],"[""2834""]",10-K,2021-02-25,0001558370-21-001668,False,False,[],False
2021-12-31,2022-12-31,True,1467154,"Novan, Inc.",[],"[""2834""]",10-K,2021-02-24,0001467154-21-000012,False,False,[],False
2021-12-31,2022-12-31,True,1468748,Kodiak Sciences Inc.,"[""KOD""]","[""2836""]",10-K,2021-03-01,0001564590-21-009946,False,False,[],False
2021-12-31,2022-12-31,True,1472012,Immunome Inc.,"[""IMNM""]","[""2834""]",10-K,2021-03-25,0001558370-21-003493,False,False,[],False
2021-12-31,2022-12-31,True,1472091,PDS Biotechnology Corp,"[""PDSB""]","[""2834""]",10-K,2021-03-18,0001140361-21-009142,False,False,[],False
2021-12-31,2022-12-31,True,1476963,"HEAT BIOLOGICS, INC.","[""SCPX""]","[""2834""]",10-K,2021-03-25,0001558370-21-003460,False,False,[],False
2021-12-31,2022-12-31,True,1477845,"Annovis Bio, Inc.","[""ANVS""]","[""2834""]",10-K,2021-03-03,0001558370-21-002303,False,False,[],False
2021-12-31,2022-12-31,True,1478069,CONTRAFECT Corp,"[""CFRXQ""]","[""2834""]",10-K,2021-03-30,0001193125-21-100376,False,False,[],False
2021-12-31,2022-12-31,True,1478242,IQVIA HOLDINGS INC.,"[""IQV""]","[""8731""]",10-K,2021-02-12,0001478242-21-000020,False,False,[],False
2021-12-31,2022-12-31,True,1478320,Adaptive Biotechnologies Corp,"[""ADPT""]","[""2836""]",10-K,2021-02-24,0001564590-21-008124,False,False,[],False
2021-12-31,2022-12-31,True,1479290,"Revance Therapeutics, Inc.","[""RVNC""]","[""2834""]",10-K,2021-02-25,0001479290-21-000057,False,False,[],False
2021-12-31,2022-12-31,True,1479419,"Kala Pharmaceuticals, Inc.","[""KALA""]","[""2834""]",10-K,2021-02-25,0001558370-21-001797,False,False,[],False
2021-12-31,2022-12-31,True,1479615,Silence Therapeutics plc,"[""SLN"", ""SLNCF""]","[""2834""]",20-F/A,2021-04-29,0001564590-21-021996,False,False,[],False
2021-12-31,2022-12-31,True,1485003,"Sesen Bio, Inc.","[""CARM""]","[""2834""]",10-K,2021-03-15,0001485003-21-000044,False,False,[],False
2021-12-31,2022-12-31,True,1488039,"ATOSSA THERAPEUTICS, INC.","[""ATOS""]","[""2834""]",10-K,2021-03-31,0001437749-21-007756,False,False,[],False
2021-12-31,2022-12-31,True,1490978,"Schrodinger, Inc.","[""SDGR""]","[""2834""]",10-K,2021-03-04,0001564590-21-010727,False,False,[],False
2021-12-31,2022-12-31,True,1492074,Abcam plc,[],"[""2836""]",20-F,2021-09-01,0001193125-21-262542,False,False,[],False
2021-12-31,2022-12-31,True,1492422,"Apellis Pharmaceuticals, Inc.","[""APLS""]","[""2834""]",10-K,2021-02-25,0001564590-21-008800,False,False,[],False
2021-12-31,2022-12-31,True,1492426,Horizon Therapeutics Public Ltd Co,[],"[""2834""]",10-K,2021-02-24,0001564590-21-007818,False,False,[],False
2021-12-31,2022-12-31,True,1493566,"OTONOMY, INC.",[],"[""2834""]",10-K,2021-02-11,0001564590-21-005551,False,False,[],False
2021-12-31,2022-12-31,True,1494650,"OptiNose, Inc.","[""OPTN""]","[""2834""]",10-K,2021-03-03,0001494650-21-000010,False,False,[],False
2021-12-31,2022-12-31,True,1496323,"IGM Biosciences, Inc.","[""IGMS""]","[""2834""]",10-K,2021-03-30,0001564590-21-016675,False,False,[],False
2021-12-31,2022-12-31,True,1496671,"Calithera Biosciences, Inc.","[""CALA""]","[""2834""]",10-K,2021-03-16,0001564590-21-013599,False,False,[],False
2021-12-31,2022-12-31,True,1497253,"ORGANOVO HOLDINGS, INC.","[""ONVO""]","[""2836""]",10-K/A,2021-07-29,0001564590-21-039208,False,False,[],False
2021-12-31,2022-12-31,True,1497504,PLx Pharma Inc.,[],"[""2834""]",10-K/A,2021-04-30,0001437749-21-010318,False,False,[],False
2021-12-31,2022-12-31,True,1498382,"Kintara Therapeutics, Inc.","[""KTRA""]","[""2834""]",10-K,2021-09-28,0001564590-21-049235,False,False,[],False
2021-12-31,2022-12-31,True,1498403,BioLineRx Ltd.,"[""BLRX""]","[""2834""]",20-F,2021-02-23,0001178913-21-000741,False,False,[],False
2021-12-31,2022-12-31,True,1501697,"X4 Pharmaceuticals, Inc","[""XFOR"", ""XFOWW""]","[""2836""]",10-K,2021-03-19,0001628280-21-005202,False,False,[],False
2021-12-31,2022-12-31,True,1501756,"Adverum Biotechnologies, Inc.","[""ADVM""]","[""2836""]",10-K,2021-03-01,0001628280-21-003623,False,False,[],False
2021-12-31,2022-12-31,True,1501989,"CytomX Therapeutics, Inc.","[""CTMX""]","[""2834""]",10-K,2021-02-24,0001564590-21-008081,False,False,[],False
2021-12-31,2022-12-31,True,1503802,Karyopharm Therapeutics Inc.,"[""KPTI""]","[""2834""]",10-K,2021-02-24,0001193125-21-054811,False,False,[],False
2021-12-31,2022-12-31,True,1504167,"Timber Pharmaceuticals, Inc.",[],"[""2834""]",10-K/A,2021-05-17,0001104659-21-068199,False,False,[],False
2021-12-31,2022-12-31,True,1505512,Regulus Therapeutics Inc.,"[""RGLS""]","[""2834""]",10-K,2021-03-09,0001628280-21-004294,False,False,[],False
2021-12-31,2022-12-31,True,1506184,IMMUTEP Ltd,"[""IMMP""]","[""2834""]",20-F,2021-10-25,0001193125-21-306062,False,False,[],False
2021-12-31,2022-12-31,True,1506251,"Citius Pharmaceuticals, Inc.","[""CTXR""]","[""2834""]",10-K,2021-12-15,0001213900-21-065464,False,False,[],False
2021-12-31,2022-12-31,True,1509261,"Rezolute, Inc.","[""RZLT""]","[""2834""]",10-K/A,2021-09-27,0001104659-21-119414,False,False,[],False
2021-12-31,2022-12-31,True,1509745,"LEAP THERAPEUTICS, INC.","[""LPTX""]","[""2834""]",10-K,2021-03-12,0001104659-21-035227,False,False,[],False
2021-12-31,2022-12-31,True,1512717,Theratechnologies Inc.,"[""THTX""]","[""2834""]",40-F,2021-02-25,0001193125-21-055844,False,False,[],False
2021-12-31,2022-12-31,True,1512762,"Coherus BioSciences, Inc.","[""CHRS""]","[""2836""]",10-K,2021-02-25,0001558370-21-001829,False,False,[],False
2021-12-31,2022-12-31,True,1513525,"ADIAL PHARMACEUTICALS, INC.","[""ADIL""]","[""2834""]",10-K,2021-03-22,0001213900-21-017009,False,False,[],False
2021-12-31,2022-12-31,True,1513818,"Aravive, Inc.",[],"[""2834""]",10-K,2021-03-16,0001564590-21-013312,False,False,[],False
2021-12-31,2022-12-31,True,1515673,Ultragenyx Pharmaceutical Inc.,"[""RARE""]","[""2834""]",10-K,2021-02-12,0001564590-21-005610,False,False,[],False
2021-12-31,2022-12-31,True,1517022,"Akebia Therapeutics, Inc.","[""AKBA""]","[""2834""]",10-K,2021-02-25,0001628280-21-003283,False,False,[],False
2021-12-31,2022-12-31,True,1520262,Alkermes plc.,"[""ALKS""]","[""2834""]",10-K/A,2021-04-29,0001564590-21-021941,False,False,[],False
2021-12-31,2022-12-31,True,1521036,"Lantheus Holdings, Inc.","[""LNTH""]","[""2835""]",10-K,2021-02-25,0001628280-21-003336,False,False,[],False
2021-12-31,2022-12-31,True,1522602,"CohBar, Inc.","[""CWBR""]","[""2834""]",10-K/A,2021-06-02,0001213900-21-030512,False,False,[],False
2021-12-31,2022-12-31,True,1526119,"Verastem, Inc.","[""VSTM""]","[""2834""]",10-K,2021-03-18,0001558370-21-003211,False,False,[],False
2021-12-31,2022-12-31,True,1527599,"SYNLOGIC, INC.","[""SYBX""]","[""2834""]",10-K,2021-03-25,0001564590-21-015256,False,False,[],False
2021-12-31,2022-12-31,True,1527728,Enochian Biosciences Inc,"[""RENB""]","[""2834""]",10-K/A,2021-10-28,0001731122-21-001771,False,False,[],False
2021-12-31,2022-12-31,True,1528115,"Annexon, Inc.","[""ANNX""]","[""2834""]",10-K,2021-03-25,0001564590-21-015262,False,False,[],False
2021-12-31,2022-12-31,True,1532346,"Atreca, Inc.",[],"[""2834""]",10-K/A,2021-03-31,0001104659-21-044246,False,False,[],False
2021-12-31,2022-12-31,True,1533040,Phio Pharmaceuticals Corp.,"[""PHIO""]","[""2834""]",10-K,2021-03-25,0001683168-21-001062,False,False,[],False
2021-12-31,2022-12-31,True,1533743,"Processa Pharmaceuticals, Inc.","[""PCSA""]","[""2834""]",10-K/A,2021-04-07,0001493152-21-008210,False,False,[],False
2021-12-31,2022-12-31,True,1534120,Cerecor Inc.,"[""AVTX""]","[""2834""]",10-K,2021-03-08,0001628280-21-004162,False,False,[],False
2021-12-31,2022-12-31,True,1534133,"GRAYBUG VISION, INC.","[""CALC""]","[""2834""]",10-K,2021-03-05,0001564590-21-011305,False,False,[],False
2021-12-31,2022-12-31,True,1534248,Anchiano Therapeutics Ltd.,"[""CMMB""]","[""2834""]",10-K,2021-03-09,0001104659-21-033822,False,False,[],False
2021-12-31,2022-12-31,True,1534525,"Xenetic Biosciences, Inc.","[""XBIO""]","[""2834""]",10-K/A,2021-04-28,0001683168-21-001582,False,False,[],False
2021-12-31,2022-12-31,True,1535955,Lipocine Inc.,"[""LPCN""]","[""2834""]",10-K,2021-03-11,0001104659-21-034761,False,False,[],False
2021-12-31,2022-12-31,True,1536196,Can-Fite BioPharma Ltd.,"[""CANF""]","[""2834""]",20-F,2021-03-25,0001213900-21-017630,False,False,[],False
2021-12-31,2022-12-31,True,1537917,"TYME TECHNOLOGIES, INC.",[],"[""2834""]",10-K,2021-06-10,0001564590-21-032445,False,True,"[""001c8b47a50390877ece""]",False
2021-12-31,2022-12-31,True,1538210,"NexImmune, Inc.","[""NEXI""]","[""2834""]",10-K,2021-03-31,0001193125-21-102236,False,False,[],False
2021-12-31,2022-12-31,True,1538927,"Forma Therapeutics Holdings, Inc.",[],"[""2836""]",10-K,2021-03-30,0001564590-21-016642,True,True,"[""4879c93e7039c967cc37""]",False
2021-12-31,2022-12-31,True,1539029,"Clearside Biomedical, Inc.","[""CLSD""]","[""2834""]",10-K,2021-03-15,0001564590-21-013027,False,False,[],False
2021-12-31,2022-12-31,True,1540159,"Edesa Biotech, Inc.","[""EDSA""]","[""2834""]",10-K,2021-12-28,0001654954-21-013551,False,False,[],False
2021-12-31,2022-12-31,True,1541157,Akari Therapeutics Plc,"[""AKTX""]","[""2834""]",20-F,2021-04-21,0001104659-21-052672,False,False,[],False
2021-12-31,2022-12-31,True,1544227,"Millendo Therapeutics, Inc.","[""TPST""]","[""2834""]",10-K/A,2021-04-29,0001544227-21-000026,False,False,[],False
2021-12-31,2022-12-31,True,1549595,"Nurix Therapeutics, Inc.","[""NRIX""]","[""2834""]",10-K,2021-02-16,0001564590-21-006071,False,False,[],False
2021-12-31,2022-12-31,True,1551152,AbbVie Inc.,"[""ABBV""]","[""2834""]",10-K,2021-02-19,0001551152-21-000008,False,False,[],False
2021-12-31,2022-12-31,True,1551986,"9 METERS BIOPHARMA, INC.","[""NMTRQ""]","[""2834""]",10-K,2021-03-22,0001551986-21-000033,False,False,[],False
2021-12-31,2022-12-31,True,1552189,"Exactus, Inc.","[""PLSH""]","[""2833""]",10-K/A,2021-04-23,0001654954-21-004566,False,False,[],False
2021-12-31,2022-12-31,True,1553643,"RELMADA THERAPEUTICS, INC.","[""RLMD""]","[""2834""]",10-K,2021-03-24,0001213900-21-017556,False,False,[],False
2021-12-31,2022-12-31,True,1553846,RedHill Biopharma Ltd.,"[""RDHL""]","[""2834""]",20-F,2021-03-18,0001558370-21-003168,False,False,[],False
2021-12-31,2022-12-31,True,1555280,Zoetis Inc.,"[""ZTS""]","[""2834""]",10-K,2021-02-16,0001555280-21-000098,False,False,[],False
2021-12-31,2022-12-31,True,1556263,"Syros Pharmaceuticals, Inc.","[""SYRS""]","[""2834""]",10-K,2021-03-04,0001564590-21-010709,False,False,[],False
2021-12-31,2022-12-31,True,1557746,"Aclaris Therapeutics, Inc.","[""ACRS""]","[""2834""]",10-K,2021-02-25,0001558370-21-001717,False,False,[],False
2021-12-31,2022-12-31,True,1559053,PROTHENA CORP PUBLIC LTD CO,"[""PRTA""]","[""2834""]",10-K,2021-02-26,0001559053-21-000008,False,False,[],False
2021-12-31,2022-12-31,True,1560241,"G1 Therapeutics, Inc.","[""GTHX""]","[""2834""]",10-K,2021-02-24,0001564590-21-008171,False,False,[],False
2021-12-31,2022-12-31,True,1563577,"Galera Therapeutics, Inc.","[""GRTX""]","[""2834""]",10-K,2021-03-11,0001564590-21-012244,False,False,[],False
2021-12-31,2022-12-31,True,1563880,"Trevi Therapeutics, Inc.","[""TRVI""]","[""2834""]",10-K,2021-03-25,0001564590-21-015506,False,False,[],False
2021-12-31,2022-12-31,True,1564824,Allakos Inc.,"[""ALLK""]","[""2834""]",10-K,2021-03-01,0001564590-21-009651,False,False,[],False
2021-12-31,2022-12-31,True,1566044,VYNE Therapeutics Inc.,"[""VYNE""]","[""2834""]",10-K/A,2021-04-20,0001566044-21-000018,False,False,[],False
2021-12-31,2022-12-31,True,1566373,"F-star Therapeutics, Inc.",[],"[""2834""]",10-K,2021-03-30,0001193125-21-100530,True,True,"[""2a68b1c6e56d848e74bd""]",False
2021-12-31,2022-12-31,True,1567514,"Intra-Cellular Therapies, Inc.","[""ITCI""]","[""2834""]",10-K,2021-02-25,0001193125-21-055751,False,False,[],False
2021-12-31,2022-12-31,True,1567529,KAMADA LTD,"[""KMDA""]","[""2834""]",20-F,2021-02-24,0001213900-21-011255,False,False,[],False
2021-12-31,2022-12-31,True,1567892,Mallinckrodt plc,[],"[""2834""]",10-K/A,2021-04-19,0001567892-21-000016,False,False,[],False
2021-12-31,2022-12-31,True,1570562,"Evolus, Inc.","[""EOLS""]","[""2834""]",10-K,2021-03-25,0001570562-21-000093,False,False,[],False
2021-12-31,2022-12-31,True,1571498,"Epizyme, Inc.",[],"[""2834""]",10-K,2021-02-23,0001564590-21-007292,True,True,"[""5c911a699ab8a9fe3a5d""]",False
2021-12-31,2022-12-31,True,1574232,Addex Therapeutics Ltd.,"[""ADXN""]","[""2834""]",20-F,2021-03-11,0001047469-21-000566,False,False,[],False
2021-12-31,2022-12-31,True,1574235,"Pulmatrix, Inc.","[""PULM""]","[""2834""]",10-K/A,2021-05-14,0001493152-21-011501,False,False,[],False
2021-12-31,2022-12-31,True,1576263,"Mirati Therapeutics, Inc.",[],"[""2834""]",10-K,2021-02-25,0001628280-21-003315,False,False,[],False
2021-12-31,2022-12-31,True,1579428,"Axsome Therapeutics, Inc.","[""AXSM""]","[""2834""]",10-K,2021-03-01,0001564590-21-009924,False,False,[],False
2021-12-31,2022-12-31,True,1580149,BIOVIE INC.,"[""BIVI""]","[""2834""]",10-K,2021-08-30,0001520138-21-000509,False,False,[],False
2021-12-31,2022-12-31,True,1581280,Twist Bioscience Corp,"[""TWST""]","[""2836""]",10-K,2021-11-23,0001104659-21-142700,False,False,[],False
2021-12-31,2022-12-31,True,1582313,Xenon Pharmaceuticals Inc.,"[""XENE""]","[""2834""]",10-K,2021-03-01,0001564590-21-009905,False,False,[],False
2021-12-31,2022-12-31,True,1582554,"Matinas BioPharma Holdings, Inc.","[""MTNB""]","[""2834""]",10-K,2021-03-29,0001493152-21-006979,False,False,[],False
2021-12-31,2022-12-31,True,1583107,"Theravance Biopharma, Inc.","[""TBPH""]","[""2834""]",10-K,2021-02-26,0001558370-21-002006,False,False,[],False
2021-12-31,2022-12-31,True,1583648,"PIERIS PHARMACEUTICALS, INC.","[""PIRS""]","[""2834""]",10-K,2021-03-31,0001583648-21-000005,False,False,[],False
2021-12-31,2022-12-31,True,1583771,"Hepion Pharmaceuticals, Inc.","[""HEPA"", ""CTRVP""]","[""2834""]",10-K/A,2021-04-28,0001104659-21-056641,False,False,[],False
2021-12-31,2022-12-31,True,1585364,PERRIGO Co plc,"[""PRGO""]","[""2834""]",10-K,2021-03-01,0001585364-21-000012,False,False,[],False
2021-12-31,2022-12-31,True,1585608,"Jaguar Health, Inc.","[""JAGX""]","[""2834""]",10-K,2021-03-31,0001558370-21-003811,False,False,[],False
2021-12-31,2022-12-31,True,1587221,Zosano Pharma Corp,[],"[""2834""]",10-K,2021-03-11,0001587221-21-000007,False,False,[],False
2021-12-31,2022-12-31,True,1588972,"Recro Pharma, Inc.",[],"[""2834""]",10-K,2021-02-26,0001564590-21-009198,False,False,[],False
2021-12-31,2022-12-31,True,1590560,uniQure N.V.,"[""QURE""]","[""2834""]",10-K,2021-03-01,0001558370-21-002186,False,False,[],False
2021-12-31,2022-12-31,True,1590877,REGENXBIO Inc.,"[""RGNX""]","[""2836""]",10-K,2021-03-01,0001564590-21-009855,False,False,[],False
2021-12-31,2022-12-31,True,1593034,Endo International plc,[],"[""2834""]",10-K,2021-02-26,0001593034-21-000012,False,False,[],False
2021-12-31,2022-12-31,True,1593899,"Atea Pharmaceuticals, Inc.","[""AVIR""]","[""2834""]",10-K,2021-03-30,0001564590-21-016724,False,False,[],False
2021-12-31,2022-12-31,True,1593984,MediWound Ltd.,"[""MDWD""]","[""2833""]",20-F,2021-02-25,0001178913-21-000779,False,False,[],False
2021-12-31,2022-12-31,True,1595097,"Corbus Pharmaceuticals Holdings, Inc.","[""CRBP""]","[""2834""]",10-K,2021-03-15,0001493152-21-006016,False,False,[],False
2021-12-31,2022-12-31,True,1595248,"Genprex, Inc.","[""GNPX""]","[""2834""]",10-K,2021-03-26,0001437749-21-007317,False,False,[],False
2021-12-31,2022-12-31,True,1595353,Galmed Pharmaceuticals Ltd.,"[""GLMD""]","[""2834""]",20-F,2021-03-18,0001104659-21-038205,False,False,[],False
2021-12-31,2022-12-31,True,1595585,"Tricida, Inc.",[],"[""2834""]",10-K,2021-02-26,0001595585-21-000046,False,False,[],False
2021-12-31,2022-12-31,True,1595893,"Turning Point Therapeutics, Inc.",[],"[""2834""]",10-K,2021-03-01,0001564590-21-009849,True,True,"[""73a8c2b1e6498ead30ec""]",False
2021-12-31,2022-12-31,True,1596783,"Catalent, Inc.","[""CTLT""]","[""2834""]",10-K,2021-08-30,0001596783-21-000110,False,False,[],False
2021-12-31,2022-12-31,True,1596812,Enlivex Therapeutics Ltd.,"[""ENLV""]","[""2834""]",20-F,2021-04-30,0001213900-21-023865,False,False,[],False
2021-12-31,2022-12-31,True,1596946,Quotient Ltd,[],"[""2835""]",10-K/A,2021-11-15,0001564590-21-057077,False,False,[],False
2021-12-31,2022-12-31,True,1597264,Blueprint Medicines Corp,"[""BPMC""]","[""2834""]",10-K,2021-02-17,0001558370-21-001141,False,False,[],False
2021-12-31,2022-12-31,True,1597553,"Sage Therapeutics, Inc.","[""SAGE""]","[""2834""]",10-K,2021-02-24,0001564590-21-007819,False,False,[],False
2021-12-31,2022-12-31,True,1598599,Innate Pharma SA,"[""IPHA"", ""IPHYF""]","[""2836""]",20-F,2021-04-27,0001628280-21-007629,False,False,[],False
2021-12-31,2022-12-31,True,1598646,"Minerva Neurosciences, Inc.","[""NERV""]","[""2834""]",10-K,2021-03-08,0001564590-21-011340,False,False,[],False
2021-12-31,2022-12-31,True,1599298,Summit Therapeutics Inc.,"[""SMMT""]","[""2834""]",10-K,2021-03-31,0001599298-21-000011,False,False,[],False
2021-12-31,2022-12-31,True,1599901,"Avidity Biosciences, Inc.","[""RNA""]","[""2834""]",10-K,2021-03-15,0001564590-21-013157,False,False,[],False
2021-12-31,2022-12-31,True,1600132,"Bellerophon Therapeutics, Inc.","[""BLPH""]","[""2834""]",10-K,2021-03-11,0001558370-21-002768,False,False,[],False
2021-12-31,2022-12-31,True,1600620,Aurinia Pharmaceuticals Inc.,"[""AUPH""]","[""2834""]",10-K/A,2021-04-30,0001628280-21-008458,False,False,[],False
2021-12-31,2022-12-31,True,1600847,Gamida Cell Ltd.,[],"[""2836""]",20-F/A,2021-03-11,0001213900-21-014814,False,False,[],False
2021-12-31,2022-12-31,True,1601485,Angion Biomedica Corp.,"[""ELTX""]","[""2834""]",10-K,2021-03-30,0001601485-21-000007,False,False,[],False
2021-12-31,2022-12-31,True,1601936,Auris Medical Holding Ltd.,"[""CYTO""]","[""2834""]",20-F,2021-03-31,0001213900-21-018959,False,False,[],False
2021-12-31,2022-12-31,True,1603207,Vascular Biogenics Ltd.,"[""NTBL""]","[""2834""]",20-F,2021-03-25,0001493152-21-006761,False,False,[],False
2021-12-31,2022-12-31,True,1604191,"AzurRx BioPharma, Inc.","[""ENTO""]","[""2834""]",10-K,2021-03-31,0001654954-21-003659,False,False,[],False
2021-12-31,2022-12-31,True,1604464,"Atara Biotherapeutics, Inc.","[""ATRA""]","[""2836""]",10-K,2021-03-01,0001564590-21-009854,False,False,[],False
2021-12-31,2022-12-31,True,1604477,SQZ Biotechnologies Co,[],"[""2836""]",10-K,2021-03-18,0001564590-21-013996,False,False,[],False
2021-12-31,2022-12-31,True,1604924,Forward Pharma A/S,[],"[""2834""]",20-F,2021-04-14,0001047469-21-000947,False,False,[],False
2021-12-31,2022-12-31,True,1604950,scPharmaceuticals Inc.,"[""SCPH""]","[""2834""]",10-K,2021-03-23,0001564590-21-014898,False,False,[],False
2021-12-31,2022-12-31,True,1607678,"Viking Therapeutics, Inc.","[""VKTX""]","[""2834""]",10-K,2021-02-17,0001564590-21-006406,False,False,[],False
2021-12-31,2022-12-31,True,1608390,Affimed N.V.,"[""AFMD""]","[""2834""]",20-F/A,2021-04-21,0001104659-21-053202,False,False,[],False
2021-12-31,2022-12-31,True,1609809,"Seres Therapeutics, Inc.","[""MCRB""]","[""2834""]",10-K,2021-03-02,0001564590-21-010057,False,False,[],False
2021-12-31,2022-12-31,True,1610618,"Cidara Therapeutics, Inc.","[""CDTX""]","[""2836""]",10-K,2021-02-25,0001610618-21-000008,False,False,[],False
2021-12-31,2022-12-31,True,1610820,BriaCell Therapeutics Corp.,"[""BCTX"", ""BCTXW""]","[""2834""]",40-F/A,2021-11-16,0001493152-21-028949,False,False,[],False
2021-12-31,2022-12-31,True,1610950,"Syneos Health, Inc.",[],"[""8731""]",10-K,2021-02-18,0001564590-21-006471,False,False,[],False
2021-12-31,2022-12-31,True,1611746,SciSparc Ltd./ADR,"[""SPRC""]","[""2834""]",20-F,2021-03-30,0001213900-21-018407,False,False,[],False
2021-12-31,2022-12-31,True,1611747,BiondVax Pharmaceuticals Ltd.,"[""SCNI""]","[""2836""]",20-F,2021-05-13,0001213900-21-026146,False,False,[],False
2021-12-31,2022-12-31,True,1612042,Ascendis Pharma A/S,"[""ASND""]","[""2834""]",20-F,2021-03-10,0001193125-21-076349,False,False,[],False
2021-12-31,2022-12-31,True,1612940,ProQR Therapeutics N.V.,"[""PRQR""]","[""2834""]",20-F,2021-03-24,0001558370-21-003399,False,False,[],False
2021-12-31,2022-12-31,True,1613780,DBV Technologies S.A.,"[""DBVT""]","[""2836""]",10-K,2021-03-17,0001193125-21-084223,False,False,[],False
2021-12-31,2022-12-31,True,1614067,"Aridis Pharmaceuticals, Inc.","[""ARDS""]","[""2834""]",10-K/A,2021-04-30,0001104659-21-058522,False,False,[],False
2021-12-31,2022-12-31,True,1614744,PURPLE BIOTECH LTD.,"[""PPBT""]","[""2834""]",20-F,2021-03-16,0001213900-21-015453,False,False,[],False
2021-12-31,2022-12-31,True,1615219,"Salarius Pharmaceuticals, Inc.","[""SLRX""]","[""2834""]",10-K,2021-03-18,0001615219-21-000026,False,False,[],False
2021-12-31,2022-12-31,True,1618835,"Evofem Biosciences, Inc.","[""EVFM""]","[""2834""]",10-K,2021-03-04,0001618835-21-000040,False,False,[],False
2021-12-31,2022-12-31,True,1620463,"Athira Pharma, Inc.","[""ATHA""]","[""2836""]",10-K,2021-03-25,0001564590-21-015495,False,False,[],False
2021-12-31,2022-12-31,True,1620737,ORGANIGRAM HOLDINGS INC.,"[""OGI""]","[""2834""]",40-F,2021-11-23,0001062993-21-011478,False,False,[],False
2021-12-31,2022-12-31,True,1621221,"ARTELO BIOSCIENCES, INC.","[""ARTL"", ""ATLEW""]","[""2834""]",10-K,2021-11-29,0001640334-21-002983,False,False,[],False
2021-12-31,2022-12-31,True,1621227,Adaptimmune Therapeutics PLC,"[""ADAP""]","[""2836""]",10-K,2021-02-25,0001558370-21-001827,False,False,[],False
2021-12-31,2022-12-31,True,1621443,"Zynerba Pharmaceuticals, Inc.",[],"[""2834""]",10-K,2021-03-10,0001558370-21-002669,False,False,[],False
2021-12-31,2022-12-31,True,1622229,"Cogent Biosciences, Inc.","[""COGT""]","[""2834""]",10-K,2021-03-16,0001564590-21-013325,False,False,[],False
2021-12-31,2022-12-31,True,1623526,"Stoke Therapeutics, Inc.","[""STOK""]","[""2834""]",10-K,2021-03-09,0001564590-21-011760,False,False,[],False
2021-12-31,2022-12-31,True,1624422,Erytech Pharma S.A.,[],"[""2836""]",20-F,2021-03-08,0001624422-21-000013,False,False,[],False
2021-12-31,2022-12-31,True,1624658,"Allena Pharmaceuticals, Inc.",[],"[""2836""]",10-K/A,2021-11-12,0001193125-21-328059,False,False,[],False
2021-12-31,2022-12-31,True,1626199,"ALPINE IMMUNE SCIENCES, INC.",[],"[""2834""]",10-K,2021-03-18,0001626199-21-000038,False,False,[],False
2021-12-31,2022-12-31,True,1626878,XBiotech Inc.,"[""XBIT""]","[""2834""]",10-K,2021-03-16,0001171843-21-001828,False,False,[],False
2021-12-31,2022-12-31,True,1626971,"Corvus Pharmaceuticals, Inc.","[""CRVS""]","[""2834""]",10-K,2021-03-25,0001558370-21-003462,False,False,[],False
2021-12-31,2022-12-31,True,1627281,Cellectis S.A.,"[""CLLS""]","[""2836""]",20-F,2021-03-04,0001193125-21-069635,False,False,[],False
2021-12-31,2022-12-31,True,1628171,"Revolution Medicines, Inc.","[""RVMD"", ""RVMDW""]","[""2836""]",10-K,2021-03-02,0001564590-21-010276,False,False,[],False
2021-12-31,2022-12-31,True,1629137,"Global Blood Therapeutics, Inc.",[],"[""2834""]",10-K,2021-02-24,0001193125-21-054629,False,True,"[""e5f920d89c2dc143c857""]",False
2021-12-31,2022-12-31,True,1631574,Wave Life Sciences Ltd.,"[""WVE""]","[""2834""]",10-K/A,2021-04-30,0001193125-21-145367,False,False,[],False
2021-12-31,2022-12-31,True,1633070,Axcella Health Inc.,[],"[""2836""]",10-K,2021-03-17,0001633070-21-000009,False,False,[],False
2021-12-31,2022-12-31,True,1633932,ESSA Pharma Inc.,"[""EPIX""]","[""2834""]",10-K,2021-11-18,0001558370-21-016181,False,False,[],False
2021-12-31,2022-12-31,True,1634379,"Metacrine, Inc.",[],"[""2834""]",10-K,2021-03-18,0001564590-21-014178,False,True,"[""513f790f3928d7316799""]",False
2021-12-31,2022-12-31,True,1636050,Sio Gene Therapies Inc.,[],"[""2834""]",10-K,2021-06-09,0001636050-21-000059,False,False,[],False
2021-12-31,2022-12-31,True,1636282,"Aeglea BioTherapeutics, Inc.","[""SYRE""]","[""2834""]",10-K,2021-03-18,0001564590-21-014021,False,False,[],False
2021-12-31,2022-12-31,True,1636651,Ovid Therapeutics Inc.,"[""OVID""]","[""2834""]",10-K,2021-03-15,0001564590-21-013016,False,False,[],False
2021-12-31,2022-12-31,True,1637890,Celyad Oncology SA,[],"[""2834""]",20-F,2021-03-24,0001193125-21-092779,False,False,[],False
2021-12-31,2022-12-31,True,1638097,Entera Bio Ltd.,"[""ENTX""]","[""2836""]",20-F,2021-03-18,0001178913-21-001087,False,False,[],False
2021-12-31,2022-12-31,True,1638287,"NeuroBo Pharmaceuticals, Inc.","[""NRBO""]","[""2834""]",10-K/A,2021-04-30,0001558370-21-005423,False,False,[],False
2021-12-31,2022-12-31,True,1640266,"Voyager Therapeutics, Inc.","[""VYGR""]","[""2836""]",10-K,2021-02-25,0001558370-21-001865,False,False,[],False
2021-12-31,2022-12-31,True,1640455,"Jounce Therapeutics, Inc.",[],"[""2836""]",10-K,2021-02-25,0001640455-21-000055,False,False,[],False
2021-12-31,2022-12-31,True,1641281,"Bolt Biotherapeutics, Inc.","[""BOLT""]","[""2834""]",10-K,2021-03-31,0001193125-21-102253,False,False,[],False
2021-12-31,2022-12-31,True,1641489,vTv Therapeutics Inc.,"[""VTVT""]","[""2834""]",10-K,2021-02-24,0001564590-21-008149,False,False,[],False
2021-12-31,2022-12-31,True,1641640,Nabriva Therapeutics plc,[],"[""2834""]",10-K,2021-03-11,0001558370-21-002824,False,False,[],False
2021-12-31,2022-12-31,True,1642375,"Guardion Health Sciences, Inc.","[""GHSI""]","[""2834""]",10-K,2021-03-26,0001493152-21-006883,False,False,[],False
2021-12-31,2022-12-31,True,1642380,OncoCyte Corp,"[""OCX""]","[""2835""]",10-K/A,2021-04-30,0001493152-21-010120,False,False,[],False
2021-12-31,2022-12-31,True,1643918,Midatech Pharma Plc,"[""BDRX""]","[""2834""]",20-F,2021-04-30,0001214659-21-004730,False,False,[],False
2021-12-31,2022-12-31,True,1644963,"AVENUE THERAPEUTICS, INC.","[""ATXI""]","[""2834""]",10-K,2021-03-31,0001104659-21-044358,False,False,[],False
2021-12-31,2022-12-31,True,1645460,"Cue Biopharma, Inc.","[""CUE""]","[""2834""]",10-K,2021-03-09,0001564590-21-011777,False,False,[],False
2021-12-31,2022-12-31,True,1645469,Monopar Therapeutics,"[""MNPR""]","[""2834""]",10-K,2021-03-25,0001654954-21-003243,False,False,[],False
2021-12-31,2022-12-31,True,1645666,"Kezar Life Sciences, Inc.","[""KZR""]","[""2834""]",10-K,2021-03-11,0001564590-21-012525,False,False,[],False
2021-12-31,2022-12-31,True,1648257,Hutchison China MediTech Ltd,"[""HCM"", ""HMDCF""]","[""2834""]",20-F,2021-03-04,0001104659-21-031897,False,False,[],False
2021-12-31,2022-12-31,True,1649094,"Vaxcyte, Inc.","[""PCVX""]","[""2836""]",10-K,2021-03-29,0001564590-21-016110,False,False,[],False
2021-12-31,2022-12-31,True,1649904,"RHYTHM PHARMACEUTICALS, INC.","[""RYTM""]","[""2834""]",10-K,2021-03-01,0001558370-21-002121,False,False,[],False
2021-12-31,2022-12-31,True,1649989,"Outlook Therapeutics, Inc.","[""OTLK""]","[""2836""]",10-K,2021-12-23,0001558370-21-017007,False,False,[],False
2021-12-31,2022-12-31,True,1650648,4D Molecular Therapeutics Inc.,"[""FDMT""]","[""2836""]",10-K,2021-03-25,0001564590-21-015502,False,False,[],False
2021-12-31,2022-12-31,True,1650664,"Editas Medicine, Inc.","[""EDIT""]","[""2836""]",10-K,2021-02-26,0001558370-21-001915,False,False,[],False
2021-12-31,2022-12-31,True,1651308,"BeiGene, Ltd.","[""BGNE"", ""BEIGF""]","[""2834""]",10-K,2021-02-25,0001651308-21-000039,False,False,[],False
2021-12-31,2022-12-31,True,1651311,Merus N.V.,"[""MRUS""]","[""2834""]",10-K,2021-03-16,0001564590-21-013584,False,False,[],False
2021-12-31,2022-12-31,True,1651407,"Checkpoint Therapeutics, Inc.","[""CKPT""]","[""2834""]",10-K,2021-03-12,0001104659-21-035291,False,False,[],False
2021-12-31,2022-12-31,True,1651431,"Checkmate Pharmaceuticals, Inc.",[],"[""2836""]",10-K,2021-03-29,0001193125-21-098414,True,True,"[""7fffc70f5fe46d2cb037""]",False
2021-12-31,2022-12-31,True,1651625,AC Immune SA,"[""ACIU""]","[""2834""]",20-F,2021-03-23,0000950103-21-004378,False,False,[],False
2021-12-31,2022-12-31,True,1652130,"Intellia Therapeutics, Inc.","[""NTLA""]","[""2835""]",10-K,2021-02-26,0001564590-21-009011,False,False,[],False
2021-12-31,2022-12-31,True,1652724,"Lucira Health, Inc.",[],"[""2835""]",10-K,2021-03-31,0001564590-21-017123,False,False,[],False
2021-12-31,2022-12-31,True,1653087,"Alector, Inc.","[""ALEC""]","[""2836""]",10-K/A,2021-03-29,0001564590-21-016109,False,False,[],False
2021-12-31,2022-12-31,True,1654151,"Deciphera Pharmaceuticals, Inc.",[],"[""2834""]",10-K,2021-02-09,0001654151-21-000003,False,False,[],False
2021-12-31,2022-12-31,True,1655759,"ARVINAS, INC.","[""ARVN""]","[""2834""]",10-K,2021-03-01,0001564590-21-009857,False,False,[],False
2021-12-31,2022-12-31,True,1656472,Cronos Group Inc.,"[""CRON""]","[""2833""]",10-K,2021-02-26,0001656472-21-000009,False,False,[],False
2021-12-31,2022-12-31,True,1656536,"Decibel Therapeutics, Inc.",[],"[""2834""]",10-K,2021-03-29,0001564590-21-016167,False,False,[],False
2021-12-31,2022-12-31,True,1656634,"Gritstone Oncology, Inc.","[""GRTS""]","[""2836""]",10-K,2021-03-11,0001564590-21-012260,False,False,[],False
2021-12-31,2022-12-31,True,1657312,Verona Pharma plc,"[""VRNA""]","[""2834""]",10-K,2021-02-25,0001657312-21-000004,False,False,[],False
2021-12-31,2022-12-31,True,1658247,"Crinetics Pharmaceuticals, Inc.","[""CRNX""]","[""2834""]",10-K,2021-03-30,0001564590-21-016719,False,False,[],False
2021-12-31,2022-12-31,True,1659323,Iterum Therapeutics plc,"[""ITRM""]","[""2834""]",10-K,2021-03-12,0001564590-21-012694,False,False,[],False
2021-12-31,2022-12-31,True,1659352,"Codiak BioSciences, Inc.",[],"[""2836""]",10-K,2021-03-17,0001564590-21-013870,False,False,[],False
2021-12-31,2022-12-31,True,1659617,"Moleculin Biotech, Inc.","[""MBRX""]","[""2834""]",10-K,2021-03-24,0001437749-21-006940,False,False,[],False
2021-12-31,2022-12-31,True,1660046,Immuron Ltd,"[""IMRN""]","[""2834""]",20-F,2021-10-29,0001213900-21-055241,False,False,[],False
2021-12-31,2022-12-31,True,1660334,Verrica Pharmaceuticals Inc.,"[""VRCA""]","[""2834""]",10-K,2021-03-17,0001564590-21-013876,False,False,[],False
2021-12-31,2022-12-31,True,1661059,"NextCure, Inc.","[""NXTC""]","[""2834""]",10-K/A,2021-04-26,0001104659-21-054980,False,False,[],False
2021-12-31,2022-12-31,True,1661181,Organogenesis Holdings Inc.,"[""ORGO""]","[""2834""]",10-K/A,2021-04-30,0001193125-21-141474,False,False,[],False
2021-12-31,2022-12-31,True,1661460,"Poseida Therapeutics, Inc.","[""PSTX""]","[""2836""]",10-K,2021-03-11,0001564590-21-012509,False,False,[],False
2021-12-31,2022-12-31,True,1661998,"Homology Medicines, Inc.","[""QTTB""]","[""2834""]",10-K,2021-03-11,0001564590-21-012490,False,False,[],False
2021-12-31,2022-12-31,True,1662579,"C4 Therapeutics, Inc.","[""CCCC""]","[""2836""]",10-K,2021-03-11,0001564590-21-012531,False,False,[],False
2021-12-31,2022-12-31,True,1662774,"Cortexyme, Inc.","[""QNCX""]","[""2836""]",10-K,2021-03-01,0001564590-21-009867,False,False,[],False
2021-12-31,2022-12-31,True,1664106,"LogicBio Therapeutics, Inc.",[],"[""2836""]",10-K/A,2021-11-05,0001193125-21-321781,True,True,"[""59c69b2f0ca9c6039c1a""]",False
2021-12-31,2022-12-31,True,1664710,"Keros Therapeutics, Inc.","[""KROS""]","[""2834""]",10-K,2021-03-25,0001664710-21-000018,False,False,[],False
2021-12-31,2022-12-31,True,1668243,UroGen Pharma Ltd.,"[""URGN""]","[""2834""]",10-K,2021-03-18,0001564590-21-014016,False,False,[],False
2021-12-31,2022-12-31,True,1668397,"Medpace Holdings, Inc.","[""MEDP""]","[""8731""]",10-K,2021-02-16,0001564590-21-006072,False,False,[],False
2021-12-31,2022-12-31,True,1671584,Aptevo Therapeutics Inc.,"[""APVO""]","[""2834""]",10-K/A,2021-04-28,0001564590-21-021366,False,False,[],False
2021-12-31,2022-12-31,True,1671818,"Oncorus, Inc.",[],"[""2834""]",10-K,2021-03-10,0001564590-21-012059,False,False,[],False
2021-12-31,2022-12-31,True,1671858,"Silverback Therapeutics, Inc.","[""SPRY""]","[""2834""]",10-K,2021-03-29,0001193125-21-098283,False,True,"[""75e0b98bf558f99018e8""]",False
2021-12-31,2022-12-31,True,1671927,Immunocore Holdings plc,"[""IMCR""]","[""2836""]",20-F,2021-03-25,0001140361-21-009904,False,False,[],False
2021-12-31,2022-12-31,True,1672619,IMARA Inc.,"[""ELVN""]","[""2834""]",10-K,2021-03-05,0001564590-21-011098,False,True,"[""a92772ad2a21d8b1c47f""]",False
2021-12-31,2022-12-31,True,1673772,"RAPT Therapeutics, Inc.","[""RAPT""]","[""2834""]",10-K,2021-03-11,0001564590-21-012250,False,False,[],False
2021-12-31,2022-12-31,True,1674365,Aptinyx Inc.,[],"[""2834""]",10-K,2021-03-24,0001558370-21-003428,False,False,[],False
2021-12-31,2022-12-31,True,1674416,CRISPR Therapeutics AG,"[""CRSP""]","[""2836""]",10-K,2021-02-16,0001564590-21-006074,False,False,[],False
2021-12-31,2022-12-31,True,1674988,Zealand Pharma A/S,[],"[""2834""]",20-F/A,2021-03-26,0001104659-21-042258,False,False,[],False
2021-12-31,2022-12-31,True,1676725,"IDEAYA Biosciences, Inc.","[""IDYA""]","[""2834""]",10-K,2021-03-23,0001564590-21-014676,False,False,[],False
2021-12-31,2022-12-31,True,1677077,"Alzamend Neuro, Inc.","[""ALZN""]","[""2834""]",10-K,2021-07-29,0001214659-21-007963,False,False,[],False
2021-12-31,2022-12-31,True,1677940,BeyondSpring Inc.,"[""BYSI""]","[""2834""]",20-F,2021-04-30,0001140361-21-015045,False,False,[],False
2021-12-31,2022-12-31,True,1678660,Prelude Therapeutics Inc,"[""PRLD""]","[""2834""]",10-K,2021-03-16,0001564590-21-013330,False,False,[],False
2021-12-31,2022-12-31,True,1679082,Myovant Sciences Ltd.,[],"[""2834""]",10-K,2021-05-11,0001679082-21-000017,False,False,[],False
2021-12-31,2022-12-31,True,1679363,"Morphic Holding, Inc.",[],"[""2834""]",10-K,2021-03-01,0001558370-21-002073,False,False,[],False
2021-12-31,2022-12-31,True,1680048,"MUSTANG BIO, INC.","[""MBIO""]","[""2834""]",10-K,2021-03-24,0001558370-21-003433,False,False,[],False
2021-12-31,2022-12-31,True,1680367,"Shattuck Labs, Inc.","[""STTK""]","[""2834""]",10-K,2021-03-16,0001680367-21-000008,False,False,[],False
2021-12-31,2022-12-31,True,1680581,"Fulcrum Therapeutics, Inc.","[""FULC""]","[""2834""]",10-K,2021-03-04,0001564590-21-010715,False,False,[],False
2021-12-31,2022-12-31,True,1681087,"AVROBIO, Inc.","[""TECX""]","[""2836""]",10-K,2021-03-18,0001564590-21-014190,False,False,[],False
2021-12-31,2022-12-31,True,1682639,"EYENOVIA, INC.","[""EYEN""]","[""2834""]",10-K,2021-03-30,0001104659-21-043991,False,False,[],False
2021-12-31,2022-12-31,True,1682852,"Moderna, Inc.","[""MRNA""]","[""2836""]",10-K,2021-02-26,0001682852-21-000006,False,False,[],False
2021-12-31,2022-12-31,True,1683541,AURORA CANNABIS INC,"[""ACB""]","[""2833""]",40-F,2021-09-27,0001683541-21-000003,False,False,[],False
2021-12-31,2022-12-31,True,1683553,"SPRUCE BIOSCIENCES, INC.","[""SPRB""]","[""2834""]",10-K,2021-03-22,0001564590-21-014593,False,False,[],False
2021-12-31,2022-12-31,True,1684144,Zomedica Corp.,"[""ZOM""]","[""2834""]",10-K,2021-02-26,0001171843-21-001378,False,False,[],False
2021-12-31,2022-12-31,True,1684693,Sol-Gel Technologies Ltd.,"[""SLGL""]","[""2834""]",20-F,2021-03-04,0001178913-21-000909,False,False,[],False
2021-12-31,2022-12-31,True,1685316,ObsEva SA,[],"[""2834""]",20-F,2021-03-05,0001564590-21-011091,False,False,[],False
2021-12-31,2022-12-31,True,1685428,LumiraDx Ltd,[],"[""2834""]",20-F,2021-09-29,0001193125-21-286178,False,False,[],False
2021-12-31,2022-12-31,True,1689548,"Praxis Precision Medicines, Inc.","[""PRAX""]","[""2834""]",10-K,2021-03-17,0001689548-21-000016,False,False,[],False
2021-12-31,2022-12-31,True,1689813,Biohaven Pharmaceutical Holding Co Ltd.,[],"[""2834""]",10-K,2021-03-01,0001689813-21-000024,False,True,"[""2a4abfcf9d2d57a394fa""]",False
2021-12-31,2022-12-31,True,1690080,180 Life Sciences Corp.,"[""ATNF"", ""ATNFW""]","[""2834""]",10-K,2021-07-09,0001213900-21-036392,False,False,[],False
2021-12-31,2022-12-31,True,1690585,"Magenta Therapeutics, Inc.","[""DNTH""]","[""2834""]",10-K,2021-03-03,0001193125-21-066707,False,False,[],False
2021-12-31,2022-12-31,True,1690947,HEXO Corp.,[],"[""2833""]",40-F,2021-10-29,0001062993-21-009977,False,False,[],False
2021-12-31,2022-12-31,True,1692830,"Satsuma Pharmaceuticals, Inc.",[],"[""2834""]",10-K,2021-03-25,0001564590-21-015557,False,False,[],False
2021-12-31,2022-12-31,True,1693011,"Inozyme Pharma, Inc.","[""INZY""]","[""2834""]",10-K,2021-03-25,0001564590-21-015250,False,False,[],False
2021-12-31,2022-12-31,True,1694665,"Evelo Biosciences, Inc.","[""EVLO""]","[""2834""]",10-K,2021-03-09,0001694665-21-000037,False,False,[],False
2021-12-31,2022-12-31,True,1695357,"Provention Bio, Inc.",[],"[""2834""]",10-K,2021-02-25,0001493152-21-004781,False,False,[],False
2021-12-31,2022-12-31,True,1696396,Stealth BioTherapeutics Corp,[],"[""2834""]",20-F,2021-04-06,0001564590-21-017843,False,False,[],False
2021-12-31,2022-12-31,True,1697532,Applied Therapeutics Inc.,"[""APLT""]","[""2834""]",10-K,2021-03-18,0001558370-21-003180,False,False,[],False
2021-12-31,2022-12-31,True,1697862,ARGENX SE,"[""ARGX""]","[""2836""]",20-F,2021-03-30,0001558370-21-003722,False,False,[],False
2021-12-31,2022-12-31,True,1698530,"EXICURE, INC.","[""XCUR""]","[""2834""]",10-K,2021-03-11,0001698530-21-000031,False,False,[],False
2021-12-31,2022-12-31,True,1699382,"PMV Pharmaceuticals, Inc.","[""PMVP""]","[""2834""]",10-K,2021-03-03,0001564590-21-010578,False,False,[],False
2021-12-31,2022-12-31,True,1701108,"Spero Therapeutics, Inc.","[""SPRO""]","[""2834""]",10-K/A,2021-03-23,0001193125-21-091148,False,False,[],False
2021-12-31,2022-12-31,True,1701541,"Black Diamond Therapeutics, Inc.","[""BDTX""]","[""2836""]",10-K,2021-03-25,0001701541-21-000018,False,False,[],False
2021-12-31,2022-12-31,True,1703057,AbCellera Biologics Inc.,"[""ABCL""]","[""2834""]",10-K,2021-03-30,0001564590-21-016713,False,False,[],False
2021-12-31,2022-12-31,True,1703647,"Frequency Therapeutics, Inc.","[""KRRO""]","[""2834""]",10-K,2021-03-29,0001564590-21-016117,False,False,[],False
2021-12-31,2022-12-31,True,1704292,Zai Lab Ltd,"[""ZLAB""]","[""2834""]",10-K,2021-03-01,0001193125-21-062279,False,False,[],False
2021-12-31,2022-12-31,True,1706431,"Vir Biotechnology, Inc.","[""VIR""]","[""2836""]",10-K,2021-02-25,0001564590-21-008915,False,False,[],False
2021-12-31,2022-12-31,True,1707502,Solid Biosciences Inc.,"[""SLDB""]","[""2836""]",10-K,2021-03-15,0001564590-21-013153,False,True,"[""24476d6dbd4b9b6d1b99""]",False
2021-12-31,2022-12-31,True,1708331,"Virpax Pharmaceuticals, Inc.","[""VRPX""]","[""2834""]",10-K,2021-03-31,0001213900-21-019253,False,False,[],False
2021-12-31,2022-12-31,True,1708493,"Harpoon Therapeutics, Inc.",[],"[""2836""]",10-K,2021-03-10,0001564590-21-012063,False,False,[],False
2021-12-31,2022-12-31,True,1708527,"AZIYO BIOLOGICS, INC.","[""ELUT""]","[""2836""]",10-K,2021-03-15,0001104659-21-036360,False,False,[],False
2021-12-31,2022-12-31,True,1708599,"AgeX Therapeutics, Inc.","[""SER""]","[""2834""]",10-K,2021-03-31,0001493152-21-007461,False,False,[],False
2021-12-31,2022-12-31,True,1708688,InflaRx N.V.,"[""IFRX""]","[""2834""]",20-F,2021-03-25,0001140361-21-009911,False,False,[],False
2021-12-31,2022-12-31,True,1709401,"Rubius Therapeutics, Inc.",[],"[""2836""]",10-K,2021-02-23,0001558370-21-001412,False,False,[],False
2021-12-31,2022-12-31,True,1709626,NuCana plc,"[""NCNA""]","[""2834""]",20-F,2021-03-04,0001564590-21-010959,False,False,[],False
2021-12-31,2022-12-31,True,1710340,"Eton Pharmaceuticals, Inc.","[""ETON""]","[""2834""]",10-K,2021-03-16,0001493152-21-006122,False,False,[],False
2021-12-31,2022-12-31,True,1711279,"Krystal Biotech, Inc.","[""KRYS""]","[""2836""]",10-K,2021-03-01,0001711279-21-000006,False,False,[],False
2021-12-31,2022-12-31,True,1711754,"Inmune Bio, Inc.","[""INMB""]","[""2836""]",10-K,2021-03-04,0001213900-21-013456,False,False,[],False
2021-12-31,2022-12-31,True,1711786,"Hoth Therapeutics, Inc.","[""HOTH""]","[""2834""]",10-K,2021-03-16,0001213900-21-015764,False,False,[],False
2021-12-31,2022-12-31,True,1712641,Biofrontera AG,[],"[""2834""]",20-F,2021-04-12,0001493152-21-008577,False,False,[],False
2021-12-31,2022-12-31,True,1714899,Denali Therapeutics Inc.,"[""DNLI""]","[""2836""]",10-K,2021-02-26,0001714899-21-000033,False,False,[],False
2021-12-31,2022-12-31,True,1715925,ImmunoPrecise Antibodies Ltd.,"[""IPA""]","[""2834""]",40-F/A,2021-09-29,0001564590-21-049295,False,False,[],False
2021-12-31,2022-12-31,True,1716947,Leisure Acquisition Corp.,"[""ENSC"", ""ENSCW""]","[""2834""]",10-K/A,2021-06-08,0001493152-21-013767,False,False,[],False
2021-12-31,2022-12-31,True,1717452,"Odonate Therapeutics, Inc.","[""ODTC""]","[""2834""]",10-K,2021-02-23,0001564590-21-007296,False,False,[],False
2021-12-31,2022-12-31,True,1718108,"Surface Oncology, Inc.",[],"[""2836""]",10-K,2021-03-09,0001718108-21-000013,False,False,[],False
2021-12-31,2022-12-31,True,1719406,Big Rock Partners Acquisition Corp.,"[""NRXP"", ""NRXPW""]","[""2834""]",10-K/A,2021-05-14,0001654954-21-005637,False,False,[],False
2021-12-31,2022-12-31,True,1719714,Mereo Biopharma Group plc,"[""MREO""]","[""2834""]",20-F,2021-03-31,0001193125-21-102416,False,False,[],False
2021-12-31,2022-12-31,True,1720580,"Adicet Bio, Inc.","[""ACET""]","[""2834""]",10-K/A,2021-08-16,0001564590-21-044668,False,False,[],False
2021-12-31,2022-12-31,True,1720725,"Oyster Point Pharma, Inc.",[],"[""2836""]",10-K,2021-02-18,0001720725-21-000023,True,True,"[""70b6378b0f9c0039e44e""]",False
2021-12-31,2022-12-31,True,1720893,"BioXcel Therapeutics, Inc.","[""BTAI""]","[""2834""]",10-K,2021-03-12,0001558370-21-002916,False,False,[],False
2021-12-31,2022-12-31,True,1721484,Longeveron Inc.,"[""LGVN""]","[""2834""]",10-K/A,2021-04-09,0001213900-21-021024,False,False,[],False
2021-12-31,2022-12-31,True,1722271,"Akouos, Inc.",[],"[""2834""]",10-K,2021-03-29,0001558370-21-003583,True,True,"[""534764babbb24bde76d0""]",False
2021-12-31,2022-12-31,True,1722890,"Taiwan Liposome Company, Ltd.",[],"[""2834""]",20-F,2021-03-30,0001564590-21-016361,False,False,[],False
2021-12-31,2022-12-31,True,1722926,ASLAN Pharmaceuticals Ltd,[],"[""2834""]",20-F/A,2021-08-06,0001193125-21-238541,False,False,[],False
2021-12-31,2022-12-31,True,1722964,"Y-mAbs Therapeutics, Inc.","[""YMAB""]","[""2834""]",10-K,2021-03-01,0001558370-21-002172,False,False,[],False
2021-12-31,2022-12-31,True,1723069,Tiziana Life Sciences plc,"[""TLSA""]","[""2834""]",20-F,2021-05-17,0001213900-21-027177,False,False,[],False
2021-12-31,2022-12-31,True,1723128,"Amneal Pharmaceuticals, Inc.","[""AMRX""]","[""2834""]",10-K,2021-03-01,0001723128-21-000013,False,False,[],False
2021-12-31,2022-12-31,True,1723980,"China SXT Pharmaceuticals, Inc.","[""SXTC""]","[""2834""]",20-F,2021-08-13,0001213900-21-042555,False,False,[],False
2021-12-31,2022-12-31,True,1724344,Entasis Therapeutics Holdings Inc.,[],"[""2834""]",10-K/A,2021-04-30,0001558370-21-005442,True,True,"[""6e052ba417facd77d0b4""]",False
2021-12-31,2022-12-31,True,1724521,"Arcus Biosciences, Inc.","[""RCUS""]","[""2834""]",10-K,2021-02-25,0001564590-21-008270,False,False,[],False
2021-12-31,2022-12-31,True,1725160,"Zentalis Pharmaceuticals, Inc.","[""ZNTL""]","[""2834""]",10-K,2021-03-25,0001725160-21-000075,False,False,[],False
2021-12-31,2022-12-31,True,1726711,"Aditx Therapeutics, Inc.","[""ADTX""]","[""2834""]",10-K/A,2021-07-02,0001213900-21-035545,False,False,[],False
2021-12-31,2022-12-31,True,1727196,Scholar Rock Holding Corp,"[""SRRK""]","[""2836""]",10-K,2021-03-09,0001558370-21-002641,False,False,[],False
2021-12-31,2022-12-31,True,1728117,"Gossamer Bio, Inc.","[""GOSS""]","[""2834""]",10-K,2021-02-26,0001728117-21-000019,False,False,[],False
2021-12-31,2022-12-31,True,1728328,InMed Pharmaceuticals Inc.,"[""INM""]","[""2834""]",10-K,2021-09-24,0001213900-21-049679,False,False,[],False
2021-12-31,2022-12-31,True,1729427,"CNS Pharmaceuticals, Inc.","[""CNSP""]","[""2834""]",10-K/A,2021-04-30,0001683168-21-001671,False,False,[],False
2021-12-31,2022-12-31,True,1730430,"Kiniksa Pharmaceuticals, Ltd.","[""KNSA""]","[""2834""]",10-K,2021-02-25,0001558370-21-001821,False,False,[],False
2021-12-31,2022-12-31,True,1730463,Autolus Therapeutics plc,"[""AUTL""]","[""2836""]",20-F,2021-03-04,0001730463-21-000004,False,False,[],False
2021-12-31,2022-12-31,True,1733294,Generation Bio Co.,"[""GBIO""]","[""2834""]",10-K,2021-03-18,0001193125-21-085043,False,False,[],False
2021-12-31,2022-12-31,True,1733413,"TFF Pharmaceuticals, Inc.","[""TFFP""]","[""2834""]",10-K/A,2021-04-29,0001213900-21-023593,False,False,[],False
2021-12-31,2022-12-31,True,1734005,Aptorum Group Ltd,"[""APM""]","[""2834""]",20-F,2021-04-19,0001213900-21-021984,False,False,[],False
2021-12-31,2022-12-31,True,1734768,IMV Inc.,[],"[""2834""]",40-F,2021-03-17,0001176256-21-000077,False,False,[],False
2021-12-31,2022-12-31,True,1735438,MeiraGTx Holdings plc,"[""MGTX""]","[""2836""]",10-K,2021-03-11,0001558370-21-002773,False,False,[],False
2021-12-31,2022-12-31,True,1737287,"Allogene Therapeutics, Inc.","[""ALLO""]","[""2836""]",10-K,2021-02-25,0001737287-21-000009,False,False,[],False
2021-12-31,2022-12-31,True,1737927,Canopy Growth Corp,"[""CGC""]","[""2833""]",10-K,2021-06-01,0001564590-21-031214,False,False,[],False
2021-12-31,2022-12-31,True,1737953,"Replimune Group, Inc.","[""REPL""]","[""2836""]",10-K,2021-05-20,0001104659-21-069611,False,False,[],False
2021-12-31,2022-12-31,True,1738021,"Compass Therapeutics, Inc.","[""CMPX""]","[""2836""]",10-K,2021-03-05,0001564590-21-011110,False,False,[],False
2021-12-31,2022-12-31,True,1739104,Elanco Animal Health Inc,"[""ELAN""]","[""2834""]",10-K,2021-03-01,0001739104-21-000004,False,False,[],False
2021-12-31,2022-12-31,True,1739174,BiomX Inc.,"[""PHGE"", ""PHGEW"", ""PHGE-UN""]","[""2836""]",10-K,2021-03-31,0001213900-21-019233,False,False,[],False
2021-12-31,2022-12-31,True,1739426,Osmotica Pharmaceuticals plc,"[""RVLPQ""]","[""2834""]",10-K,2021-03-30,0001558370-21-003726,False,False,[],False
2021-12-31,2022-12-31,True,1739614,"Inhibrx, Inc.",[],"[""2836""]",10-K,2021-03-12,0001739614-21-000047,False,False,[],False
2021-12-31,2022-12-31,True,1741830,"Kronos Bio, Inc.","[""KRON""]","[""2834""]",10-K,2021-03-23,0001741830-21-000018,False,False,[],False
2021-12-31,2022-12-31,True,1742927,"REVIVA PHARMACEUTICALS HOLDINGS, INC.","[""RVPH"", ""RVPHW""]","[""2834""]",10-K/A,2021-05-07,0001437749-21-011375,False,False,[],False
2021-12-31,2022-12-31,True,1743344,PyroGenesis Canada Inc.,"[""PYRGF""]","[""2834""]",40-F/A,2021-04-13,0001104659-21-049824,False,False,[],False
2021-12-31,2022-12-31,True,1743881,"BridgeBio Pharma, Inc.","[""BBIO""]","[""2834""]",10-K,2021-02-25,0001564590-21-008969,False,False,[],False
2021-12-31,2022-12-31,True,1744659,"Akero Therapeutics, Inc.","[""AKRO""]","[""2834""]",10-K,2021-03-16,0001558370-21-003043,False,False,[],False
2021-12-31,2022-12-31,True,1745999,Beam Therapeutics Inc.,"[""BEAM""]","[""2836""]",10-K,2021-03-15,0001564590-21-013190,False,False,[],False
2021-12-31,2022-12-31,True,1746466,"Equillium, Inc.","[""EQ""]","[""2834""]",10-K,2021-03-24,0001564590-21-015103,False,False,[],False
2021-12-31,2022-12-31,True,1746473,"PLIANT THERAPEUTICS, INC.","[""PLRX""]","[""2834""]",10-K,2021-03-16,0001564590-21-013589,False,False,[],False
2021-12-31,2022-12-31,True,1748907,Orchard Therapeutics plc,[],"[""2836""]",10-K,2021-03-02,0001564590-21-010035,False,False,[],False
2021-12-31,2022-12-31,True,1750019,TCR2 THERAPEUTICS INC.,[],"[""2836""]",10-K,2021-03-16,0001564590-21-013563,False,False,[],False
2021-12-31,2022-12-31,True,1750149,"Inhibikase Therapeutics, Inc.","[""IKT""]","[""2836""]",10-K,2021-03-31,0001564590-21-016996,False,False,[],False
2021-12-31,2022-12-31,True,1750284,"Olema Pharmaceuticals, Inc.","[""OLMA""]","[""2834""]",10-K,2021-03-17,0001558370-21-003141,False,False,[],False
2021-12-31,2022-12-31,True,1751299,"Kaleido Biosciences, Inc.","[""KLDO""]","[""2836""]",10-K,2021-03-03,0001564590-21-010420,False,False,[],False
2021-12-31,2022-12-31,True,1751876,Happiness Biotech Group Ltd,"[""PAVS""]","[""2833""]",20-F,2021-08-02,0001213900-21-039702,False,False,[],False
2021-12-31,2022-12-31,True,1752828,GX Acquisition Corp.,"[""CELU"", ""CELUW""]","[""2834""]",10-K/A,2021-05-24,0001213900-21-028849,False,False,[],False
2021-12-31,2022-12-31,True,1754068,"Allovir, Inc.","[""ALVR""]","[""2836""]",10-K,2021-02-12,0001564590-21-005652,False,False,[],False
2021-12-31,2022-12-31,True,1755237,"Cyclerion Therapeutics, Inc.","[""CYCN""]","[""2834""]",10-K/A,2021-08-27,0001140361-21-029579,False,False,[],False
2021-12-31,2022-12-31,True,1756594,Inventiva S.A.,"[""IVA"", ""IVEVF""]","[""2834""]",20-F/A,2021-03-24,0001171843-21-002040,False,False,[],False
2021-12-31,2022-12-31,True,1757064,Genfit S.A.,"[""GNFT""]","[""2836""]",20-F,2021-04-23,0001564590-21-020254,False,False,[],False
2021-12-31,2022-12-31,True,1759138,"Cabaletta Bio, Inc.","[""CABA""]","[""2836""]",10-K,2021-03-16,0001564590-21-013329,False,False,[],False
2021-12-31,2022-12-31,True,1759425,"Mirum Pharmaceuticals, Inc.","[""MIRM""]","[""2834""]",10-K,2021-03-09,0001564590-21-011756,False,False,[],False
2021-12-31,2022-12-31,True,1760542,HOOKIPA Pharma Inc.,"[""HOOK""]","[""2834""]",10-K,2021-03-18,0001558370-21-003176,False,False,[],False
2021-12-31,2022-12-31,True,1760854,Nanobiotix S.A.,"[""NBTX""]","[""2834""]",20-F/A,2021-04-08,0001628280-21-006685,False,False,[],False
2021-12-31,2022-12-31,True,1761612,BICYCLE THERAPEUTICS plc,"[""BCYC""]","[""2834""]",10-K,2021-03-11,0001558370-21-002758,False,False,[],False
2021-12-31,2022-12-31,True,1763950,Lantern Pharma Inc.,"[""LTRN""]","[""2834""]",10-K,2021-03-10,0001213900-21-014576,False,False,[],False
2021-12-31,2022-12-31,True,1764013,"Immunovant, Inc.","[""IMVT""]","[""2836""]",10-K,2021-06-01,0001764013-21-000052,False,False,[],False
2021-12-31,2022-12-31,True,1764791,Orphazyme A/S,[],"[""2834""]",20-F,2021-03-02,0001564590-21-010332,False,False,[],False
2021-12-31,2022-12-31,True,1766600,Sundial Growers Inc.,"[""SNDL""]","[""2833""]",20-F/A,2021-07-27,0001193125-21-225059,False,False,[],False
2021-12-31,2022-12-31,True,1768224,Arcturus Therapeutics Holdings Inc.,"[""ARCT""]","[""2834""]",10-K,2021-03-01,0001564590-21-009872,False,False,[],False
2021-12-31,2022-12-31,True,1768946,Biophytis SA,"[""BPTSY""]","[""2834""]",20-F/A,2021-10-28,0001104659-21-131135,False,False,[],False
2021-12-31,2022-12-31,True,1770121,"Sana Biotechnology, Inc.","[""SANA""]","[""2836""]",10-K,2021-03-24,0001193125-21-092650,False,False,[],False
2021-12-31,2022-12-31,True,1771885,FSD Pharma Inc.,"[""QNTM""]","[""2834""]",40-F,2021-03-17,0001062993-21-002769,False,False,[],False
2021-12-31,2022-12-31,True,1771910,ADC Therapeutics SA,"[""ADCT""]","[""2834""]",20-F,2021-03-18,0001771910-21-000010,False,False,[],False
2021-12-31,2022-12-31,True,1771917,"Karuna Therapeutics, Inc.",[],"[""2834""]",10-K,2021-02-25,0001564590-21-008416,False,False,[],False
2021-12-31,2022-12-31,True,1772028,Scopus BioPharma Inc.,"[""SCPS""]","[""2834""]",10-K/A,2021-04-29,0001104659-21-057730,False,False,[],False
2021-12-31,2022-12-31,True,1773427,"SpringWorks Therapeutics, Inc.","[""SWTX""]","[""2836""]",10-K,2021-02-25,0001558370-21-001708,False,False,[],False
2021-12-31,2022-12-31,True,1775194,"GROVE, INC.","[""UPXI""]","[""2833""]",10-K,2021-09-28,0001477932-21-006796,False,False,[],False
2021-12-31,2022-12-31,True,1776985,BioNTech SE,"[""BNTX""]","[""2836""]",20-F,2021-03-30,0001564590-21-016723,False,False,[],False
2021-12-31,2022-12-31,True,1778016,I-Mab,"[""IMAB""]","[""2834""]",20-F,2021-04-28,0001193125-21-135440,False,False,[],False
2021-12-31,2022-12-31,True,1779578,Qilian International Holding Group Ltd,"[""BGM""]","[""2834""]",20-F/A,2021-03-09,0001104659-21-033528,False,False,[],False
2021-12-31,2022-12-31,True,1781983,"Aprea Therapeutics, Inc.","[""APRE""]","[""2834""]",10-K,2021-03-16,0001558370-21-003083,False,False,[],False
2021-12-31,2022-12-31,True,1782999,PureTech Health plc,"[""PRTC"", ""PTCHF""]","[""2834""]",20-F,2021-04-15,0001628280-21-006938,False,False,[],False
2021-12-31,2022-12-31,True,1783010,Amryt Pharma plc,[],"[""2834""]",20-F,2021-04-30,0001140361-21-015121,False,False,[],False
2021-12-31,2022-12-31,True,1783036,NLS Pharmaceutics Ltd.,"[""NLSP"", ""NLSPW""]","[""2834""]",20-F,2021-05-14,0001213900-21-026511,False,False,[],False
2021-12-31,2022-12-31,True,1783183,"Phathom Pharmaceuticals, Inc.","[""PHAT""]","[""2834""]",10-K,2021-03-30,0001564590-21-016682,False,False,[],False
2021-12-31,2022-12-31,True,1785173,"89bio, Inc.","[""ETNB""]","[""2834""]",10-K,2021-03-25,0001564590-21-015214,False,False,[],False
2021-12-31,2022-12-31,True,1785345,"Landos Biopharma, Inc.",[],"[""2834""]",10-K,2021-03-31,0001564590-21-017120,False,False,[],False
2021-12-31,2022-12-31,True,1787297,"Passage BIO, Inc.","[""PASG""]","[""2836""]",10-K,2021-03-03,0001558370-21-002287,False,False,[],False
2021-12-31,2022-12-31,True,1787306,"Arcutis Biotherapeutics, Inc.","[""ARQT""]","[""2834""]",10-K,2021-02-16,0001628280-21-002272,False,False,[],False
2021-12-31,2022-12-31,True,1787400,"Nkarta, Inc.","[""NKTX""]","[""2834""]",10-K,2021-03-25,0001564590-21-015517,False,False,[],False
2021-12-31,2022-12-31,True,1788028,Amplitude Healthcare Acquisition Corp,"[""JSPR"", ""JSPRW""]","[""2836""]",10-K/A,2021-07-19,0001213900-21-037315,False,False,[],False
2021-12-31,2022-12-31,True,1789972,"Cullinan Oncology, Inc.","[""CGEM""]","[""2836""]",10-K,2021-03-30,0001564590-21-016312,False,False,[],False
2021-12-31,2022-12-31,True,1792030,IM Cannabis Corp.,"[""IMCC""]","[""2833""]",40-F/A,2021-05-19,0001062993-21-004850,False,False,[],False
2021-12-31,2022-12-31,True,1792044,Viatris Inc,"[""VTRS""]","[""2834""]",10-K/A,2021-04-30,0001193125-21-145240,False,False,[],False
2021-12-31,2022-12-31,True,1792581,"Kiromic Biopharma, Inc.","[""KRBP""]","[""2836""]",10-K/A,2021-06-01,0001558370-21-007885,False,False,[],False
2021-12-31,2022-12-31,True,1793294,"PPD, Inc.",[],"[""8731""]",10-K,2021-02-26,0001793294-21-000009,False,False,[],False
2021-12-31,2022-12-31,True,1795579,Calliditas Therapeutics AB,"[""CALT""]","[""2834""]",20-F,2021-04-27,0001104659-21-055697,False,False,[],False
2021-12-31,2022-12-31,True,1796129,"Vincerx Pharma, Inc.","[""VINC""]","[""2834""]",10-K/A,2021-05-14,0001193125-21-161167,False,False,[],False
2021-12-31,2022-12-31,True,1796280,"Oric Pharmaceuticals, Inc.","[""ORIC""]","[""2834""]",10-K,2021-03-23,0001564590-21-014865,False,False,[],False
2021-12-31,2022-12-31,True,1797336,"Ayala Pharmaceuticals, Inc.",[],"[""2836""]",10-K,2021-03-24,0001193125-21-092589,False,True,"[""cf806e51f2463f8eacc4""]",False
2021-12-31,2022-12-31,True,1797768,Kinnate Biopharma Inc.,[],"[""2834""]",10-K,2021-03-29,0001140361-21-010528,False,False,[],False
2021-12-31,2022-12-31,True,1799448,"Aligos Therapeutics, Inc.","[""ALGS""]","[""2836""]",10-K,2021-03-23,0001564590-21-014872,False,False,[],False
2021-12-31,2022-12-31,True,1799788,"Greenwich LifeSciences, Inc.","[""GLSI""]","[""2834""]",10-K,2021-03-31,0001493152-21-007532,False,False,[],False
2021-12-31,2022-12-31,True,1800315,"Galecto, Inc.","[""GLTO""]","[""2834""]",10-K,2021-03-29,0001564590-21-015916,False,False,[],False
2021-12-31,2022-12-31,True,1801198,Legend Biotech Corp,"[""LEGN""]","[""2834""]",20-F,2021-04-02,0001564590-21-017439,False,False,[],False
2021-12-31,2022-12-31,True,1801777,Applied Molecular Transport Inc.,[],"[""2834""]",10-K,2021-03-19,0001564590-21-014378,False,False,[],False
2021-12-31,2022-12-31,True,1801834,PAINREFORM LTD.,"[""PRFX""]","[""2834""]",20-F,2021-03-18,0001178913-21-001089,False,False,[],False
2021-12-31,2022-12-31,True,1802665,"Harmony Biosciences Holdings, Inc.","[""HRMY""]","[""2834""]",10-K,2021-03-25,0001564590-21-015274,False,False,[],False
2021-12-31,2022-12-31,True,1802768,Royalty Pharma plc,"[""RPRX""]","[""2834""]",10-K,2021-02-24,0001802768-21-000006,False,False,[],False
2021-12-31,2022-12-31,True,1805087,CAPSTAR SPECIAL PURPOSE ACQUISITION CORP.,"[""GLSHQ""]","[""2834""]",10-K/A,2021-11-24,0001104659-21-143392,False,False,[],False
2021-12-31,2022-12-31,True,1805387,"Cerevel Therapeutics Holdings, Inc.",[],"[""2834""]",10-K,2021-03-24,0001564590-21-015106,False,False,[],False
2021-12-31,2022-12-31,True,1805890,Fusion Pharmaceuticals Inc.,[],"[""2836""]",10-K,2021-03-25,0001564590-21-015271,False,False,[],False
2021-12-31,2022-12-31,True,1806310,"Taysha Gene Therapies, Inc.","[""TSHA""]","[""2836""]",10-K,2021-03-03,0001564590-21-010433,False,False,[],False
2021-12-31,2022-12-31,True,1807983,Medicenna Therapeutics Corp.,"[""MDNAF""]","[""2834""]",40-F,2021-05-28,0001171843-21-003878,False,False,[],False
2021-12-31,2022-12-31,True,1808158,Repare Therapeutics Inc.,"[""RPTX""]","[""2834""]",10-K,2021-03-04,0001564590-21-011011,False,False,[],False
2021-12-31,2022-12-31,True,1808665,"Assertio Holdings, Inc.","[""ASRT""]","[""2834""]",10-K,2021-03-12,0001808665-21-000019,False,False,[],False
2021-12-31,2022-12-31,True,1808865,"iTeos Therapeutics, Inc.","[""ITOS""]","[""2836""]",10-K,2021-03-24,0001564590-21-015146,False,False,[],False
2021-12-31,2022-12-31,True,1808898,Benitec Biopharma Inc.,"[""BNTC""]","[""2834""]",10-K,2021-09-20,0001193125-21-276758,False,False,[],False
2021-12-31,2022-12-31,True,1809122,CureVac N.V.,"[""CVAC""]","[""2834""]",20-F,2021-04-27,0001104659-21-055619,False,False,[],False
2021-12-31,2022-12-31,True,1809196,Immatics N.V.,"[""IMTX"", ""IMTXW""]","[""2836""]",20-F/A,2021-10-28,0001193125-21-310418,False,False,[],False
2021-12-31,2022-12-31,True,1810031,Freeline Therapeutics Holdings plc,[],"[""2836""]",20-F,2021-03-31,0001564590-21-017066,False,False,[],False
2021-12-31,2022-12-31,True,1810182,ALX ONCOLOGY HOLDINGS INC,"[""ALXO""]","[""2834""]",10-K,2021-03-18,0001564590-21-014169,False,False,[],False
2021-12-31,2022-12-31,True,1811063,Nuvation Bio Inc.,"[""NUVB"", ""NUVB-WT""]","[""2834""]",10-K/A,2021-05-21,0001193125-21-169245,False,False,[],False
2021-12-31,2022-12-31,True,1812364,"Relay Therapeutics, Inc.","[""RLAY""]","[""2836""]",10-K,2021-03-25,0001564590-21-015518,False,False,[],False
2021-12-31,2022-12-31,True,1815442,"Kymera Therapeutics, Inc.","[""KYMR""]","[""2836""]",10-K,2021-03-11,0001564590-21-012240,False,False,[],False
2021-12-31,2022-12-31,True,1815620,Opthea Ltd,"[""OPT"", ""CKDXF""]","[""2836""]",20-F,2021-10-28,0001564590-21-052421,False,False,[],False
2021-12-31,2022-12-31,True,1815903,"Petros Pharmaceuticals, Inc.","[""PTPI""]","[""2834""]",10-K,2021-03-31,0001104659-21-044794,False,False,[],False
2021-12-31,2022-12-31,True,1815974,"Anebulo Pharmaceuticals, Inc.","[""ANEB""]","[""2834""]",10-K,2021-09-22,0001493152-21-023373,False,False,[],False
2021-12-31,2022-12-31,True,1816590,COMPASS Pathways plc,"[""CMPS""]","[""2834""]",20-F,2021-03-09,0001628280-21-004208,False,False,[],False
2021-12-31,2022-12-31,True,1816736,"Gemini Therapeutics, Inc. /DE","[""IRON""]","[""2834""]",10-K,2021-03-29,0001213900-21-018272,False,False,[],False
2021-12-31,2022-12-31,True,1817229,Vor Biopharma Inc.,"[""VOR""]","[""2836""]",10-K,2021-03-25,0001564590-21-015474,False,False,[],False
2021-12-31,2022-12-31,True,1817944,Blue Water Acquisition Corp.,[],"[""2836""]",10-K/A,2021-08-16,0001213900-21-042592,False,False,[],False
2021-12-31,2022-12-31,True,1818382,Alpha Healthcare Acquisition Corp.,"[""HUMA"", ""HUMAW""]","[""2836""]",10-K/A,2021-05-14,0001213900-21-026404,False,False,[],False
2021-12-31,2022-12-31,True,1818794,"Dyne Therapeutics, Inc.","[""DYN""]","[""2834""]",10-K,2021-03-04,0001564590-21-010726,False,False,[],False
2021-12-31,2022-12-31,True,1818838,Adagene Inc.,"[""ADAG""]","[""2834""]",20-F,2021-04-28,0001104659-21-055911,False,False,[],False
2021-12-31,2022-12-31,True,1818844,"Virios Therapeutics, Inc.","[""VIRI""]","[""2834""]",10-K,2021-03-23,0001558370-21-003366,False,False,[],False
2021-12-31,2022-12-31,True,1819113,"Science 37 Holdings, Inc.",[],"[""8731""]",10-K/A,2021-12-30,0001104659-21-154702,False,False,[],False
2021-12-31,2022-12-31,True,1819576,Liquidia Corp,"[""LQDA""]","[""2834""]",10-K,2021-03-25,0001437749-21-007174,False,False,[],False
2021-12-31,2022-12-31,True,1819615,Clever Leaves Holdings Inc.,"[""CLVR""]","[""2834""]",10-K/A,2021-05-14,0001819615-21-000028,False,False,[],False
2021-12-31,2022-12-31,True,1819790,"Tarsus Pharmaceuticals, Inc.","[""TARS""]","[""2836""]",10-K,2021-03-31,0001819790-21-000010,False,False,[],False
2021-12-31,2022-12-31,True,1821323,"Sigilon Therapeutics, Inc.",[],"[""2834""]",10-K,2021-03-18,0001558370-21-003212,False,False,[],False
2021-12-31,2022-12-31,True,1821586,Helix Acquisition Corp,"[""MLTX""]","[""2834""]",10-K/A,2021-12-14,0001213900-21-065246,False,True,"[""bfccaadcd10e8249fd2c""]",False
2021-12-31,2022-12-31,True,1822462,Foghorn Therapeutics Inc.,"[""FHTX""]","[""2834""]",10-K/A,2021-04-29,0001193125-21-140447,False,False,[],False
2021-12-31,2022-12-31,True,1822791,Clene Inc.,"[""CLNN"", ""CLNNW""]","[""2834""]",10-K,2021-03-29,0001213900-21-018061,False,False,[],False
2021-12-31,2022-12-31,True,1823239,"MARAVAI LIFESCIENCES HOLDINGS, INC.","[""MRVI""]","[""2834""]",10-K,2021-03-22,0001823239-21-000006,False,False,[],False
2021-12-31,2022-12-31,True,1824293,"Vallon Pharmaceuticals, Inc.","[""GRI""]","[""2834""]",10-K,2021-03-29,0001104659-21-042819,False,False,[],False
2021-12-31,2022-12-31,True,1826492,Gracell Biotechnologies Inc.,[],"[""2834""]",20-F,2021-04-23,0001193125-21-128979,False,False,[],False
2021-12-31,2022-12-31,True,1826892,"BioAtla, Inc.","[""BCAB""]","[""2836""]",10-K,2021-03-24,0001193125-21-092812,False,False,[],False
2021-12-31,2022-12-31,True,1827401,BRIGHT MINDS BIOSCIENCES INC.,"[""DRUG""]","[""2834""]",20-F,2021-12-29,0001062993-21-013611,False,False,[],False
2021-12-31,2022-12-31,True,1828253,Evaxion Biotech A/S,"[""EVAX""]","[""2836""]",20-F,2021-04-07,0001558370-21-004050,False,False,[],False
2021-12-31,2022-12-31,True,1828316,Pharming Group N.V.,"[""PHAR""]","[""2834""]",20-F,2021-04-07,0001628280-21-006652,False,False,[],False
2021-12-31,2022-12-31,True,1828443,Ortho Clinical Diagnostics Holdings plc,[],"[""2835""]",10-K,2021-03-19,0001564590-21-014224,False,True,"[""126c8b0a7c9f4eeafa3f""]",False
2021-12-31,2022-12-31,True,1829667,Regencell Bioscience Holdings Ltd,"[""RGC""]","[""2833""]",20-F,2021-10-29,0001213900-21-055256,False,False,[],False
2021-12-31,2022-12-31,True,1829802,"Sensei Biotherapeutics, Inc.","[""SNSE""]","[""2834""]",10-K,2021-03-30,0001564590-21-016297,False,False,[],False
2021-12-31,2022-12-31,True,1830162,4D Pharma PLC,[],"[""2834""]",20-F/A,2021-04-30,0001493152-21-010214,False,False,[],False
2021-12-31,2022-12-31,True,1830487,Pharvaris N.V.,"[""PHVS""]","[""2834""]",20-F,2021-04-29,0001193125-21-140476,False,False,[],False
2021-12-31,2022-12-31,True,1831363,"Terns Pharmaceuticals, Inc.","[""TERN""]","[""2834""]",10-K,2021-03-30,0001564590-21-016734,False,False,[],False
2021-12-31,2022-12-31,True,1863362,"Procaps Group, S.A.","[""PROC"", ""PROCW""]","[""2834""]",20-F,2021-09-30,0001213900-21-050707,False,False,[],False
2022-12-31,2023-12-31,True,1800,ABBOTT LABORATORIES,"[""ABT""]","[""2834""]",10-K,2022-02-18,0001104659-22-025141,False,False,[],False
2022-12-31,2023-12-31,True,14272,BRISTOL MYERS SQUIBB CO,"[""BMY"", ""BMYMP"", ""CELG-RI""]","[""2834""]",10-K,2022-02-09,0000014272-22-000051,False,False,[],False
2022-12-31,2023-12-31,True,34956,"TENAX THERAPEUTICS, INC.","[""TENX""]","[""2834""]",10-K,2022-03-29,0001654954-22-004036,False,False,[],False
2022-12-31,2023-12-31,True,57725,LANNETT CO INC,[],"[""2834""]",10-K,2022-08-25,0001558370-22-013954,False,False,[],False
2022-12-31,2023-12-31,True,59478,ELI LILLY & Co,"[""LLY""]","[""2834""]",10-K,2022-02-23,0000059478-22-000068,False,False,[],False
2022-12-31,2023-12-31,True,70487,NATIONAL RESEARCH CORP,"[""NRC""]","[""8731""]",10-K,2022-03-04,0001437749-22-005273,False,False,[],False
2022-12-31,2023-12-31,True,72444,"Vaxart, Inc.","[""VXRT""]","[""2836""]",10-K,2022-02-24,0001437749-22-004354,False,False,[],False
2022-12-31,2023-12-31,True,73290,BIOMERICA INC,"[""BMRA""]","[""2835""]",10-K,2022-08-29,0001513162-22-000114,False,False,[],False
2022-12-31,2023-12-31,True,78003,PFIZER INC,"[""PFE""]","[""2834""]",10-K,2022-02-24,0000078003-22-000027,False,False,[],False
2022-12-31,2023-12-31,True,93314,VOLITIONRX LTD,"[""VNRX""]","[""2835""]",10-K,2022-03-30,0001477932-22-001740,False,False,[],False
2022-12-31,2023-12-31,True,109657,"GT Biopharma, Inc.","[""GTBP""]","[""2834""]",10-K,2022-03-28,0001493152-22-007883,False,False,[],False
2022-12-31,2023-12-31,True,200406,JOHNSON & JOHNSON,"[""JNJ""]","[""2834""]",10-K,2022-02-17,0000200406-22-000022,False,False,[],False
2022-12-31,2023-12-31,True,275053,NATURES SUNSHINE PRODUCTS INC,"[""NATR""]","[""2834""]",10-K,2022-03-08,0000275053-22-000002,False,False,[],False
2022-12-31,2023-12-31,True,310158,"Merck & Co., Inc.","[""MRK""]","[""2834""]",10-K,2022-02-25,0000310158-22-000003,False,False,[],False
2022-12-31,2023-12-31,True,315545,"PROVECTUS BIOPHARMACEUTICALS, INC.","[""PVCT""]","[""2834""]",10-K,2022-03-29,0001493152-22-008016,False,False,[],False
2022-12-31,2023-12-31,True,318154,AMGEN INC,"[""AMGN""]","[""2836""]",10-K,2022-02-16,0000318154-22-000010,False,False,[],False
2022-12-31,2023-12-31,True,318306,ABEONA THERAPEUTICS INC.,"[""ABEO""]","[""2834""]",10-K,2022-03-31,0001493152-22-008259,False,False,[],False
2022-12-31,2023-12-31,True,704562,"Avid Bioservices, Inc.","[""CDMO""]","[""2834""]",10-K,2022-06-29,0001683168-22-004704,False,False,[],False
2022-12-31,2023-12-31,True,707511,REGENERX BIOPHARMACEUTICALS INC,"[""RGRX""]","[""2834""]",10-K,2022-03-30,0001104659-22-040167,False,False,[],False
2022-12-31,2023-12-31,True,715446,Anixa Biosciences Inc,"[""ANIX""]","[""2834""]",10-K,2022-01-04,0001493152-22-000302,False,False,[],False
2022-12-31,2023-12-31,True,725363,CEL SCI CORP,"[""CVM""]","[""2836""]",10-K,2022-12-27,0001654954-22-016959,False,False,[],False
2022-12-31,2023-12-31,True,748592,"Brooklyn ImmunoTherapeutics, Inc.","[""ERNA""]","[""2834""]",10-K/A,2022-07-01,0001140361-22-024668,False,False,[],False
2022-12-31,2023-12-31,True,749647,Celsion CORP,"[""IMNN""]","[""2834""]",10-K,2022-03-31,0001493152-22-008277,False,False,[],False
2022-12-31,2023-12-31,True,764195,VBI Vaccines Inc/BC,"[""VBIVQ""]","[""2834""]",10-K,2022-03-07,0001493152-22-006140,False,False,[],False
2022-12-31,2023-12-31,True,771856,"CHAMPIONS ONCOLOGY, INC.","[""CSBR""]","[""2836""]",10-K,2022-07-22,0001628280-22-019309,False,False,[],False
2022-12-31,2023-12-31,True,772320,"Gene Biotherapeutics, Inc.",[],"[""2836""]",10-K/A,2022-04-14,0001493152-22-009863,False,False,[],False
2022-12-31,2023-12-31,True,791908,XOMA Corp,"[""XOMA"", ""XOMAO"", ""XOMAP""]","[""2834""]",10-K,2022-03-08,0001558370-22-003022,False,False,[],False
2022-12-31,2023-12-31,True,810509,"NAVIDEA BIOPHARMACEUTICALS, INC.","[""NAVB""]","[""2835""]",10-K,2022-03-28,0001437749-22-007390,False,False,[],False
2022-12-31,2023-12-31,True,811641,IMMUCELL CORP /DE/,"[""ICCC""]","[""2835""]",10-K,2022-03-30,0001213900-22-016147,False,False,[],False
2022-12-31,2023-12-31,True,812796,"SOLIGENIX, INC.","[""SNGX""]","[""2834""]",10-K,2022-03-29,0001558370-22-004605,False,False,[],False
2022-12-31,2023-12-31,True,818033,"HERON THERAPEUTICS, INC. /DE/","[""HRTX""]","[""2834""]",10-K,2022-02-28,0001564590-22-007618,False,False,[],False
2022-12-31,2023-12-31,True,818686,TEVA PHARMACEUTICAL INDUSTRIES LTD,"[""TEVA"", ""TEVJF""]","[""2834""]",10-K,2022-02-09,0001193125-22-032667,False,False,[],False
2022-12-31,2023-12-31,True,822370,"Emmaus Life Sciences, Inc.","[""EMMA""]","[""2834""]",10-K/A,2022-07-01,0001213900-22-036519,False,False,[],False
2022-12-31,2023-12-31,True,827871,"EAGLE PHARMACEUTICALS, INC.","[""EGRX""]","[""2834""]",10-K/A,2022-05-02,0001104659-22-054707,False,False,[],False
2022-12-31,2023-12-31,True,831547,SPECTRUM PHARMACEUTICALS INC,[],"[""2834""]",10-K,2022-03-18,0000831547-22-000014,False,True,"[""2c2ff546dec5450f8854""]",False
2022-12-31,2023-12-31,True,832489,"GeoVax Labs, Inc.","[""GOVX"", ""GOVXW""]","[""2834""]",10-K/A,2022-04-27,0001437749-22-009865,False,False,[],False
2022-12-31,2023-12-31,True,849146,Lifevantage Corp,"[""LFVN""]","[""2834""]",10-K,2022-08-23,0000849146-22-000058,False,False,[],False
2022-12-31,2023-12-31,True,849636,RespireRx Pharmaceuticals Inc.,"[""RSPI""]","[""2834""]",10-K,2022-04-15,0001493152-22-010053,False,False,[],False
2022-12-31,2023-12-31,True,850261,"Sorrento Therapeutics, Inc.","[""SRNE""]","[""2836""]",10-K,2022-03-11,0000950170-22-003472,False,False,[],False
2022-12-31,2023-12-31,True,861838,"IDERA PHARMACEUTICALS, INC.",[],"[""2836""]",10-K,2022-03-31,0001558370-22-004903,False,False,[],False
2022-12-31,2023-12-31,True,863894,VERU INC.,"[""VERU""]","[""2834""]",10-K,2022-12-05,0000863894-22-000017,False,False,[],False
2022-12-31,2023-12-31,True,873303,"Sarepta Therapeutics, Inc.","[""SRPT""]","[""2834""]",10-K,2022-03-01,0000950170-22-002517,False,False,[],False
2022-12-31,2023-12-31,True,876343,"Lineage Cell Therapeutics, Inc.","[""LCTX""]","[""2836""]",10-K,2022-03-10,0001493152-22-006520,False,False,[],False
2022-12-31,2023-12-31,True,879169,INCYTE CORP,"[""INCY""]","[""8731""]",10-K,2022-02-08,0001558370-22-000902,False,False,[],False
2022-12-31,2023-12-31,True,879407,"ARROWHEAD PHARMACEUTICALS, INC.","[""ARWR""]","[""2834""]",10-K,2022-11-28,0001628280-22-030869,False,False,[],False
2022-12-31,2023-12-31,True,882361,Aptose Biosciences Inc.,"[""APTO""]","[""2836""]",10-K,2022-03-22,0001171843-22-002048,False,False,[],False
2022-12-31,2023-12-31,True,885590,Bausch Health Companies Inc.,"[""BHC""]","[""2834""]",10-K,2022-02-23,0000885590-22-000010,False,False,[],False
2022-12-31,2023-12-31,True,886163,LIGAND PHARMACEUTICALS INC,"[""LGND"", ""LGNDZ"", ""LGNXZ"", ""LGNYZ"", ""LGNZZ""]","[""2834""]",10-K,2022-02-28,0000886163-22-000030,False,False,[],False
2022-12-31,2023-12-31,True,887247,Adamis Pharmaceuticals Corp,"[""DMKPQ""]","[""2834""]",10-K/A,2022-09-20,0001387131-22-009901,False,True,"[""004d1b5d4cb957a8e7da""]",False
2022-12-31,2023-12-31,True,887359,Vericel Corp,"[""VCEL""]","[""2836""]",10-K,2022-02-24,0001628280-22-003661,False,False,[],False
2022-12-31,2023-12-31,True,890821,"Enveric Biosciences, Inc.","[""ENVB""]","[""2834""]",10-K,2022-03-31,0001493152-22-008510,False,False,[],False
2022-12-31,2023-12-31,True,894158,"Synthetic Biologics, Inc.","[""TOVX""]","[""2834""]",10-K,2022-03-16,0001410578-22-000405,False,False,[],False
2022-12-31,2023-12-31,True,896264,USANA HEALTH SCIENCES INC,"[""USNA""]","[""2833""]",10-K,2022-03-01,0001437749-22-004802,False,False,[],False
2022-12-31,2023-12-31,True,901832,ASTRAZENECA PLC,"[""AZN"", ""AZNCF""]","[""2834""]",20-F,2022-02-22,0001104659-22-025720,False,False,[],False
2022-12-31,2023-12-31,True,906338,TARO PHARMACEUTICAL INDUSTRIES LTD,[],"[""2834""]",20-F,2022-07-25,0000950170-22-012998,False,False,[],False
2022-12-31,2023-12-31,True,910267,TITAN PHARMACEUTICALS INC,"[""TTNP"", ""TTNPW""]","[""2836""]",10-K,2022-03-25,0001410578-22-000518,False,False,[],False
2022-12-31,2023-12-31,True,911216,PALATIN TECHNOLOGIES INC,"[""PTN""]","[""2834""]",10-K,2022-09-22,0001654954-22-012862,False,False,[],False
2022-12-31,2023-12-31,True,921114,"Armata Pharmaceuticals, Inc.","[""ARMP""]","[""2836""]",10-K,2022-03-17,0001558370-22-003845,False,False,[],False
2022-12-31,2023-12-31,True,921299,FIBROGEN INC,"[""FGEN""]","[""2834""]",10-K/A,2022-03-04,0001564590-22-008804,False,False,[],False
2022-12-31,2023-12-31,True,925741,"BioCardia, Inc.","[""BCDA""]","[""2836""]",10-K,2022-03-29,0001437749-22-007544,False,False,[],False
2022-12-31,2023-12-31,True,926617,Aspira Women's Health Inc.,"[""AWH""]","[""2835""]",10-K,2022-03-31,0000926617-22-000014,False,False,[],False
2022-12-31,2023-12-31,True,926844,China Botanic Pharmaceutical,"[""FBDS""]","[""2834""]",10-K/A,2022-03-28,0001829126-22-006793,False,False,[],False
2022-12-31,2023-12-31,True,944809,"OPKO HEALTH, INC.","[""OPK""]","[""2834""]",10-K/A,2022-05-02,0000944809-22-000018,False,False,[],False
2022-12-31,2023-12-31,True,946486,WINDTREE THERAPEUTICS INC /DE/,"[""WINT"", ""WINTW""]","[""2836""]",10-K/A,2022-04-29,0001437749-22-010256,False,False,[],False
2022-12-31,2023-12-31,True,946644,AIM ImmunoTech Inc.,"[""AIM""]","[""2836""]",10-K,2022-03-31,0001493152-22-008324,False,False,[],False
2022-12-31,2023-12-31,True,1001316,"TG THERAPEUTICS, INC.","[""TGTX""]","[""2834""]",10-K,2022-03-01,0001558370-22-002617,False,False,[],False
2022-12-31,2023-12-31,True,1006281,"Protalix BioTherapeutics, Inc.","[""PLX""]","[""2836""]",10-K,2022-03-31,0001558370-22-004823,False,False,[],False
2022-12-31,2023-12-31,True,1008848,ACORDA THERAPEUTICS INC,[],"[""2836""]",10-K,2022-03-18,0001564590-22-010971,False,False,[],False
2022-12-31,2023-12-31,True,1010086,SIGA TECHNOLOGIES INC,"[""SIGA""]","[""2834""]",10-K,2022-03-03,0001437749-22-005179,False,False,[],False
2022-12-31,2023-12-31,True,1012477,AVADEL PHARMACEUTICALS PLC,"[""AVDL""]","[""2834""]",10-K,2022-03-16,0001012477-22-000004,False,False,[],False
2022-12-31,2023-12-31,True,1015820,QIAGEN N.V.,"[""QGEN""]","[""2836""]",20-F,2022-03-14,0001015820-22-000017,False,False,[],False
2022-12-31,2023-12-31,True,1016504,INTEGRATED BIOPHARMA INC,"[""INBP""]","[""2834""]",10-K,2022-09-13,0001437749-22-022334,False,False,[],False
2022-12-31,2023-12-31,True,1018735,NYMOX PHARMACEUTICAL CORP,"[""NYMXF""]","[""2835""]",20-F,2022-03-30,0001640334-22-000622,False,False,[],False
2022-12-31,2023-12-31,True,1023024,ANI PHARMACEUTICALS INC,"[""ANIP""]","[""2834""]",10-K,2022-03-15,0001023024-22-000004,False,False,[],False
2022-12-31,2023-12-31,True,1023549,XTL BIOPHARMACEUTICALS LTD,"[""XTLB""]","[""2834""]",20-F,2022-03-30,0001213900-22-016244,False,False,[],False
2022-12-31,2023-12-31,True,1029125,"Panbela Therapeutics, Inc.","[""PBLA""]","[""2834""]",10-K,2022-03-24,0001437749-22-007101,False,False,[],False
2022-12-31,2023-12-31,True,1029142,DYNAVAX TECHNOLOGIES CORP,"[""DVAX""]","[""2834""]",10-K,2022-02-28,0000950170-22-002289,False,False,[],False
2022-12-31,2023-12-31,True,1035354,"Eloxx Pharmaceuticals, Inc.","[""ELOX""]","[""2836""]",10-K,2022-03-30,0001564590-22-012683,False,False,[],False
2022-12-31,2023-12-31,True,1042074,"CymaBay Therapeutics, Inc.",[],"[""2834""]",10-K,2022-03-17,0001193125-22-078287,False,False,[],False
2022-12-31,2023-12-31,True,1042418,"Inhibitor Therapeutics, Inc.","[""INTI""]","[""8731""]",10-K,2022-03-30,0001193125-22-088832,False,False,[],False
2022-12-31,2023-12-31,True,1053369,ELITE PHARMACEUTICALS INC /NV/,"[""ELTP""]","[""2834""]",10-K,2022-06-29,0001493152-22-018108,False,False,[],False
2022-12-31,2023-12-31,True,1053691,Diffusion Pharmaceuticals Inc.,"[""CRVO""]","[""2834""]",10-K,2022-03-18,0001437749-22-006737,False,False,[],False
2022-12-31,2023-12-31,True,1069308,Acer Therapeutics Inc.,[],"[""2834""]",10-K,2022-03-02,0001564590-22-008350,False,True,"[""920ac23734aa2570565a""]",False
2022-12-31,2023-12-31,True,1069899,PHIBRO ANIMAL HEALTH CORP,"[""PAHC""]","[""2834""]",10-K,2022-08-24,0001558370-22-013940,False,False,[],False
2022-12-31,2023-12-31,True,1070081,"PTC THERAPEUTICS, INC.","[""PTCT""]","[""2834""]",10-K,2022-02-22,0001070081-22-000011,False,False,[],False
2022-12-31,2023-12-31,True,1072379,NORTHWEST BIOTHERAPEUTICS INC,"[""NWBO""]","[""2834""]",10-K/A,2022-06-30,0001104659-22-076361,False,False,[],False
2022-12-31,2023-12-31,True,1076682,"POLARITYTE, INC.","[""RGTPQ""]","[""2836""]",10-K,2022-03-30,0001493152-22-008097,False,False,[],False
2022-12-31,2023-12-31,True,1084201,SINOVAC BIOTECH LTD,"[""SVA""]","[""2834""]",20-F,2022-04-29,0001564590-22-016857,True,True,"[""598b5ebc7eb311549443""]",False
2022-12-31,2023-12-31,True,1087294,CUMBERLAND PHARMACEUTICALS INC,"[""CPIX""]","[""2834""]",10-K,2022-03-11,0001628280-22-005942,False,False,[],False
2022-12-31,2023-12-31,True,1092662,"CHEMBIO DIAGNOSTICS, INC.",[],"[""2834""]",10-K,2022-03-03,0001140361-22-007735,True,True,"[""9c68ddfe3cb9f6d2457c""]",False
2022-12-31,2023-12-31,True,1094038,"Marker Therapeutics, Inc.","[""MRKR""]","[""2834""]",10-K,2022-03-17,0001410578-22-000418,False,False,[],False
2022-12-31,2023-12-31,True,1100397,"Advaxis, Inc.","[""ADXS""]","[""2834""]",10-K,2022-02-14,0001493152-22-004469,False,False,[],False
2022-12-31,2023-12-31,True,1100682,"CHARLES RIVER LABORATORIES INTERNATIONAL, INC.","[""CRL""]","[""8731""]",10-K,2022-02-16,0001100682-22-000007,False,False,[],False
2022-12-31,2023-12-31,True,1101026,"Zivo Bioscience, Inc.","[""ZIVO"", ""ZIVOW""]","[""2836""]",10-K/A,2022-05-02,0001654954-22-005733,False,False,[],False
2022-12-31,2023-12-31,True,1106644,"CHINA PHARMA HOLDINGS, INC.","[""CPHI""]","[""2834""]",10-K,2022-03-30,0001213900-22-016151,False,False,[],False
2022-12-31,2023-12-31,True,1106838,"Sonnet BioTherapeutics Holdings, Inc.","[""SONN""]","[""2834""]",10-K,2022-12-15,0001493152-22-035581,False,False,[],False
2022-12-31,2023-12-31,True,1107421,"Alaunos Therapeutics, Inc.","[""TCRT""]","[""2834""]",10-K,2022-03-30,0000950170-22-004972,False,False,[],False
2022-12-31,2023-12-31,True,1113423,Aeterna Zentaris Inc.,"[""CSCI""]","[""2834""]",20-F,2022-03-29,0001493152-22-007933,False,False,[],False
2022-12-31,2023-12-31,True,1114448,NOVARTIS AG,"[""NVS"", ""NVSEF""]","[""2834""]",20-F/A,2022-04-26,0001104659-22-050394,False,False,[],False
2022-12-31,2023-12-31,True,1117480,CHIMERIX INC,"[""CMRX""]","[""2834""]",10-K,2022-03-01,0001117480-22-000008,False,False,[],False
2022-12-31,2023-12-31,True,1121404,Sanofi,"[""SNY"", ""SNYNF""]","[""2834""]",20-F,2022-02-23,0001121404-22-000007,False,False,[],False
2022-12-31,2023-12-31,True,1124524,"Cryoport, Inc.","[""CYRX""]","[""2834""]",10-K,2022-02-28,0001410578-22-000232,False,False,[],False
2022-12-31,2023-12-31,True,1125345,MACROGENICS INC,"[""MGNX""]","[""2834""]",10-K,2022-02-24,0001125345-22-000013,False,False,[],False
2022-12-31,2023-12-31,True,1126234,"LUMOS PHARMA, INC.","[""LUMO""]","[""2834""]",10-K,2022-03-11,0001126234-22-000021,False,False,[],False
2022-12-31,2023-12-31,True,1129928,ONCOLYTICS BIOTECH INC,"[""ONCY""]","[""2834""]",20-F,2022-03-03,0001129928-22-000017,False,False,[],False
2022-12-31,2023-12-31,True,1130598,"Onconova Therapeutics, Inc.","[""TRAW""]","[""2834""]",10-K/A,2022-04-29,0001104659-22-053710,False,False,[],False
2022-12-31,2023-12-31,True,1131399,GLAXOSMITHKLINE PLC,"[""GSK"", ""GLAXF""]","[""2834""]",20-F,2022-03-08,0001193125-22-068957,False,False,[],False
2022-12-31,2023-12-31,True,1133416,GALECTIN THERAPEUTICS INC,"[""GALT""]","[""2834""]",10-K,2022-03-31,0001140361-22-012058,False,False,[],False
2022-12-31,2023-12-31,True,1133519,MEDICURE INC,"[""MCUJF""]","[""2834""]",20-F,2022-04-29,0001193125-22-129241,False,False,[],False
2022-12-31,2023-12-31,True,1133818,BIO-PATH HOLDINGS INC,"[""BPTH""]","[""2834""]",10-K,2022-03-10,0001558370-22-003298,False,False,[],False
2022-12-31,2023-12-31,True,1133869,"CAPRICOR THERAPEUTICS, INC.","[""CAPR""]","[""2834""]",10-K,2022-03-11,0001558370-22-003341,False,False,[],False
2022-12-31,2023-12-31,True,1134765,"Charlie's Holdings, Inc.","[""CHUC""]","[""2833""]",10-K,2022-04-12,0001851734-22-000194,False,False,[],False
2022-12-31,2023-12-31,True,1135951,DR REDDYS LABORATORIES LTD,"[""RDY""]","[""2834""]",20-F,2022-06-27,0001575872-22-000576,False,False,[],False
2022-12-31,2023-12-31,True,1137883,BRAINSTORM CELL THERAPEUTICS INC.,"[""BCLI""]","[""2836""]",10-K,2022-03-28,0001410578-22-000554,False,False,[],False
2022-12-31,2023-12-31,True,1157075,"PharmaCyte Biotech, Inc.","[""PMCB""]","[""2836""]",10-K,2022-07-28,0001683168-22-005189,False,False,[],False
2022-12-31,2023-12-31,True,1157601,"MADRIGAL PHARMACEUTICALS, INC.","[""MDGL""]","[""2834""]",10-K,2022-02-24,0001193125-22-051569,False,False,[],False
2022-12-31,2023-12-31,True,1158780,Pluri Inc.,"[""PLUR""]","[""2836""]",10-K,2022-09-21,0001213900-22-057677,False,False,[],False
2022-12-31,2023-12-31,True,1159036,"HALOZYME THERAPEUTICS, INC.","[""HALO""]","[""2836""]",10-K,2022-02-22,0001159036-22-000014,False,False,[],False
2022-12-31,2023-12-31,True,1160308,Savara Inc,"[""SVRA""]","[""2834""]",10-K,2022-03-30,0000950170-22-005045,False,False,[],False
2022-12-31,2023-12-31,True,1169245,PhaseBio Pharmaceuticals Inc,"[""PHASQ""]","[""2834""]",10-K,2022-03-24,0001169245-22-000028,False,False,[],False
2022-12-31,2023-12-31,True,1173281,"NeuBase Therapeutics, Inc.",[],"[""2834""]",10-K,2022-12-21,0001410578-22-003576,False,False,[],False
2022-12-31,2023-12-31,True,1173313,"ABVC BIOPHARMA, INC.","[""ABVC""]","[""2834""]",10-K/A,2022-06-06,0001213900-22-031363,False,False,[],False
2022-12-31,2023-12-31,True,1174940,ORAGENICS INC,"[""OGEN""]","[""2834""]",10-K/A,2022-07-29,0001493152-22-020698,False,False,[],False
2022-12-31,2023-12-31,True,1177648,ENANTA PHARMACEUTICALS INC,"[""ENTA""]","[""2834""]",10-K,2022-11-23,0000950170-22-025667,False,False,[],False
2022-12-31,2023-12-31,True,1178253,SCYNEXIS INC,"[""SCYX""]","[""2834""]",10-K/A,2022-05-02,0001564590-22-017041,False,False,[],False
2022-12-31,2023-12-31,True,1178670,"ALNYLAM PHARMACEUTICALS, INC.","[""ALNY""]","[""2834""]",10-K,2022-02-10,0001178670-22-000013,False,False,[],False
2022-12-31,2023-12-31,True,1178711,"Paratek Pharmaceuticals, Inc.",[],"[""2834""]",10-K,2022-03-14,0001564590-22-009957,False,True,"[""86f98c9533f599d7e85d""]",False
2022-12-31,2023-12-31,True,1178879,"AMICUS THERAPEUTICS, INC.","[""FOLD""]","[""2834""]",10-K,2022-02-24,0001178879-22-000006,False,False,[],False
2022-12-31,2023-12-31,True,1183765,"Molecular Templates, Inc.","[""MTEM""]","[""2834""]",10-K,2022-03-29,0001564590-22-012055,False,False,[],False
2022-12-31,2023-12-31,True,1187953,"CREATIVE MEDICAL TECHNOLOGY HOLDINGS, INC.","[""CELZ""]","[""2836""]",10-K/A,2022-04-29,0001477932-22-002753,False,False,[],False
2022-12-31,2023-12-31,True,1191070,BIONOMICS LIMITED/FI,"[""BNOX""]","[""2834""]",20-F,2022-10-14,0000950170-22-019563,False,False,[],False
2022-12-31,2023-12-31,True,1205922,"VACCINEX, INC.","[""VCNX""]","[""2834""]",10-K,2022-03-31,0001564590-22-012778,False,False,[],False
2022-12-31,2023-12-31,True,1211583,FENNEC PHARMACEUTICALS INC.,"[""FENC""]","[""2836""]",10-K,2022-02-28,0001558370-22-002334,False,False,[],False
2022-12-31,2023-12-31,True,1213037,"Cardiff Oncology, Inc.","[""CRDF""]","[""2836""]",10-K,2022-02-24,0001628280-22-003808,False,False,[],False
2022-12-31,2023-12-31,True,1213809,DYADIC INTERNATIONAL INC,"[""DYAI""]","[""2836""]",10-K,2022-03-29,0001437749-22-007554,False,False,[],False
2022-12-31,2023-12-31,True,1226616,MEDICINOVA INC,"[""MNOV""]","[""2834""]",10-K,2022-02-16,0001564590-22-005388,False,False,[],False
2022-12-31,2023-12-31,True,1228627,"Ocuphire Pharma, Inc.","[""OCUP""]","[""2834""]",10-K,2022-03-24,0001140361-22-011015,False,False,[],False
2022-12-31,2023-12-31,True,1232524,Jazz Pharmaceuticals plc,"[""JAZZ""]","[""2834""]",10-K/A,2022-05-02,0001193125-22-136841,False,False,[],False
2022-12-31,2023-12-31,True,1253689,GLYCOMIMETICS INC,"[""GLYC""]","[""2834""]",10-K,2022-03-03,0001558370-22-002737,False,False,[],False
2022-12-31,2023-12-31,True,1259942,BELLUS Health Inc.,[],"[""2834""]",40-F,2022-02-23,0001410578-22-000193,False,False,[],False
2022-12-31,2023-12-31,True,1261249,AGILE THERAPEUTICS INC,"[""AGRX"", ""AGXRW""]","[""2834""]",10-K,2022-03-30,0001558370-22-004758,False,False,[],False
2022-12-31,2023-12-31,True,1267565,"COLLEGIUM PHARMACEUTICAL, INC","[""COLL""]","[""2834""]",10-K,2022-02-24,0001558370-22-001927,False,False,[],False
2022-12-31,2023-12-31,True,1267602,ALIMERA SCIENCES INC,"[""ALIM""]","[""2834""]",10-K/A,2022-04-29,0001267602-22-000017,False,False,[],False
2022-12-31,2023-12-31,True,1267813,MARINUS PHARMACEUTICALS INC,"[""MRNS""]","[""2834""]",10-K,2022-03-24,0001558370-22-004279,False,False,[],False
2022-12-31,2023-12-31,True,1270073,"INTERCEPT PHARMACEUTICALS, INC.",[],"[""2834""]",10-K,2022-03-02,0001558370-22-002666,True,True,"[""b94c0d80efe4d46e8d10""]",False
2022-12-31,2023-12-31,True,1274792,MERRIMACK PHARMACEUTICALS INC,[],"[""2834""]",10-K,2022-03-09,0001564590-22-009320,False,False,[],False
2022-12-31,2023-12-31,True,1279704,"Cellectar Biosciences, Inc.","[""CLRB""]","[""2834""]",10-K,2022-03-21,0001410578-22-000436,False,False,[],False
2022-12-31,2023-12-31,True,1280776,"IMMUNIC, INC.","[""IMUX""]","[""2834""]",10-K,2022-02-24,0001280776-22-000006,False,False,[],False
2022-12-31,2023-12-31,True,1281895,"ROCKET PHARMACEUTICALS, INC.","[""RCKT"", ""RCKTW""]","[""2834""]",10-K,2022-02-28,0001140361-22-007036,False,False,[],False
2022-12-31,2023-12-31,True,1285819,OMEROS CORP,"[""OMER""]","[""2834""]",10-K,2022-03-01,0001558370-22-002582,False,False,[],False
2022-12-31,2023-12-31,True,1287098,"MAXCYTE, INC.","[""MXCT""]","[""8731""]",10-K/A,2022-04-29,0001104659-22-053626,False,False,[],False
2022-12-31,2023-12-31,True,1293310,"HUMANIGEN, INC",[],"[""2834""]",10-K,2022-03-01,0001214659-22-003416,False,False,[],False
2022-12-31,2023-12-31,True,1293971,"bluebird bio, Inc.","[""BLUE""]","[""2836""]",10-K,2022-03-04,0001293971-22-000016,False,False,[],False
2022-12-31,2023-12-31,True,1295947,Prestige Consumer Healthcare Inc.,"[""PBH""]","[""2834""]",10-K,2022-05-06,0001295947-22-000015,False,False,[],False
2022-12-31,2023-12-31,True,1297184,"Amphastar Pharmaceuticals, Inc.","[""AMPH""]","[""2834""]",10-K,2022-03-11,0001297184-22-000007,False,False,[],False
2022-12-31,2023-12-31,True,1300699,"Athenex, Inc.",[],"[""2834""]",10-K,2022-03-16,0000950170-22-003973,False,False,[],False
2022-12-31,2023-12-31,True,1305253,"Eiger BioPharmaceuticals, Inc.","[""EIGRQ""]","[""2836""]",10-K,2022-03-10,0001564590-22-009697,False,False,[],False
2022-12-31,2023-12-31,True,1310630,China Foods Holdings Ltd.,"[""CFOO""]","[""2833""]",10-K,2022-04-15,0001493152-22-010044,False,False,[],False
2022-12-31,2023-12-31,True,1314052,ANAVEX LIFE SCIENCES CORP.,"[""AVXL""]","[""2836""]",10-K,2022-11-28,0001731122-22-002062,False,False,[],False
2022-12-31,2023-12-31,True,1318641,"Statera Biopharma, Inc.","[""STAB""]","[""2834""]",10-K,2022-10-06,0001437749-22-023703,False,False,[],False
2022-12-31,2023-12-31,True,1321834,"MyMD Pharmaceuticals, Inc.","[""TNFA""]","[""2835""]",10-K,2022-03-31,0001493152-22-008546,False,False,[],False
2022-12-31,2023-12-31,True,1322505,"ALBIREO PHARMA, INC.",[],"[""2834""]",10-K,2022-03-01,0001558370-22-002501,True,True,"[""d7b025330d2d8e0ed401""]",False
2022-12-31,2023-12-31,True,1326110,"ImmunityBio, Inc.","[""IBRX""]","[""2836""]",10-K,2022-03-01,0001326110-22-000011,False,False,[],False
2022-12-31,2023-12-31,True,1326190,"Altimmune, Inc.","[""ALT""]","[""2834""]",10-K,2022-03-15,0001558370-22-003659,False,False,[],False
2022-12-31,2023-12-31,True,1326732,Xencor Inc,"[""XNCR""]","[""2834""]",10-K,2022-02-24,0001558370-22-001969,False,False,[],False
2022-12-31,2023-12-31,True,1335105,"LIXTE BIOTECHNOLOGY HOLDINGS, INC.","[""LIXT"", ""LIXTW""]","[""2834""]",10-K,2022-03-21,0001493152-22-007327,False,False,[],False
2022-12-31,2023-12-31,True,1339970,aTYR PHARMA INC,"[""ATYR""]","[""2836""]",10-K,2022-03-15,0001564590-22-010441,False,False,[],False
2022-12-31,2023-12-31,True,1340243,MorphoSys AG,"[""MPSYF""]","[""2834""]",20-F,2022-03-16,0001340243-22-000009,False,False,[],False
2022-12-31,2023-12-31,True,1341235,"Aldeyra Therapeutics, Inc.","[""ALDX""]","[""2834""]",10-K,2022-03-17,0000950170-22-004111,False,False,[],False
2022-12-31,2023-12-31,True,1345099,MESOBLAST LTD,"[""MESO"", ""MEOBF""]","[""2836""]",20-F,2022-08-31,0001564590-22-030576,False,False,[],False
2022-12-31,2023-12-31,True,1346830,"Cara Therapeutics, Inc.","[""CARA""]","[""2834""]",10-K,2022-03-01,0001558370-22-002555,False,False,[],False
2022-12-31,2023-12-31,True,1347178,Vanda Pharmaceuticals Inc.,"[""VNDA""]","[""2834""]",10-K,2022-02-24,0001628280-22-003629,False,False,[],False
2022-12-31,2023-12-31,True,1348362,Lexaria Bioscience Corp.,"[""LEXX"", ""LEXXW""]","[""2834""]",10-K/A,2022-12-06,0001640334-22-002571,False,False,[],False
2022-12-31,2023-12-31,True,1348911,"KalVista Pharmaceuticals, Inc.","[""KALV""]","[""2834""]",10-K,2022-07-07,0000950170-22-012521,False,False,[],False
2022-12-31,2023-12-31,True,1351172,Liminal BioSciences Inc.,[],"[""2834""]",20-F,2022-03-18,0000950170-22-004125,False,False,[],False
2022-12-31,2023-12-31,True,1355250,Innovation Pharmaceuticals Inc.,"[""IPIX""]","[""2834""]",10-K,2022-09-28,0001477932-22-007292,False,False,[],False
2022-12-31,2023-12-31,True,1356090,"PRECIGEN, INC.","[""PGEN""]","[""2834""]",10-K,2022-03-01,0001356090-22-000002,False,False,[],False
2022-12-31,2023-12-31,True,1356576,"SUPERNUS PHARMACEUTICALS, INC.","[""SUPN""]","[""2834""]",10-K,2022-04-13,0001356576-22-000025,False,False,[],False
2022-12-31,2023-12-31,True,1357459,"PALISADE BIO, INC.","[""PALI""]","[""2836""]",10-K,2022-03-17,0000950170-22-004093,False,False,[],False
2022-12-31,2023-12-31,True,1357874,PRECISION BIOSCIENCES INC,"[""DTIL""]","[""2836""]",10-K,2022-03-15,0001564590-22-010222,False,False,[],False
2022-12-31,2023-12-31,True,1358403,"BELLICUM PHARMACEUTICALS, INC",[],"[""2834""]",10-K,2022-03-24,0001628280-22-007196,False,False,[],False
2022-12-31,2023-12-31,True,1358762,REATA PHARMACEUTICALS INC,[],"[""2834""]",10-K,2022-02-28,0001564590-22-007338,False,True,"[""4f654f63784bda324046""]",False
2022-12-31,2023-12-31,True,1359931,"Protara Therapeutics, Inc.","[""TARA""]","[""2836""]",10-K,2022-03-09,0001213900-22-011208,False,False,[],False
2022-12-31,2023-12-31,True,1360214,"HARROW HEALTH, INC.","[""HROW"", ""HROWL"", ""HROWM""]","[""2834""]",10-K,2022-03-10,0001493152-22-006525,False,False,[],False
2022-12-31,2023-12-31,True,1367083,"Sonoma Pharmaceuticals, Inc.","[""SNOA""]","[""2834""]",10-K,2022-07-13,0001683168-22-004940,False,False,[],False
2022-12-31,2023-12-31,True,1367644,Emergent BioSolutions Inc.,"[""EBS""]","[""2834""]",10-K,2022-02-25,0001367644-22-000024,False,False,[],False
2022-12-31,2023-12-31,True,1367920,"CONCERT PHARMACEUTICALS, INC.",[],"[""2834""]",10-K,2022-03-03,0001367920-22-000018,True,True,"[""bc6bd48ec7b7000c08d5""]",False
2022-12-31,2023-12-31,True,1368148,"ATHERSYS, INC / NEW","[""ATHXQ""]","[""2834""]",10-K,2022-03-15,0001368148-22-000020,False,False,[],False
2022-12-31,2023-12-31,True,1368514,"ADMA BIOLOGICS, INC.","[""ADMA""]","[""2836""]",10-K,2022-03-24,0001140361-22-011030,False,False,[],False
2022-12-31,2023-12-31,True,1369568,"CATALYST PHARMACEUTICALS, INC.","[""CPRX""]","[""2834""]",10-K/A,2022-04-29,0001193125-22-133964,False,False,[],False
2022-12-31,2023-12-31,True,1370053,"ANAPTYSBIO, INC","[""ANAB""]","[""2834""]",10-K,2022-03-07,0001370053-22-000009,False,False,[],False
2022-12-31,2023-12-31,True,1372299,"Ocugen, Inc.","[""OCGN""]","[""2836""]",10-K,2022-02-28,0001628280-22-004085,False,False,[],False
2022-12-31,2023-12-31,True,1372514,KIORA PHARMACEUTICALS INC,"[""KPRX"", ""KPHMW""]","[""2834""]",10-K/A,2022-07-07,0001410578-22-001931,False,False,[],False
2022-12-31,2023-12-31,True,1374690,"Larimar Therapeutics, Inc.","[""LRMR""]","[""2834""]",10-K,2022-03-25,0000950170-22-004637,False,False,[],False
2022-12-31,2023-12-31,True,1377121,"Protagonist Therapeutics, Inc","[""PTGX""]","[""2834""]",10-K,2022-02-28,0001558370-22-002385,False,False,[],False
2022-12-31,2023-12-31,True,1379006,"NANOVIRICIDES, INC.","[""NNVC""]","[""2834""]",10-K,2022-10-13,0001410578-22-002878,False,False,[],False
2022-12-31,2023-12-31,True,1382101,"SUTRO BIOPHARMA, INC.","[""STRO""]","[""2836""]",10-K,2022-02-28,0000950170-22-002312,False,False,[],False
2022-12-31,2023-12-31,True,1383701,Histogen Inc.,[],"[""2834""]",10-K,2022-03-10,0001564590-22-009664,False,False,[],False
2022-12-31,2023-12-31,True,1385508,"OPIANT PHARMACEUTICALS, INC.",[],"[""2834""]",10-K,2022-03-15,0001385508-22-000038,False,True,"[""0259f98efd136c060986""]",False
2022-12-31,2023-12-31,True,1385818,"AYTU BIOPHARMA, INC","[""AYTU""]","[""2834""]",10-K,2022-09-27,0001558370-22-014652,False,False,[],False
2022-12-31,2023-12-31,True,1386570,ChromaDex Corp.,"[""CDXC""]","[""2833""]",10-K,2022-03-14,0001628280-22-006041,False,False,[],False
2022-12-31,2023-12-31,True,1388319,"U.S. Stem Cell, Inc.","[""USRM""]","[""8731""]",10-K/A,2022-07-08,0001185185-22-000809,False,False,[],False
2022-12-31,2023-12-31,True,1388320,"Actinium Pharmaceuticals, Inc.","[""ATNM""]","[""2834""]",10-K,2022-03-25,0001213900-22-015208,False,False,[],False
2022-12-31,2023-12-31,True,1389545,"NovaBay Pharmaceuticals, Inc.","[""NBY""]","[""2834""]",10-K,2022-03-29,0001437749-22-007543,False,False,[],False
2022-12-31,2023-12-31,True,1390478,"SELLAS Life Sciences Group, Inc.","[""SLS""]","[""2834""]",10-K,2022-03-31,0001390478-22-000006,False,False,[],False
2022-12-31,2023-12-31,True,1393434,"OCULAR THERAPEUTIX, INC","[""OCUL""]","[""2834""]",10-K,2022-02-28,0001558370-22-002363,False,False,[],False
2022-12-31,2023-12-31,True,1394319,"Tracon Pharmaceuticals, Inc.","[""TCON""]","[""2836""]",10-K,2022-03-15,0001564590-22-010475,False,False,[],False
2022-12-31,2023-12-31,True,1395064,TAKEDA PHARMACEUTICAL CO LTD,"[""TAK"", ""TKPHF""]","[""2834""]",20-F,2022-06-29,0001395064-22-000107,False,False,[],False
2022-12-31,2023-12-31,True,1395937,Syndax Pharmaceuticals Inc,"[""SNDX""]","[""2834""]",10-K,2022-03-01,0001564590-22-008112,False,False,[],False
2022-12-31,2023-12-31,True,1396814,"Pacira BioSciences, Inc.","[""PCRX""]","[""2834""]",10-K,2022-02-28,0001396814-22-000021,False,False,[],False
2022-12-31,2023-12-31,True,1398733,"Aquestive Therapeutics, Inc.","[""AQST""]","[""2834""]",10-K,2022-03-08,0001628280-22-005393,False,False,[],False
2022-12-31,2023-12-31,True,1401040,DiaMedica Therapeutics Inc.,"[""DMAC""]","[""2834""]",10-K,2022-03-14,0001437749-22-006163,False,False,[],False
2022-12-31,2023-12-31,True,1401395,Neptune Wellness Solutions Inc.,"[""NEPTF""]","[""2834""]",10-K/A,2022-07-29,0000950170-22-013512,False,False,[],False
2022-12-31,2023-12-31,True,1401667,"PUMA BIOTECHNOLOGY, INC.","[""PBYI""]","[""2834""]",10-K,2022-03-03,0001437749-22-005164,False,False,[],False
2022-12-31,2023-12-31,True,1401708,NanoString Technologies Inc,[],"[""2836""]",10-K,2022-03-01,0001401708-22-000051,False,False,[],False
2022-12-31,2023-12-31,True,1401914,"Dare Bioscience, Inc.","[""DARE""]","[""2834""]",10-K,2022-03-31,0001401914-22-000032,False,False,[],False
2022-12-31,2023-12-31,True,1402328,"Sunshine Biopharma, Inc","[""SBFM"", ""SBFMW""]","[""8731""]",10-K,2022-03-21,0001683168-22-001788,False,False,[],False
2022-12-31,2023-12-31,True,1403708,Evoke Pharma Inc,"[""EVOK""]","[""2834""]",10-K,2022-03-08,0001564590-22-009118,False,False,[],False
2022-12-31,2023-12-31,True,1404281,"Eledon Pharmaceuticals, Inc.","[""ELDN""]","[""2834""]",10-K,2022-03-24,0001564590-22-011698,False,False,[],False
2022-12-31,2023-12-31,True,1404644,"Neoleukin Therapeutics, Inc.","[""NGNE""]","[""2834""]",10-K,2022-03-01,0001628280-22-004491,False,False,[],False
2022-12-31,2023-12-31,True,1408443,Milestone Pharmaceuticals Inc.,"[""MIST""]","[""2834""]",10-K,2022-03-24,0001558370-22-004205,False,False,[],False
2022-12-31,2023-12-31,True,1410098,CorMedix Inc.,"[""CRMD""]","[""2834""]",10-K,2022-03-29,0001213900-22-015852,False,False,[],False
2022-12-31,2023-12-31,True,1410939,"IVERIC bio, Inc.",[],"[""2834""]",10-K,2022-02-24,0001410939-22-000015,False,True,"[""00c2f2b3fd51ec03d1e3""]",False
2022-12-31,2023-12-31,True,1411685,"VistaGen Therapeutics, Inc.","[""VTGN""]","[""2834""]",10-K,2022-06-23,0001851734-22-000349,False,False,[],False
2022-12-31,2023-12-31,True,1411906,"Ampio Pharmaceuticals, Inc.","[""AMPE""]","[""2834""]",10-K/A,2022-05-02,0001558370-22-006579,False,False,[],False
2022-12-31,2023-12-31,True,1412486,"Cocrystal Pharma, Inc.","[""COCP""]","[""2834""]",10-K,2022-03-23,0001493152-22-007551,False,False,[],False
2022-12-31,2023-12-31,True,1412558,Evotec SE,"[""EVO"", ""EVOTF""]","[""2834""]",20-F,2022-04-26,0001104659-22-049929,False,False,[],False
2022-12-31,2023-12-31,True,1419041,"Forte Biosciences, Inc.","[""FBRX""]","[""2834""]",10-K,2022-03-31,0001564590-22-012987,False,False,[],False
2022-12-31,2023-12-31,True,1420565,AILERON THERAPEUTICS INC,"[""ALRN""]","[""2834""]",10-K,2022-03-28,0000950170-22-004774,False,False,[],False
2022-12-31,2023-12-31,True,1420720,"iBio, Inc.","[""IBIO""]","[""2834""]",10-K,2022-10-11,0001420720-22-000064,False,False,[],False
2022-12-31,2023-12-31,True,1421876,GALAPAGOS NV,"[""GLPG"", ""GLPGF""]","[""2834""]",20-F,2022-03-24,0001558370-22-004270,False,False,[],False
2022-12-31,2023-12-31,True,1422142,"Aadi Bioscience, Inc.","[""AADI""]","[""2834""]",10-K,2022-03-17,0001564590-22-010721,False,False,[],False
2022-12-31,2023-12-31,True,1422143,"Kura Oncology, Inc.","[""KURA""]","[""2834""]",10-K,2022-02-24,0000950170-22-001967,False,False,[],False
2022-12-31,2023-12-31,True,1425205,"IOVANCE BIOTHERAPEUTICS, INC.","[""IOVA""]","[""2836""]",10-K,2022-02-24,0001558370-22-001976,False,False,[],False
2022-12-31,2023-12-31,True,1426332,NGM BIOPHARMACEUTICALS INC,[],"[""2834""]",10-K/A,2022-05-20,0001193125-22-156249,False,False,[],False
2022-12-31,2023-12-31,True,1426800,"ASSEMBLY BIOSCIENCES, INC.","[""ASMB""]","[""2834""]",10-K,2022-03-11,0001564590-22-009855,False,False,[],False
2022-12-31,2023-12-31,True,1427925,ACELRX PHARMACEUTICALS INC,"[""TLPH""]","[""2834""]",10-K/A,2022-04-20,0001437749-22-009351,False,False,[],False
2022-12-31,2023-12-31,True,1429260,"Fortress Biotech, Inc.","[""FBIO"", ""FBIOP""]","[""2834""]",10-K,2022-03-28,0001558370-22-004487,False,False,[],False
2022-12-31,2023-12-31,True,1429560,TREVENA INC,"[""TRVN""]","[""2834""]",10-K,2022-03-31,0001558370-22-004825,False,False,[],False
2022-12-31,2023-12-31,True,1430306,Tonix Pharmaceuticals Holding Corp.,"[""TNXP""]","[""2834""]",10-K,2022-03-14,0001387131-22-003640,False,False,[],False
2022-12-31,2023-12-31,True,1434265,GENMAB A/S,"[""GMAB"", ""GNMSF""]","[""2834""]",20-F,2022-02-16,0001558370-22-001256,False,False,[],False
2022-12-31,2023-12-31,True,1434316,FATE THERAPEUTICS INC,"[""FATE""]","[""2836""]",10-K,2022-02-28,0000950170-22-002293,False,False,[],False
2022-12-31,2023-12-31,True,1434647,"KEMPHARM, INC","[""ZVRA""]","[""2834""]",10-K,2022-03-31,0001437749-22-007725,False,False,[],False
2022-12-31,2023-12-31,True,1434868,"Esperion Therapeutics, Inc.","[""ESPR""]","[""2834""]",10-K,2022-02-22,0001628280-22-003263,False,False,[],False
2022-12-31,2023-12-31,True,1435049,"CHINOOK THERAPEUTICS, INC.",[],"[""2834""]",10-K,2022-03-17,0001564590-22-010862,False,True,"[""5582a0c07e30aa9055a5""]",False
2022-12-31,2023-12-31,True,1437402,"ARDELYX, INC.","[""ARDX""]","[""2834""]",10-K,2022-02-28,0001628280-22-004226,False,False,[],False
2022-12-31,2023-12-31,True,1438533,"Travere Therapeutics, Inc.","[""TVTX""]","[""2834""]",10-K,2022-02-24,0001438533-22-000008,False,False,[],False
2022-12-31,2023-12-31,True,1438569,Grifols SA,"[""GRFS"", ""GIFLF"", ""GIFOF"", ""GIKLY""]","[""2834""]",20-F,2022-04-29,0001104659-22-053197,False,False,[],False
2022-12-31,2023-12-31,True,1439222,"AGIOS PHARMACEUTICALS, INC.","[""AGIO""]","[""2834""]",10-K,2022-02-24,0001439222-22-000024,False,False,[],False
2022-12-31,2023-12-31,True,1442836,"Mersana Therapeutics, Inc.","[""MRSN""]","[""2834""]",10-K,2022-02-28,0001628280-22-004101,False,False,[],False
2022-12-31,2023-12-31,True,1444192,Acasti Pharma Inc.,"[""ACST""]","[""2834""]",10-K/A,2022-07-29,0000950170-22-013526,False,False,[],False
2022-12-31,2023-12-31,True,1445283,"YUMANITY THERAPEUTICS, INC.","[""KA""]","[""2834""]",10-K,2022-03-24,0000950170-22-004564,False,False,[],False
2022-12-31,2023-12-31,True,1445499,IMPEL NEUROPHARMA INC,[],"[""2834""]",10-K,2022-03-29,0000950170-22-004939,False,False,[],False
2022-12-31,2023-12-31,True,1445815,"BIOXYTRAN, INC","[""BIXT""]","[""2834""]",10-K,2022-04-11,0001539497-22-000793,False,False,[],False
2022-12-31,2023-12-31,True,1446847,IRONWOOD PHARMACEUTICALS INC,"[""IRWD""]","[""2834""]",10-K,2022-02-18,0001558370-22-001368,False,False,[],False
2022-12-31,2023-12-31,True,1447028,Arbutus Biopharma Corp,"[""ABUS""]","[""2834""]",10-K,2022-03-03,0001447028-22-000019,False,False,[],False
2022-12-31,2023-12-31,True,1453593,"Xtant Medical Holdings, Inc.","[""XTNT""]","[""2836""]",10-K,2022-03-08,0001493152-22-006240,False,False,[],False
2022-12-31,2023-12-31,True,1453687,SELECTA BIOSCIENCES INC,"[""RNAC""]","[""2834""]",10-K/A,2022-04-28,0001453687-22-000069,False,False,[],False
2022-12-31,2023-12-31,True,1454789,"Astria Therapeutics, Inc.","[""ATXS""]","[""2834""]",10-K,2022-03-10,0001104659-22-032475,False,False,[],False
2022-12-31,2023-12-31,True,1455365,COGNITION THERAPEUTICS INC,"[""CGTX""]","[""2836""]",10-K,2022-03-30,0001558370-22-004672,False,False,[],False
2022-12-31,2023-12-31,True,1457612,"GENOCEA BIOSCIENCES, INC.",[],"[""2836""]",10-K/A,2022-04-29,0001457612-22-000051,False,False,[],False
2022-12-31,2023-12-31,True,1460602,Orgenesis Inc.,"[""ORGS""]","[""2834""]",10-K,2022-03-30,0001493152-22-008157,False,False,[],False
2022-12-31,2023-12-31,True,1460702,"Qualigen Therapeutics, Inc.","[""QLGN""]","[""2834""]",10-K/A,2022-04-29,0001493152-22-011609,False,False,[],False
2022-12-31,2023-12-31,True,1463361,"Unity Biotechnology, Inc.","[""UBX""]","[""2834""]",10-K,2022-03-15,0001564590-22-010232,False,False,[],False
2022-12-31,2023-12-31,True,1466301,"Clovis Oncology, Inc.",[],"[""2834""]",10-K,2022-02-24,0001558370-22-001810,False,False,[],False
2022-12-31,2023-12-31,True,1467154,"Novan, Inc.",[],"[""2834""]",10-K,2022-02-18,0001467154-22-000012,False,False,[],False
2022-12-31,2023-12-31,True,1468748,Kodiak Sciences Inc.,"[""KOD""]","[""2836""]",10-K,2022-03-01,0000950170-22-002555,False,False,[],False
2022-12-31,2023-12-31,True,1472012,Immunome Inc.,"[""IMNM""]","[""2834""]",10-K,2022-03-28,0001558370-22-004420,False,False,[],False
2022-12-31,2023-12-31,True,1472091,PDS Biotechnology Corp,"[""PDSB""]","[""2834""]",10-K,2022-03-31,0001140361-22-012244,False,False,[],False
2022-12-31,2023-12-31,True,1476963,"HEAT BIOLOGICS, INC.","[""SCPX""]","[""2834""]",10-K,2022-03-11,0001558370-22-003452,False,False,[],False
2022-12-31,2023-12-31,True,1477845,"Annovis Bio, Inc.","[""ANVS""]","[""2834""]",10-K,2022-03-02,0001558370-22-002668,False,False,[],False
2022-12-31,2023-12-31,True,1478069,CONTRAFECT Corp,"[""CFRXQ""]","[""2834""]",10-K,2022-03-25,0001193125-22-084065,False,False,[],False
2022-12-31,2023-12-31,True,1478242,IQVIA HOLDINGS INC.,"[""IQV""]","[""8731""]",10-K,2022-02-16,0001478242-22-000041,False,False,[],False
2022-12-31,2023-12-31,True,1478320,Adaptive Biotechnologies Corp,"[""ADPT""]","[""2836""]",10-K,2022-02-15,0001564590-22-005228,False,False,[],False
2022-12-31,2023-12-31,True,1479290,"Revance Therapeutics, Inc.","[""RVNC""]","[""2834""]",10-K,2022-02-28,0001479290-22-000034,False,False,[],False
2022-12-31,2023-12-31,True,1479419,"Kala Pharmaceuticals, Inc.","[""KALA""]","[""2834""]",10-K,2022-03-29,0001558370-22-004624,False,False,[],False
2022-12-31,2023-12-31,True,1479615,Silence Therapeutics plc,"[""SLN"", ""SLNCF""]","[""2834""]",20-F,2022-03-17,0001564590-22-010774,False,False,[],False
2022-12-31,2023-12-31,True,1485003,"Sesen Bio, Inc.","[""CARM""]","[""2834""]",10-K,2022-02-28,0001485003-22-000033,False,False,[],False
2022-12-31,2023-12-31,True,1488039,"ATOSSA THERAPEUTICS, INC.","[""ATOS""]","[""2834""]",10-K,2022-02-28,0001437749-22-004614,False,False,[],False
2022-12-31,2023-12-31,True,1490978,"Schrodinger, Inc.","[""SDGR""]","[""2834""]",10-K,2022-02-24,0001564590-22-006713,False,False,[],False
2022-12-31,2023-12-31,True,1492074,Abcam plc,[],"[""2836""]",20-F/A,2022-04-08,0001193125-22-099611,False,False,[],False
2022-12-31,2023-12-31,True,1492422,"Apellis Pharmaceuticals, Inc.","[""APLS""]","[""2834""]",10-K,2022-02-28,0001564590-22-007606,False,False,[],False
2022-12-31,2023-12-31,True,1492426,Horizon Therapeutics Public Ltd Co,[],"[""2834""]",10-K,2022-03-01,0001564590-22-007863,False,True,"[""c937ed8052ee3490403e""]",False
2022-12-31,2023-12-31,True,1493566,"OTONOMY, INC.",[],"[""2834""]",10-K,2022-02-28,0000950170-22-002299,False,False,[],False
2022-12-31,2023-12-31,True,1494650,"OptiNose, Inc.","[""OPTN""]","[""2834""]",10-K,2022-03-08,0001494650-22-000019,False,False,[],False
2022-12-31,2023-12-31,True,1496323,"IGM Biosciences, Inc.","[""IGMS""]","[""2834""]",10-K,2022-03-29,0000950170-22-004842,False,False,[],False
2022-12-31,2023-12-31,True,1496671,"Calithera Biosciences, Inc.","[""CALA""]","[""2834""]",10-K,2022-03-31,0000950170-22-005227,False,True,"[""9273ad5779622f0b7f7b""]",False
2022-12-31,2023-12-31,True,1497253,"ORGANOVO HOLDINGS, INC.","[""ONVO""]","[""2836""]",10-K,2022-06-10,0001564590-22-022994,False,False,[],False
2022-12-31,2023-12-31,True,1497504,PLx Pharma Inc.,[],"[""2834""]",10-K/A,2022-04-29,0001437749-22-010269,False,False,[],False
2022-12-31,2023-12-31,True,1498382,"Kintara Therapeutics, Inc.","[""KTRA""]","[""2834""]",10-K,2022-09-27,0000950170-22-018865,False,False,[],False
2022-12-31,2023-12-31,True,1498403,BioLineRx Ltd.,"[""BLRX""]","[""2834""]",20-F/A,2022-09-09,0001178913-22-003376,False,False,[],False
2022-12-31,2023-12-31,True,1501697,"X4 Pharmaceuticals, Inc","[""XFOR"", ""XFOWW""]","[""2836""]",10-K,2022-03-17,0001628280-22-006547,False,False,[],False
2022-12-31,2023-12-31,True,1501756,"Adverum Biotechnologies, Inc.","[""ADVM""]","[""2836""]",10-K,2022-03-29,0001628280-22-007698,False,False,[],False
2022-12-31,2023-12-31,True,1501796,"Aura Biosciences, Inc.","[""AURA""]","[""2836""]",10-K,2022-03-23,0000950170-22-004425,False,False,[],False
2022-12-31,2023-12-31,True,1501989,"CytomX Therapeutics, Inc.","[""CTMX""]","[""2834""]",10-K,2022-03-01,0000950170-22-002519,False,False,[],False
2022-12-31,2023-12-31,True,1503802,Karyopharm Therapeutics Inc.,"[""KPTI""]","[""2834""]",10-K,2022-03-01,0000950170-22-002548,False,False,[],False
2022-12-31,2023-12-31,True,1504167,"Timber Pharmaceuticals, Inc.",[],"[""2834""]",10-K,2022-03-31,0001558370-22-004943,False,True,"[""41647ebede55140cf629""]",False
2022-12-31,2023-12-31,True,1505512,Regulus Therapeutics Inc.,"[""RGLS""]","[""2834""]",10-K,2022-03-11,0001628280-22-005771,False,False,[],False
2022-12-31,2023-12-31,True,1506184,IMMUTEP Ltd,"[""IMMP""]","[""2834""]",20-F,2022-10-31,0001193125-22-273026,False,False,[],False
2022-12-31,2023-12-31,True,1506251,"Citius Pharmaceuticals, Inc.","[""CTXR""]","[""2834""]",10-K,2022-12-22,0001213900-22-082217,False,False,[],False
2022-12-31,2023-12-31,True,1509261,"Rezolute, Inc.","[""RZLT""]","[""2834""]",10-K,2022-09-15,0001558370-22-014432,False,False,[],False
2022-12-31,2023-12-31,True,1509745,"LEAP THERAPEUTICS, INC.","[""LPTX""]","[""2834""]",10-K,2022-03-11,0001104659-22-032638,False,False,[],False
2022-12-31,2023-12-31,True,1512717,Theratechnologies Inc.,"[""THTX""]","[""2834""]",40-F,2022-02-24,0001193125-22-051136,False,False,[],False
2022-12-31,2023-12-31,True,1512762,"Coherus BioSciences, Inc.","[""CHRS""]","[""2836""]",10-K,2022-02-23,0001558370-22-001764,False,False,[],False
2022-12-31,2023-12-31,True,1513525,"ADIAL PHARMACEUTICALS, INC.","[""ADIL""]","[""2834""]",10-K,2022-03-28,0001213900-22-015562,False,False,[],False
2022-12-31,2023-12-31,True,1513818,"Aravive, Inc.",[],"[""2834""]",10-K,2022-03-31,0001437749-22-007827,False,False,[],False
2022-12-31,2023-12-31,True,1515673,Ultragenyx Pharmaceutical Inc.,"[""RARE""]","[""2834""]",10-K,2022-02-15,0000950170-22-001284,False,False,[],False
2022-12-31,2023-12-31,True,1517022,"Akebia Therapeutics, Inc.","[""AKBA""]","[""2834""]",10-K,2022-03-01,0001628280-22-004522,False,False,[],False
2022-12-31,2023-12-31,True,1520262,Alkermes plc.,"[""ALKS""]","[""2834""]",10-K/A,2022-04-29,0001564590-22-016808,False,False,[],False
2022-12-31,2023-12-31,True,1521036,"Lantheus Holdings, Inc.","[""LNTH""]","[""2835""]",10-K,2022-02-24,0001628280-22-003657,False,False,[],False
2022-12-31,2023-12-31,True,1522602,"CohBar, Inc.","[""CWBR""]","[""2834""]",10-K,2022-03-29,0001213900-22-015833,False,False,[],False
2022-12-31,2023-12-31,True,1526119,"Verastem, Inc.","[""VSTM""]","[""2834""]",10-K,2022-03-28,0001558370-22-004498,False,False,[],False
2022-12-31,2023-12-31,True,1527096,Miromatrix Medical Inc.,[],"[""2836""]",10-K,2022-03-30,0001558370-22-004763,True,True,"[""56cec21112ccab4286d9""]",False
2022-12-31,2023-12-31,True,1527599,"SYNLOGIC, INC.","[""SYBX""]","[""2834""]",10-K,2022-03-17,0001564590-22-010714,False,False,[],False
2022-12-31,2023-12-31,True,1528115,"Annexon, Inc.","[""ANNX""]","[""2834""]",10-K,2022-03-01,0001564590-22-008044,False,False,[],False
2022-12-31,2023-12-31,True,1532346,"Atreca, Inc.",[],"[""2834""]",10-K,2022-03-03,0001558370-22-002785,False,False,[],False
2022-12-31,2023-12-31,True,1533040,Phio Pharmaceuticals Corp.,"[""PHIO""]","[""2834""]",10-K/A,2022-04-29,0001683168-22-003052,False,False,[],False
2022-12-31,2023-12-31,True,1533743,"Processa Pharmaceuticals, Inc.","[""PCSA""]","[""2834""]",10-K/A,2022-05-02,0001493152-22-011777,False,False,[],False
2022-12-31,2023-12-31,True,1534120,"Avalo Therapeutics, Inc.","[""AVTX""]","[""2834""]",10-K,2022-03-02,0001628280-22-004671,False,False,[],False
2022-12-31,2023-12-31,True,1534133,"GRAYBUG VISION, INC.","[""CALC""]","[""2834""]",10-K,2022-03-11,0001564590-22-009728,False,True,"[""b33534019fc79c76334f""]",False
2022-12-31,2023-12-31,True,1534248,Chemomab Therapeutics Ltd.,"[""CMMB""]","[""2834""]",10-K,2022-03-30,0001178913-22-001304,False,False,[],False
2022-12-31,2023-12-31,True,1534525,"Xenetic Biosciences, Inc.","[""XBIO""]","[""2834""]",10-K/A,2022-04-28,0001683168-22-003011,False,False,[],False
2022-12-31,2023-12-31,True,1535955,Lipocine Inc.,"[""LPCN""]","[""2834""]",10-K,2022-03-09,0001493152-22-006353,False,False,[],False
2022-12-31,2023-12-31,True,1536196,Can-Fite BioPharma Ltd.,"[""CANF""]","[""2834""]",20-F,2022-03-24,0001213900-22-014672,False,False,[],False
2022-12-31,2023-12-31,True,1538210,"NexImmune, Inc.","[""NEXI""]","[""2834""]",10-K,2022-03-09,0001538210-22-000008,False,False,[],False
2022-12-31,2023-12-31,True,1539029,"Clearside Biomedical, Inc.","[""CLSD""]","[""2834""]",10-K,2022-03-11,0000950170-22-003468,False,False,[],False
2022-12-31,2023-12-31,True,1540159,"Edesa Biotech, Inc.","[""EDSA""]","[""2834""]",10-K,2022-12-16,0001654954-22-016633,False,False,[],False
2022-12-31,2023-12-31,True,1541157,Akari Therapeutics Plc,"[""AKTX""]","[""2834""]",20-F,2022-05-16,0001410578-22-001546,False,False,[],False
2022-12-31,2023-12-31,True,1544227,"Tempest Therapeutics, Inc.","[""TPST""]","[""2834""]",10-K/A,2022-04-01,0001193125-22-092417,False,False,[],False
2022-12-31,2023-12-31,True,1549595,"Nurix Therapeutics, Inc.","[""NRIX""]","[""2834""]",10-K,2022-01-28,0001564590-22-003007,False,False,[],False
2022-12-31,2023-12-31,True,1551152,AbbVie Inc.,"[""ABBV""]","[""2834""]",10-K,2022-02-18,0001551152-22-000007,False,False,[],False
2022-12-31,2023-12-31,True,1551986,"9 METERS BIOPHARMA, INC.","[""NMTRQ""]","[""2834""]",10-K,2022-03-23,0001551986-22-000030,False,False,[],False
2022-12-31,2023-12-31,True,1552189,"PANACEA LIFE SCIENCES HOLDINGS, INC.","[""PLSH""]","[""2833""]",10-K/A,2022-06-27,0001493152-22-017828,False,False,[],False
2022-12-31,2023-12-31,True,1553643,"RELMADA THERAPEUTICS, INC.","[""RLMD""]","[""2834""]",10-K,2022-03-25,0001213900-22-015012,False,False,[],False
2022-12-31,2023-12-31,True,1553846,RedHill Biopharma Ltd.,"[""RDHL""]","[""2834""]",20-F,2022-03-17,0001558370-22-003806,False,False,[],False
2022-12-31,2023-12-31,True,1555280,Zoetis Inc.,"[""ZTS""]","[""2834""]",10-K,2022-02-15,0001555280-22-000078,False,False,[],False
2022-12-31,2023-12-31,True,1556263,"Syros Pharmaceuticals, Inc.","[""SYRS""]","[""2834""]",10-K,2022-03-15,0001564590-22-010214,False,False,[],False
2022-12-31,2023-12-31,True,1557746,"Aclaris Therapeutics, Inc.","[""ACRS""]","[""2834""]",10-K,2022-02-24,0001558370-22-001838,False,False,[],False
2022-12-31,2023-12-31,True,1558569,iSpecimen Inc.,"[""ISPC""]","[""8731""]",10-K,2022-03-22,0001558370-22-004077,False,False,[],False
2022-12-31,2023-12-31,True,1559053,PROTHENA CORP PUBLIC LTD CO,"[""PRTA""]","[""2834""]",10-K,2022-02-25,0001559053-22-000008,False,False,[],False
2022-12-31,2023-12-31,True,1560241,"G1 Therapeutics, Inc.","[""GTHX""]","[""2834""]",10-K,2022-02-23,0001564590-22-006299,False,False,[],False
2022-12-31,2023-12-31,True,1563577,"Galera Therapeutics, Inc.","[""GRTX""]","[""2834""]",10-K,2022-03-10,0000950170-22-003292,False,False,[],False
2022-12-31,2023-12-31,True,1563880,"Trevi Therapeutics, Inc.","[""TRVI""]","[""2834""]",10-K,2022-03-17,0001564590-22-010875,False,False,[],False
2022-12-31,2023-12-31,True,1564824,Allakos Inc.,"[""ALLK""]","[""2834""]",10-K,2022-03-01,0000950170-22-002542,False,False,[],False
2022-12-31,2023-12-31,True,1566044,VYNE Therapeutics Inc.,"[""VYNE""]","[""2834""]",10-K,2022-03-17,0001628280-22-006545,False,False,[],False
2022-12-31,2023-12-31,True,1567514,"Intra-Cellular Therapies, Inc.","[""ITCI""]","[""2834""]",10-K,2022-03-01,0001193125-22-059849,False,False,[],False
2022-12-31,2023-12-31,True,1567529,KAMADA LTD,"[""KMDA""]","[""2834""]",20-F,2022-03-15,0001213900-22-012308,False,False,[],False
2022-12-31,2023-12-31,True,1567892,Mallinckrodt plc,[],"[""2834""]",10-K,2022-03-15,0001567892-22-000007,False,False,[],False
2022-12-31,2023-12-31,True,1570562,"Evolus, Inc.","[""EOLS""]","[""2834""]",10-K,2022-03-03,0001570562-22-000067,False,False,[],False
2022-12-31,2023-12-31,True,1571934,"Synaptogenix, Inc.","[""SNPX""]","[""2834""]",10-K,2022-03-29,0001410578-22-000610,False,False,[],False
2022-12-31,2023-12-31,True,1574094,"RenovoRx, Inc.","[""RNXT""]","[""2834""]",10-K,2022-03-30,0001493152-22-008080,False,False,[],False
2022-12-31,2023-12-31,True,1574232,Addex Therapeutics Ltd.,"[""ADXN""]","[""2834""]",20-F,2022-03-10,0001104659-22-032171,False,False,[],False
2022-12-31,2023-12-31,True,1574235,"Pulmatrix, Inc.","[""PULM""]","[""2834""]",10-K,2022-03-29,0001493152-22-007957,False,False,[],False
2022-12-31,2023-12-31,True,1576263,"Mirati Therapeutics, Inc.",[],"[""2834""]",10-K,2022-02-28,0001628280-22-004246,False,True,"[""a402f1930d1e2b477f7e""]",False
2022-12-31,2023-12-31,True,1576885,"Acumen Pharmaceuticals, Inc.","[""ABOS""]","[""2836""]",10-K,2022-03-28,0001193125-22-086775,False,False,[],False
2022-12-31,2023-12-31,True,1579428,"Axsome Therapeutics, Inc.","[""AXSM""]","[""2834""]",10-K,2022-03-01,0000950170-22-002568,False,False,[],False
2022-12-31,2023-12-31,True,1580149,BIOVIE INC.,"[""BIVI""]","[""2834""]",10-K,2022-09-27,0001520138-22-000437,False,False,[],False
2022-12-31,2023-12-31,True,1581280,Twist Bioscience Corp,"[""TWST""]","[""2836""]",10-K,2022-11-28,0001628280-22-030817,False,False,[],False
2022-12-31,2023-12-31,True,1582313,Xenon Pharmaceuticals Inc.,"[""XENE""]","[""2834""]",10-K,2022-03-01,0001564590-22-008060,False,False,[],False
2022-12-31,2023-12-31,True,1582554,"Matinas BioPharma Holdings, Inc.","[""MTNB""]","[""2834""]",10-K/A,2022-03-11,0001493152-22-006614,False,False,[],False
2022-12-31,2023-12-31,True,1583107,"Theravance Biopharma, Inc.","[""TBPH""]","[""2834""]",10-K,2022-02-28,0001558370-22-002373,False,False,[],False
2022-12-31,2023-12-31,True,1583648,"PIERIS PHARMACEUTICALS, INC.","[""PIRS""]","[""2834""]",10-K/A,2022-07-06,0001583648-22-000057,False,False,[],False
2022-12-31,2023-12-31,True,1583771,"Hepion Pharmaceuticals, Inc.","[""HEPA"", ""CTRVP""]","[""2834""]",10-K,2022-04-08,0001583771-22-000003,False,False,[],False
2022-12-31,2023-12-31,True,1585364,PERRIGO Co plc,"[""PRGO""]","[""2834""]",10-K,2022-03-01,0001585364-22-000011,False,False,[],False
2022-12-31,2023-12-31,True,1585608,"Jaguar Health, Inc.","[""JAGX""]","[""2834""]",10-K,2022-03-11,0001558370-22-003435,False,False,[],False
2022-12-31,2023-12-31,True,1587221,Zosano Pharma Corp,[],"[""2834""]",10-K/A,2022-04-29,0001587221-22-000025,False,False,[],False
2022-12-31,2023-12-31,True,1588972,"Recro Pharma, Inc.",[],"[""2834""]",10-K,2022-03-01,0000950170-22-002545,False,False,[],False
2022-12-31,2023-12-31,True,1590560,uniQure N.V.,"[""QURE""]","[""2834""]",10-K,2022-02-25,0001558370-22-002050,False,False,[],False
2022-12-31,2023-12-31,True,1590877,REGENXBIO Inc.,"[""RGNX""]","[""2836""]",10-K,2022-03-01,0001564590-22-008055,False,False,[],False
2022-12-31,2023-12-31,True,1593034,Endo International plc,[],"[""2834""]",10-K,2022-03-01,0001593034-22-000012,False,False,[],False
2022-12-31,2023-12-31,True,1593899,"Atea Pharmaceuticals, Inc.","[""AVIR""]","[""2834""]",10-K,2022-02-28,0001564590-22-007672,False,False,[],False
2022-12-31,2023-12-31,True,1593984,MediWound Ltd.,"[""MDWD""]","[""2833""]",20-F,2022-03-17,0001178913-22-001161,False,False,[],False
2022-12-31,2023-12-31,True,1595097,"Corbus Pharmaceuticals Holdings, Inc.","[""CRBP""]","[""2834""]",10-K,2022-03-08,0000950170-22-003145,False,False,[],False
2022-12-31,2023-12-31,True,1595248,"Genprex, Inc.","[""GNPX""]","[""2834""]",10-K,2022-03-30,0001437749-22-007680,False,False,[],False
2022-12-31,2023-12-31,True,1595353,Galmed Pharmaceuticals Ltd.,"[""GLMD""]","[""2834""]",20-F,2022-05-02,0001493152-22-011729,False,False,[],False
2022-12-31,2023-12-31,True,1595585,"Tricida, Inc.",[],"[""2834""]",10-K,2022-03-29,0001595585-22-000028,False,False,[],False
2022-12-31,2023-12-31,True,1596783,"Catalent, Inc.","[""CTLT""]","[""2834""]",10-K,2022-08-29,0001596783-22-000129,False,False,[],False
2022-12-31,2023-12-31,True,1596812,Enlivex Therapeutics Ltd.,"[""ENLV""]","[""2834""]",20-F,2022-04-29,0001213900-22-022527,False,False,[],False
2022-12-31,2023-12-31,True,1596946,Quotient Ltd,[],"[""2835""]",10-K,2022-06-28,0000950170-22-012280,False,True,"[""34d363dee2dc92c78772""]",False
2022-12-31,2023-12-31,True,1597264,Blueprint Medicines Corp,"[""BPMC""]","[""2834""]",10-K,2022-02-17,0001558370-22-001316,False,False,[],False
2022-12-31,2023-12-31,True,1597553,"Sage Therapeutics, Inc.","[""SAGE""]","[""2834""]",10-K,2022-02-24,0001564590-22-006495,False,False,[],False
2022-12-31,2023-12-31,True,1598599,Innate Pharma SA,"[""IPHA"", ""IPHYF""]","[""2836""]",20-F,2022-04-04,0001628280-22-008197,False,False,[],False
2022-12-31,2023-12-31,True,1598646,"Minerva Neurosciences, Inc.","[""NERV""]","[""2834""]",10-K,2022-03-01,0001564590-22-007853,False,False,[],False
2022-12-31,2023-12-31,True,1599298,Summit Therapeutics Inc.,"[""SMMT""]","[""2834""]",10-K/A,2022-12-21,0001599298-22-000147,False,False,[],False
2022-12-31,2023-12-31,True,1599901,"Avidity Biosciences, Inc.","[""RNA""]","[""2834""]",10-K,2022-03-01,0001564590-22-008049,False,False,[],False
2022-12-31,2023-12-31,True,1600132,"Bellerophon Therapeutics, Inc.","[""BLPH""]","[""2834""]",10-K,2022-03-31,0001558370-22-004898,False,False,[],False
2022-12-31,2023-12-31,True,1600620,Aurinia Pharmaceuticals Inc.,"[""AUPH""]","[""2834""]",10-K,2022-02-28,0001628280-22-004082,False,False,[],False
2022-12-31,2023-12-31,True,1600847,Gamida Cell Ltd.,[],"[""2836""]",10-K,2022-03-24,0001213900-22-014643,False,False,[],False
2022-12-31,2023-12-31,True,1601485,Angion Biomedica Corp.,"[""ELTX""]","[""2834""]",10-K,2022-03-30,0001601485-22-000022,False,False,[],False
2022-12-31,2023-12-31,True,1601830,"RECURSION PHARMACEUTICALS, INC.","[""RXRX""]","[""2836""]",10-K,2022-03-23,0001601830-22-000012,False,False,[],False
2022-12-31,2023-12-31,True,1601936,Altamira Therapeutics Ltd.,"[""CYTO""]","[""2834""]",20-F,2022-04-12,0001213900-22-019292,False,False,[],False
2022-12-31,2023-12-31,True,1603207,Vascular Biogenics Ltd.,"[""NTBL""]","[""2834""]",20-F,2022-03-23,0001493152-22-007493,False,False,[],False
2022-12-31,2023-12-31,True,1604191,"First Wave BioPharma, Inc.","[""ENTO""]","[""2834""]",10-K/A,2022-05-10,0001140361-22-018492,False,False,[],False
2022-12-31,2023-12-31,True,1604464,"Atara Biotherapeutics, Inc.","[""ATRA""]","[""2836""]",10-K,2022-02-28,0001564590-22-007633,False,False,[],False
2022-12-31,2023-12-31,True,1604477,SQZ Biotechnologies Co,[],"[""2836""]",10-K,2022-03-16,0000950170-22-003930,False,False,[],False
2022-12-31,2023-12-31,True,1604924,Forward Pharma A/S,[],"[""2834""]",20-F,2022-04-08,0001104659-22-044294,False,False,[],False
2022-12-31,2023-12-31,True,1604950,scPharmaceuticals Inc.,"[""SCPH""]","[""2834""]",10-K,2022-03-22,0000950170-22-004297,False,False,[],False
2022-12-31,2023-12-31,True,1607678,"Viking Therapeutics, Inc.","[""VKTX""]","[""2834""]",10-K,2022-02-09,0001564590-22-004429,False,False,[],False
2022-12-31,2023-12-31,True,1608390,Affimed N.V.,"[""AFMD""]","[""2834""]",20-F,2022-03-31,0001104659-22-040613,False,False,[],False
2022-12-31,2023-12-31,True,1609809,"Seres Therapeutics, Inc.","[""MCRB""]","[""2834""]",10-K,2022-03-01,0000950170-22-002435,False,False,[],False
2022-12-31,2023-12-31,True,1610618,"Cidara Therapeutics, Inc.","[""CDTX""]","[""2836""]",10-K,2022-03-07,0001610618-22-000007,False,False,[],False
2022-12-31,2023-12-31,True,1610820,BriaCell Therapeutics Corp.,"[""BCTX"", ""BCTXW""]","[""2834""]",10-K,2022-10-28,0001493152-22-029742,False,False,[],False
2022-12-31,2023-12-31,True,1610950,"Syneos Health, Inc.",[],"[""8731""]",10-K,2022-02-17,0001564590-22-005428,False,True,"[""a3c7a7e040a0e5f6f766""]",False
2022-12-31,2023-12-31,True,1611746,SciSparc Ltd.,"[""SPRC""]","[""2834""]",20-F,2022-04-28,0001213900-22-022294,False,False,[],False
2022-12-31,2023-12-31,True,1611747,BiondVax Pharmaceuticals Ltd.,"[""SCNI""]","[""2836""]",20-F,2022-03-28,0001213900-22-015270,False,False,[],False
2022-12-31,2023-12-31,True,1612042,Ascendis Pharma A/S,"[""ASND""]","[""2834""]",20-F,2022-03-02,0001193125-22-062998,False,False,[],False
2022-12-31,2023-12-31,True,1612940,ProQR Therapeutics N.V.,"[""PRQR""]","[""2834""]",20-F,2022-04-29,0001558370-22-006395,False,False,[],False
2022-12-31,2023-12-31,True,1613780,DBV Technologies S.A.,"[""DBVT""]","[""2836""]",10-K,2022-03-09,0001193125-22-070467,False,False,[],False
2022-12-31,2023-12-31,True,1614067,"Aridis Pharmaceuticals, Inc.","[""ARDS""]","[""2834""]",10-K,2022-04-13,0001104659-22-045482,False,False,[],False
2022-12-31,2023-12-31,True,1614744,PURPLE BIOTECH LTD.,"[""PPBT""]","[""2834""]",20-F,2022-03-09,0001213900-22-011191,False,False,[],False
2022-12-31,2023-12-31,True,1615219,"Salarius Pharmaceuticals, Inc.","[""SLRX""]","[""2834""]",10-K,2022-03-25,0001615219-22-000028,False,False,[],False
2022-12-31,2023-12-31,True,1618835,"Evofem Biosciences, Inc.","[""EVFM""]","[""2834""]",10-K,2022-03-10,0001618835-22-000057,False,False,[],False
2022-12-31,2023-12-31,True,1619856,"Caribou Biosciences, Inc.","[""CRBU""]","[""2836""]",10-K,2022-03-21,0000950170-22-004233,False,False,[],False
2022-12-31,2023-12-31,True,1620463,"Athira Pharma, Inc.","[""ATHA""]","[""2836""]",10-K,2022-03-28,0000950170-22-004782,False,False,[],False
2022-12-31,2023-12-31,True,1620737,ORGANIGRAM HOLDINGS INC.,"[""OGI""]","[""2834""]",40-F,2022-11-29,0001628280-22-030921,False,False,[],False
2022-12-31,2023-12-31,True,1621227,Adaptimmune Therapeutics PLC,"[""ADAP""]","[""2836""]",10-K,2022-03-14,0001558370-22-003489,False,False,[],False
2022-12-31,2023-12-31,True,1621443,"Zynerba Pharmaceuticals, Inc.",[],"[""2834""]",10-K,2022-03-01,0001558370-22-002451,True,True,"[""893ea9dcf9dd69421575""]",False
2022-12-31,2023-12-31,True,1622229,"Cogent Biosciences, Inc.","[""COGT""]","[""2834""]",10-K,2022-03-15,0001564590-22-010238,False,False,[],False
2022-12-31,2023-12-31,True,1623526,"Stoke Therapeutics, Inc.","[""STOK""]","[""2834""]",10-K,2022-03-10,0001564590-22-009634,False,False,[],False
2022-12-31,2023-12-31,True,1624422,Erytech Pharma S.A.,[],"[""2836""]",20-F,2022-04-27,0001624422-22-000014,False,False,[],False
2022-12-31,2023-12-31,True,1624658,"Allena Pharmaceuticals, Inc.",[],"[""2836""]",10-K/A,2022-04-29,0000950170-22-006719,False,False,[],False
2022-12-31,2023-12-31,True,1626199,"ALPINE IMMUNE SCIENCES, INC.",[],"[""2834""]",10-K,2022-03-17,0001626199-22-000032,False,False,[],False
2022-12-31,2023-12-31,True,1626878,XBiotech Inc.,"[""XBIT""]","[""2834""]",10-K,2022-03-15,0001171843-22-001904,False,False,[],False
2022-12-31,2023-12-31,True,1626971,"Corvus Pharmaceuticals, Inc.","[""CRVS""]","[""2834""]",10-K,2022-03-10,0001558370-22-003281,False,False,[],False
2022-12-31,2023-12-31,True,1627281,Cellectis S.A.,"[""CLLS""]","[""2836""]",20-F,2022-03-03,0001193125-22-064482,False,False,[],False
2022-12-31,2023-12-31,True,1628171,"Revolution Medicines, Inc.","[""RVMD"", ""RVMDW""]","[""2836""]",10-K,2022-02-28,0000950170-22-002297,False,True,"[""40e8073f3d9c2af65e88""]",False
2022-12-31,2023-12-31,True,1631574,Wave Life Sciences Ltd.,"[""WVE""]","[""2834""]",10-K/A,2022-04-28,0001193125-22-127544,False,False,[],False
2022-12-31,2023-12-31,True,1633070,Axcella Health Inc.,[],"[""2836""]",10-K,2022-03-30,0001633070-22-000010,False,False,[],False
2022-12-31,2023-12-31,True,1633932,ESSA Pharma Inc.,"[""EPIX""]","[""2834""]",10-K,2022-12-13,0001558370-22-018570,False,False,[],False
2022-12-31,2023-12-31,True,1635088,Roivant Sciences Ltd.,"[""ROIV""]","[""2834""]",10-K,2022-06-28,0001193125-22-183362,False,False,[],False
2022-12-31,2023-12-31,True,1636050,Sio Gene Therapies Inc.,[],"[""2834""]",10-K,2022-06-14,0001636050-22-000035,False,True,"[""ded3ec318051082f4aac""]",False
2022-12-31,2023-12-31,True,1636282,"Aeglea BioTherapeutics, Inc.","[""SYRE""]","[""2834""]",10-K,2022-03-08,0001564590-22-008995,False,False,[],False
2022-12-31,2023-12-31,True,1636651,Ovid Therapeutics Inc.,"[""OVID""]","[""2834""]",10-K,2022-03-15,0000950170-22-003668,False,False,[],False
2022-12-31,2023-12-31,True,1637715,"Reneo Pharmaceuticals, Inc.","[""RPHM""]","[""2834""]",10-K,2022-03-23,0001558370-22-004158,False,False,[],False
2022-12-31,2023-12-31,True,1637890,Celyad Oncology SA,[],"[""2834""]",20-F,2022-03-24,0001193125-22-083976,False,False,[],False
2022-12-31,2023-12-31,True,1638097,Entera Bio Ltd.,"[""ENTX""]","[""2836""]",10-K/A,2022-04-29,0001178913-22-001706,False,False,[],False
2022-12-31,2023-12-31,True,1638287,"NeuroBo Pharmaceuticals, Inc.","[""NRBO""]","[""2834""]",10-K,2022-03-31,0001558370-22-004958,False,False,[],False
2022-12-31,2023-12-31,True,1640266,"Voyager Therapeutics, Inc.","[""VYGR""]","[""2836""]",10-K,2022-03-08,0001558370-22-003015,False,False,[],False
2022-12-31,2023-12-31,True,1640455,"Jounce Therapeutics, Inc.",[],"[""2836""]",10-K,2022-03-02,0001640455-22-000029,True,True,"[""97fb3f8fbb92b761a0e7""]",False
2022-12-31,2023-12-31,True,1641281,"Bolt Biotherapeutics, Inc.","[""BOLT""]","[""2834""]",10-K,2022-03-30,0000950170-22-005047,False,False,[],False
2022-12-31,2023-12-31,True,1641489,vTv Therapeutics Inc.,"[""VTVT""]","[""2834""]",10-K/A,2022-04-05,0001140361-22-013213,False,False,[],False
2022-12-31,2023-12-31,True,1641640,Nabriva Therapeutics plc,[],"[""2834""]",10-K,2022-03-29,0001558370-22-004615,False,False,[],False
2022-12-31,2023-12-31,True,1642375,"Guardion Health Sciences, Inc.","[""GHSI""]","[""2834""]",10-K,2022-03-31,0001493152-22-008581,False,False,[],False
2022-12-31,2023-12-31,True,1642380,Oncocyte Corp,"[""OCX""]","[""2835""]",10-K/A,2022-05-02,0001493152-22-011784,False,False,[],False
2022-12-31,2023-12-31,True,1643918,Midatech Pharma Plc,"[""BDRX""]","[""2834""]",20-F,2022-04-26,0001214659-22-005798,False,False,[],False
2022-12-31,2023-12-31,True,1644963,"AVENUE THERAPEUTICS, INC.","[""ATXI""]","[""2834""]",10-K,2022-03-25,0001410578-22-000516,False,False,[],False
2022-12-31,2023-12-31,True,1645460,"Cue Biopharma, Inc.","[""CUE""]","[""2834""]",10-K,2022-03-16,0000950170-22-003969,False,False,[],False
2022-12-31,2023-12-31,True,1645469,Monopar Therapeutics,"[""MNPR""]","[""2834""]",10-K,2022-03-24,0001654954-22-003701,False,False,[],False
2022-12-31,2023-12-31,True,1645569,"DICE Therapeutics, Inc.",[],"[""2834""]",10-K,2022-03-28,0001564590-22-011972,True,True,"[""6443e54a16f70942c839""]",False
2022-12-31,2023-12-31,True,1645666,"Kezar Life Sciences, Inc.","[""KZR""]","[""2834""]",10-K,2022-03-17,0000950170-22-004085,False,False,[],False
2022-12-31,2023-12-31,True,1648257,HUTCHMED (China) Ltd,"[""HCM"", ""HMDCF""]","[""2834""]",20-F,2022-03-03,0001104659-22-029752,False,False,[],False
2022-12-31,2023-12-31,True,1649094,"Vaxcyte, Inc.","[""PCVX""]","[""2836""]",10-K,2022-02-28,0000950170-22-002281,False,False,[],False
2022-12-31,2023-12-31,True,1649904,"RHYTHM PHARMACEUTICALS, INC.","[""RYTM""]","[""2834""]",10-K,2022-03-01,0001558370-22-002543,False,False,[],False
2022-12-31,2023-12-31,True,1649989,"Outlook Therapeutics, Inc.","[""OTLK""]","[""2836""]",10-K,2022-12-29,0001558370-22-019036,False,False,[],False
2022-12-31,2023-12-31,True,1650648,4D Molecular Therapeutics Inc.,"[""FDMT""]","[""2836""]",10-K,2022-03-28,0000950170-22-004794,False,False,[],False
2022-12-31,2023-12-31,True,1650664,"Editas Medicine, Inc.","[""EDIT""]","[""2836""]",10-K,2022-02-24,0001558370-22-001950,False,False,[],False
2022-12-31,2023-12-31,True,1651308,"BeiGene, Ltd.","[""BGNE"", ""BEIGF""]","[""2834""]",10-K,2022-02-28,0001651308-22-000032,False,False,[],False
2022-12-31,2023-12-31,True,1651311,Merus N.V.,"[""MRUS""]","[""2834""]",10-K,2022-02-28,0001564590-22-007622,False,False,[],False
2022-12-31,2023-12-31,True,1651407,"Checkpoint Therapeutics, Inc.","[""CKPT""]","[""2834""]",10-K,2022-03-28,0001410578-22-000556,False,False,[],False
2022-12-31,2023-12-31,True,1651625,AC Immune SA,"[""ACIU""]","[""2834""]",20-F,2022-03-22,0001140361-22-010439,False,False,[],False
2022-12-31,2023-12-31,True,1652130,"Intellia Therapeutics, Inc.","[""NTLA""]","[""2835""]",10-K,2022-02-24,0000950170-22-001981,False,False,[],False
2022-12-31,2023-12-31,True,1652724,"Lucira Health, Inc.",[],"[""2835""]",10-K,2022-03-31,0001564590-22-013030,False,False,[],False
2022-12-31,2023-12-31,True,1653087,"Alector, Inc.","[""ALEC""]","[""2836""]",10-K,2022-02-24,0000950170-22-001979,False,False,[],False
2022-12-31,2023-12-31,True,1654151,"Deciphera Pharmaceuticals, Inc.",[],"[""2834""]",10-K,2022-02-08,0001654151-22-000003,False,False,[],False
2022-12-31,2023-12-31,True,1655759,"ARVINAS, INC.","[""ARVN""]","[""2834""]",10-K,2022-02-28,0001628280-22-004262,False,False,[],False
2022-12-31,2023-12-31,True,1656472,Cronos Group Inc.,"[""CRON""]","[""2833""]",10-K,2022-03-01,0001656472-22-000034,False,False,[],False
2022-12-31,2023-12-31,True,1656536,"Decibel Therapeutics, Inc.",[],"[""2834""]",10-K,2022-03-18,0000950170-22-004130,True,True,"[""374cd551df51f0fa3c37""]",False
2022-12-31,2023-12-31,True,1656634,"Gritstone bio, Inc.","[""GRTS""]","[""2836""]",10-K/A,2022-05-03,0000950170-22-007108,False,False,[],False
2022-12-31,2023-12-31,True,1657312,Verona Pharma plc,"[""VRNA""]","[""2834""]",10-K,2022-03-03,0001657312-22-000010,False,False,[],False
2022-12-31,2023-12-31,True,1658247,"Crinetics Pharmaceuticals, Inc.","[""CRNX""]","[""2834""]",10-K,2022-03-30,0000950170-22-005050,False,False,[],False
2022-12-31,2023-12-31,True,1658551,"Amylyx Pharmaceuticals, Inc.","[""AMLX""]","[""2834""]",10-K,2022-03-31,0000950170-22-005157,False,False,[],False
2022-12-31,2023-12-31,True,1659323,Iterum Therapeutics plc,"[""ITRM""]","[""2834""]",10-K,2022-03-28,0001564590-22-011897,False,False,[],False
2022-12-31,2023-12-31,True,1659352,"Codiak BioSciences, Inc.",[],"[""2836""]",10-K,2022-03-10,0000950170-22-003373,False,False,[],False
2022-12-31,2023-12-31,True,1659617,"Moleculin Biotech, Inc.","[""MBRX""]","[""2834""]",10-K,2022-03-24,0001437749-22-007103,False,False,[],False
2022-12-31,2023-12-31,True,1660046,Immuron Ltd,"[""IMRN""]","[""2834""]",20-F,2022-09-09,0001213900-22-054904,False,False,[],False
2022-12-31,2023-12-31,True,1660334,Verrica Pharmaceuticals Inc.,"[""VRCA""]","[""2834""]",10-K,2022-03-02,0000950170-22-002685,False,False,[],False
2022-12-31,2023-12-31,True,1661059,"NextCure, Inc.","[""NXTC""]","[""2834""]",10-K,2022-03-03,0001558370-22-002824,False,False,[],False
2022-12-31,2023-12-31,True,1661181,Organogenesis Holdings Inc.,"[""ORGO""]","[""2834""]",10-K/A,2022-04-29,0001193125-22-133843,False,False,[],False
2022-12-31,2023-12-31,True,1661460,"Poseida Therapeutics, Inc.","[""PSTX""]","[""2836""]",10-K,2022-03-10,0001564590-22-009681,False,False,[],False
2022-12-31,2023-12-31,True,1661998,"Homology Medicines, Inc.","[""QTTB""]","[""2834""]",10-K,2022-03-23,0000950170-22-004401,False,False,[],False
2022-12-31,2023-12-31,True,1662244,"Cyteir Therapeutics, Inc.",[],"[""2834""]",10-K,2022-03-16,0000950170-22-003914,False,True,"[""a76adad447825ce2de0e""]",False
2022-12-31,2023-12-31,True,1662579,"C4 Therapeutics, Inc.","[""CCCC""]","[""2836""]",10-K,2022-02-24,0001564590-22-006499,False,False,[],False
2022-12-31,2023-12-31,True,1662774,"Cortexyme, Inc.","[""QNCX""]","[""2836""]",10-K,2022-03-01,0000950170-22-002571,False,False,[],False
2022-12-31,2023-12-31,True,1664710,"Keros Therapeutics, Inc.","[""KROS""]","[""2834""]",10-K,2022-03-09,0001664710-22-000011,False,False,[],False
2022-12-31,2023-12-31,True,1668243,UroGen Pharma Ltd.,"[""URGN""]","[""2834""]",10-K,2022-03-21,0001437749-22-006778,False,False,[],False
2022-12-31,2023-12-31,True,1668397,"Medpace Holdings, Inc.","[""MEDP""]","[""8731""]",10-K,2022-02-15,0000950170-22-001280,False,False,[],False
2022-12-31,2023-12-31,True,1671584,Aptevo Therapeutics Inc.,"[""APVO""]","[""2834""]",10-K,2022-03-24,0001564590-22-011575,False,False,[],False
2022-12-31,2023-12-31,True,1671818,"Oncorus, Inc.",[],"[""2834""]",10-K/A,2022-04-29,0000950170-22-006709,False,False,[],False
2022-12-31,2023-12-31,True,1671927,Immunocore Holdings plc,"[""IMCR""]","[""2836""]",20-F,2022-03-03,0001140361-22-007578,False,False,[],False
2022-12-31,2023-12-31,True,1672688,Absci Corp,"[""ABSI""]","[""8731""]",10-K,2022-03-22,0001628280-22-006925,False,False,[],False
2022-12-31,2023-12-31,True,1673772,"RAPT Therapeutics, Inc.","[""RAPT""]","[""2834""]",10-K,2022-03-10,0001564590-22-009488,False,False,[],False
2022-12-31,2023-12-31,True,1674365,Aptinyx Inc.,[],"[""2834""]",10-K,2022-03-23,0001558370-22-004153,False,False,[],False
2022-12-31,2023-12-31,True,1674416,CRISPR Therapeutics AG,"[""CRSP""]","[""2836""]",10-K,2022-02-15,0000950170-22-001282,False,False,[],False
2022-12-31,2023-12-31,True,1674988,Zealand Pharma A/S,[],"[""2834""]",20-F/A,2022-04-05,0001104659-22-042831,False,False,[],False
2022-12-31,2023-12-31,True,1676725,"IDEAYA Biosciences, Inc.","[""IDYA""]","[""2834""]",10-K,2022-03-18,0001564590-22-010922,False,False,[],False
2022-12-31,2023-12-31,True,1677077,"Alzamend Neuro, Inc.","[""ALZN""]","[""2834""]",10-K,2022-07-19,0001214659-22-008985,False,False,[],False
2022-12-31,2023-12-31,True,1677940,BeyondSpring Inc.,"[""BYSI""]","[""2834""]",20-F,2022-04-14,0001171843-22-002583,False,False,[],False
2022-12-31,2023-12-31,True,1678660,Prelude Therapeutics Inc,"[""PRLD""]","[""2834""]",10-K,2022-03-17,0001564590-22-010723,False,False,[],False
2022-12-31,2023-12-31,True,1679082,Myovant Sciences Ltd.,[],"[""2834""]",10-K,2022-05-11,0001679082-22-000071,False,True,"[""d7cf4c0d85e92f90ffac""]",False
2022-12-31,2023-12-31,True,1679363,"Morphic Holding, Inc.",[],"[""2834""]",10-K,2022-02-24,0001679363-22-000010,False,False,[],False
2022-12-31,2023-12-31,True,1680048,"MUSTANG BIO, INC.","[""MBIO""]","[""2834""]",10-K,2022-03-23,0001558370-22-004143,False,False,[],False
2022-12-31,2023-12-31,True,1680367,"Shattuck Labs, Inc.","[""STTK""]","[""2834""]",10-K,2022-03-15,0001680367-22-000005,False,False,[],False
2022-12-31,2023-12-31,True,1680581,"Fulcrum Therapeutics, Inc.","[""FULC""]","[""2834""]",10-K,2022-03-03,0000950170-22-002727,False,False,[],False
2022-12-31,2023-12-31,True,1681087,"AVROBIO, Inc.","[""TECX""]","[""2836""]",10-K,2022-03-17,0001564590-22-010895,False,False,[],False
2022-12-31,2023-12-31,True,1682639,"EYENOVIA, INC.","[""EYEN""]","[""2834""]",10-K,2022-03-30,0001410578-22-000649,False,False,[],False
2022-12-31,2023-12-31,True,1682852,"Moderna, Inc.","[""MRNA""]","[""2836""]",10-K,2022-02-25,0001682852-22-000012,False,False,[],False
2022-12-31,2023-12-31,True,1683541,AURORA CANNABIS INC,"[""ACB""]","[""2833""]",40-F,2022-09-21,0001683541-22-000002,False,False,[],False
2022-12-31,2023-12-31,True,1683553,"SPRUCE BIOSCIENCES, INC.","[""SPRB""]","[""2834""]",10-K,2022-03-14,0000950170-22-003582,False,False,[],False
2022-12-31,2023-12-31,True,1684144,Zomedica Corp.,"[""ZOM""]","[""2834""]",10-K,2022-03-01,0001654954-22-002343,False,False,[],False
2022-12-31,2023-12-31,True,1684693,Sol-Gel Technologies Ltd.,"[""SLGL""]","[""2834""]",20-F/A,2022-04-07,0001178913-22-001452,False,False,[],False
2022-12-31,2023-12-31,True,1685316,ObsEva SA,[],"[""2834""]",20-F,2022-03-10,0001564590-22-009472,False,False,[],False
2022-12-31,2023-12-31,True,1685428,LumiraDx Ltd,[],"[""2834""]",20-F,2022-04-13,0000950170-22-005635,False,False,[],False
2022-12-31,2023-12-31,True,1689375,"Entrada Therapeutics, Inc.","[""TRDA""]","[""2834""]",10-K,2022-03-15,0001558370-22-003614,False,False,[],False
2022-12-31,2023-12-31,True,1689548,"Praxis Precision Medicines, Inc.","[""PRAX""]","[""2834""]",10-K,2022-02-28,0001689548-22-000014,False,False,[],False
2022-12-31,2023-12-31,True,1690080,180 Life Sciences Corp.,"[""ATNF"", ""ATNFW""]","[""2834""]",10-K/A,2022-04-28,0001213900-22-022351,False,False,[],False
2022-12-31,2023-12-31,True,1690585,"Magenta Therapeutics, Inc.","[""DNTH""]","[""2834""]",10-K,2022-03-08,0001193125-22-068759,False,False,[],False
2022-12-31,2023-12-31,True,1690947,HEXO Corp.,[],"[""2833""]",40-F,2022-11-01,0001062993-22-021303,False,False,[],False
2022-12-31,2023-12-31,True,1692830,"Satsuma Pharmaceuticals, Inc.",[],"[""2834""]",10-K,2022-03-15,0001564590-22-010433,True,True,"[""b27e416a0dd83cdc39ad""]",False
2022-12-31,2023-12-31,True,1693011,"Inozyme Pharma, Inc.","[""INZY""]","[""2834""]",10-K/A,2022-03-31,0000950170-22-005237,False,False,[],False
2022-12-31,2023-12-31,True,1694665,"Evelo Biosciences, Inc.","[""EVLO""]","[""2834""]",10-K,2022-03-24,0001694665-22-000047,False,False,[],False
2022-12-31,2023-12-31,True,1695357,"Provention Bio, Inc.",[],"[""2834""]",10-K,2022-02-24,0001493152-22-005304,True,True,"[""9ad4cc25e845241a16af""]",False
2022-12-31,2023-12-31,True,1696396,Stealth BioTherapeutics Corp,[],"[""2834""]",20-F,2022-04-07,0000950170-22-005474,False,False,[],False
2022-12-31,2023-12-31,True,1697532,Applied Therapeutics Inc.,"[""APLT""]","[""2834""]",10-K,2022-03-10,0001558370-22-003206,False,False,[],False
2022-12-31,2023-12-31,True,1697862,ARGENX SE,"[""ARGX""]","[""2836""]",20-F,2022-03-21,0001558370-22-003983,False,False,[],False
2022-12-31,2023-12-31,True,1698530,"EXICURE, INC.","[""XCUR""]","[""2834""]",10-K,2022-03-25,0001698530-22-000019,False,False,[],False
2022-12-31,2023-12-31,True,1699382,"PMV Pharmaceuticals, Inc.","[""PMVP""]","[""2834""]",10-K,2022-03-01,0001564590-22-007860,False,False,[],False
2022-12-31,2023-12-31,True,1701108,"Spero Therapeutics, Inc.","[""SPRO""]","[""2834""]",10-K,2022-03-31,0000950170-22-005194,False,False,[],False
2022-12-31,2023-12-31,True,1701541,"Black Diamond Therapeutics, Inc.","[""BDTX""]","[""2836""]",10-K,2022-03-17,0001701541-22-000007,False,False,[],False
2022-12-31,2023-12-31,True,1702123,Cardiol Therapeutics Inc.,"[""CRDL""]","[""2836""]",40-F/A,2022-04-20,0001104659-22-047891,False,False,[],False
2022-12-31,2023-12-31,True,1703057,AbCellera Biologics Inc.,"[""ABCL""]","[""2834""]",10-K/A,2022-07-22,0001564590-22-026266,False,False,[],False
2022-12-31,2023-12-31,True,1703647,"Frequency Therapeutics, Inc.","[""KRRO""]","[""2834""]",10-K,2022-03-15,0000950170-22-003655,False,False,[],False
2022-12-31,2023-12-31,True,1704292,Zai Lab Ltd,"[""ZLAB""]","[""2834""]",10-K,2022-03-01,0001193125-22-061312,False,False,[],False
2022-12-31,2023-12-31,True,1706431,"Vir Biotechnology, Inc.","[""VIR""]","[""2836""]",10-K,2022-02-28,0000950170-22-002295,False,False,[],False
2022-12-31,2023-12-31,True,1708331,"Virpax Pharmaceuticals, Inc.","[""VRPX""]","[""2834""]",10-K,2022-03-31,0001213900-22-016740,False,False,[],False
2022-12-31,2023-12-31,True,1708493,"Harpoon Therapeutics, Inc.",[],"[""2836""]",10-K,2022-03-10,0000950170-22-003375,False,False,[],False
2022-12-31,2023-12-31,True,1708527,"AZIYO BIOLOGICS, INC.","[""ELUT""]","[""2836""]",10-K,2022-03-08,0001558370-22-003073,False,False,[],False
2022-12-31,2023-12-31,True,1708599,"AgeX Therapeutics, Inc.","[""SER""]","[""2834""]",10-K,2022-03-29,0001493152-22-008028,False,False,[],False
2022-12-31,2023-12-31,True,1708688,InflaRx N.V.,"[""IFRX""]","[""2834""]",20-F,2022-03-24,0001654954-22-003707,False,False,[],False
2022-12-31,2023-12-31,True,1709401,"Rubius Therapeutics, Inc.",[],"[""2836""]",10-K,2022-02-25,0001558370-22-002057,False,False,[],False
2022-12-31,2023-12-31,True,1709626,NuCana plc,"[""NCNA""]","[""2834""]",20-F,2022-04-27,0001564590-22-016088,False,False,[],False
2022-12-31,2023-12-31,True,1710072,"Edgewise Therapeutics, Inc.","[""EWTX""]","[""2834""]",10-K,2022-02-24,0001558370-22-001850,False,False,[],False
2022-12-31,2023-12-31,True,1710340,"Eton Pharmaceuticals, Inc.","[""ETON""]","[""2834""]",10-K,2022-03-16,0001493152-22-006990,False,False,[],False
2022-12-31,2023-12-31,True,1711279,"Krystal Biotech, Inc.","[""KRYS""]","[""2836""]",10-K,2022-02-28,0001711279-22-000004,False,False,[],False
2022-12-31,2023-12-31,True,1711754,"Inmune Bio, Inc.","[""INMB""]","[""2836""]",10-K,2022-03-03,0001213900-22-010573,False,False,[],False
2022-12-31,2023-12-31,True,1711786,"Hoth Therapeutics, Inc.","[""HOTH""]","[""2834""]",10-K,2022-03-30,0001213900-22-015909,False,False,[],False
2022-12-31,2023-12-31,True,1714899,Denali Therapeutics Inc.,"[""DNLI""]","[""2836""]",10-K,2022-02-28,0001714899-22-000058,False,False,[],False
2022-12-31,2023-12-31,True,1715925,ImmunoPrecise Antibodies Ltd.,"[""IPA""]","[""2834""]",40-F,2022-07-29,0001193125-22-205824,False,False,[],False
2022-12-31,2023-12-31,True,1716947,"Ensysce Biosciences, Inc.","[""ENSC"", ""ENSCW""]","[""2834""]",10-K,2022-03-31,0001493152-22-008438,False,False,[],False
2022-12-31,2023-12-31,True,1718108,"Surface Oncology, Inc.",[],"[""2836""]",10-K,2022-03-02,0001718108-22-000006,False,True,"[""40e65e337d5f226f8969""]",False
2022-12-31,2023-12-31,True,1718852,"Prometheus Biosciences, Inc.",[],"[""2834""]",10-K,2022-03-09,0001564590-22-009321,False,True,"[""dd0ae7a2ea1a933eaf9c""]",False
2022-12-31,2023-12-31,True,1719406,"NRX Pharmaceuticals, Inc.","[""NRXP"", ""NRXPW""]","[""2834""]",10-K/A,2022-04-29,0001104659-22-053507,False,False,[],False
2022-12-31,2023-12-31,True,1719714,Mereo Biopharma Group plc,"[""MREO""]","[""2834""]",20-F,2022-03-31,0001193125-22-091822,False,False,[],False
2022-12-31,2023-12-31,True,1720580,"Adicet Bio, Inc.","[""ACET""]","[""2834""]",10-K,2022-03-15,0000950170-22-003753,False,False,[],False
2022-12-31,2023-12-31,True,1720893,"BioXcel Therapeutics, Inc.","[""BTAI""]","[""2834""]",10-K,2022-03-11,0001558370-22-003335,False,False,[],False
2022-12-31,2023-12-31,True,1721484,Longeveron Inc.,"[""LGVN""]","[""2834""]",10-K,2022-03-11,0001213900-22-011894,False,False,[],False
2022-12-31,2023-12-31,True,1722926,ASLAN Pharmaceuticals Ltd,[],"[""2834""]",20-F,2022-03-25,0001564590-22-011742,False,False,[],False
2022-12-31,2023-12-31,True,1722964,"Y-mAbs Therapeutics, Inc.","[""YMAB""]","[""2834""]",10-K,2022-03-01,0001558370-22-002567,False,False,[],False
2022-12-31,2023-12-31,True,1723069,Tiziana Life Sciences Ltd,"[""TLSA""]","[""2834""]",20-F,2022-05-23,0001213900-22-028645,False,False,[],False
2022-12-31,2023-12-31,True,1723128,"Amneal Pharmaceuticals, Inc.","[""AMRX""]","[""2834""]",10-K,2022-03-01,0001723128-22-000006,False,False,[],False
2022-12-31,2023-12-31,True,1723980,"China SXT Pharmaceuticals, Inc.","[""SXTC""]","[""2834""]",20-F,2022-07-18,0001213900-22-039838,False,False,[],False
2022-12-31,2023-12-31,True,1724521,"Arcus Biosciences, Inc.","[""RCUS""]","[""2834""]",10-K,2022-02-23,0000950170-22-001788,False,False,[],False
2022-12-31,2023-12-31,True,1724979,Rain Therapeutics Inc.,[],"[""2834""]",10-K,2022-03-03,0001564590-22-008531,True,True,"[""01b4e292a9f669824bbe""]",False
2022-12-31,2023-12-31,True,1725160,"Zentalis Pharmaceuticals, Inc.","[""ZNTL""]","[""2834""]",10-K/A,2022-10-31,0001725160-22-000187,False,False,[],False
2022-12-31,2023-12-31,True,1726711,"Aditxt, Inc.","[""ADTX""]","[""2834""]",10-K/A,2022-04-15,0001213900-22-020113,False,False,[],False
2022-12-31,2023-12-31,True,1727196,Scholar Rock Holding Corp,"[""SRRK""]","[""2836""]",10-K,2022-03-07,0001558370-22-002928,False,False,[],False
2022-12-31,2023-12-31,True,1728117,"Gossamer Bio, Inc.","[""GOSS""]","[""2834""]",10-K,2022-03-03,0001728117-22-000019,False,False,[],False
2022-12-31,2023-12-31,True,1728328,InMed Pharmaceuticals Inc.,"[""INM""]","[""2834""]",10-K/A,2022-09-28,0001213900-22-059692,False,False,[],False
2022-12-31,2023-12-31,True,1729214,XORTX Therapeutics Inc.,"[""XRTX""]","[""2834""]",20-F,2022-05-03,0001753926-22-000646,False,False,[],False
2022-12-31,2023-12-31,True,1729427,"CNS Pharmaceuticals, Inc.","[""CNSP""]","[""2834""]",10-K/A,2022-04-29,0001683168-22-003055,False,False,[],False
2022-12-31,2023-12-31,True,1730430,"Kiniksa Pharmaceuticals, Ltd.","[""KNSA""]","[""2834""]",10-K,2022-02-24,0001558370-22-001932,False,False,[],False
2022-12-31,2023-12-31,True,1730463,Autolus Therapeutics plc,"[""AUTL""]","[""2836""]",20-F,2022-03-10,0001730463-22-000007,False,False,[],False
2022-12-31,2023-12-31,True,1731348,"Tilray Brands, Inc.","[""TLRY""]","[""2833""]",10-K/A,2022-10-07,0001564590-22-033766,False,False,[],False
2022-12-31,2023-12-31,True,1733257,"Finch Therapeutics Group, Inc.","[""FNCH""]","[""2836""]",10-K,2022-03-31,0000950170-22-005243,False,False,[],False
2022-12-31,2023-12-31,True,1733294,Generation Bio Co.,"[""GBIO""]","[""2834""]",10-K,2022-02-24,0001558370-22-001957,False,False,[],False
2022-12-31,2023-12-31,True,1733413,"TFF Pharmaceuticals, Inc.","[""TFFP""]","[""2834""]",10-K,2022-03-24,0001213900-22-014844,False,False,[],False
2022-12-31,2023-12-31,True,1734005,Aptorum Group Ltd,"[""APM""]","[""2834""]",20-F,2022-04-29,0001213900-22-022702,False,False,[],False
2022-12-31,2023-12-31,True,1734768,IMV Inc.,[],"[""2834""]",40-F,2022-03-17,0001176256-22-000085,False,False,[],False
2022-12-31,2023-12-31,True,1735438,MeiraGTx Holdings plc,"[""MGTX""]","[""2836""]",10-K,2022-03-10,0001558370-22-003302,False,False,[],False
2022-12-31,2023-12-31,True,1736243,"Acurx Pharmaceuticals, Inc.","[""ACXP""]","[""2834""]",10-K,2022-03-16,0001410578-22-000399,False,False,[],False
2022-12-31,2023-12-31,True,1737287,"Allogene Therapeutics, Inc.","[""ALLO""]","[""2836""]",10-K,2022-02-23,0001737287-22-000013,False,False,[],False
2022-12-31,2023-12-31,True,1737927,Canopy Growth Corp,"[""CGC""]","[""2833""]",10-K,2022-05-31,0001564590-22-021923,False,False,[],False
2022-12-31,2023-12-31,True,1737953,"Replimune Group, Inc.","[""REPL""]","[""2836""]",10-K,2022-05-19,0001737953-22-000010,False,False,[],False
2022-12-31,2023-12-31,True,1738021,"Compass Therapeutics, Inc.","[""CMPX""]","[""2836""]",10-K,2022-03-18,0000950170-22-004156,False,False,[],False
2022-12-31,2023-12-31,True,1739104,Elanco Animal Health Inc,"[""ELAN""]","[""2834""]",10-K,2022-02-28,0001739104-22-000005,False,False,[],False
2022-12-31,2023-12-31,True,1739174,BiomX Inc.,"[""PHGE"", ""PHGEW"", ""PHGE-UN""]","[""2836""]",10-K/A,2022-05-02,0001213900-22-023189,False,False,[],False
2022-12-31,2023-12-31,True,1739410,Rallybio Corp,"[""RLYB""]","[""2834""]",10-K,2022-03-15,0000950170-22-003767,False,False,[],False
2022-12-31,2023-12-31,True,1739426,RVL Pharmaceuticals plc,"[""RVLPQ""]","[""2834""]",10-K,2022-03-30,0001558370-22-004770,False,False,[],False
2022-12-31,2023-12-31,True,1739614,"Inhibrx, Inc.",[],"[""2836""]",10-K,2022-02-28,0001739614-22-000023,False,False,[],False
2022-12-31,2023-12-31,True,1740279,"IN8BIO, INC.","[""INAB""]","[""2836""]",10-K,2022-03-17,0000950170-22-004101,False,False,[],False
2022-12-31,2023-12-31,True,1741830,"Kronos Bio, Inc.","[""KRON""]","[""2834""]",10-K/A,2022-09-09,0001140361-22-032892,False,False,[],False
2022-12-31,2023-12-31,True,1742927,"REVIVA PHARMACEUTICALS HOLDINGS, INC.","[""RVPH"", ""RVPHW""]","[""2834""]",10-K,2022-03-15,0001437749-22-006332,False,False,[],False
2022-12-31,2023-12-31,True,1743344,PyroGenesis Canada Inc.,"[""PYRGF""]","[""2834""]",40-F,2022-04-01,0001410578-22-000806,False,False,[],False
2022-12-31,2023-12-31,True,1743881,"BridgeBio Pharma, Inc.","[""BBIO""]","[""2834""]",10-K,2022-02-25,0000950170-22-002030,False,False,[],False
2022-12-31,2023-12-31,True,1744659,"Akero Therapeutics, Inc.","[""AKRO""]","[""2834""]",10-K/A,2022-03-02,0001104659-22-028838,False,False,[],False
2022-12-31,2023-12-31,True,1745020,"Theseus Pharmaceuticals, Inc.",[],"[""2834""]",10-K,2022-03-10,0001558370-22-003216,False,False,[],False
2022-12-31,2023-12-31,True,1745114,MOLECULAR PARTNERS AG,"[""MOLN""]","[""2836""]",20-F,2022-03-15,0001745114-22-000004,False,False,[],False
2022-12-31,2023-12-31,True,1745999,Beam Therapeutics Inc.,"[""BEAM""]","[""2836""]",10-K,2022-02-28,0000950170-22-002166,False,False,[],False
2022-12-31,2023-12-31,True,1746466,"Equillium, Inc.","[""EQ""]","[""2834""]",10-K,2022-03-23,0000950170-22-004407,False,False,[],False
2022-12-31,2023-12-31,True,1746473,"PLIANT THERAPEUTICS, INC.","[""PLRX""]","[""2834""]",10-K/A,2022-05-27,0001193125-22-162455,False,False,[],False
2022-12-31,2023-12-31,True,1748907,Orchard Therapeutics plc,[],"[""2836""]",10-K,2022-03-30,0001564590-22-012325,False,True,"[""d0352d5519e2f6e35259""]",False
2022-12-31,2023-12-31,True,1750019,TCR2 THERAPEUTICS INC.,[],"[""2836""]",10-K,2022-03-22,0000950170-22-004299,False,True,"[""12da705e859c126b8b62""]",False
2022-12-31,2023-12-31,True,1750149,"Inhibikase Therapeutics, Inc.","[""IKT""]","[""2836""]",10-K,2022-03-31,0000950170-22-005203,False,False,[],False
2022-12-31,2023-12-31,True,1750284,"Olema Pharmaceuticals, Inc.","[""OLMA""]","[""2834""]",10-K,2022-02-28,0001558370-22-002388,False,False,[],False
2022-12-31,2023-12-31,True,1751299,"Kaleido Biosciences, Inc.","[""KLDO""]","[""2836""]",10-K,2022-04-01,0000950170-22-005256,False,False,[],False
2022-12-31,2023-12-31,True,1751876,Happiness Development Group Ltd,"[""PAVS""]","[""2833""]",20-F/A,2022-08-18,0001213900-22-049413,False,False,[],False
2022-12-31,2023-12-31,True,1752828,Celularity Inc,"[""CELU"", ""CELUW""]","[""2834""]",10-K/A,2022-07-15,0001193125-22-195133,False,False,[],False
2022-12-31,2023-12-31,True,1754068,"Allovir, Inc.","[""ALVR""]","[""2836""]",10-K/A,2022-03-30,0001193125-22-090062,False,False,[],False
2022-12-31,2023-12-31,True,1755237,"Cyclerion Therapeutics, Inc.","[""CYCN""]","[""2834""]",10-K,2022-02-24,0000950170-22-001958,False,True,"[""30bc90d53ae7f803b5ad""]",False
2022-12-31,2023-12-31,True,1756594,Inventiva S.A.,"[""IVA"", ""IVEVF""]","[""2834""]",20-F,2022-03-11,0001104659-22-032953,False,False,[],False
2022-12-31,2023-12-31,True,1757064,Genfit S.A.,"[""GNFT""]","[""2836""]",20-F,2022-04-29,0001757064-22-000003,False,False,[],False
2022-12-31,2023-12-31,True,1759138,"Cabaletta Bio, Inc.","[""CABA""]","[""2836""]",10-K,2022-03-17,0001564590-22-010726,False,False,[],False
2022-12-31,2023-12-31,True,1759425,"Mirum Pharmaceuticals, Inc.","[""MIRM""]","[""2834""]",10-K,2022-03-09,0000950170-22-003229,False,False,[],False
2022-12-31,2023-12-31,True,1760542,HOOKIPA Pharma Inc.,"[""HOOK""]","[""2834""]",10-K/A,2022-05-02,0001104659-22-054716,False,False,[],False
2022-12-31,2023-12-31,True,1760854,Nanobiotix S.A.,"[""NBTX""]","[""2834""]",20-F,2022-04-08,0001628280-22-008842,False,False,[],False
2022-12-31,2023-12-31,True,1761612,BICYCLE THERAPEUTICS plc,"[""BCYC""]","[""2834""]",10-K,2022-03-01,0001558370-22-002457,False,False,[],False
2022-12-31,2023-12-31,True,1761918,"Erasca, Inc.","[""ERAS""]","[""2834""]",10-K,2022-03-24,0000950170-22-004557,False,False,[],False
2022-12-31,2023-12-31,True,1763950,Lantern Pharma Inc.,"[""LTRN""]","[""2834""]",10-K,2022-03-10,0001213900-22-011581,False,False,[],False
2022-12-31,2023-12-31,True,1764013,"Immunovant, Inc.","[""IMVT""]","[""2836""]",10-K,2022-06-08,0001764013-22-000059,False,False,[],False
2022-12-31,2023-12-31,True,1764791,Orphazyme A/S,[],"[""2834""]",20-F,2022-06-28,0001564590-22-024528,False,False,[],False
2022-12-31,2023-12-31,True,1766140,"Unicycive Therapeutics, Inc.","[""UNCY""]","[""2834""]",10-K,2022-03-31,0001213900-22-016384,False,False,[],False
2022-12-31,2023-12-31,True,1766600,Sundial Growers Inc.,"[""SNDL""]","[""2833""]",20-F,2022-04-28,0001564590-22-016195,False,False,[],False
2022-12-31,2023-12-31,True,1768224,Arcturus Therapeutics Holdings Inc.,"[""ARCT""]","[""2834""]",10-K,2022-03-01,0001564590-22-007832,False,False,[],False
2022-12-31,2023-12-31,True,1768446,"Eliem Therapeutics, Inc.","[""ELYM""]","[""2834""]",10-K,2022-03-07,0000950170-22-002998,False,False,[],False
2022-12-31,2023-12-31,True,1768946,Biophytis SA,"[""BPTSY""]","[""2834""]",20-F,2022-04-21,0001104659-22-048113,False,False,[],False
2022-12-31,2023-12-31,True,1770121,"Sana Biotechnology, Inc.","[""SANA""]","[""2836""]",10-K,2022-03-16,0001564590-22-010539,False,False,[],False
2022-12-31,2023-12-31,True,1771885,FSD Pharma Inc.,"[""QNTM""]","[""2834""]",20-F,2022-03-31,0001062993-22-009034,False,False,[],False
2022-12-31,2023-12-31,True,1771910,ADC Therapeutics SA,"[""ADCT""]","[""2834""]",20-F,2022-03-17,0001771910-22-000004,False,False,[],False
2022-12-31,2023-12-31,True,1771917,"Karuna Therapeutics, Inc.",[],"[""2834""]",10-K,2022-02-24,0000950170-22-001855,False,False,[],False
2022-12-31,2023-12-31,True,1772028,Scopus BioPharma Inc.,"[""SCPS""]","[""2834""]",10-K/A,2022-05-02,0001104659-22-054719,False,False,[],False
2022-12-31,2023-12-31,True,1773427,"SpringWorks Therapeutics, Inc.","[""SWTX""]","[""2836""]",10-K,2022-02-24,0001773427-22-000011,False,False,[],False
2022-12-31,2023-12-31,True,1775194,"UPEXI, INC.","[""UPXI""]","[""2833""]",10-K,2022-09-28,0001477932-22-007297,False,False,[],False
2022-12-31,2023-12-31,True,1776985,BioNTech SE,"[""BNTX""]","[""2836""]",20-F/A,2022-10-26,0000950170-22-020213,False,False,[],False
2022-12-31,2023-12-31,True,1778016,I-Mab,"[""IMAB""]","[""2834""]",20-F,2022-04-29,0001193125-22-133550,False,False,[],False
2022-12-31,2023-12-31,True,1779578,Qilian International Holding Group Ltd,"[""BGM""]","[""2834""]",20-F/A,2022-10-13,0001410578-22-002876,False,False,[],False
2022-12-31,2023-12-31,True,1781983,"Aprea Therapeutics, Inc.","[""APRE""]","[""2834""]",10-K/A,2022-05-02,0001558370-22-006669,False,False,[],False
2022-12-31,2023-12-31,True,1782107,Blue Water Vaccines Inc.,"[""ONCO""]","[""2834""]",10-K,2022-03-31,0001213900-22-016672,False,False,[],False
2022-12-31,2023-12-31,True,1782223,"Pyxis Oncology, Inc.","[""PYXS""]","[""2834""]",10-K,2022-03-29,0000950170-22-004850,False,False,[],False
2022-12-31,2023-12-31,True,1782999,PureTech Health plc,"[""PRTC"", ""PTCHF""]","[""2834""]",20-F,2022-04-26,0001782999-22-000004,False,False,[],False
2022-12-31,2023-12-31,True,1783010,Amryt Pharma plc,[],"[""2834""]",20-F,2022-04-29,0001140361-22-016877,False,False,[],False
2022-12-31,2023-12-31,True,1783032,"Elevation Oncology, Inc.","[""ELEV""]","[""2836""]",10-K,2022-03-03,0001558370-22-002715,False,False,[],False
2022-12-31,2023-12-31,True,1783036,NLS Pharmaceutics Ltd.,"[""NLSP"", ""NLSPW""]","[""2834""]",20-F,2022-03-24,0001213900-22-014905,False,False,[],False
2022-12-31,2023-12-31,True,1783183,"Phathom Pharmaceuticals, Inc.","[""PHAT""]","[""2834""]",10-K,2022-03-01,0000950170-22-002536,False,False,[],False
2022-12-31,2023-12-31,True,1783328,"TScan Therapeutics, Inc.","[""TCRX""]","[""2836""]",10-K,2022-03-09,0000950170-22-003175,False,False,[],False
2022-12-31,2023-12-31,True,1785173,"89bio, Inc.","[""ETNB""]","[""2834""]",10-K,2022-03-24,0001564590-22-011706,False,False,[],False
2022-12-31,2023-12-31,True,1785345,"Landos Biopharma, Inc.",[],"[""2834""]",10-K,2022-03-24,0000950170-22-004559,False,False,[],False
2022-12-31,2023-12-31,True,1785530,"Werewolf Therapeutics, Inc.","[""HOWL""]","[""2834""]",10-K,2022-03-24,0001785530-22-000014,False,False,[],False
2022-12-31,2023-12-31,True,1786205,"Arcellx, Inc.","[""ACLX""]","[""2836""]",10-K,2022-03-24,0000950170-22-004573,False,False,[],False
2022-12-31,2023-12-31,True,1786255,"Icosavax, Inc.",[],"[""2836""]",10-K,2022-03-30,0000950170-22-005064,True,True,"[""a244abc25872eaae2e02""]",False
2022-12-31,2023-12-31,True,1787297,"Passage BIO, Inc.","[""PASG""]","[""2836""]",10-K,2022-03-03,0001558370-22-002719,False,False,[],False
2022-12-31,2023-12-31,True,1787306,"Arcutis Biotherapeutics, Inc.","[""ARQT""]","[""2834""]",10-K/A,2022-03-03,0001787306-22-000014,False,False,[],False
2022-12-31,2023-12-31,True,1787400,"Nkarta, Inc.","[""NKTX""]","[""2834""]",10-K,2022-03-17,0000950170-22-004095,False,False,[],False
2022-12-31,2023-12-31,True,1788028,"Jasper Therapeutics, Inc.","[""JSPR"", ""JSPRW""]","[""2836""]",10-K,2022-03-18,0001213900-22-013592,False,False,[],False
2022-12-31,2023-12-31,True,1789769,"Instil Bio, Inc.","[""TIL""]","[""2836""]",10-K,2022-03-07,0001789769-22-000008,False,False,[],False
2022-12-31,2023-12-31,True,1789972,"Cullinan Oncology, Inc.","[""CGEM""]","[""2836""]",10-K,2022-03-17,0000950170-22-004002,False,False,[],False
2022-12-31,2023-12-31,True,1790169,Flora Growth Corp.,"[""FLGC""]","[""2834""]",20-F/A,2022-09-16,0001477932-22-006999,False,False,[],False
2022-12-31,2023-12-31,True,1790340,Immuneering Corp,"[""IMRX""]","[""2834""]",10-K,2022-03-10,0001558370-22-003208,False,False,[],False
2022-12-31,2023-12-31,True,1792030,IM Cannabis Corp.,"[""IMCC""]","[""2833""]",40-F,2022-04-04,0001178913-22-001377,False,False,[],False
2022-12-31,2023-12-31,True,1792044,Viatris Inc,"[""VTRS""]","[""2834""]",10-K/A,2022-04-29,0001193125-22-134158,False,False,[],False
2022-12-31,2023-12-31,True,1792581,"Kiromic Biopharma, Inc.","[""KRBP""]","[""2836""]",10-K,2022-04-08,0001558370-22-005217,False,False,[],False
2022-12-31,2023-12-31,True,1795579,Calliditas Therapeutics AB,"[""CALT""]","[""2834""]",20-F,2022-04-27,0001104659-22-051264,False,False,[],False
2022-12-31,2023-12-31,True,1796129,"Vincerx Pharma, Inc.","[""VINC""]","[""2834""]",10-K,2022-03-29,0001193125-22-087454,False,False,[],False
2022-12-31,2023-12-31,True,1796280,"Oric Pharmaceuticals, Inc.","[""ORIC""]","[""2834""]",10-K,2022-03-21,0000950170-22-004239,False,False,[],False
2022-12-31,2023-12-31,True,1797768,Kinnate Biopharma Inc.,[],"[""2834""]",10-K/A,2022-05-12,0001140361-22-018856,False,False,[],False
2022-12-31,2023-12-31,True,1798749,"Aerovate Therapeutics, Inc.","[""AVTE""]","[""2834""]",10-K,2022-03-30,0001493152-22-008189,False,False,[],False
2022-12-31,2023-12-31,True,1799448,"Aligos Therapeutics, Inc.","[""ALGS""]","[""2836""]",10-K,2022-03-10,0000950170-22-003365,False,False,[],False
2022-12-31,2023-12-31,True,1799788,"Greenwich LifeSciences, Inc.","[""GLSI""]","[""2834""]",10-K/A,2022-06-24,0001493152-22-017739,False,False,[],False
2022-12-31,2023-12-31,True,1800315,"Galecto, Inc.","[""GLTO""]","[""2834""]",10-K,2022-02-17,0001564590-22-005569,False,False,[],False
2022-12-31,2023-12-31,True,1801198,Legend Biotech Corp,"[""LEGN""]","[""2834""]",20-F,2022-03-31,0001564590-22-012769,False,False,[],False
2022-12-31,2023-12-31,True,1801777,Applied Molecular Transport Inc.,[],"[""2834""]",10-K/A,2022-03-25,0001193125-22-084620,False,True,"[""31aad72ad431bddc2a90""]",False
2022-12-31,2023-12-31,True,1801834,PAINREFORM LTD.,"[""PRFX""]","[""2834""]",20-F,2022-03-16,0001178913-22-001155,False,False,[],False
2022-12-31,2023-12-31,True,1802665,"Harmony Biosciences Holdings, Inc.","[""HRMY""]","[""2834""]",10-K,2022-02-28,0001558370-22-002257,False,False,[],False
2022-12-31,2023-12-31,True,1802768,Royalty Pharma plc,"[""RPRX""]","[""2834""]",10-K,2022-02-15,0001802768-22-000011,False,False,[],False
2022-12-31,2023-12-31,True,1804591,23andMe Holding Co.,"[""ME""]","[""2834""]",10-K/A,2022-08-09,0000950170-22-016097,False,False,[],False
2022-12-31,2023-12-31,True,1805087,"GELESIS HOLDINGS, INC.","[""GLSHQ""]","[""2834""]",10-K/A,2022-06-08,0001104659-22-069330,False,False,[],False
2022-12-31,2023-12-31,True,1805387,"Cerevel Therapeutics Holdings, Inc.",[],"[""2834""]",10-K,2022-03-01,0000950170-22-002516,False,False,[],False
2022-12-31,2023-12-31,True,1805890,Fusion Pharmaceuticals Inc.,[],"[""2836""]",10-K,2022-03-17,0001564590-22-010720,False,False,[],False
2022-12-31,2023-12-31,True,1806310,"Taysha Gene Therapies, Inc.","[""TSHA""]","[""2836""]",10-K,2022-03-31,0001564590-22-012782,False,False,[],False
2022-12-31,2023-12-31,True,1806952,"Lyell Immunopharma, Inc.","[""LYEL""]","[""2834""]",10-K,2022-03-29,0001628280-22-007708,False,False,[],False
2022-12-31,2023-12-31,True,1807120,"Design Therapeutics, Inc.","[""DSGN""]","[""2834""]",10-K,2022-03-10,0000950170-22-003369,False,False,[],False
2022-12-31,2023-12-31,True,1807983,Medicenna Therapeutics Corp.,"[""MDNAF""]","[""2834""]",20-F,2022-06-22,0001171843-22-004481,False,False,[],False
2022-12-31,2023-12-31,True,1808158,Repare Therapeutics Inc.,"[""RPTX""]","[""2834""]",10-K,2022-03-01,0000950170-22-002560,False,False,[],False
2022-12-31,2023-12-31,True,1808665,"Assertio Holdings, Inc.","[""ASRT""]","[""2834""]",10-K,2022-03-10,0001808665-22-000012,False,False,[],False
2022-12-31,2023-12-31,True,1808865,"iTeos Therapeutics, Inc.","[""ITOS""]","[""2836""]",10-K,2022-03-23,0000950170-22-004409,False,False,[],False
2022-12-31,2023-12-31,True,1808898,Benitec Biopharma Inc.,"[""BNTC""]","[""2834""]",10-K,2022-09-02,0001193125-22-237075,False,False,[],False
2022-12-31,2023-12-31,True,1809122,CureVac N.V.,"[""CVAC""]","[""2834""]",20-F,2022-04-28,0001410578-22-001070,False,False,[],False
2022-12-31,2023-12-31,True,1809196,Immatics N.V.,"[""IMTX"", ""IMTXW""]","[""2836""]",20-F,2022-03-23,0001193125-22-082242,False,False,[],False
2022-12-31,2023-12-31,True,1809616,Universe Pharmaceuticals INC,"[""UPC""]","[""2834""]",20-F,2022-01-31,0001213900-22-004359,False,False,[],False
2022-12-31,2023-12-31,True,1810031,Freeline Therapeutics Holdings plc,[],"[""2836""]",20-F,2022-03-31,0001564590-22-012988,False,False,[],False
2022-12-31,2023-12-31,True,1810182,ALX ONCOLOGY HOLDINGS INC,"[""ALXO""]","[""2834""]",10-K,2022-02-28,0001564590-22-007364,False,False,[],False
2022-12-31,2023-12-31,True,1810560,"REVELATION BIOSCIENCES, INC.","[""REVB"", ""REVBW""]","[""2834""]",10-K,2022-04-15,0001213900-22-020179,False,False,[],False
2022-12-31,2023-12-31,True,1811063,Nuvation Bio Inc.,"[""NUVB"", ""NUVB-WT""]","[""2834""]",10-K,2022-02-28,0000950170-22-002332,False,False,[],False
2022-12-31,2023-12-31,True,1811764,POINT Biopharma Global Inc.,[],"[""2834""]",10-K,2022-03-25,0001811764-22-000027,True,True,"[""e10aa211479d2757861a""]",False
2022-12-31,2023-12-31,True,1812364,"Relay Therapeutics, Inc.","[""RLAY""]","[""2836""]",10-K,2022-02-24,0000950170-22-001978,False,False,[],False
2022-12-31,2023-12-31,True,1813814,Mind Medicine (MindMed) Inc.,"[""MNMD""]","[""2833""]",10-K,2022-03-28,0000950170-22-004724,False,False,[],False
2022-12-31,2023-12-31,True,1815442,"Kymera Therapeutics, Inc.","[""KYMR""]","[""2836""]",10-K,2022-02-24,0000950170-22-001860,False,False,[],False
2022-12-31,2023-12-31,True,1815620,Opthea Ltd,"[""OPT"", ""CKDXF""]","[""2836""]",20-F,2022-09-29,0001564590-22-032651,False,False,[],False
2022-12-31,2023-12-31,True,1815776,"Graphite Bio, Inc.","[""LENZ""]","[""2836""]",10-K,2022-03-21,0001564590-22-011123,False,False,[],False
2022-12-31,2023-12-31,True,1815903,"Petros Pharmaceuticals, Inc.","[""PTPI""]","[""2834""]",10-K,2022-03-31,0001410578-22-000783,False,False,[],False
2022-12-31,2023-12-31,True,1815974,"Anebulo Pharmaceuticals, Inc.","[""ANEB""]","[""2834""]",10-K,2022-09-09,0001493152-22-025448,False,False,[],False
2022-12-31,2023-12-31,True,1816590,COMPASS Pathways plc,"[""CMPS""]","[""2834""]",10-K,2022-02-24,0001628280-22-003651,False,False,[],False
2022-12-31,2023-12-31,True,1816736,"Gemini Therapeutics, Inc. /DE","[""IRON""]","[""2834""]",10-K,2022-03-10,0000950170-22-003288,False,False,[],False
2022-12-31,2023-12-31,True,1816815,Bon Natural Life Ltd,"[""BON""]","[""2833""]",20-F,2022-01-31,0001493152-22-002688,False,False,[],False
2022-12-31,2023-12-31,True,1817229,Vor Biopharma Inc.,"[""VOR""]","[""2836""]",10-K,2022-03-14,0000950170-22-003577,False,False,[],False
2022-12-31,2023-12-31,True,1817713,"Janux Therapeutics, Inc.","[""JANX""]","[""2834""]",10-K,2022-03-18,0000950170-22-004171,False,False,[],False
2022-12-31,2023-12-31,True,1817944,"Clarus Therapeutics Holdings, Inc.",[],"[""2836""]",10-K/A,2022-04-28,0001193125-22-125177,False,False,[],False
2022-12-31,2023-12-31,True,1818382,"Humacyte, Inc.","[""HUMA"", ""HUMAW""]","[""2836""]",10-K,2022-03-29,0001818382-22-000011,False,False,[],False
2022-12-31,2023-12-31,True,1818794,"Dyne Therapeutics, Inc.","[""DYN""]","[""2834""]",10-K,2022-03-10,0000950170-22-003290,False,False,[],False
2022-12-31,2023-12-31,True,1818838,Adagene Inc.,"[""ADAG""]","[""2834""]",20-F,2022-04-26,0001104659-22-050329,False,False,[],False
2022-12-31,2023-12-31,True,1818844,"Virios Therapeutics, Inc.","[""VIRI""]","[""2834""]",10-K,2022-03-18,0001558370-22-003885,False,False,[],False
2022-12-31,2023-12-31,True,1819113,"Science 37 Holdings, Inc.",[],"[""8731""]",10-K,2022-03-22,0001819113-22-000011,False,False,[],False
2022-12-31,2023-12-31,True,1819133,"Tango Therapeutics, Inc.","[""TNGX""]","[""2834""]",10-K,2022-03-28,0000950170-22-004721,False,False,[],False
2022-12-31,2023-12-31,True,1819411,"Gain Therapeutics, Inc.","[""GANX""]","[""2834""]",10-K/A,2022-05-02,0001104659-22-054769,False,False,[],False
2022-12-31,2023-12-31,True,1819576,Liquidia Corp,"[""LQDA""]","[""2834""]",10-K,2022-03-17,0001558370-22-003850,False,False,[],False
2022-12-31,2023-12-31,True,1819615,Clever Leaves Holdings Inc.,"[""CLVR""]","[""2834""]",10-K,2022-03-24,0001819615-22-000056,False,False,[],False
2022-12-31,2023-12-31,True,1819790,"Tarsus Pharmaceuticals, Inc.","[""TARS""]","[""2836""]",10-K,2022-03-14,0001819790-22-000010,False,False,[],False
2022-12-31,2023-12-31,True,1821323,"Sigilon Therapeutics, Inc.",[],"[""2834""]",10-K,2022-03-14,0001558370-22-003555,True,True,"[""4f9e8d2de44f300ea593""]",False
2022-12-31,2023-12-31,True,1821825,Organon & Co.,"[""OGN""]","[""2834""]",10-K,2022-03-21,0001821825-22-000002,False,False,[],False
2022-12-31,2023-12-31,True,1822462,Foghorn Therapeutics Inc.,"[""FHTX""]","[""2834""]",10-K/A,2022-08-09,0001628280-22-021950,False,False,[],False
2022-12-31,2023-12-31,True,1822691,"GreenLight Biosciences Holdings, PBC",[],"[""2836""]",10-K,2022-03-31,0001193125-22-092115,True,True,"[""20a0cc179140720727d8""]",False
2022-12-31,2023-12-31,True,1822711,"PARDES BIOSCIENCES, INC.",[],"[""2834""]",10-K,2022-03-29,0000950170-22-004946,True,True,"[""1060ea3ea20feab6fec5""]",False
2022-12-31,2023-12-31,True,1822791,Clene Inc.,"[""CLNN"", ""CLNNW""]","[""2834""]",10-K,2022-03-11,0000950170-22-003410,False,False,[],False
2022-12-31,2023-12-31,True,1823239,"MARAVAI LIFESCIENCES HOLDINGS, INC.","[""MRVI""]","[""2834""]",10-K,2022-03-01,0001823239-22-000012,False,False,[],False
2022-12-31,2023-12-31,True,1823857,Viveon Health Acquisition Corp.,[],"[""2834""]",10-K/A,2022-08-24,0001213900-22-050762,False,False,[],False
2022-12-31,2023-12-31,True,1824293,"Vallon Pharmaceuticals, Inc.","[""GRI""]","[""2834""]",10-K,2022-02-14,0001824293-22-000004,False,False,[],False
2022-12-31,2023-12-31,True,1824893,"Surrozen, Inc./DE","[""SRZN"", ""SRZNW""]","[""2836""]",10-K,2022-03-28,0000950170-22-004787,False,False,[],False
2022-12-31,2023-12-31,True,1825413,Biotech Acquisition Co,[],"[""2834""]",10-K,2022-03-08,0001213900-22-010984,False,False,[],False
2022-12-31,2023-12-31,True,1826457,"Monte Rosa Therapeutics, Inc.","[""GLUE""]","[""2836""]",10-K,2022-03-29,0000950170-22-004927,False,False,[],False
2022-12-31,2023-12-31,True,1826492,Gracell Biotechnologies Inc.,[],"[""2834""]",20-F,2022-04-22,0001193125-22-115083,False,False,[],False
2022-12-31,2023-12-31,True,1826892,"BioAtla, Inc.","[""BCAB""]","[""2836""]",10-K,2022-02-28,0000950170-22-002303,False,False,[],False
2022-12-31,2023-12-31,True,1827087,"Vigil Neuroscience, Inc.","[""VIGL""]","[""2836""]",10-K,2022-03-25,0000950170-22-004609,False,False,[],False
2022-12-31,2023-12-31,True,1827401,BRIGHT MINDS BIOSCIENCES INC.,"[""DRUG""]","[""2834""]",20-F,2022-12-29,0001062993-22-024547,False,False,[],False
2022-12-31,2023-12-31,True,1827506,"Talaris Therapeutics, Inc.","[""TRML""]","[""2836""]",10-K,2022-03-17,0000950170-22-004105,False,False,[],False
2022-12-31,2023-12-31,True,1828185,Vaccitech plc,"[""BRNS""]","[""2834""]",10-K,2022-03-25,0001104659-22-037794,False,False,[],False
2022-12-31,2023-12-31,True,1828253,Evaxion Biotech A/S,"[""EVAX""]","[""2836""]",20-F,2022-03-31,0001104659-22-041054,False,False,[],False
2022-12-31,2023-12-31,True,1828316,Pharming Group N.V.,"[""PHAR""]","[""2834""]",20-F,2022-04-06,0001628280-22-008574,False,False,[],False
2022-12-31,2023-12-31,True,1828522,"eFFECTOR Therapeutics, Inc.","[""EFTR"", ""EFTRW""]","[""2834""]",10-K,2022-03-16,0000950170-22-003922,False,False,[],False
2022-12-31,2023-12-31,True,1828673,HCW Biologics Inc.,"[""HCWB""]","[""2834""]",10-K,2022-03-29,0000950170-22-004847,False,False,[],False
2022-12-31,2023-12-31,True,1829635,"Transcode Therapeutics, Inc.","[""RNAZ""]","[""2834""]",10-K,2022-03-31,0001104659-22-040778,False,False,[],False
2022-12-31,2023-12-31,True,1829667,Regencell Bioscience Holdings Ltd,"[""RGC""]","[""2833""]",20-F,2022-10-31,0001213900-22-067683,False,False,[],False
2022-12-31,2023-12-31,True,1829802,"Sensei Biotherapeutics, Inc.","[""SNSE""]","[""2834""]",10-K,2022-03-15,0000950170-22-003646,False,False,[],False
2022-12-31,2023-12-31,True,1829999,FoxWayne Enterprises Acquisition Corp.,[],"[""2834""]",10-K,2022-03-31,0001493152-22-008595,False,False,[],False
2022-12-31,2023-12-31,True,1830162,4D Pharma PLC,[],"[""2834""]",20-F,2022-03-31,0001493152-22-008593,False,False,[],False
2022-12-31,2023-12-31,True,1830214,"Ginkgo Bioworks Holdings, Inc.","[""DNA"", ""DNA-WT""]","[""2836""]",10-K/A,2022-09-01,0001193125-22-235524,False,False,[],False
2022-12-31,2023-12-31,True,1830487,Pharvaris N.V.,"[""PHVS""]","[""2834""]",20-F,2022-03-29,0001564590-22-012066,False,False,[],False
2022-12-31,2023-12-31,True,1830749,Achilles Therapeutics plc,"[""ACHL""]","[""2836""]",20-F,2022-03-01,0001564590-22-008077,False,False,[],False
2022-12-31,2023-12-31,True,1831283,LianBio,"[""LIANY""]","[""2834""]",10-K,2022-03-31,0001831283-22-000014,False,False,[],False
2022-12-31,2023-12-31,True,1831363,"Terns Pharmaceuticals, Inc.","[""TERN""]","[""2834""]",10-K,2022-03-07,0000950170-22-002962,False,False,[],False
2022-12-31,2023-12-31,True,1831828,"Vera Therapeutics, Inc.","[""VERA""]","[""2834""]",10-K,2022-03-28,0000950170-22-004701,False,False,[],False
2022-12-31,2023-12-31,True,1832038,"Adagio Therapeutics, Inc.","[""IVVD""]","[""2836""]",10-K/A,2022-04-29,0001193125-22-134035,False,False,[],False
2022-12-31,2023-12-31,True,1832168,"Longboard Pharmaceuticals, Inc.","[""LBPH""]","[""2834""]",10-K,2022-03-03,0000950170-22-002818,False,False,[],False
2022-12-31,2023-12-31,True,1833141,CYBIN INC.,"[""CYBN""]","[""2834""]",40-F/A,2022-07-22,0001628280-22-019311,False,False,[],False
2022-12-31,2023-12-31,True,1833214,"SAB Biotherapeutics, Inc.","[""SABS"", ""SABSW""]","[""2836""]",10-K,2022-03-29,0000950170-22-004935,False,False,[],False
2022-12-31,2023-12-31,True,1835268,Connect Biopharma Holdings Ltd,"[""CNTB""]","[""2834""]",20-F,2022-03-31,0000950170-22-005219,False,False,[],False
2022-12-31,2023-12-31,True,1835579,"Ikena Oncology, Inc.","[""IKNA""]","[""2836""]",10-K,2022-03-17,0000950170-22-003998,False,False,[],False
2022-12-31,2023-12-31,True,1836056,Ambrx Biopharma Inc.,[],"[""2836""]",20-F,2022-04-26,0001193125-22-120245,False,True,"[""0c1baa2b083d57007ab7""]",False
2022-12-31,2023-12-31,True,1836379,VectivBio Holding AG,[],"[""2836""]",20-F,2022-04-07,0001628280-22-008724,True,True,"[""1a0f414aeab293c0fb11""]",False
2022-12-31,2023-12-31,True,1836564,Valneva SE,"[""VALN""]","[""2836""]",20-F,2022-03-24,0001387131-22-003914,False,False,[],False
2022-12-31,2023-12-31,True,1837412,"SomaLogic, Inc.",[],"[""8731""]",10-K,2022-03-29,0001628280-22-007711,False,True,"[""fa0bc211f89e7228089a""]",False
2022-12-31,2023-12-31,True,1838716,Genenta Science S.p.A.,"[""GNTA""]","[""2836""]",20-F,2022-05-02,0001493152-22-011671,False,False,[],False
2022-12-31,2023-12-31,True,1838821,ARYA Sciences Acquisition Corp IV,[],"[""2836""]",10-K,2022-03-31,0001140361-22-012071,False,False,[],False
2022-12-31,2023-12-31,True,1840229,"MiNK Therapeutics, Inc.","[""INKT""]","[""2836""]",10-K,2022-03-18,0001564590-22-011026,False,False,[],False
2022-12-31,2023-12-31,True,1840233,"Xilio Therapeutics, Inc.","[""XLO""]","[""2834""]",10-K,2022-03-01,0001558370-22-002552,False,False,[],False
2022-12-31,2023-12-31,True,1840439,"Biomea Fusion, Inc.","[""BMEA""]","[""2834""]",10-K,2022-02-28,0001564590-22-007624,False,False,[],False
2022-12-31,2023-12-31,True,1840574,"Verve Therapeutics, Inc.","[""VERV""]","[""2834""]",10-K,2022-03-14,0000950170-22-003499,False,False,[],False
2022-12-31,2023-12-31,True,1840706,SOPHiA GENETICS SA,"[""SOPH""]","[""2836""]",20-F,2022-03-15,0001564590-22-010219,False,False,[],False
2022-12-31,2023-12-31,True,1840748,LAVA Therapeutics NV,"[""LVTX""]","[""2834""]",20-F/A,2022-12-23,0001558370-22-018966,False,False,[],False
2022-12-31,2023-12-31,True,1840904,ATAI Life Sciences N.V.,"[""ATAI""]","[""2834""]",10-K,2022-03-30,0000950170-22-005013,False,False,[],False
2022-12-31,2023-12-31,True,1841330,Pasithea Therapeutics Corp.,"[""KTTA"", ""KTTAW""]","[""2834""]",10-K/A,2022-05-12,0001213900-22-025941,False,False,[],False
2022-12-31,2023-12-31,True,1841387,"Candel Therapeutics, Inc.","[""CADL""]","[""2836""]",10-K,2022-03-29,0000950170-22-004857,False,False,[],False
2022-12-31,2023-12-31,True,1841873,Khosla Ventures Acquisition Co.,[],"[""2834""]",10-K,2022-04-01,0001193125-22-092371,False,False,[],False
2022-12-31,2023-12-31,True,1842952,Context Therapeutics Inc.,"[""CNTX""]","[""2834""]",10-K,2022-03-23,0001842952-22-000029,False,False,[],False
2022-12-31,2023-12-31,True,1843762,"EQRx, Inc.",[],"[""2834""]",10-K,2022-03-23,0001558370-22-004161,False,True,"[""7a88b9c9fcf8d1cc8bf2""]",False
2022-12-31,2023-12-31,True,1844280,"Thorne Healthtech, Inc.",[],"[""2834""]",10-K,2022-03-16,0000950170-22-003967,True,True,"[""b52034f4a9cb666d9d72""]",False
2022-12-31,2023-12-31,True,1845337,"Day One Biopharmaceuticals, Inc.","[""DAWN""]","[""2834""]",10-K,2022-03-07,0000950170-22-002959,False,False,[],False
2022-12-31,2023-12-31,True,1847903,Centessa Pharmaceuticals plc,"[""CNTA""]","[""2834""]",10-K/A,2022-05-02,0001847903-22-000026,False,False,[],False
2022-12-31,2023-12-31,True,1848097,SPK Acquisition Corp.,[],"[""2836""]",10-K/A,2022-07-13,0001575705-22-000499,False,False,[],False
2022-12-31,2023-12-31,True,1849296,OKYO Pharma Ltd,"[""OKYO""]","[""2836""]",20-F,2022-08-15,0001493152-22-022836,False,False,[],False
2022-12-31,2023-12-31,True,1850119,"Century Therapeutics, Inc.","[""IPSC""]","[""2836""]",10-K,2022-03-17,0001558370-22-003867,False,False,[],False
2022-12-31,2023-12-31,True,1850838,"Omega Therapeutics, Inc.","[""OMGA""]","[""2836""]",10-K,2022-03-10,0000950170-22-003350,False,False,[],False
2022-12-31,2023-12-31,True,1850902,"Alpha Teknova, Inc.","[""TKNO""]","[""2835""]",10-K,2022-03-18,0000950170-22-004176,False,False,[],False
2022-12-31,2023-12-31,True,1851194,"Ventyx Biosciences, Inc.","[""VTYX""]","[""2834""]",10-K,2022-03-24,0000950170-22-004442,False,False,[],False
2022-12-31,2023-12-31,True,1851657,"Vaxxinity, Inc.","[""VAXX""]","[""2834""]",10-K,2022-03-24,0001562762-22-000139,False,False,[],False
2022-12-31,2023-12-31,True,1851860,"SMART FOR LIFE, INC.","[""SMFL""]","[""2833""]",10-K,2022-03-31,0001213900-22-016904,False,False,[],False
2022-12-31,2023-12-31,True,1853816,"Dermata Therapeutics, Inc.","[""DRMA"", ""DRMAW""]","[""2834""]",10-K,2022-03-28,0001654954-22-003869,False,False,[],False
2022-12-31,2023-12-31,True,1855129,GH Research PLC,"[""GHRS""]","[""2834""]",20-F,2022-03-28,0001140361-22-011275,False,False,[],False
2022-12-31,2023-12-31,True,1856725,"Rani Therapeutics Holdings, Inc.","[""RANI""]","[""2834""]",10-K,2022-03-31,0000950170-22-005088,False,False,[],False
2022-12-31,2023-12-31,True,1857030,Intercure Ltd.,"[""INCR""]","[""2834""]",20-F,2022-04-28,0001493152-22-011405,False,False,[],False
2022-12-31,2023-12-31,True,1857044,"Indaptus Therapeutics, Inc.","[""INDP""]","[""2834""]",10-K,2022-03-21,0001493152-22-007319,False,False,[],False
2022-12-31,2023-12-31,True,1858685,Biofrontera Inc.,"[""BFRI"", ""BFRIW""]","[""2834""]",10-K,2022-04-11,0001493152-22-009519,False,False,[],False
2022-12-31,2023-12-31,True,1858848,"Tenaya Therapeutics, Inc.","[""TNYA""]","[""2836""]",10-K,2022-03-23,0000950170-22-004426,False,False,[],False
2022-12-31,2023-12-31,True,1859902,"Valens Company, Inc.",[],"[""2833""]",40-F,2022-02-28,0001104659-22-028178,False,False,[],False
2022-12-31,2023-12-31,True,1860657,"Allarity Therapeutics, Inc.","[""ALLR""]","[""2834""]",10-K,2022-05-17,0001213900-22-027311,False,False,[],False
2022-12-31,2023-12-31,True,1860782,"2seventy bio, Inc.","[""TSVT""]","[""2834""]",10-K,2022-03-22,0001860782-22-000005,False,False,[],False
2022-12-31,2023-12-31,True,1861560,"Nuvalent, Inc.","[""NUVL""]","[""2834""]",10-K,2022-03-29,0001193125-22-087401,False,False,[],False
2022-12-31,2023-12-31,True,1861657,Hillstream BioPharma Inc.,"[""THAR""]","[""2834""]",10-K,2022-04-01,0001493152-22-008703,False,False,[],False
2022-12-31,2023-12-31,True,1862150,Cingulate Inc.,"[""CING"", ""CINGW""]","[""2834""]",10-K,2022-03-28,0001493152-22-007903,False,False,[],False
2022-12-31,2023-12-31,True,1863127,"Tyra Biosciences, Inc.","[""TYRA""]","[""2834""]",10-K,2022-03-03,0000950170-22-002814,False,False,[],False
2022-12-31,2023-12-31,True,1863362,"Procaps Group, S.A.","[""PROC"", ""PROCW""]","[""2834""]",20-F/A,2022-05-19,0001213900-22-028312,False,False,[],False
2022-12-31,2023-12-31,True,1865408,Exscientia plc,"[""EXAI""]","[""2836""]",20-F,2022-03-23,0001865408-22-000005,False,False,[],False
2022-12-31,2023-12-31,True,1865494,"IO Biotech, Inc.","[""IOBT""]","[""2834""]",10-K,2022-03-31,0000950170-22-005244,False,False,[],False
2022-12-31,2023-12-31,True,1867066,Journey Medical Corp,"[""DERM""]","[""2834""]",10-K,2022-03-28,0001410578-22-000558,False,False,[],False
2022-12-31,2023-12-31,True,1867096,"Xeris Biopharma Holdings, Inc.","[""XERS""]","[""2834""]",10-K,2022-03-11,0001867096-22-000040,False,False,[],False
2022-12-31,2023-12-31,True,1868734,"CinCor Pharma, Inc.",[],"[""2834""]",10-K,2022-03-22,0000950170-22-004307,True,True,"[""5f40eb65849ab8e59926""]",False
2022-12-31,2023-12-31,True,1872812,TC BioPharm (Holdings) plc,"[""TCBP"", ""TCBPW""]","[""2836""]",20-F,2022-05-13,0001493152-22-013312,False,False,[],False
2022-12-31,2023-12-31,True,1873835,"Immix Biopharma, Inc.","[""IMMX""]","[""2834""]",10-K,2022-03-28,0001493152-22-007921,False,False,[],False
2022-12-31,2023-12-31,True,1873875,Incannex Healthcare Ltd,"[""IXHL""]","[""2834""]",20-F,2022-10-28,0001213900-22-066882,False,False,[],False
2022-12-31,2023-12-31,True,1874252,MAINZ BIOMED N.V.,"[""MYNZ""]","[""2834""]",20-F,2022-05-03,0001213900-22-023291,False,False,[],False
2022-12-31,2023-12-31,True,1875091,NeuroSense Therapeutics Ltd.,"[""NRSN"", ""NRSNW""]","[""2834""]",20-F,2022-04-14,0001213900-22-019888,False,False,[],False
2022-12-31,2023-12-31,True,1875558,"Nuvectis Pharma, Inc.","[""NVCT""]","[""2834""]",10-K,2022-03-23,0001104659-22-037110,False,False,[],False
2022-12-31,2023-12-31,True,1885827,Virax Biolabs Group Ltd,"[""VRAX""]","[""2835""]",20-F,2022-08-12,0000950170-22-017130,False,False,[],False
2022-12-31,2023-12-31,True,1888014,AKANDA CORP.,"[""AKAN""]","[""2833""]",20-F,2022-05-02,0001104659-22-054777,False,False,[],False
2022-12-31,2023-12-31,True,1898416,Alvotech,"[""ALVO"", ""ALVOW""]","[""2836""]",20-F,2022-06-22,0001193125-22-178843,False,False,[],False
2022-12-31,2023-12-31,True,1936258,NewAmsterdam Pharma Co N.V.,"[""NAMS"", ""NAMSW""]","[""2834""]",20-F,2022-11-28,0001193125-22-293435,False,False,[],False
2023-12-31,2024-12-30,True,1800,ABBOTT LABORATORIES,"[""ABT""]","[""2834""]",10-K,2023-02-17,0001628280-23-004026,False,False,[],False
2023-12-31,2024-12-30,True,14272,BRISTOL MYERS SQUIBB CO,"[""BMY"", ""BMYMP"", ""CELG-RI""]","[""2834""]",10-K,2023-02-14,0000014272-23-000046,False,False,[],False
2023-12-31,2024-12-30,True,25743,"TherapeuticsMD, Inc.","[""TXMD""]","[""2834""]",10-K/A,2023-05-01,0001193125-23-130656,False,False,[],False
2023-12-31,2024-12-30,True,34956,"TENAX THERAPEUTICS, INC.","[""TENX""]","[""2834""]",10-K,2023-03-31,0001654954-23-003945,False,False,[],False
2023-12-31,2024-12-30,True,59478,ELI LILLY & Co,"[""LLY""]","[""2834""]",10-K,2023-02-22,0000059478-23-000082,False,False,[],False
2023-12-31,2024-12-30,True,70487,NATIONAL RESEARCH CORP,"[""NRC""]","[""8731""]",10-K,2023-03-03,0001437749-23-005305,False,False,[],False
2023-12-31,2024-12-30,True,72444,"Vaxart, Inc.","[""VXRT""]","[""2836""]",10-K,2023-03-15,0001437749-23-006688,False,False,[],False
2023-12-31,2024-12-30,True,73290,BIOMERICA INC,"[""BMRA""]","[""2835""]",10-K,2023-08-25,0001493152-23-030254,False,False,[],False
2023-12-31,2024-12-30,True,78003,PFIZER INC,"[""PFE""]","[""2834""]",10-K,2023-02-23,0000078003-23-000024,False,False,[],False
2023-12-31,2024-12-30,True,93314,VOLITIONRX LTD,"[""VNRX""]","[""2835""]",10-K,2023-03-15,0001477932-23-001497,False,False,[],False
2023-12-31,2024-12-30,True,109657,"GT Biopharma, Inc.","[""GTBP""]","[""2834""]",10-K,2023-03-30,0001493152-23-009812,False,False,[],False
2023-12-31,2024-12-30,True,200406,JOHNSON & JOHNSON,"[""JNJ""]","[""2834""]",10-K,2023-02-16,0000200406-23-000016,False,False,[],False
2023-12-31,2024-12-30,True,275053,NATURES SUNSHINE PRODUCTS INC,"[""NATR""]","[""2834""]",10-K,2023-03-16,0000275053-23-000005,False,False,[],False
2023-12-31,2024-12-30,True,310158,"Merck & Co., Inc.","[""MRK""]","[""2834""]",10-K,2023-02-24,0001628280-23-005061,False,False,[],False
2023-12-31,2024-12-30,True,315545,"PROVECTUS BIOPHARMACEUTICALS, INC.","[""PVCT""]","[""2834""]",10-K,2023-03-30,0001493152-23-009563,False,False,[],False
2023-12-31,2024-12-30,True,318154,AMGEN INC,"[""AMGN""]","[""2836""]",10-K,2023-02-09,0000318154-23-000017,False,False,[],False
2023-12-31,2024-12-30,True,318306,ABEONA THERAPEUTICS INC.,"[""ABEO""]","[""2834""]",10-K/A,2023-04-10,0001493152-23-011758,False,False,[],False
2023-12-31,2024-12-30,True,704562,"Avid Bioservices, Inc.","[""CDMO""]","[""2834""]",10-K,2023-06-21,0001683168-23-004329,False,True,"[""b23ecbf7edc33f9e58ca""]",False
2023-12-31,2024-12-30,True,707511,REGENERX BIOPHARMACEUTICALS INC,"[""RGRX""]","[""2834""]",10-K,2023-04-11,0001410578-23-000628,False,False,[],False
2023-12-31,2024-12-30,True,715446,Anixa Biosciences Inc,"[""ANIX""]","[""2834""]",10-K,2023-01-04,0001493152-23-000346,False,False,[],False
2023-12-31,2024-12-30,True,725363,CEL SCI CORP,"[""CVM""]","[""2836""]",10-K,2023-12-21,0001654954-23-015877,False,False,[],False
2023-12-31,2024-12-30,True,748592,Eterna Therapeutics Inc.,"[""ERNA""]","[""2834""]",10-K,2023-03-20,0001140361-23-012418,False,False,[],False
2023-12-31,2024-12-30,True,749647,"Imunon, Inc.","[""IMNN""]","[""2834""]",10-K,2023-03-30,0001493152-23-009604,False,False,[],False
2023-12-31,2024-12-30,True,764195,VBI Vaccines Inc/BC,"[""VBIVQ""]","[""2834""]",10-K,2023-03-13,0001493152-23-007351,False,False,[],False
2023-12-31,2024-12-30,True,771856,"CHAMPIONS ONCOLOGY, INC.","[""CSBR""]","[""2836""]",10-K,2023-07-24,0001628280-23-025464,False,False,[],False
2023-12-31,2024-12-30,True,786947,"ACURA PHARMACEUTICALS, INC","[""ACUR""]","[""2834""]",10-K,2023-06-30,0001410578-23-001462,False,False,[],False
2023-12-31,2024-12-30,True,791908,XOMA Corp,"[""XOMA"", ""XOMAO"", ""XOMAP""]","[""2834""]",10-K,2023-03-09,0001558370-23-003259,False,False,[],False
2023-12-31,2024-12-30,True,810509,"NAVIDEA BIOPHARMACEUTICALS, INC.","[""NAVB""]","[""2835""]",10-K,2023-03-27,0001437749-23-008054,False,False,[],False
2023-12-31,2024-12-30,True,811641,IMMUCELL CORP /DE/,"[""ICCC""]","[""2835""]",10-K,2023-03-29,0001213900-23-024080,False,False,[],False
2023-12-31,2024-12-30,True,812796,"SOLIGENIX, INC.","[""SNGX""]","[""2834""]",10-K,2023-03-31,0001558370-23-005304,False,False,[],False
2023-12-31,2024-12-30,True,818033,"HERON THERAPEUTICS, INC. /DE/","[""HRTX""]","[""2834""]",10-K,2023-03-29,0000950170-23-010603,False,False,[],False
2023-12-31,2024-12-30,True,818686,TEVA PHARMACEUTICAL INDUSTRIES LTD,"[""TEVA"", ""TEVJF""]","[""2834""]",10-K,2023-02-10,0001193125-23-031250,False,False,[],False
2023-12-31,2024-12-30,True,822370,"Emmaus Life Sciences, Inc.","[""EMMA""]","[""2834""]",10-K,2023-03-31,0000950170-23-011328,False,False,[],False
2023-12-31,2024-12-30,True,827871,"EAGLE PHARMACEUTICALS, INC.","[""EGRX""]","[""2834""]",10-K,2023-03-23,0000827871-23-000009,False,False,[],False
2023-12-31,2024-12-30,True,832489,"GeoVax Labs, Inc.","[""GOVX"", ""GOVXW""]","[""2834""]",10-K/A,2023-04-27,0001437749-23-011369,False,False,[],False
2023-12-31,2024-12-30,True,849146,Lifevantage Corp,"[""LFVN""]","[""2834""]",10-K,2023-08-28,0000849146-23-000102,False,False,[],False
2023-12-31,2024-12-30,True,849636,RespireRx Pharmaceuticals Inc.,"[""RSPI""]","[""2834""]",10-K,2023-04-17,0001493152-23-012542,False,False,[],False
2023-12-31,2024-12-30,True,850261,"Sorrento Therapeutics, Inc.","[""SRNE""]","[""2836""]",10-K,2023-03-16,0000950170-23-008238,False,False,[],False
2023-12-31,2024-12-30,True,861838,"Aceragen, Inc.",[],"[""2836""]",10-K,2023-04-13,0001558370-23-005875,False,False,[],False
2023-12-31,2024-12-30,True,863894,VERU INC.,"[""VERU""]","[""2834""]",10-K,2023-12-08,0000863894-23-000017,False,False,[],False
2023-12-31,2024-12-30,True,873303,"Sarepta Therapeutics, Inc.","[""SRPT""]","[""2834""]",10-K,2023-02-28,0000950170-23-005062,False,False,[],False
2023-12-31,2024-12-30,True,876343,"Lineage Cell Therapeutics, Inc.","[""LCTX""]","[""2836""]",10-K/A,2023-04-27,0001493152-23-013813,False,False,[],False
2023-12-31,2024-12-30,True,879169,INCYTE CORP,"[""INCY""]","[""8731""]",10-K,2023-02-07,0000879169-23-000008,False,False,[],False
2023-12-31,2024-12-30,True,879407,"ARROWHEAD PHARMACEUTICALS, INC.","[""ARWR""]","[""2834""]",10-K,2023-11-29,0001628280-23-040219,False,False,[],False
2023-12-31,2024-12-30,True,882361,Aptose Biosciences Inc.,"[""APTO""]","[""2836""]",10-K,2023-03-24,0000950170-23-009560,False,False,[],False
2023-12-31,2024-12-30,True,885590,Bausch Health Companies Inc.,"[""BHC""]","[""2834""]",10-K,2023-02-23,0000885590-23-000009,False,False,[],False
2023-12-31,2024-12-30,True,886163,LIGAND PHARMACEUTICALS INC,"[""LGND"", ""LGNDZ"", ""LGNXZ"", ""LGNYZ"", ""LGNZZ""]","[""2834""]",10-K,2023-02-28,0000886163-23-000007,False,False,[],False
2023-12-31,2024-12-30,True,887359,Vericel Corp,"[""VCEL""]","[""2836""]",10-K,2023-02-23,0001628280-23-004714,False,False,[],False
2023-12-31,2024-12-30,True,890821,"Enveric Biosciences, Inc.","[""ENVB""]","[""2834""]",10-K/A,2023-06-09,0001493152-23-020625,False,False,[],False
2023-12-31,2024-12-30,True,894158,"Theriva Biologics, Inc.","[""TOVX""]","[""2834""]",10-K,2023-03-30,0001410578-23-000428,False,False,[],False
2023-12-31,2024-12-30,True,896264,USANA HEALTH SCIENCES INC,"[""USNA""]","[""2833""]",10-K,2023-02-28,0000896264-23-000004,False,False,[],False
2023-12-31,2024-12-30,True,901832,ASTRAZENECA PLC,"[""AZN"", ""AZNCF""]","[""2834""]",20-F,2023-02-21,0001104659-23-023818,False,False,[],False
2023-12-31,2024-12-30,True,906338,TARO PHARMACEUTICAL INDUSTRIES LTD,[],"[""2834""]",20-F,2023-06-29,0000950170-23-030778,False,False,[],False
2023-12-31,2024-12-30,True,910267,TITAN PHARMACEUTICALS INC,"[""TTNP"", ""TTNPW""]","[""2836""]",10-K,2023-03-31,0001829126-23-002504,False,False,[],False
2023-12-31,2024-12-30,True,911216,PALATIN TECHNOLOGIES INC,"[""PTN""]","[""2834""]",10-K,2023-09-28,0001654954-23-012335,False,False,[],False
2023-12-31,2024-12-30,True,921114,"Armata Pharmaceuticals, Inc.","[""ARMP""]","[""2836""]",10-K,2023-03-16,0001558370-23-004014,False,False,[],False
2023-12-31,2024-12-30,True,921299,FIBROGEN INC,"[""FGEN""]","[""2834""]",10-K,2023-02-27,0000950170-23-004668,False,False,[],False
2023-12-31,2024-12-30,True,922247,"Cyclo Therapeutics, Inc.","[""CYTH"", ""CYTHW""]","[""2836""]",10-K/A,2023-05-01,0001437749-23-011932,False,False,[],False
2023-12-31,2024-12-30,True,925741,"BioCardia, Inc.","[""BCDA""]","[""2836""]",10-K/A,2023-05-01,0001437749-23-011950,False,False,[],False
2023-12-31,2024-12-30,True,926617,Aspira Women's Health Inc.,"[""AWH""]","[""2835""]",10-K/A,2023-10-26,0000926617-23-000089,False,False,[],False
2023-12-31,2024-12-30,True,926844,Fuss Brands Corp.,"[""FBDS""]","[""2834""]",10-K,2023-01-27,0001829126-23-001055,False,False,[],False
2023-12-31,2024-12-30,True,944809,"OPKO HEALTH, INC.","[""OPK""]","[""2834""]",10-K,2023-02-27,0000944809-23-000013,False,False,[],False
2023-12-31,2024-12-30,True,946486,WINDTREE THERAPEUTICS INC /DE/,"[""WINT"", ""WINTW""]","[""2836""]",10-K/A,2023-05-01,0001437749-23-011914,False,False,[],False
2023-12-31,2024-12-30,True,946644,AIM ImmunoTech Inc.,"[""AIM""]","[""2836""]",10-K,2023-03-31,0001493152-23-010351,False,False,[],False
2023-12-31,2024-12-30,True,1001316,"TG THERAPEUTICS, INC.","[""TGTX""]","[""2834""]",10-K,2023-03-01,0001558370-23-002610,False,False,[],False
2023-12-31,2024-12-30,True,1006281,"Protalix BioTherapeutics, Inc.","[""PLX""]","[""2836""]",10-K/A,2023-05-01,0001558370-23-007386,False,False,[],False
2023-12-31,2024-12-30,True,1008848,ACORDA THERAPEUTICS INC,[],"[""2836""]",10-K,2023-03-15,0000950170-23-007948,False,False,[],False
2023-12-31,2024-12-30,True,1010086,SIGA TECHNOLOGIES INC,"[""SIGA""]","[""2834""]",10-K,2023-03-02,0001437749-23-005241,False,False,[],False
2023-12-31,2024-12-30,True,1012477,AVADEL PHARMACEUTICALS PLC,"[""AVDL""]","[""2834""]",10-K,2023-03-29,0001012477-23-000009,False,False,[],False
2023-12-31,2024-12-30,True,1014763,"Ainos, Inc.","[""AIMD"", ""AIMDW""]","[""2834""]",10-K,2023-04-03,0001654954-23-004157,False,False,[],False
2023-12-31,2024-12-30,True,1015820,QIAGEN N.V.,"[""QGEN""]","[""2836""]",20-F,2023-03-13,0001015820-23-000012,False,False,[],False
2023-12-31,2024-12-30,True,1016504,INTEGRATED BIOPHARMA INC,"[""INBP""]","[""2834""]",10-K,2023-09-15,0001437749-23-026022,False,False,[],False
2023-12-31,2024-12-30,True,1018735,NYMOX PHARMACEUTICAL CORP,"[""NYMXF""]","[""2835""]",20-F,2023-05-02,0001640334-23-000736,False,False,[],False
2023-12-31,2024-12-30,True,1022899,"Protagenic Therapeutics, Inc.\new","[""PTIX"", ""PTIXW""]","[""2834""]",10-K/A,2023-04-17,0001493152-23-012498,False,False,[],False
2023-12-31,2024-12-30,True,1023024,ANI PHARMACEUTICALS INC,"[""ANIP""]","[""2834""]",10-K,2023-03-09,0001023024-23-000005,False,False,[],False
2023-12-31,2024-12-30,True,1023549,XTL BIOPHARMACEUTICALS LTD,"[""XTLB""]","[""2834""]",20-F,2023-03-22,0001213900-23-021869,False,False,[],False
2023-12-31,2024-12-30,True,1029125,"Panbela Therapeutics, Inc.","[""PBLA""]","[""2834""]",10-K,2023-03-16,0001437749-23-006899,False,False,[],False
2023-12-31,2024-12-30,True,1029142,DYNAVAX TECHNOLOGIES CORP,"[""DVAX""]","[""2834""]",10-K,2023-02-23,0000950170-23-004130,False,False,[],False
2023-12-31,2024-12-30,True,1035354,"Eloxx Pharmaceuticals, Inc.","[""ELOX""]","[""2836""]",10-K,2023-03-31,0000950170-23-011360,False,False,[],False
2023-12-31,2024-12-30,True,1042074,"CymaBay Therapeutics, Inc.",[],"[""2834""]",10-K,2023-03-23,0001193125-23-077859,True,True,"[""7ef843d60949dbaafdac""]",False
2023-12-31,2024-12-30,True,1042418,"Inhibitor Therapeutics, Inc.","[""INTI""]","[""2834""]",10-K,2023-03-31,0001493152-23-010383,False,False,[],False
2023-12-31,2024-12-30,True,1053369,ELITE PHARMACEUTICALS INC /NV/,"[""ELTP""]","[""2834""]",10-K/A,2023-07-31,0001493152-23-026078,False,False,[],False
2023-12-31,2024-12-30,True,1053691,Diffusion Pharmaceuticals Inc.,"[""CRVO""]","[""2834""]",10-K,2023-03-24,0001437749-23-007795,False,False,[],False
2023-12-31,2024-12-30,True,1069899,PHIBRO ANIMAL HEALTH CORP,"[""PAHC""]","[""2834""]",10-K,2023-08-30,0001558370-23-015357,False,False,[],False
2023-12-31,2024-12-30,True,1070081,"PTC THERAPEUTICS, INC.","[""PTCT""]","[""2834""]",10-K/A,2023-03-08,0001104659-23-030113,False,False,[],False
2023-12-31,2024-12-30,True,1072379,NORTHWEST BIOTHERAPEUTICS INC,"[""NWBO""]","[""2834""]",10-K,2023-02-28,0001410578-23-000185,False,False,[],False
2023-12-31,2024-12-30,True,1076682,"POLARITYTE, INC.","[""RGTPQ""]","[""2836""]",10-K,2023-03-27,0001493152-23-009124,False,False,[],False
2023-12-31,2024-12-30,True,1087294,CUMBERLAND PHARMACEUTICALS INC,"[""CPIX""]","[""2834""]",10-K,2023-03-13,0001628280-23-007727,False,False,[],False
2023-12-31,2024-12-30,True,1094038,"Marker Therapeutics, Inc.","[""MRKR""]","[""2834""]",10-K,2023-03-22,0001410578-23-000324,False,False,[],False
2023-12-31,2024-12-30,True,1100397,"Ayala Pharmaceuticals, Inc.","[""ADXS""]","[""2834""]",10-K,2023-02-10,0001493152-23-004167,False,False,[],False
2023-12-31,2024-12-30,True,1100682,"CHARLES RIVER LABORATORIES INTERNATIONAL, INC.","[""CRL""]","[""8731""]",10-K,2023-02-22,0001100682-23-000006,False,False,[],False
2023-12-31,2024-12-30,True,1101026,"Zivo Bioscience, Inc.","[""ZIVO"", ""ZIVOW""]","[""2836""]",10-K,2023-03-14,0001654954-23-002845,False,False,[],False
2023-12-31,2024-12-30,True,1106644,"CHINA PHARMA HOLDINGS, INC.","[""CPHI""]","[""2834""]",10-K,2023-03-30,0001213900-23-024710,False,False,[],False
2023-12-31,2024-12-30,True,1106838,"Sonnet BioTherapeutics Holdings, Inc.","[""SONN""]","[""2834""]",10-K,2023-12-14,0001493152-23-044896,False,False,[],False
2023-12-31,2024-12-30,True,1107421,"Alaunos Therapeutics, Inc.","[""TCRT""]","[""2834""]",10-K,2023-03-07,0000950170-23-006377,False,False,[],False
2023-12-31,2024-12-30,True,1113423,Aeterna Zentaris Inc.,"[""CSCI""]","[""2834""]",20-F,2023-03-23,0001493152-23-008641,False,False,[],False
2023-12-31,2024-12-30,True,1114448,NOVARTIS AG,"[""NVS"", ""NVSEF""]","[""2834""]",20-F/A,2023-05-15,0001370368-23-000048,False,False,[],False
2023-12-31,2024-12-30,True,1117480,CHIMERIX INC,"[""CMRX""]","[""2834""]",10-K,2023-03-02,0001117480-23-000006,False,False,[],False
2023-12-31,2024-12-30,True,1121404,Sanofi,"[""SNY"", ""SNYNF""]","[""2834""]",20-F,2023-02-24,0001121404-23-000008,False,False,[],False
2023-12-31,2024-12-30,True,1124524,"Cryoport, Inc.","[""CYRX""]","[""2834""]",10-K,2023-02-28,0001410578-23-000188,False,False,[],False
2023-12-31,2024-12-30,True,1125345,MACROGENICS INC,"[""MGNX""]","[""2834""]",10-K,2023-03-15,0001125345-23-000059,False,False,[],False
2023-12-31,2024-12-30,True,1126234,"LUMOS PHARMA, INC.","[""LUMO""]","[""2834""]",10-K,2023-03-07,0001126234-23-000035,True,True,"[""902f5543ad67abaebdc4""]",False
2023-12-31,2024-12-30,True,1129928,ONCOLYTICS BIOTECH INC,"[""ONCY""]","[""2834""]",20-F,2023-03-03,0001129928-23-000008,False,False,[],False
2023-12-31,2024-12-30,True,1130598,"Onconova Therapeutics, Inc.","[""TRAW""]","[""2834""]",10-K/A,2023-05-01,0001558370-23-007502,False,False,[],False
2023-12-31,2024-12-30,True,1131399,GSK PLC,"[""GSK"", ""GLAXF""]","[""2834""]",20-F/A,2023-04-17,0001193125-23-102401,False,False,[],False
2023-12-31,2024-12-30,True,1133416,GALECTIN THERAPEUTICS INC,"[""GALT""]","[""2834""]",10-K,2023-03-30,0001140361-23-014658,False,False,[],False
2023-12-31,2024-12-30,True,1133519,MEDICURE INC,"[""MCUJF""]","[""2834""]",20-F,2023-04-06,0001193125-23-094175,False,False,[],False
2023-12-31,2024-12-30,True,1133818,BIO-PATH HOLDINGS INC,"[""BPTH""]","[""2834""]",10-K,2023-03-30,0001558370-23-005081,False,False,[],False
2023-12-31,2024-12-30,True,1133869,"CAPRICOR THERAPEUTICS, INC.","[""CAPR""]","[""2834""]",10-K,2023-03-17,0001558370-23-004124,False,False,[],False
2023-12-31,2024-12-30,True,1134765,"Charlie's Holdings, Inc.","[""CHUC""]","[""2833""]",10-K,2023-04-17,0001437749-23-010449,False,False,[],False
2023-12-31,2024-12-30,True,1135951,DR REDDYS LABORATORIES LTD,"[""RDY""]","[""2834""]",20-F,2023-06-13,0001575872-23-000951,False,False,[],False
2023-12-31,2024-12-30,True,1137883,BRAINSTORM CELL THERAPEUTICS INC.,"[""BCLI""]","[""2836""]",10-K,2023-03-30,0001410578-23-000426,False,False,[],False
2023-12-31,2024-12-30,True,1157075,"PharmaCyte Biotech, Inc.","[""PMCB""]","[""2836""]",10-K,2023-07-31,0001683168-23-005175,False,False,[],False
2023-12-31,2024-12-30,True,1157601,"MADRIGAL PHARMACEUTICALS, INC.","[""MDGL""]","[""2834""]",10-K/A,2023-03-03,0001193125-23-060052,False,False,[],False
2023-12-31,2024-12-30,True,1158780,Pluri Inc.,"[""PLUR""]","[""2836""]",10-K,2023-09-12,0001213900-23-076079,False,False,[],False
2023-12-31,2024-12-30,True,1159036,"HALOZYME THERAPEUTICS, INC.","[""HALO""]","[""2836""]",10-K,2023-02-21,0001159036-23-000012,False,False,[],False
2023-12-31,2024-12-30,True,1160308,Savara Inc,"[""SVRA""]","[""2834""]",10-K,2023-03-30,0000950170-23-010967,False,False,[],False
2023-12-31,2024-12-30,True,1173313,"ABVC BIOPHARMA, INC.","[""ABVC""]","[""2834""]",10-K,2023-03-31,0001213900-23-025554,False,False,[],False
2023-12-31,2024-12-30,True,1174940,ORAGENICS INC,"[""OGEN""]","[""2834""]",10-K,2023-04-17,0001493152-23-012617,False,False,[],False
2023-12-31,2024-12-30,True,1176309,ORAMED PHARMACEUTICALS INC.,"[""ORMP""]","[""2834""]",10-K,2023-03-06,0001213900-23-017837,False,False,[],False
2023-12-31,2024-12-30,True,1177648,ENANTA PHARMACEUTICALS INC,"[""ENTA""]","[""2834""]",10-K,2023-11-22,0000950170-23-065884,False,False,[],False
2023-12-31,2024-12-30,True,1178253,SCYNEXIS INC,"[""SCYX""]","[""2834""]",10-K,2023-03-31,0000950170-23-011138,False,False,[],False
2023-12-31,2024-12-30,True,1178670,"ALNYLAM PHARMACEUTICALS, INC.","[""ALNY""]","[""2834""]",10-K,2023-02-23,0001178670-23-000005,False,False,[],False
2023-12-31,2024-12-30,True,1178879,"AMICUS THERAPEUTICS, INC.","[""FOLD""]","[""2834""]",10-K,2023-03-01,0001178879-23-000004,False,False,[],False
2023-12-31,2024-12-30,True,1183765,"Molecular Templates, Inc.","[""MTEM""]","[""2834""]",10-K/A,2023-04-28,0001564590-23-006542,False,False,[],False
2023-12-31,2024-12-30,True,1187953,"CREATIVE MEDICAL TECHNOLOGY HOLDINGS, INC.","[""CELZ""]","[""2836""]",10-K/A,2023-05-01,0001477932-23-003013,False,False,[],False
2023-12-31,2024-12-30,True,1191070,BIONOMICS LIMITED/FI,"[""BNOX""]","[""2834""]",20-F,2023-10-18,0000950170-23-053873,False,False,[],False
2023-12-31,2024-12-30,True,1205922,"VACCINEX, INC.","[""VCNX""]","[""2834""]",10-K,2023-03-31,0000950170-23-011354,False,False,[],False
2023-12-31,2024-12-30,True,1211583,FENNEC PHARMACEUTICALS INC.,"[""FENC""]","[""2836""]",10-K,2023-03-29,0001558370-23-004948,False,False,[],False
2023-12-31,2024-12-30,True,1213037,"Cardiff Oncology, Inc.","[""CRDF""]","[""2836""]",10-K,2023-03-02,0001628280-23-006037,False,False,[],False
2023-12-31,2024-12-30,True,1213809,DYADIC INTERNATIONAL INC,"[""DYAI""]","[""2836""]",10-K,2023-03-29,0001437749-23-008425,False,False,[],False
2023-12-31,2024-12-30,True,1226616,MEDICINOVA INC,"[""MNOV""]","[""2834""]",10-K/A,2023-03-28,0000950170-23-010297,False,False,[],False
2023-12-31,2024-12-30,True,1228627,"Ocuphire Pharma, Inc.","[""OCUP""]","[""2834""]",10-K,2023-03-30,0001140361-23-014868,False,False,[],False
2023-12-31,2024-12-30,True,1231457,GENELUX CORP,"[""GNLX""]","[""2834""]",10-K/A,2023-05-01,0001493152-23-014960,False,False,[],False
2023-12-31,2024-12-30,True,1232524,Jazz Pharmaceuticals plc,"[""JAZZ""]","[""2834""]",10-K/A,2023-05-01,0001193125-23-130405,False,False,[],False
2023-12-31,2024-12-30,True,1253689,GLYCOMIMETICS INC,"[""GLYC""]","[""2834""]",10-K,2023-03-29,0001558370-23-004864,False,False,[],False
2023-12-31,2024-12-30,True,1259942,BELLUS Health Inc.,[],"[""2834""]",40-F,2023-03-23,0001410578-23-000342,False,False,[],False
2023-12-31,2024-12-30,True,1261249,AGILE THERAPEUTICS INC,"[""AGRX"", ""AGXRW""]","[""2834""]",10-K,2023-03-23,0001558370-23-004386,False,True,"[""29ba6ed3dfcd8753f6dd""]",False
2023-12-31,2024-12-30,True,1262104,"MEI Pharma, Inc.","[""MEIP""]","[""2834""]",10-K/A,2023-10-27,0000950170-23-055978,False,False,[],False
2023-12-31,2024-12-30,True,1267565,"COLLEGIUM PHARMACEUTICAL, INC","[""COLL""]","[""2834""]",10-K,2023-02-23,0001558370-23-001900,False,False,[],False
2023-12-31,2024-12-30,True,1267602,ALIMERA SCIENCES INC,"[""ALIM""]","[""2834""]",10-K/A,2023-05-01,0001267602-23-000031,False,True,"[""e9a7569942cd33812d6d""]",False
2023-12-31,2024-12-30,True,1267813,"MARINUS PHARMACEUTICALS, INC.","[""MRNS""]","[""2834""]",10-K,2023-03-09,0001558370-23-003305,False,False,[],False
2023-12-31,2024-12-30,True,1274792,MERRIMACK PHARMACEUTICALS INC,[],"[""2834""]",10-K,2023-03-09,0000950170-23-007063,False,False,[],False
2023-12-31,2024-12-30,True,1279704,"Cellectar Biosciences, Inc.","[""CLRB""]","[""2834""]",10-K/A,2023-03-16,0001104659-23-033350,False,False,[],False
2023-12-31,2024-12-30,True,1280776,"IMMUNIC, INC.","[""IMUX""]","[""2834""]",10-K,2023-02-23,0001280776-23-000004,False,False,[],False
2023-12-31,2024-12-30,True,1281895,"ROCKET PHARMACEUTICALS, INC.","[""RCKT"", ""RCKTW""]","[""2834""]",10-K,2023-02-28,0001140361-23-009252,False,False,[],False
2023-12-31,2024-12-30,True,1285819,OMEROS CORP,"[""OMER""]","[""2834""]",10-K/A,2023-05-01,0001558370-23-007511,False,False,[],False
2023-12-31,2024-12-30,True,1287098,"MAXCYTE, INC.","[""MXCT""]","[""8731""]",10-K,2023-03-15,0001558370-23-003911,False,False,[],False
2023-12-31,2024-12-30,True,1293310,"HUMANIGEN, INC",[],"[""2834""]",10-K/A,2023-04-25,0001214659-23-005941,False,False,[],False
2023-12-31,2024-12-30,True,1293971,"bluebird bio, Inc.","[""BLUE""]","[""2836""]",10-K,2023-03-29,0001293971-23-000007,False,False,[],False
2023-12-31,2024-12-30,True,1295947,Prestige Consumer Healthcare Inc.,"[""PBH""]","[""2834""]",10-K,2023-05-05,0001295947-23-000017,False,False,[],False
2023-12-31,2024-12-30,True,1297184,"Amphastar Pharmaceuticals, Inc.","[""AMPH""]","[""2834""]",10-K,2023-03-01,0001297184-23-000019,False,False,[],False
2023-12-31,2024-12-30,True,1300699,"Athenex, Inc.",[],"[""2834""]",10-K/A,2023-04-28,0001193125-23-124426,False,False,[],False
2023-12-31,2024-12-30,True,1305253,"Eiger BioPharmaceuticals, Inc.","[""EIGRQ""]","[""2836""]",10-K,2023-03-17,0001305253-23-000005,False,False,[],False
2023-12-31,2024-12-30,True,1310630,China Foods Holdings Ltd.,"[""CFOO""]","[""2833""]",10-K,2023-03-31,0001493152-23-010092,False,False,[],False
2023-12-31,2024-12-30,True,1314052,ANAVEX LIFE SCIENCES CORP.,"[""AVXL""]","[""2836""]",10-K,2023-11-27,0001731122-23-002197,False,False,[],False
2023-12-31,2024-12-30,True,1321834,"MyMD Pharmaceuticals, Inc.","[""TNFA""]","[""2835""]",10-K,2023-03-31,0001493152-23-010384,False,False,[],False
2023-12-31,2024-12-30,True,1326110,"ImmunityBio, Inc.","[""IBRX""]","[""2836""]",10-K,2023-03-01,0001326110-23-000018,False,False,[],False
2023-12-31,2024-12-30,True,1326190,"Altimmune, Inc.","[""ALT""]","[""2834""]",10-K,2023-02-28,0001326190-23-000008,False,False,[],False
2023-12-31,2024-12-30,True,1326205,"IGC Pharma, Inc.","[""IGC""]","[""2834""]",10-K,2023-07-07,0001185185-23-000693,False,False,[],False
2023-12-31,2024-12-30,True,1326732,Xencor Inc,"[""XNCR""]","[""2834""]",10-K,2023-02-27,0001628280-23-005127,False,False,[],False
2023-12-31,2024-12-30,True,1335105,"LIXTE BIOTECHNOLOGY HOLDINGS, INC.","[""LIXT"", ""LIXTW""]","[""2834""]",10-K,2023-03-29,0001493152-23-009386,False,False,[],False
2023-12-31,2024-12-30,True,1339970,aTYR PHARMA INC,"[""ATYR""]","[""2836""]",10-K,2023-03-14,0000950170-23-007873,False,False,[],False
2023-12-31,2024-12-30,True,1340243,MorphoSys AG,"[""MPSYF""]","[""2834""]",20-F,2023-03-15,0001628280-23-008110,True,True,"[""536dcf5a3eed08aea51b""]",False
2023-12-31,2024-12-30,True,1341235,"Aldeyra Therapeutics, Inc.","[""ALDX""]","[""2834""]",10-K/A,2023-04-28,0001193125-23-126947,False,False,[],False
2023-12-31,2024-12-30,True,1345099,MESOBLAST LTD,"[""MESO"", ""MEOBF""]","[""2836""]",20-F,2023-08-31,0001345099-23-000059,False,False,[],False
2023-12-31,2024-12-30,True,1346830,"Cara Therapeutics, Inc.","[""CARA""]","[""2834""]",10-K,2023-03-06,0001558370-23-002913,False,False,[],False
2023-12-31,2024-12-30,True,1347178,Vanda Pharmaceuticals Inc.,"[""VNDA""]","[""2834""]",10-K,2023-02-09,0001628280-23-002857,False,False,[],False
2023-12-31,2024-12-30,True,1347242,LIPELLA PHARMACEUTICALS INC,"[""LIPO""]","[""2834""]",10-K,2023-03-31,0001753926-23-000352,False,False,[],False
2023-12-31,2024-12-30,True,1348362,Lexaria Bioscience Corp.,"[""LEXX"", ""LEXXW""]","[""2834""]",10-K,2023-11-20,0001640334-23-002227,False,False,[],False
2023-12-31,2024-12-30,True,1348911,"KalVista Pharmaceuticals, Inc.","[""KALV""]","[""2834""]",10-K,2023-07-10,0000950170-23-032298,False,False,[],False
2023-12-31,2024-12-30,True,1351172,Liminal BioSciences Inc.,[],"[""2834""]",20-F,2023-03-15,0000950170-23-008141,False,False,[],False
2023-12-31,2024-12-30,True,1355250,Innovation Pharmaceuticals Inc.,"[""IPIX""]","[""2834""]",10-K,2023-09-28,0001477932-23-007158,False,False,[],False
2023-12-31,2024-12-30,True,1356090,"PRECIGEN, INC.","[""PGEN""]","[""2834""]",10-K,2023-03-06,0001356090-23-000004,False,False,[],False
2023-12-31,2024-12-30,True,1356576,"SUPERNUS PHARMACEUTICALS, INC.","[""SUPN""]","[""2834""]",10-K,2023-03-09,0001356576-23-000016,False,False,[],False
2023-12-31,2024-12-30,True,1357459,"PALISADE BIO, INC.","[""PALI""]","[""2836""]",10-K,2023-03-22,0000950170-23-009226,False,False,[],False
2023-12-31,2024-12-30,True,1357874,PRECISION BIOSCIENCES INC,"[""DTIL""]","[""2836""]",10-K,2023-03-09,0000950170-23-006838,False,False,[],False
2023-12-31,2024-12-30,True,1358403,"BELLICUM PHARMACEUTICALS, INC",[],"[""2834""]",10-K/A,2023-04-28,0001628280-23-014229,False,False,[],False
2023-12-31,2024-12-30,True,1359931,"Protara Therapeutics, Inc.","[""TARA""]","[""2836""]",10-K,2023-03-08,0001213900-23-018373,False,False,[],False
2023-12-31,2024-12-30,True,1360214,"HARROW HEALTH, INC.","[""HROW"", ""HROWL"", ""HROWM""]","[""2834""]",10-K,2023-03-23,0001493152-23-008718,False,False,[],False
2023-12-31,2024-12-30,True,1367083,"Sonoma Pharmaceuticals, Inc.","[""SNOA""]","[""2834""]",10-K,2023-06-21,0001683168-23-004323,False,False,[],False
2023-12-31,2024-12-30,True,1367644,Emergent BioSolutions Inc.,"[""EBS""]","[""2834""]",10-K/A,2023-12-11,0001367644-23-000207,False,False,[],False
2023-12-31,2024-12-30,True,1368148,"ATHERSYS, INC / NEW","[""ATHXQ""]","[""2834""]",10-K,2023-04-03,0001368148-23-000025,False,False,[],False
2023-12-31,2024-12-30,True,1368514,"ADMA BIOLOGICS, INC.","[""ADMA""]","[""2836""]",10-K,2023-03-23,0001140361-23-013467,False,False,[],False
2023-12-31,2024-12-30,True,1369568,"CATALYST PHARMACEUTICALS, INC.","[""CPRX""]","[""2834""]",10-K/A,2023-04-24,0001193125-23-112925,False,False,[],False
2023-12-31,2024-12-30,True,1370053,"ANAPTYSBIO, INC","[""ANAB""]","[""2834""]",10-K,2023-03-01,0001370053-23-000020,False,False,[],False
2023-12-31,2024-12-30,True,1372299,"Ocugen, Inc.","[""OCGN""]","[""2836""]",10-K,2023-02-28,0001628280-23-005382,False,False,[],False
2023-12-31,2024-12-30,True,1372514,KIORA PHARMACEUTICALS INC,"[""KPRX"", ""KPHMW""]","[""2834""]",10-K,2023-03-23,0001372514-23-000050,False,False,[],False
2023-12-31,2024-12-30,True,1374339,ProMIS Neurosciences Inc.,"[""PMN""]","[""2834""]",10-K/A,2023-04-27,0001104659-23-051400,False,False,[],False
2023-12-31,2024-12-30,True,1374690,"Larimar Therapeutics, Inc.","[""LRMR""]","[""2834""]",10-K,2023-03-14,0000950170-23-007855,False,False,[],False
2023-12-31,2024-12-30,True,1377121,"Protagonist Therapeutics, Inc","[""PTGX""]","[""2834""]",10-K,2023-03-15,0001558370-23-003906,False,False,[],False
2023-12-31,2024-12-30,True,1379006,"NANOVIRICIDES, INC.","[""NNVC""]","[""2834""]",10-K,2023-10-13,0001410578-23-002146,False,False,[],False
2023-12-31,2024-12-30,True,1382101,"SUTRO BIOPHARMA, INC.","[""STRO""]","[""2836""]",10-K,2023-03-30,0000950170-23-010976,False,False,[],False
2023-12-31,2024-12-30,True,1383701,Histogen Inc.,[],"[""2834""]",10-K,2023-03-09,0000950170-23-007056,False,False,[],False
2023-12-31,2024-12-30,True,1385818,"AYTU BIOPHARMA, INC","[""AYTU""]","[""2834""]",10-K,2023-10-12,0001558370-23-016393,False,False,[],False
2023-12-31,2024-12-30,True,1386570,ChromaDex Corp.,"[""CDXC""]","[""2833""]",10-K,2023-03-08,0001628280-23-006968,False,False,[],False
2023-12-31,2024-12-30,True,1388319,"U.S. Stem Cell, Inc.","[""USRM""]","[""8731""]",10-K,2023-04-14,0001185185-23-000339,False,False,[],False
2023-12-31,2024-12-30,True,1388320,"Actinium Pharmaceuticals, Inc.","[""ATNM""]","[""2834""]",10-K,2023-03-31,0001213900-23-025597,False,False,[],False
2023-12-31,2024-12-30,True,1389545,"NovaBay Pharmaceuticals, Inc.","[""NBY""]","[""2834""]",10-K/A,2023-04-28,0001437749-23-011647,False,True,"[""0f2b06c701d884b571e7""]",False
2023-12-31,2024-12-30,True,1390478,"SELLAS Life Sciences Group, Inc.","[""SLS""]","[""2834""]",10-K,2023-03-16,0001390478-23-000005,False,False,[],False
2023-12-31,2024-12-30,True,1393434,"OCULAR THERAPEUTIX, INC","[""OCUL""]","[""2834""]",10-K,2023-03-06,0001558370-23-002908,False,False,[],False
2023-12-31,2024-12-30,True,1394319,"Tracon Pharmaceuticals, Inc.","[""TCON""]","[""2836""]",10-K,2023-03-08,0001564590-23-003313,False,False,[],False
2023-12-31,2024-12-30,True,1395064,TAKEDA PHARMACEUTICAL CO LTD,"[""TAK"", ""TKPHF""]","[""2834""]",20-F,2023-06-28,0001395064-23-000072,False,False,[],False
2023-12-31,2024-12-30,True,1395937,Syndax Pharmaceuticals Inc,"[""SNDX""]","[""2834""]",10-K,2023-02-28,0000950170-23-005079,False,False,[],False
2023-12-31,2024-12-30,True,1396814,"Pacira BioSciences, Inc.","[""PCRX""]","[""2834""]",10-K,2023-02-28,0001396814-23-000010,False,False,[],False
2023-12-31,2024-12-30,True,1398733,"Aquestive Therapeutics, Inc.","[""AQST""]","[""2834""]",10-K,2023-03-31,0001628280-23-010180,False,False,[],False
2023-12-31,2024-12-30,True,1401040,DiaMedica Therapeutics Inc.,"[""DMAC""]","[""2834""]",10-K,2023-03-28,0001437749-23-008189,False,False,[],False
2023-12-31,2024-12-30,True,1401395,Neptune Wellness Solutions Inc.,"[""NEPTF""]","[""2834""]",10-K,2023-07-17,0000950170-23-033091,False,False,[],False
2023-12-31,2024-12-30,True,1401667,"PUMA BIOTECHNOLOGY, INC.","[""PBYI""]","[""2834""]",10-K,2023-03-02,0001437749-23-005233,False,False,[],False
2023-12-31,2024-12-30,True,1401708,NanoString Technologies Inc,[],"[""2836""]",10-K,2023-02-28,0001401708-23-000052,False,False,[],False
2023-12-31,2024-12-30,True,1401914,"Dare Bioscience, Inc.","[""DARE""]","[""2834""]",10-K,2023-03-30,0001401914-23-000013,False,False,[],False
2023-12-31,2024-12-30,True,1402328,"Sunshine Biopharma, Inc","[""SBFM"", ""SBFMW""]","[""2834""]",10-K,2023-04-04,0001683168-23-002128,False,False,[],False
2023-12-31,2024-12-30,True,1403708,Evoke Pharma Inc,"[""EVOK""]","[""2834""]",10-K,2023-03-21,0000950170-23-008942,False,False,[],False
2023-12-31,2024-12-30,True,1404281,"Eledon Pharmaceuticals, Inc.","[""ELDN""]","[""2834""]",10-K,2023-03-30,0000950170-23-011011,False,False,[],False
2023-12-31,2024-12-30,True,1404644,"Neoleukin Therapeutics, Inc.","[""NGNE""]","[""2834""]",10-K,2023-03-20,0001628280-23-008602,False,False,[],False
2023-12-31,2024-12-30,True,1408443,Milestone Pharmaceuticals Inc.,"[""MIST""]","[""2834""]",10-K/A,2023-05-31,0001104659-23-066205,False,False,[],False
2023-12-31,2024-12-30,True,1410098,CorMedix Inc.,"[""CRMD""]","[""2834""]",10-K,2023-03-30,0001213900-23-024310,False,False,[],False
2023-12-31,2024-12-30,True,1411685,"Vistagen Therapeutics, Inc.","[""VTGN""]","[""2834""]",10-K,2023-06-28,0001437749-23-018793,False,False,[],False
2023-12-31,2024-12-30,True,1411906,"Ampio Pharmaceuticals, Inc.","[""AMPE""]","[""2834""]",10-K/A,2023-04-28,0001558370-23-007322,False,False,[],False
2023-12-31,2024-12-30,True,1412486,"Cocrystal Pharma, Inc.","[""COCP""]","[""2834""]",10-K,2023-03-29,0001493152-23-009385,False,False,[],False
2023-12-31,2024-12-30,True,1412558,Evotec SE,"[""EVO"", ""EVOTF""]","[""2834""]",20-F,2023-05-12,0001104659-23-059900,False,False,[],False
2023-12-31,2024-12-30,True,1419041,"Forte Biosciences, Inc.","[""FBRX""]","[""2834""]",10-K/A,2023-05-01,0001193125-23-130365,False,False,[],False
2023-12-31,2024-12-30,True,1420565,AILERON THERAPEUTICS INC,"[""ALRN""]","[""2834""]",10-K/A,2023-04-28,0001193125-23-124375,False,False,[],False
2023-12-31,2024-12-30,True,1420720,"iBio, Inc.","[""IBIO""]","[""2834""]",10-K,2023-09-27,0001420720-23-000045,False,False,[],False
2023-12-31,2024-12-30,True,1421876,GALAPAGOS NV,"[""GLPG"", ""GLPGF""]","[""2834""]",20-F,2023-03-23,0001558370-23-004448,False,False,[],False
2023-12-31,2024-12-30,True,1422142,"Aadi Bioscience, Inc.","[""AADI""]","[""2834""]",10-K,2023-03-29,0001628280-23-009583,False,False,[],False
2023-12-31,2024-12-30,True,1422143,"Kura Oncology, Inc.","[""KURA""]","[""2834""]",10-K,2023-02-23,0000950170-23-004107,False,False,[],False
2023-12-31,2024-12-30,True,1425205,"IOVANCE BIOTHERAPEUTICS, INC.","[""IOVA""]","[""2836""]",10-K,2023-02-28,0001558370-23-002419,False,False,[],False
2023-12-31,2024-12-30,True,1426332,NGM BIOPHARMACEUTICALS INC,[],"[""2834""]",10-K/A,2023-03-01,0001193125-23-055178,True,True,"[""abbefb4ab5309115d731""]",False
2023-12-31,2024-12-30,True,1426800,"ASSEMBLY BIOSCIENCES, INC.","[""ASMB""]","[""2834""]",10-K,2023-03-22,0000950170-23-009184,False,False,[],False
2023-12-31,2024-12-30,True,1427925,ACELRX PHARMACEUTICALS INC,"[""TLPH""]","[""2834""]",10-K/A,2023-05-01,0001437749-23-011719,False,False,[],False
2023-12-31,2024-12-30,True,1429260,"Fortress Biotech, Inc.","[""FBIO"", ""FBIOP""]","[""2834""]",10-K,2023-03-31,0001558370-23-005282,False,False,[],False
2023-12-31,2024-12-30,True,1429560,TREVENA INC,"[""TRVN""]","[""2834""]",10-K,2023-03-30,0001558370-23-004988,False,False,[],False
2023-12-31,2024-12-30,True,1430306,Tonix Pharmaceuticals Holding Corp.,"[""TNXP""]","[""2834""]",10-K,2023-03-13,0001387131-23-003377,False,False,[],False
2023-12-31,2024-12-30,True,1434265,GENMAB A/S,"[""GMAB"", ""GNMSF""]","[""2834""]",20-F,2023-02-22,0001558370-23-001716,False,False,[],False
2023-12-31,2024-12-30,True,1434316,FATE THERAPEUTICS INC,"[""FATE""]","[""2836""]",10-K,2023-02-28,0000950170-23-005067,False,False,[],False
2023-12-31,2024-12-30,True,1434647,"ZEVRA THERAPEUTICS, INC.","[""ZVRA""]","[""2834""]",10-K,2023-03-07,0001437749-23-005703,False,False,[],False
2023-12-31,2024-12-30,True,1434868,"Esperion Therapeutics, Inc.","[""ESPR""]","[""2834""]",10-K,2023-02-21,0001628280-23-004167,False,False,[],False
2023-12-31,2024-12-30,True,1437402,"ARDELYX, INC.","[""ARDX""]","[""2834""]",10-K,2023-03-02,0001628280-23-006041,False,False,[],False
2023-12-31,2024-12-30,True,1438533,"Travere Therapeutics, Inc.","[""TVTX""]","[""2834""]",10-K,2023-02-23,0001438533-23-000008,False,False,[],False
2023-12-31,2024-12-30,True,1438569,Grifols SA,"[""GRFS"", ""GIFLF"", ""GIFOF"", ""GIKLY""]","[""2834""]",20-F,2023-04-18,0001104659-23-046470,False,False,[],False
2023-12-31,2024-12-30,True,1439222,"AGIOS PHARMACEUTICALS, INC.","[""AGIO""]","[""2834""]",10-K,2023-02-23,0001439222-23-000039,False,False,[],False
2023-12-31,2024-12-30,True,1442836,"Mersana Therapeutics, Inc.","[""MRSN""]","[""2834""]",10-K,2023-02-28,0001628280-23-005376,False,False,[],False
2023-12-31,2024-12-30,True,1444192,Acasti Pharma Inc.,"[""ACST""]","[""2834""]",10-K,2023-06-23,0000950170-23-029498,False,False,[],False
2023-12-31,2024-12-30,True,1445283,"KINETA, INC./DE","[""KA""]","[""2834""]",10-K,2023-03-31,0000950170-23-011364,False,False,[],False
2023-12-31,2024-12-30,True,1445499,IMPEL PHARMACEUTICALS INC,[],"[""2834""]",10-K/A,2023-03-31,0000950170-23-011398,False,False,[],False
2023-12-31,2024-12-30,True,1445815,"BIOXYTRAN, INC","[""BIXT""]","[""2834""]",10-K,2023-03-31,0001493152-23-010104,False,False,[],False
2023-12-31,2024-12-30,True,1446847,IRONWOOD PHARMACEUTICALS INC,"[""IRWD""]","[""2834""]",10-K,2023-02-16,0001558370-23-001462,False,False,[],False
2023-12-31,2024-12-30,True,1447028,Arbutus Biopharma Corp,"[""ABUS""]","[""2834""]",10-K,2023-03-02,0001447028-23-000018,False,False,[],False
2023-12-31,2024-12-30,True,1453593,"Xtant Medical Holdings, Inc.","[""XTNT""]","[""2836""]",10-K,2023-03-07,0001493152-23-006881,False,False,[],False
2023-12-31,2024-12-30,True,1453687,SELECTA BIOSCIENCES INC,"[""RNAC""]","[""2834""]",10-K,2023-03-02,0001453687-23-000040,False,False,[],False
2023-12-31,2024-12-30,True,1454789,"Astria Therapeutics, Inc.","[""ATXS""]","[""2834""]",10-K,2023-03-22,0001104659-23-035584,False,False,[],False
2023-12-31,2024-12-30,True,1455365,COGNITION THERAPEUTICS INC,"[""CGTX""]","[""2836""]",10-K,2023-03-23,0001558370-23-004401,False,False,[],False
2023-12-31,2024-12-30,True,1460602,Orgenesis Inc.,"[""ORGS""]","[""2834""]",10-K,2023-03-22,0001493152-23-008574,False,False,[],False
2023-12-31,2024-12-30,True,1460702,"Qualigen Therapeutics, Inc.","[""QLGN""]","[""2834""]",10-K/A,2023-07-07,0001493152-23-024027,False,False,[],False
2023-12-31,2024-12-30,True,1463361,"Unity Biotechnology, Inc.","[""UBX""]","[""2834""]",10-K,2023-03-15,0000950170-23-008171,False,False,[],False
2023-12-31,2024-12-30,True,1467154,"Novan, Inc.",[],"[""2834""]",10-K,2023-03-30,0001467154-23-000029,False,False,[],False
2023-12-31,2024-12-30,True,1468748,Kodiak Sciences Inc.,"[""KOD""]","[""2836""]",10-K,2023-03-28,0000950170-23-010314,False,False,[],False
2023-12-31,2024-12-30,True,1472012,Immunome Inc.,"[""IMNM""]","[""2834""]",10-K,2023-03-16,0001558370-23-003964,False,False,[],False
2023-12-31,2024-12-30,True,1472091,PDS Biotechnology Corp,"[""PDSB""]","[""2834""]",10-K/A,2023-04-28,0001140361-23-021557,False,False,[],False
2023-12-31,2024-12-30,True,1476963,"NightHawk Biosciences, Inc.","[""SCPX""]","[""2834""]",10-K,2023-03-31,0001558370-23-005289,False,False,[],False
2023-12-31,2024-12-30,True,1477845,"Annovis Bio, Inc.","[""ANVS""]","[""2834""]",10-K,2023-03-31,0001104659-23-040275,False,False,[],False
2023-12-31,2024-12-30,True,1478069,CONTRAFECT Corp,"[""CFRXQ""]","[""2834""]",10-K,2023-03-31,0001193125-23-087990,False,False,[],False
2023-12-31,2024-12-30,True,1478242,IQVIA HOLDINGS INC.,"[""IQV""]","[""8731""]",10-K,2023-02-15,0001478242-23-000044,False,False,[],False
2023-12-31,2024-12-30,True,1478320,Adaptive Biotechnologies Corp,"[""ADPT""]","[""2836""]",10-K,2023-02-14,0000950170-23-002792,False,False,[],False
2023-12-31,2024-12-30,True,1479290,"Revance Therapeutics, Inc.","[""RVNC""]","[""2834""]",10-K,2023-02-28,0001479290-23-000028,True,True,"[""c27caf6cf1cfad4b3b48""]",False
2023-12-31,2024-12-30,True,1479419,"Kala Pharmaceuticals, Inc.","[""KALA""]","[""2834""]",10-K,2023-03-03,0001558370-23-002746,False,False,[],False
2023-12-31,2024-12-30,True,1479615,Silence Therapeutics plc,"[""SLN"", ""SLNCF""]","[""2834""]",20-F,2023-03-15,0000950170-23-007992,False,False,[],False
2023-12-31,2024-12-30,True,1485003,"Sesen Bio, Inc.","[""CARM""]","[""2834""]",10-K,2023-02-28,0001485003-23-000090,False,False,[],False
2023-12-31,2024-12-30,True,1488039,"ATOSSA THERAPEUTICS, INC.","[""ATOS""]","[""2834""]",10-K,2023-03-22,0001437749-23-007531,False,False,[],False
2023-12-31,2024-12-30,True,1490978,"Schrodinger, Inc.","[""SDGR""]","[""2834""]",10-K,2023-02-28,0001490978-23-000024,False,False,[],False
2023-12-31,2024-12-30,True,1492074,Abcam plc,[],"[""2836""]",20-F,2023-03-20,0001193125-23-074408,False,False,[],False
2023-12-31,2024-12-30,True,1492422,"Apellis Pharmaceuticals, Inc.","[""APLS""]","[""2834""]",10-K,2023-02-21,0000950170-23-003438,False,False,[],False
2023-12-31,2024-12-30,True,1494650,"OptiNose, Inc.","[""OPTN""]","[""2834""]",10-K,2023-03-07,0001494650-23-000020,False,False,[],False
2023-12-31,2024-12-30,True,1496323,"IGM Biosciences, Inc.","[""IGMS""]","[""2834""]",10-K,2023-03-30,0000950170-23-010920,False,False,[],False
2023-12-31,2024-12-30,True,1497253,"ORGANOVO HOLDINGS, INC.","[""ONVO""]","[""2836""]",10-K/A,2023-07-31,0000950170-23-035933,False,False,[],False
2023-12-31,2024-12-30,True,1498382,"Kintara Therapeutics, Inc.","[""KTRA""]","[""2834""]",10-K,2023-09-18,0000950170-23-048588,False,False,[],False
2023-12-31,2024-12-30,True,1498403,BioLineRx Ltd.,"[""BLRX""]","[""2834""]",20-F,2023-03-22,0001178913-23-001091,False,False,[],False
2023-12-31,2024-12-30,True,1501697,"X4 Pharmaceuticals, Inc","[""XFOR"", ""XFOWW""]","[""2836""]",10-K,2023-03-21,0001628280-23-008745,False,False,[],False
2023-12-31,2024-12-30,True,1501756,"Adverum Biotechnologies, Inc.","[""ADVM""]","[""2836""]",10-K,2023-03-30,0001628280-23-009899,False,False,[],False
2023-12-31,2024-12-30,True,1501796,"Aura Biosciences, Inc.","[""AURA""]","[""2836""]",10-K,2023-03-15,0000950170-23-008166,False,False,[],False
2023-12-31,2024-12-30,True,1501989,"CytomX Therapeutics, Inc.","[""CTMX""]","[""2834""]",10-K/A,2023-03-27,0000950170-23-009984,False,False,[],False
2023-12-31,2024-12-30,True,1503802,Karyopharm Therapeutics Inc.,"[""KPTI""]","[""2834""]",10-K,2023-02-17,0000950170-23-003129,False,False,[],False
2023-12-31,2024-12-30,True,1505512,Regulus Therapeutics Inc.,"[""RGLS""]","[""2834""]",10-K,2023-03-23,0001628280-23-009061,False,False,[],False
2023-12-31,2024-12-30,True,1506184,IMMUTEP Ltd,"[""IMMP""]","[""2834""]",20-F,2023-10-24,0001193125-23-261238,False,False,[],False
2023-12-31,2024-12-30,True,1506251,"Citius Pharmaceuticals, Inc.","[""CTXR""]","[""2834""]",10-K,2023-12-29,0001213900-23-099889,False,False,[],False
2023-12-31,2024-12-30,True,1509261,"Rezolute, Inc.","[""RZLT""]","[""2834""]",10-K,2023-09-14,0001558370-23-015755,False,False,[],False
2023-12-31,2024-12-30,True,1509745,"LEAP THERAPEUTICS, INC.","[""LPTX""]","[""2834""]",10-K,2023-03-24,0001104659-23-036239,False,False,[],False
2023-12-31,2024-12-30,True,1512717,Theratechnologies Inc.,"[""THTX""]","[""2834""]",40-F,2023-02-28,0001193125-23-053325,False,False,[],False
2023-12-31,2024-12-30,True,1512762,"Coherus BioSciences, Inc.","[""CHRS""]","[""2836""]",10-K,2023-03-06,0001558370-23-002917,False,False,[],False
2023-12-31,2024-12-30,True,1513525,"ADIAL PHARMACEUTICALS, INC.","[""ADIL""]","[""2834""]",10-K,2023-03-30,0001213900-23-024719,False,False,[],False
2023-12-31,2024-12-30,True,1513818,"Aravive, Inc.",[],"[""2834""]",10-K,2023-03-15,0001437749-23-006587,False,False,[],False
2023-12-31,2024-12-30,True,1515673,Ultragenyx Pharmaceutical Inc.,"[""RARE""]","[""2834""]",10-K,2023-02-17,0000950170-23-003096,False,False,[],False
2023-12-31,2024-12-30,True,1517022,"Akebia Therapeutics, Inc.","[""AKBA""]","[""2834""]",10-K/A,2023-08-28,0001628280-23-030697,False,False,[],False
2023-12-31,2024-12-30,True,1520262,Alkermes plc.,"[""ALKS""]","[""2834""]",10-K/A,2023-04-26,0001564590-23-006300,False,False,[],False
2023-12-31,2024-12-30,True,1521036,"Lantheus Holdings, Inc.","[""LNTH""]","[""2835""]",10-K,2023-02-23,0001628280-23-004698,False,False,[],False
2023-12-31,2024-12-30,True,1522602,"CohBar, Inc.","[""CWBR""]","[""2834""]",10-K/A,2023-04-28,0001213900-23-033518,False,False,[],False
2023-12-31,2024-12-30,True,1526119,"Verastem, Inc.","[""VSTM""]","[""2834""]",10-K,2023-03-14,0001558370-23-003738,False,False,[],False
2023-12-31,2024-12-30,True,1527599,"SYNLOGIC, INC.","[""SYBX""]","[""2834""]",10-K,2023-03-29,0000950170-23-010428,False,False,[],False
2023-12-31,2024-12-30,True,1527728,RENOVARO BIOSCIENCES INC.,"[""RENB""]","[""2834""]",10-K/A,2023-10-30,0001731122-23-001993,False,True,"[""ca967615fc777d7d29c2""]",False
2023-12-31,2024-12-30,True,1528115,"Annexon, Inc.","[""ANNX""]","[""2834""]",10-K,2023-03-06,0000950170-23-006232,False,False,[],False
2023-12-31,2024-12-30,True,1532346,"Atreca, Inc.",[],"[""2834""]",10-K,2023-03-29,0001558370-23-004916,False,True,"[""b83930e02052e336594e""]",False
2023-12-31,2024-12-30,True,1533040,Phio Pharmaceuticals Corp.,"[""PHIO""]","[""2834""]",10-K,2023-03-22,0001683168-23-001678,False,False,[],False
2023-12-31,2024-12-30,True,1533743,"Processa Pharmaceuticals, Inc.","[""PCSA""]","[""2834""]",10-K,2023-03-30,0001493152-23-009730,False,False,[],False
2023-12-31,2024-12-30,True,1534120,"Avalo Therapeutics, Inc.","[""AVTX""]","[""2834""]",10-K,2023-03-29,0001628280-23-009630,False,False,[],False
2023-12-31,2024-12-30,True,1534248,Chemomab Therapeutics Ltd.,"[""CMMB""]","[""2834""]",10-K,2023-03-20,0001178913-23-001041,False,False,[],False
2023-12-31,2024-12-30,True,1534525,"Xenetic Biosciences, Inc.","[""XBIO""]","[""2834""]",10-K/A,2023-04-28,0001683168-23-002763,False,False,[],False
2023-12-31,2024-12-30,True,1535955,Lipocine Inc.,"[""LPCN""]","[""2834""]",10-K,2023-03-10,0001493152-23-007178,False,False,[],False
2023-12-31,2024-12-30,True,1536196,Can-Fite BioPharma Ltd.,"[""CANF""]","[""2834""]",20-F,2023-03-30,0001213900-23-024298,False,False,[],False
2023-12-31,2024-12-30,True,1538210,"NexImmune, Inc.","[""NEXI""]","[""2834""]",10-K,2023-03-28,0001538210-23-000007,False,False,[],False
2023-12-31,2024-12-30,True,1539029,"Clearside Biomedical, Inc.","[""CLSD""]","[""2834""]",10-K,2023-03-14,0000950170-23-007732,False,False,[],False
2023-12-31,2024-12-30,True,1540159,"Edesa Biotech, Inc.","[""EDSA""]","[""2834""]",10-K,2023-12-15,0001654954-23-015632,False,False,[],False
2023-12-31,2024-12-30,True,1541157,Akari Therapeutics Plc,"[""AKTX""]","[""2834""]",20-F,2023-05-01,0001410578-23-000848,False,False,[],False
2023-12-31,2024-12-30,True,1544227,"Tempest Therapeutics, Inc.","[""TPST""]","[""2834""]",10-K,2023-03-22,0000950170-23-009237,False,False,[],False
2023-12-31,2024-12-30,True,1549595,"Nurix Therapeutics, Inc.","[""NRIX""]","[""2834""]",10-K,2023-02-09,0001549595-23-000021,False,False,[],False
2023-12-31,2024-12-30,True,1551152,AbbVie Inc.,"[""ABBV""]","[""2834""]",10-K,2023-02-17,0001551152-23-000011,False,False,[],False
2023-12-31,2024-12-30,True,1551986,"9 METERS BIOPHARMA, INC.","[""NMTRQ""]","[""2834""]",10-K/A,2023-04-28,0001551986-23-000031,False,False,[],False
2023-12-31,2024-12-30,True,1552189,"PANACEA LIFE SCIENCES HOLDINGS, INC.","[""PLSH""]","[""2833""]",10-K,2023-03-30,0001493152-23-009742,False,False,[],False
2023-12-31,2024-12-30,True,1553643,"RELMADA THERAPEUTICS, INC.","[""RLMD""]","[""2834""]",10-K,2023-03-23,0001213900-23-022463,False,False,[],False
2023-12-31,2024-12-30,True,1553846,RedHill Biopharma Ltd.,"[""RDHL""]","[""2834""]",20-F,2023-04-28,0001558370-23-007149,False,False,[],False
2023-12-31,2024-12-30,True,1555280,Zoetis Inc.,"[""ZTS""]","[""2834""]",10-K,2023-02-14,0001555280-23-000074,False,False,[],False
2023-12-31,2024-12-30,True,1556263,"Syros Pharmaceuticals, Inc.","[""SYRS""]","[""2834""]",10-K,2023-03-02,0000950170-23-005702,False,False,[],False
2023-12-31,2024-12-30,True,1557746,"Aclaris Therapeutics, Inc.","[""ACRS""]","[""2834""]",10-K,2023-02-23,0001558370-23-001829,False,False,[],False
2023-12-31,2024-12-30,True,1558569,iSpecimen Inc.,"[""ISPC""]","[""8731""]",10-K/A,2023-03-30,0001558370-23-005151,False,False,[],False
2023-12-31,2024-12-30,True,1559053,PROTHENA CORP PUBLIC LTD CO,"[""PRTA""]","[""2834""]",10-K,2023-02-28,0001559053-23-000005,False,False,[],False
2023-12-31,2024-12-30,True,1560241,"G1 Therapeutics, Inc.","[""GTHX""]","[""2834""]",10-K/A,2023-04-14,0001193125-23-102114,True,True,"[""6f60f86a01c069c4fc93""]",False
2023-12-31,2024-12-30,True,1563577,"Galera Therapeutics, Inc.","[""GRTX""]","[""2834""]",10-K,2023-03-08,0000950170-23-006588,False,False,[],False
2023-12-31,2024-12-30,True,1563880,"Trevi Therapeutics, Inc.","[""TRVI""]","[""2834""]",10-K,2023-03-16,0000950170-23-008472,False,False,[],False
2023-12-31,2024-12-30,True,1564824,Allakos Inc.,"[""ALLK""]","[""2834""]",10-K,2023-03-06,0000950170-23-006248,False,False,[],False
2023-12-31,2024-12-30,True,1566044,VYNE Therapeutics Inc.,"[""VYNE""]","[""2834""]",10-K,2023-03-14,0001628280-23-007900,False,False,[],False
2023-12-31,2024-12-30,True,1567514,"Intra-Cellular Therapies, Inc.","[""ITCI""]","[""2834""]",10-K,2023-03-01,0001193125-23-055176,False,False,[],False
2023-12-31,2024-12-30,True,1567529,KAMADA LTD,"[""KMDA""]","[""2834""]",20-F,2023-03-15,0001213900-23-020114,False,False,[],False
2023-12-31,2024-12-30,True,1567892,Mallinckrodt plc,[],"[""2834""]",10-K,2023-03-03,0001567892-23-000014,False,False,[],False
2023-12-31,2024-12-30,True,1570562,"Evolus, Inc.","[""EOLS""]","[""2834""]",10-K,2023-03-08,0001570562-23-000038,False,False,[],False
2023-12-31,2024-12-30,True,1571934,"Synaptogenix, Inc.","[""SNPX""]","[""2834""]",10-K,2023-03-21,0001410578-23-000319,False,False,[],False
2023-12-31,2024-12-30,True,1574094,"RenovoRx, Inc.","[""RNXT""]","[""2834""]",10-K,2023-03-31,0001493152-23-010332,False,False,[],False
2023-12-31,2024-12-30,True,1574232,Addex Therapeutics Ltd.,"[""ADXN""]","[""2834""]",20-F,2023-03-30,0001104659-23-038581,False,False,[],False
2023-12-31,2024-12-30,True,1574235,"Pulmatrix, Inc.","[""PULM""]","[""2834""]",10-K,2023-03-30,0001493152-23-009609,False,False,[],False
2023-12-31,2024-12-30,True,1576885,"Acumen Pharmaceuticals, Inc.","[""ABOS""]","[""2836""]",10-K,2023-03-27,0001576885-23-000017,False,False,[],False
2023-12-31,2024-12-30,True,1579428,"Axsome Therapeutics, Inc.","[""AXSM""]","[""2834""]",10-K,2023-02-28,0000950170-23-004728,False,False,[],False
2023-12-31,2024-12-30,True,1580063,"BIORA THERAPEUTICS, INC.","[""BIOR""]","[""2834""]",10-K,2023-03-30,0000950170-23-010973,False,False,[],False
2023-12-31,2024-12-30,True,1580149,BIOVIE INC.,"[""BIVI""]","[""2834""]",10-K,2023-08-16,0001520138-23-000325,False,False,[],False
2023-12-31,2024-12-30,True,1581280,Twist Bioscience Corp,"[""TWST""]","[""2836""]",10-K,2023-11-21,0001628280-23-039767,False,False,[],False
2023-12-31,2024-12-30,True,1582313,Xenon Pharmaceuticals Inc.,"[""XENE""]","[""2834""]",10-K,2023-03-01,0000950170-23-005582,False,False,[],False
2023-12-31,2024-12-30,True,1582554,"Matinas BioPharma Holdings, Inc.","[""MTNB""]","[""2834""]",10-K,2023-03-15,0001493152-23-007726,False,False,[],False
2023-12-31,2024-12-30,True,1583107,"Theravance Biopharma, Inc.","[""TBPH""]","[""2834""]",10-K,2023-03-01,0001558370-23-002595,False,False,[],False
2023-12-31,2024-12-30,True,1583648,"PIERIS PHARMACEUTICALS, INC.","[""PIRS""]","[""2834""]",10-K,2023-03-31,0001437749-23-008834,False,False,[],False
2023-12-31,2024-12-30,True,1583771,"Hepion Pharmaceuticals, Inc.","[""HEPA"", ""CTRVP""]","[""2834""]",10-K,2023-04-10,0001583771-23-000003,False,False,[],False
2023-12-31,2024-12-30,True,1585364,PERRIGO Co plc,"[""PRGO""]","[""2834""]",10-K,2023-02-28,0001585364-23-000006,False,False,[],False
2023-12-31,2024-12-30,True,1585608,"Jaguar Health, Inc.","[""JAGX""]","[""2834""]",10-K/A,2023-04-28,0001104659-23-053063,False,False,[],False
2023-12-31,2024-12-30,True,1588972,"Societal CDMO, Inc.",[],"[""2834""]",10-K,2023-03-01,0000950170-23-005586,True,True,"[""e7a9f5f8d16b191588b2""]",False
2023-12-31,2024-12-30,True,1590560,uniQure N.V.,"[""QURE""]","[""2834""]",10-K,2023-02-27,0001558370-23-002110,False,False,[],False
2023-12-31,2024-12-30,True,1590877,REGENXBIO Inc.,"[""RGNX""]","[""2836""]",10-K,2023-02-28,0000950170-23-005085,False,False,[],False
2023-12-31,2024-12-30,True,1593034,Endo International plc,[],"[""2834""]",10-K/A,2023-04-28,0001593034-23-000010,False,False,[],False
2023-12-31,2024-12-30,True,1593899,"Atea Pharmaceuticals, Inc.","[""AVIR""]","[""2834""]",10-K,2023-02-28,0000950170-23-005186,False,False,[],False
2023-12-31,2024-12-30,True,1593984,MediWound Ltd.,"[""MDWD""]","[""2833""]",20-F,2023-03-16,0001178913-23-001021,False,False,[],False
2023-12-31,2024-12-30,True,1595097,"Corbus Pharmaceuticals Holdings, Inc.","[""CRBP""]","[""2834""]",10-K,2023-03-07,0000950170-23-006469,False,False,[],False
2023-12-31,2024-12-30,True,1595248,"Genprex, Inc.","[""GNPX""]","[""2834""]",10-K,2023-03-31,0001437749-23-008847,False,False,[],False
2023-12-31,2024-12-30,True,1595353,Galmed Pharmaceuticals Ltd.,"[""GLMD""]","[""2834""]",20-F,2023-03-29,0001493152-23-009478,False,False,[],False
2023-12-31,2024-12-30,True,1596783,"Catalent, Inc.","[""CTLT""]","[""2834""]",10-K,2023-12-08,0001596783-23-000185,False,True,"[""99d1d6622bb44f6d0e71""]",False
2023-12-31,2024-12-30,True,1596812,Enlivex Therapeutics Ltd.,"[""ENLV""]","[""2834""]",20-F,2023-04-10,0001213900-23-028398,False,False,[],False
2023-12-31,2024-12-30,True,1597264,Blueprint Medicines Corp,"[""BPMC""]","[""2834""]",10-K,2023-02-16,0001558370-23-001465,False,False,[],False
2023-12-31,2024-12-30,True,1597553,"Sage Therapeutics, Inc.","[""SAGE""]","[""2834""]",10-K,2023-02-16,0000950170-23-002964,False,False,[],False
2023-12-31,2024-12-30,True,1598599,Innate Pharma SA,"[""IPHA"", ""IPHYF""]","[""2836""]",20-F/A,2023-04-20,0001628280-23-012160,False,False,[],False
2023-12-31,2024-12-30,True,1598646,"Minerva Neurosciences, Inc.","[""NERV""]","[""2834""]",10-K/A,2023-04-20,0001193125-23-108431,False,False,[],False
2023-12-31,2024-12-30,True,1599298,Summit Therapeutics Inc.,"[""SMMT""]","[""2834""]",10-K,2023-03-09,0001599298-23-000034,False,False,[],False
2023-12-31,2024-12-30,True,1599901,"Avidity Biosciences, Inc.","[""RNA""]","[""2834""]",10-K,2023-02-28,0001599901-23-000009,False,False,[],False
2023-12-31,2024-12-30,True,1600132,"Bellerophon Therapeutics, Inc.","[""BLPH""]","[""2834""]",10-K,2023-03-31,0001558370-23-005200,False,False,[],False
2023-12-31,2024-12-30,True,1600620,Aurinia Pharmaceuticals Inc.,"[""AUPH""]","[""2834""]",10-K,2023-02-28,0001628280-23-005341,False,False,[],False
2023-12-31,2024-12-30,True,1600847,Gamida Cell Ltd.,[],"[""2836""]",10-K,2023-03-31,0001213900-23-024935,False,False,[],False
2023-12-31,2024-12-30,True,1601485,Angion Biomedica Corp.,"[""ELTX""]","[""2834""]",10-K/A,2023-04-28,0001601485-23-000028,False,False,[],False
2023-12-31,2024-12-30,True,1601830,"RECURSION PHARMACEUTICALS, INC.","[""RXRX""]","[""2836""]",10-K,2023-02-27,0001601830-23-000010,False,True,"[""28e703f07eef2874bf9e""]",False
2023-12-31,2024-12-30,True,1601936,Altamira Therapeutics Ltd.,"[""CYTO""]","[""2834""]",20-F,2023-05-16,0001213900-23-040152,False,False,[],False
2023-12-31,2024-12-30,True,1603207,Vascular Biogenics Ltd.,"[""NTBL""]","[""2834""]",10-K,2023-03-14,0001493152-23-007533,False,False,[],False
2023-12-31,2024-12-30,True,1604191,"First Wave BioPharma, Inc.","[""ENTO""]","[""2834""]",10-K,2023-03-20,0001410578-23-000299,False,False,[],False
2023-12-31,2024-12-30,True,1604464,"Atara Biotherapeutics, Inc.","[""ATRA""]","[""2836""]",10-K,2023-02-08,0000950170-23-002185,False,False,[],False
2023-12-31,2024-12-30,True,1604477,SQZ Biotechnologies Co,[],"[""2836""]",10-K,2023-03-22,0000950170-23-009203,False,True,"[""8155562bb91c4c926087""]",False
2023-12-31,2024-12-30,True,1604950,scPharmaceuticals Inc.,"[""SCPH""]","[""2834""]",10-K,2023-03-22,0000950170-23-009201,False,False,[],False
2023-12-31,2024-12-30,True,1607678,"Viking Therapeutics, Inc.","[""VKTX""]","[""2834""]",10-K,2023-02-10,0001564590-23-001685,False,False,[],False
2023-12-31,2024-12-30,True,1608390,Affimed N.V.,"[""AFMD""]","[""2834""]",20-F,2023-03-23,0001104659-23-036050,False,False,[],False
2023-12-31,2024-12-30,True,1609809,"Seres Therapeutics, Inc.","[""MCRB""]","[""2834""]",10-K,2023-03-07,0000950170-23-006374,False,True,"[""f9ce693f0f5f89b00e66""]",False
2023-12-31,2024-12-30,True,1610618,"Cidara Therapeutics, Inc.","[""CDTX""]","[""2836""]",10-K,2023-03-23,0001610618-23-000021,False,False,[],False
2023-12-31,2024-12-30,True,1610820,BriaCell Therapeutics Corp.,"[""BCTX"", ""BCTXW""]","[""2834""]",10-K,2023-10-25,0001493152-23-038298,False,False,[],False
2023-12-31,2024-12-30,True,1611746,SciSparc Ltd.,"[""SPRC""]","[""2834""]",20-F,2023-05-01,0001213900-23-034606,False,False,[],False
2023-12-31,2024-12-30,True,1611747,BiondVax Pharmaceuticals Ltd.,"[""SCNI""]","[""2836""]",10-K,2023-04-17,0001213900-23-030228,False,False,[],False
2023-12-31,2024-12-30,True,1612042,Ascendis Pharma A/S,"[""ASND""]","[""2834""]",20-F,2023-02-16,0000950170-23-003068,False,False,[],False
2023-12-31,2024-12-30,True,1612940,ProQR Therapeutics N.V.,"[""PRQR""]","[""2834""]",20-F,2023-03-29,0001558370-23-004917,False,False,[],False
2023-12-31,2024-12-30,True,1613780,DBV Technologies S.A.,"[""DBVT""]","[""2836""]",10-K,2023-03-02,0001193125-23-058309,False,False,[],False
2023-12-31,2024-12-30,True,1614067,"Aridis Pharmaceuticals, Inc.","[""ARDS""]","[""2834""]",10-K,2023-05-22,0001493152-23-018590,False,False,[],False
2023-12-31,2024-12-30,True,1614744,PURPLE BIOTECH LTD.,"[""PPBT""]","[""2834""]",20-F,2023-03-03,0001213900-23-017024,False,False,[],False
2023-12-31,2024-12-30,True,1615219,"Salarius Pharmaceuticals, Inc.","[""SLRX""]","[""2834""]",10-K,2023-03-27,0001615219-23-000030,False,False,[],False
2023-12-31,2024-12-30,True,1618835,"Evofem Biosciences, Inc.","[""EVFM""]","[""2834""]",10-K,2023-04-27,0001618835-23-000023,False,False,[],False
2023-12-31,2024-12-30,True,1619856,"Caribou Biosciences, Inc.","[""CRBU""]","[""2836""]",10-K,2023-03-09,0001619856-23-000037,False,False,[],False
2023-12-31,2024-12-30,True,1620463,"Athira Pharma, Inc.","[""ATHA""]","[""2836""]",10-K,2023-03-23,0000950170-23-009498,False,False,[],False
2023-12-31,2024-12-30,True,1620737,ORGANIGRAM HOLDINGS INC.,"[""OGI""]","[""2834""]",40-F,2023-12-19,0001628280-23-041900,False,False,[],False
2023-12-31,2024-12-30,True,1621221,"ARTELO BIOSCIENCES, INC.","[""ARTL"", ""ATLEW""]","[""2834""]",10-K,2023-03-31,0001640334-23-000509,False,False,[],False
2023-12-31,2024-12-30,True,1621227,Adaptimmune Therapeutics PLC,"[""ADAP""]","[""2836""]",10-K,2023-03-06,0001558370-23-002907,False,False,[],False
2023-12-31,2024-12-30,True,1622229,"Cogent Biosciences, Inc.","[""COGT""]","[""2834""]",10-K,2023-03-14,0000950170-23-007729,False,False,[],False
2023-12-31,2024-12-30,True,1623526,"Stoke Therapeutics, Inc.","[""STOK""]","[""2834""]",10-K,2023-03-06,0001564590-23-003175,False,False,[],False
2023-12-31,2024-12-30,True,1624422,Erytech Pharma S.A.,[],"[""2836""]",20-F,2023-03-28,0001624422-23-000007,False,False,[],False
2023-12-31,2024-12-30,True,1626199,"ALPINE IMMUNE SCIENCES, INC.",[],"[""2834""]",10-K,2023-03-23,0001626199-23-000037,True,True,"[""ad8ff11f51925f72784d""]",False
2023-12-31,2024-12-30,True,1626878,XBiotech Inc.,"[""XBIT""]","[""2834""]",10-K,2023-03-15,0001171843-23-001705,False,False,[],False
2023-12-31,2024-12-30,True,1626971,"Corvus Pharmaceuticals, Inc.","[""CRVS""]","[""2834""]",10-K,2023-03-28,0001558370-23-004792,False,False,[],False
2023-12-31,2024-12-30,True,1627281,Cellectis S.A.,"[""CLLS""]","[""2836""]",20-F/A,2023-10-31,0001193125-23-267306,False,False,[],False
2023-12-31,2024-12-30,True,1630212,Avalon GloboCare Corp.,"[""ALBT""]","[""2836""]",10-K,2023-03-30,0001213900-23-024687,False,False,[],False
2023-12-31,2024-12-30,True,1631574,Wave Life Sciences Ltd.,"[""WVE""]","[""2834""]",10-K/A,2023-05-05,0001193125-23-137092,False,False,[],False
2023-12-31,2024-12-30,True,1633070,Axcella Health Inc.,[],"[""2836""]",10-K,2023-03-30,0001633070-23-000007,False,False,[],False
2023-12-31,2024-12-30,True,1633932,ESSA Pharma Inc.,"[""EPIX""]","[""2834""]",10-K,2023-12-12,0001558370-23-019732,False,False,[],False
2023-12-31,2024-12-30,True,1635088,Roivant Sciences Ltd.,"[""ROIV""]","[""2834""]",10-K,2023-06-28,0001140361-23-031798,False,False,[],False
2023-12-31,2024-12-30,True,1636282,"Aeglea BioTherapeutics, Inc.","[""SYRE""]","[""2834""]",10-K,2023-03-02,0000950170-23-005705,False,False,[],False
2023-12-31,2024-12-30,True,1636651,Ovid Therapeutics Inc.,"[""OVID""]","[""2834""]",10-K,2023-03-13,0001628280-23-007648,False,False,[],False
2023-12-31,2024-12-30,True,1637715,"Reneo Pharmaceuticals, Inc.","[""RPHM""]","[""2834""]",10-K,2023-03-27,0000950170-23-009978,False,False,[],False
2023-12-31,2024-12-30,True,1637890,Celyad Oncology SA,[],"[""2834""]",20-F,2023-03-23,0001193125-23-078009,False,False,[],False
2023-12-31,2024-12-30,True,1638097,Entera Bio Ltd.,"[""ENTX""]","[""2836""]",10-K,2023-03-31,0001178913-23-001272,False,False,[],False
2023-12-31,2024-12-30,True,1638287,"NeuroBo Pharmaceuticals, Inc.","[""NRBO""]","[""2834""]",10-K,2023-03-30,0001558370-23-005127,False,False,[],False
2023-12-31,2024-12-30,True,1640266,"Voyager Therapeutics, Inc.","[""VYGR""]","[""2836""]",10-K,2023-03-07,0001558370-23-002989,False,False,[],False
2023-12-31,2024-12-30,True,1641281,"Bolt Biotherapeutics, Inc.","[""BOLT""]","[""2834""]",10-K,2023-03-29,0000950170-23-010613,False,False,[],False
2023-12-31,2024-12-30,True,1641489,vTv Therapeutics Inc.,"[""VTVT""]","[""2834""]",10-K,2023-03-06,0001641489-23-000008,False,False,[],False
2023-12-31,2024-12-30,True,1641640,Nabriva Therapeutics plc,[],"[""2834""]",10-K,2023-04-17,0001558370-23-006062,False,False,[],False
2023-12-31,2024-12-30,True,1642375,"Guardion Health Sciences, Inc.","[""GHSI""]","[""2834""]",10-K/A,2023-05-01,0001493152-23-014834,False,True,"[""1fe988c219bf3eb62d23""]",False
2023-12-31,2024-12-30,True,1642380,Oncocyte Corp,"[""OCX""]","[""2835""]",10-K/A,2023-05-01,0001493152-23-014979,False,False,[],False
2023-12-31,2024-12-30,True,1643918,Biodexa Pharmaceuticals Plc,"[""BDRX""]","[""2834""]",20-F/A,2023-05-05,0001214659-23-006561,False,False,[],False
2023-12-31,2024-12-30,True,1644963,"AVENUE THERAPEUTICS, INC.","[""ATXI""]","[""2834""]",10-K,2023-03-31,0001410578-23-000557,False,False,[],False
2023-12-31,2024-12-30,True,1645460,"Cue Biopharma, Inc.","[""CUE""]","[""2834""]",10-K,2023-03-21,0000950170-23-008927,False,False,[],False
2023-12-31,2024-12-30,True,1645469,Monopar Therapeutics,"[""MNPR""]","[""2834""]",10-K,2023-03-23,0001654954-23-003384,False,False,[],False
2023-12-31,2024-12-30,True,1645666,"Kezar Life Sciences, Inc.","[""KZR""]","[""2834""]",10-K,2023-03-14,0000950170-23-007871,False,False,[],False
2023-12-31,2024-12-30,True,1648257,HUTCHMED (China) Ltd,"[""HCM"", ""HMDCF""]","[""2834""]",20-F,2023-02-28,0001104659-23-026282,False,False,[],False
2023-12-31,2024-12-30,True,1649094,"Vaxcyte, Inc.","[""PCVX""]","[""2836""]",10-K,2023-02-27,0000950170-23-004654,False,False,[],False
2023-12-31,2024-12-30,True,1649904,"RHYTHM PHARMACEUTICALS, INC.","[""RYTM""]","[""2834""]",10-K,2023-03-01,0001558370-23-002613,False,False,[],False
2023-12-31,2024-12-30,True,1649989,"Outlook Therapeutics, Inc.","[""OTLK""]","[""2836""]",10-K,2023-12-22,0001558370-23-020000,False,False,[],False
2023-12-31,2024-12-30,True,1650648,"4D Molecular Therapeutics, Inc.","[""FDMT""]","[""2836""]",10-K,2023-03-15,0000950170-23-008142,False,False,[],False
2023-12-31,2024-12-30,True,1650664,"Editas Medicine, Inc.","[""EDIT""]","[""2836""]",10-K,2023-02-22,0001558370-23-001764,False,False,[],False
2023-12-31,2024-12-30,True,1651308,"BeiGene, Ltd.","[""BGNE"", ""BEIGF""]","[""2834""]",10-K,2023-02-27,0001651308-23-000036,False,False,[],False
2023-12-31,2024-12-30,True,1651311,Merus N.V.,"[""MRUS""]","[""2834""]",10-K,2023-02-28,0000950170-23-005070,False,False,[],False
2023-12-31,2024-12-30,True,1651407,"Checkpoint Therapeutics, Inc.","[""CKPT""]","[""2834""]",10-K,2023-03-31,0001410578-23-000565,False,False,[],False
2023-12-31,2024-12-30,True,1651625,AC Immune SA,"[""ACIU""]","[""2834""]",20-F,2023-03-16,0001558370-23-003963,False,False,[],False
2023-12-31,2024-12-30,True,1652130,"Intellia Therapeutics, Inc.","[""NTLA""]","[""2835""]",10-K,2023-02-23,0000950170-23-004097,False,False,[],False
2023-12-31,2024-12-30,True,1653087,"Alector, Inc.","[""ALEC""]","[""2836""]",10-K,2023-02-28,0000950170-23-005111,False,False,[],False
2023-12-31,2024-12-30,True,1654151,"Deciphera Pharmaceuticals, Inc.",[],"[""2834""]",10-K,2023-02-07,0001654151-23-000003,True,True,"[""1fad96cf185d53c3e9e4""]",False
2023-12-31,2024-12-30,True,1655759,"ARVINAS, INC.","[""ARVN""]","[""2834""]",10-K,2023-02-23,0001655759-23-000010,False,False,[],False
2023-12-31,2024-12-30,True,1656472,Cronos Group Inc.,"[""CRON""]","[""2833""]",10-K,2023-02-28,0001656472-23-000015,False,False,[],False
2023-12-31,2024-12-30,True,1656634,"Gritstone bio, Inc.","[""GRTS""]","[""2836""]",10-K,2023-03-09,0000950170-23-007022,False,False,[],False
2023-12-31,2024-12-30,True,1657312,Verona Pharma plc,"[""VRNA""]","[""2834""]",10-K,2023-03-07,0001657312-23-000006,False,False,[],False
2023-12-31,2024-12-30,True,1658247,"Crinetics Pharmaceuticals, Inc.","[""CRNX""]","[""2834""]",10-K,2023-02-28,0000950170-23-005132,False,False,[],False
2023-12-31,2024-12-30,True,1658551,"Amylyx Pharmaceuticals, Inc.","[""AMLX""]","[""2834""]",10-K,2023-03-13,0000950170-23-007609,False,False,[],False
2023-12-31,2024-12-30,True,1659323,Iterum Therapeutics plc,"[""ITRM""]","[""2834""]",10-K,2023-03-16,0000950170-23-008300,False,False,[],False
2023-12-31,2024-12-30,True,1659617,"Moleculin Biotech, Inc.","[""MBRX""]","[""2834""]",10-K,2023-03-22,0001437749-23-007537,False,False,[],False
2023-12-31,2024-12-30,True,1660046,Immuron Ltd,"[""IMRN""]","[""2834""]",20-F,2023-09-28,0001213900-23-080084,False,False,[],False
2023-12-31,2024-12-30,True,1660334,Verrica Pharmaceuticals Inc.,"[""VRCA""]","[""2834""]",10-K,2023-03-06,0000950170-23-006118,False,False,[],False
2023-12-31,2024-12-30,True,1661059,"NextCure, Inc.","[""NXTC""]","[""2834""]",10-K,2023-03-02,0001558370-23-002698,False,False,[],False
2023-12-31,2024-12-30,True,1661181,Organogenesis Holdings Inc.,"[""ORGO""]","[""2834""]",10-K,2023-03-01,0000950170-23-005585,False,False,[],False
2023-12-31,2024-12-30,True,1661460,"Poseida Therapeutics, Inc.","[""PSTX""]","[""2836""]",10-K,2023-03-09,0000950170-23-007030,True,True,"[""d634825e2491ed8a20cb""]",False
2023-12-31,2024-12-30,True,1661998,"Homology Medicines, Inc.","[""QTTB""]","[""2834""]",10-K,2023-03-09,0000950170-23-006995,False,False,[],False
2023-12-31,2024-12-30,True,1662579,"C4 Therapeutics, Inc.","[""CCCC""]","[""2836""]",10-K,2023-02-23,0001628280-23-004711,False,False,[],False
2023-12-31,2024-12-30,True,1662774,"Quince Therapeutics, Inc.","[""QNCX""]","[""2836""]",10-K,2023-03-15,0000950170-23-008148,False,False,[],False
2023-12-31,2024-12-30,True,1664710,"Keros Therapeutics, Inc.","[""KROS""]","[""2834""]",10-K,2023-03-03,0001664710-23-000021,False,False,[],False
2023-12-31,2024-12-30,True,1668243,UroGen Pharma Ltd.,"[""URGN""]","[""2834""]",10-K/A,2023-05-01,0001193125-23-130561,False,False,[],False
2023-12-31,2024-12-30,True,1668397,"Medpace Holdings, Inc.","[""MEDP""]","[""8731""]",10-K,2023-02-14,0001668397-23-000008,False,False,[],False
2023-12-31,2024-12-30,True,1671584,Aptevo Therapeutics Inc.,"[""APVO""]","[""2834""]",10-K,2023-03-30,0000950170-23-010757,False,False,[],False
2023-12-31,2024-12-30,True,1671818,"Oncorus, Inc.",[],"[""2834""]",10-K/A,2023-05-01,0000950170-23-016023,False,False,[],False
2023-12-31,2024-12-30,True,1671858,"ARS Pharmaceuticals, Inc.","[""SPRY""]","[""2834""]",10-K,2023-03-23,0000950170-23-009491,False,False,[],False
2023-12-31,2024-12-30,True,1671927,Immunocore Holdings plc,"[""IMCR""]","[""2836""]",20-F,2023-03-01,0001140361-23-009313,False,False,[],False
2023-12-31,2024-12-30,True,1672619,IMARA Inc.,"[""ELVN""]","[""2834""]",10-K,2023-02-10,0001564590-23-001729,False,False,[],False
2023-12-31,2024-12-30,True,1672688,Absci Corp,"[""ABSI""]","[""8731""]",10-K/A,2023-05-30,0001628280-23-020162,False,False,[],False
2023-12-31,2024-12-30,True,1673772,"RAPT Therapeutics, Inc.","[""RAPT""]","[""2834""]",10-K,2023-03-14,0000950170-23-007710,False,False,[],False
2023-12-31,2024-12-30,True,1674365,Aptinyx Inc.,[],"[""2834""]",10-K/A,2023-04-28,0001104659-23-052978,False,False,[],False
2023-12-31,2024-12-30,True,1674416,CRISPR Therapeutics AG,"[""CRSP""]","[""2836""]",10-K,2023-02-21,0000950170-23-003441,False,False,[],False
2023-12-31,2024-12-30,True,1676725,"IDEAYA Biosciences, Inc.","[""IDYA""]","[""2834""]",10-K,2023-03-07,0000950170-23-006456,False,False,[],False
2023-12-31,2024-12-30,True,1677077,"Alzamend Neuro, Inc.","[""ALZN""]","[""2834""]",10-K,2023-07-27,0001214659-23-010076,False,False,[],False
2023-12-31,2024-12-30,True,1677940,BeyondSpring Inc.,"[""BYSI""]","[""2834""]",20-F,2023-04-18,0001171843-23-002373,False,False,[],False
2023-12-31,2024-12-30,True,1678660,Prelude Therapeutics Inc,"[""PRLD""]","[""2834""]",10-K,2023-03-15,0000950170-23-007989,False,False,[],False
2023-12-31,2024-12-30,True,1679363,"Morphic Holding, Inc.",[],"[""2834""]",10-K,2023-02-23,0001679363-23-000011,True,True,"[""c59bb0682594152249ab""]",False
2023-12-31,2024-12-30,True,1680048,"MUSTANG BIO, INC.","[""MBIO""]","[""2834""]",10-K,2023-03-30,0001558370-23-004979,False,False,[],False
2023-12-31,2024-12-30,True,1680367,"Shattuck Labs, Inc.","[""STTK""]","[""2834""]",10-K,2023-02-23,0001680367-23-000019,False,False,[],False
2023-12-31,2024-12-30,True,1680581,"Fulcrum Therapeutics, Inc.","[""FULC""]","[""2834""]",10-K/A,2023-06-26,0000950170-23-029689,False,False,[],False
2023-12-31,2024-12-30,True,1681087,"AVROBIO, Inc.","[""TECX""]","[""2836""]",10-K,2023-03-23,0000950170-23-009527,False,False,[],False
2023-12-31,2024-12-30,True,1682639,"EYENOVIA, INC.","[""EYEN""]","[""2834""]",10-K/A,2023-05-01,0001104659-23-054420,False,False,[],False
2023-12-31,2024-12-30,True,1682852,"Moderna, Inc.","[""MRNA""]","[""2836""]",10-K,2023-02-24,0001682852-23-000011,False,False,[],False
2023-12-31,2024-12-30,True,1683541,AURORA CANNABIS INC,"[""ACB""]","[""2833""]",40-F,2023-06-14,0001683541-23-000007,False,False,[],False
2023-12-31,2024-12-30,True,1683553,"SPRUCE BIOSCIENCES, INC.","[""SPRB""]","[""2834""]",10-K,2023-03-16,0000950170-23-008456,False,False,[],False
2023-12-31,2024-12-30,True,1684144,Zomedica Corp.,"[""ZOM""]","[""2834""]",10-K,2023-03-15,0001558370-23-003899,False,False,[],False
2023-12-31,2024-12-30,True,1684693,Sol-Gel Technologies Ltd.,"[""SLGL""]","[""2834""]",20-F,2023-03-10,0001178913-23-000913,False,False,[],False
2023-12-31,2024-12-30,True,1685316,ObsEva SA,[],"[""2834""]",10-K,2023-03-31,0001558370-23-005276,False,False,[],False
2023-12-31,2024-12-30,True,1685428,LumiraDx Ltd,[],"[""2834""]",20-F,2023-05-01,0000950170-23-016045,False,False,[],False
2023-12-31,2024-12-30,True,1689375,"Entrada Therapeutics, Inc.","[""TRDA""]","[""2834""]",10-K/A,2023-08-08,0001104659-23-088597,False,False,[],False
2023-12-31,2024-12-30,True,1689548,"Praxis Precision Medicines, Inc.","[""PRAX""]","[""2834""]",10-K,2023-02-07,0001689548-23-000044,False,False,[],False
2023-12-31,2024-12-30,True,1690080,180 Life Sciences Corp.,"[""ATNF"", ""ATNFW""]","[""2834""]",10-K/A,2023-04-28,0001213900-23-034000,False,False,[],False
2023-12-31,2024-12-30,True,1690585,"Magenta Therapeutics, Inc.","[""DNTH""]","[""2834""]",10-K/A,2023-05-01,0001193125-23-128874,False,False,[],False
2023-12-31,2024-12-30,True,1693011,"Inozyme Pharma, Inc.","[""INZY""]","[""2834""]",10-K,2023-03-22,0000950170-23-009053,False,False,[],False
2023-12-31,2024-12-30,True,1694665,"Evelo Biosciences, Inc.","[""EVLO""]","[""2834""]",10-K,2023-03-16,0001694665-23-000024,False,False,[],False
2023-12-31,2024-12-30,True,1697532,Applied Therapeutics Inc.,"[""APLT""]","[""2834""]",10-K,2023-03-23,0001558370-23-004398,False,False,[],False
2023-12-31,2024-12-30,True,1697862,ARGENX SE,"[""ARGX""]","[""2836""]",20-F,2023-03-16,0001558370-23-004027,False,False,[],False
2023-12-31,2024-12-30,True,1698530,"EXICURE, INC.","[""XCUR""]","[""2834""]",10-K/A,2023-05-01,0001698530-23-000035,False,False,[],False
2023-12-31,2024-12-30,True,1699382,"PMV Pharmaceuticals, Inc.","[""PMVP""]","[""2834""]",10-K,2023-03-01,0000950170-23-005345,False,False,[],False
2023-12-31,2024-12-30,True,1701108,"Spero Therapeutics, Inc.","[""SPRO""]","[""2834""]",10-K,2023-03-30,0000950170-23-010921,False,False,[],False
2023-12-31,2024-12-30,True,1701541,"Black Diamond Therapeutics, Inc.","[""BDTX""]","[""2836""]",10-K,2023-03-09,0001701541-23-000020,False,False,[],False
2023-12-31,2024-12-30,True,1702123,Cardiol Therapeutics Inc.,"[""CRDL""]","[""2836""]",20-F,2023-03-29,0001104659-23-037820,False,False,[],False
2023-12-31,2024-12-30,True,1703057,AbCellera Biologics Inc.,"[""ABCL""]","[""2834""]",10-K,2023-02-21,0001564590-23-002128,False,False,[],False
2023-12-31,2024-12-30,True,1703647,"Frequency Therapeutics, Inc.","[""KRRO""]","[""2834""]",10-K/A,2023-05-01,0001193125-23-130462,False,False,[],False
2023-12-31,2024-12-30,True,1704292,Zai Lab Ltd,"[""ZLAB""]","[""2834""]",10-K/A,2023-12-22,0001628280-23-042643,False,False,[],False
2023-12-31,2024-12-30,True,1706431,"Vir Biotechnology, Inc.","[""VIR""]","[""2836""]",10-K,2023-02-28,0000950170-23-005118,False,False,[],False
2023-12-31,2024-12-30,True,1707502,Solid Biosciences Inc.,"[""SLDB""]","[""2836""]",10-K,2023-03-23,0000950170-23-009318,False,False,[],False
2023-12-31,2024-12-30,True,1708331,"Virpax Pharmaceuticals, Inc.","[""VRPX""]","[""2834""]",10-K,2023-03-22,0001213900-23-022071,False,False,[],False
2023-12-31,2024-12-30,True,1708493,"Harpoon Therapeutics, Inc.",[],"[""2836""]",10-K,2023-03-27,0000950170-23-010030,False,True,"[""1a63723bafe2a95ca3c8""]",False
2023-12-31,2024-12-30,True,1708527,"AZIYO BIOLOGICS, INC.","[""ELUT""]","[""2836""]",10-K,2023-03-23,0001558370-23-004475,False,False,[],False
2023-12-31,2024-12-30,True,1708599,"AgeX Therapeutics, Inc.","[""SER""]","[""2834""]",10-K,2023-03-31,0001493152-23-010285,False,False,[],False
2023-12-31,2024-12-30,True,1708688,InflaRx N.V.,"[""IFRX""]","[""2834""]",20-F,2023-03-22,0001213900-23-021874,False,False,[],False
2023-12-31,2024-12-30,True,1709401,"Rubius Therapeutics, Inc.",[],"[""2836""]",10-K,2023-02-27,0001709401-23-000005,False,False,[],False
2023-12-31,2024-12-30,True,1709626,NuCana plc,"[""NCNA""]","[""2834""]",20-F,2023-04-04,0000950170-23-011778,False,False,[],False
2023-12-31,2024-12-30,True,1710072,"Edgewise Therapeutics, Inc.","[""EWTX""]","[""2834""]",10-K,2023-02-23,0001558370-23-001895,False,False,[],False
2023-12-31,2024-12-30,True,1710340,"Eton Pharmaceuticals, Inc.","[""ETON""]","[""2834""]",10-K,2023-03-16,0001493152-23-007933,False,False,[],False
2023-12-31,2024-12-30,True,1711279,"Krystal Biotech, Inc.","[""KRYS""]","[""2836""]",10-K,2023-02-27,0001711279-23-000008,False,False,[],False
2023-12-31,2024-12-30,True,1711754,"Inmune Bio, Inc.","[""INMB""]","[""2836""]",10-K,2023-03-02,0001213900-23-016875,False,False,[],False
2023-12-31,2024-12-30,True,1711786,"Hoth Therapeutics, Inc.","[""HOTH""]","[""2834""]",10-K,2023-03-31,0001213900-23-025455,False,False,[],False
2023-12-31,2024-12-30,True,1712762,"bioAffinity Technologies, Inc.","[""BIAF"", ""BIAFW""]","[""8731""]",10-K,2023-03-31,0001493152-23-010186,False,False,[],False
2023-12-31,2024-12-30,True,1714899,Denali Therapeutics Inc.,"[""DNLI""]","[""2836""]",10-K,2023-02-27,0001714899-23-000049,False,False,[],False
2023-12-31,2024-12-30,True,1715925,ImmunoPrecise Antibodies Ltd.,"[""IPA""]","[""2834""]",40-F,2023-07-10,0000950170-23-032388,False,False,[],False
2023-12-31,2024-12-30,True,1716947,"Ensysce Biosciences, Inc.","[""ENSC"", ""ENSCW""]","[""2834""]",10-K,2023-03-30,0001493152-23-009844,False,False,[],False
2023-12-31,2024-12-30,True,1719406,"NRX Pharmaceuticals, Inc.","[""NRXP"", ""NRXPW""]","[""2834""]",10-K/A,2023-05-26,0001104659-23-065542,False,False,[],False
2023-12-31,2024-12-30,True,1719714,Mereo Biopharma Group plc,"[""MREO""]","[""2834""]",20-F,2023-03-28,0001193125-23-082264,False,False,[],False
2023-12-31,2024-12-30,True,1720580,"Adicet Bio, Inc.","[""ACET""]","[""2834""]",10-K,2023-03-15,0000950170-23-008130,False,False,[],False
2023-12-31,2024-12-30,True,1720893,"BioXcel Therapeutics, Inc.","[""BTAI""]","[""2834""]",10-K/A,2023-05-01,0001104659-23-054337,False,False,[],False
2023-12-31,2024-12-30,True,1721484,Longeveron Inc.,"[""LGVN""]","[""2834""]",10-K,2023-03-14,0001213900-23-020006,False,False,[],False
2023-12-31,2024-12-30,True,1722926,ASLAN Pharmaceuticals Ltd,[],"[""2834""]",20-F,2023-03-24,0000950170-23-009599,False,False,[],False
2023-12-31,2024-12-30,True,1722964,"Y-mAbs Therapeutics, Inc.","[""YMAB""]","[""2834""]",10-K,2023-03-30,0001558370-23-005073,False,False,[],False
2023-12-31,2024-12-30,True,1723069,Tiziana Life Sciences Ltd,"[""TLSA""]","[""2834""]",20-F/A,2023-06-13,0001213900-23-048446,False,False,[],False
2023-12-31,2024-12-30,True,1723128,"Amneal Pharmaceuticals, Inc.","[""AMRX""]","[""2834""]",10-K,2023-03-03,0001723128-23-000009,False,False,[],False
2023-12-31,2024-12-30,True,1723980,"China SXT Pharmaceuticals, Inc.","[""SXTC""]","[""2834""]",20-F,2023-07-31,0001213900-23-061294,False,False,[],False
2023-12-31,2024-12-30,True,1724521,"Arcus Biosciences, Inc.","[""RCUS""]","[""2834""]",10-K,2023-02-28,0000950170-23-005112,False,False,[],False
2023-12-31,2024-12-30,True,1725160,"Zentalis Pharmaceuticals, Inc.","[""ZNTL""]","[""2834""]",10-K,2023-03-01,0001725160-23-000048,False,False,[],False
2023-12-31,2024-12-30,True,1726711,"Aditxt, Inc.","[""ADTX""]","[""2834""]",10-K/A,2023-07-12,0001213900-23-056517,False,False,[],False
2023-12-31,2024-12-30,True,1727196,Scholar Rock Holding Corp,"[""SRRK""]","[""2836""]",10-K,2023-03-07,0001558370-23-002992,False,False,[],False
2023-12-31,2024-12-30,True,1728117,"Gossamer Bio, Inc.","[""GOSS""]","[""2834""]",10-K,2023-03-17,0001728117-23-000010,False,False,[],False
2023-12-31,2024-12-30,True,1728328,InMed Pharmaceuticals Inc.,"[""INM""]","[""2834""]",10-K/A,2023-12-21,0001213900-23-097753,False,False,[],False
2023-12-31,2024-12-30,True,1729214,XORTX Therapeutics Inc.,"[""XRTX""]","[""2834""]",20-F,2023-04-28,0001410578-23-000844,False,False,[],False
2023-12-31,2024-12-30,True,1729427,"CNS Pharmaceuticals, Inc.","[""CNSP""]","[""2834""]",10-K/A,2023-05-01,0001683168-23-002817,False,False,[],False
2023-12-31,2024-12-30,True,1730430,"Kiniksa Pharmaceuticals, Ltd.","[""KNSA""]","[""2834""]",10-K,2023-03-02,0001558370-23-002684,False,False,[],False
2023-12-31,2024-12-30,True,1730463,Autolus Therapeutics plc,"[""AUTL""]","[""2836""]",20-F,2023-03-07,0001730463-23-000016,False,False,[],False
2023-12-31,2024-12-30,True,1731348,"Tilray Brands, Inc.","[""TLRY""]","[""2833""]",10-K,2023-07-26,0001437749-23-020727,False,False,[],False
2023-12-31,2024-12-30,True,1733257,"Finch Therapeutics Group, Inc.","[""FNCH""]","[""2836""]",10-K,2023-03-23,0000950170-23-009490,False,False,[],False
2023-12-31,2024-12-30,True,1733294,Generation Bio Co.,"[""GBIO""]","[""2834""]",10-K,2023-02-23,0001558370-23-001916,False,False,[],False
2023-12-31,2024-12-30,True,1733413,"TFF Pharmaceuticals, Inc.","[""TFFP""]","[""2834""]",10-K,2023-03-31,0001213900-23-025454,False,False,[],False
2023-12-31,2024-12-30,True,1734005,Aptorum Group Ltd,"[""APM""]","[""2834""]",20-F,2023-04-28,0001213900-23-033525,False,False,[],False
2023-12-31,2024-12-30,True,1734768,IMV Inc.,[],"[""2834""]",20-F,2023-03-16,0001176256-23-000047,False,False,[],False
2023-12-31,2024-12-30,True,1735438,MeiraGTx Holdings plc,"[""MGTX""]","[""2836""]",10-K,2023-03-14,0001558370-23-003674,False,False,[],False
2023-12-31,2024-12-30,True,1736243,"Acurx Pharmaceuticals, Inc.","[""ACXP""]","[""2834""]",10-K,2023-03-15,0001558370-23-003929,False,False,[],False
2023-12-31,2024-12-30,True,1737287,"Allogene Therapeutics, Inc.","[""ALLO""]","[""2836""]",10-K,2023-02-28,0001737287-23-000018,False,False,[],False
2023-12-31,2024-12-30,True,1737927,Canopy Growth Corp,"[""CGC""]","[""2833""]",10-K,2023-06-22,0000950170-23-029420,False,False,[],False
2023-12-31,2024-12-30,True,1737953,"Replimune Group, Inc.","[""REPL""]","[""2836""]",10-K,2023-05-18,0001737953-23-000009,False,False,[],False
2023-12-31,2024-12-30,True,1738021,"Compass Therapeutics, Inc.","[""CMPX""]","[""2836""]",10-K,2023-03-15,0001171843-23-001691,False,False,[],False
2023-12-31,2024-12-30,True,1739104,Elanco Animal Health Inc,"[""ELAN""]","[""2834""]",10-K,2023-03-01,0001739104-23-000004,False,False,[],False
2023-12-31,2024-12-30,True,1739174,BiomX Inc.,"[""PHGE"", ""PHGEW"", ""PHGE-UN""]","[""2836""]",10-K,2023-03-29,0001213900-23-024122,False,False,[],False
2023-12-31,2024-12-30,True,1739410,Rallybio Corp,"[""RLYB""]","[""2834""]",10-K,2023-03-06,0000950170-23-006264,False,False,[],False
2023-12-31,2024-12-30,True,1739426,RVL Pharmaceuticals plc,"[""RVLPQ""]","[""2834""]",10-K,2023-03-20,0001558370-23-004211,False,False,[],False
2023-12-31,2024-12-30,True,1739614,"Inhibrx, Inc.",[],"[""2836""]",10-K,2023-03-06,0001739614-23-000020,False,True,"[""dca61a348237d47dd6f4""]",False
2023-12-31,2024-12-30,True,1740279,"IN8BIO, INC.","[""INAB""]","[""2836""]",10-K,2023-03-30,0000950170-23-010997,False,False,[],False
2023-12-31,2024-12-30,True,1741830,"Kronos Bio, Inc.","[""KRON""]","[""2834""]",10-K,2023-03-15,0001741830-23-000011,False,False,[],False
2023-12-31,2024-12-30,True,1742927,"REVIVA PHARMACEUTICALS HOLDINGS, INC.","[""RVPH"", ""RVPHW""]","[""2834""]",10-K,2023-03-30,0001437749-23-008502,False,False,[],False
2023-12-31,2024-12-30,True,1743344,PyroGenesis Canada Inc.,"[""PYRGF""]","[""2834""]",40-F,2023-03-31,0001562762-23-000149,False,False,[],False
2023-12-31,2024-12-30,True,1743881,"BridgeBio Pharma, Inc.","[""BBIO""]","[""2834""]",10-K,2023-02-23,0000950170-23-004145,False,False,[],False
2023-12-31,2024-12-30,True,1744659,"Akero Therapeutics, Inc.","[""AKRO""]","[""2834""]",10-K,2023-03-17,0000950170-23-008566,False,False,[],False
2023-12-31,2024-12-30,True,1745020,"Theseus Pharmaceuticals, Inc.",[],"[""2834""]",10-K,2023-03-09,0001558370-23-003251,True,True,"[""d45b558811ae47c44bda""]",False
2023-12-31,2024-12-30,True,1745114,MOLECULAR PARTNERS AG,"[""MOLN""]","[""2836""]",20-F,2023-03-09,0001745114-23-000003,False,False,[],False
2023-12-31,2024-12-30,True,1745999,Beam Therapeutics Inc.,"[""BEAM""]","[""2836""]",10-K,2023-02-28,0000950170-23-004866,False,False,[],False
2023-12-31,2024-12-30,True,1746466,"Equillium, Inc.","[""EQ""]","[""2834""]",10-K,2023-03-23,0000950170-23-009492,False,False,[],False
2023-12-31,2024-12-30,True,1746473,"PLIANT THERAPEUTICS, INC.","[""PLRX""]","[""2834""]",10-K,2023-03-09,0001746473-23-000008,False,False,[],False
2023-12-31,2024-12-30,True,1750149,"Inhibikase Therapeutics, Inc.","[""IKT""]","[""2836""]",10-K/A,2023-10-16,0001193125-23-256998,False,False,[],False
2023-12-31,2024-12-30,True,1750284,"Olema Pharmaceuticals, Inc.","[""OLMA""]","[""2834""]",10-K,2023-03-09,0001558370-23-003318,False,False,[],False
2023-12-31,2024-12-30,True,1751876,Paranovus Entertainment Technology Ltd.,"[""PAVS""]","[""2833""]",20-F/A,2023-09-27,0001213900-23-079694,False,False,[],False
2023-12-31,2024-12-30,True,1752828,Celularity Inc,"[""CELU"", ""CELUW""]","[""2834""]",10-K,2023-03-31,0000950170-23-011440,False,False,[],False
2023-12-31,2024-12-30,True,1754068,"Allovir, Inc.","[""ALVR""]","[""2836""]",10-K,2023-02-15,0000950170-23-002830,False,False,[],False
2023-12-31,2024-12-30,True,1756594,Inventiva S.A.,"[""IVA"", ""IVEVF""]","[""2834""]",20-F,2023-03-30,0001104659-23-038571,False,False,[],False
2023-12-31,2024-12-30,True,1757064,Genfit S.A.,"[""GNFT""]","[""2836""]",20-F,2023-04-18,0001757064-23-000009,False,False,[],False
2023-12-31,2024-12-30,True,1757499,"Shuttle Pharmaceuticals Holdings, Inc.","[""SHPH""]","[""2834""]",10-K,2023-03-15,0001493152-23-007686,False,False,[],False
2023-12-31,2024-12-30,True,1759138,"Cabaletta Bio, Inc.","[""CABA""]","[""2836""]",10-K,2023-03-16,0000950170-23-008298,False,False,[],False
2023-12-31,2024-12-30,True,1759186,"Coeptis Therapeutics Holdings, Inc.","[""COEP"", ""COEPW""]","[""2836""]",10-K,2023-03-29,0001683168-23-001850,False,False,[],False
2023-12-31,2024-12-30,True,1759425,"Mirum Pharmaceuticals, Inc.","[""MIRM""]","[""2834""]",10-K,2023-03-08,0000950170-23-006715,False,False,[],False
2023-12-31,2024-12-30,True,1760542,HOOKIPA Pharma Inc.,"[""HOOK""]","[""2834""]",10-K,2023-03-15,0001558370-23-003778,False,False,[],False
2023-12-31,2024-12-30,True,1760854,Nanobiotix S.A.,"[""NBTX""]","[""2834""]",20-F,2023-04-24,0001760854-23-000005,False,False,[],False
2023-12-31,2024-12-30,True,1761612,BICYCLE THERAPEUTICS plc,"[""BCYC""]","[""2834""]",10-K,2023-02-28,0001558370-23-002238,False,False,[],False
2023-12-31,2024-12-30,True,1761918,"Erasca, Inc.","[""ERAS""]","[""2834""]",10-K,2023-03-23,0000950170-23-009496,False,False,[],False
2023-12-31,2024-12-30,True,1763950,Lantern Pharma Inc.,"[""LTRN""]","[""2834""]",10-K,2023-03-20,0001493152-23-008241,False,False,[],False
2023-12-31,2024-12-30,True,1764013,"Immunovant, Inc.","[""IMVT""]","[""2836""]",10-K,2023-05-22,0001764013-23-000065,False,False,[],False
2023-12-31,2024-12-30,True,1766140,"Unicycive Therapeutics, Inc.","[""UNCY""]","[""2834""]",10-K,2023-03-31,0001213900-23-024901,False,False,[],False
2023-12-31,2024-12-30,True,1766600,SNDL Inc.,"[""SNDL""]","[""2833""]",20-F,2023-04-24,0000950170-23-013918,False,False,[],False
2023-12-31,2024-12-30,True,1768224,Arcturus Therapeutics Holdings Inc.,"[""ARCT""]","[""2834""]",10-K,2023-03-29,0000950170-23-010380,False,False,[],False
2023-12-31,2024-12-30,True,1768446,"Eliem Therapeutics, Inc.","[""ELYM""]","[""2834""]",10-K,2023-03-06,0000950170-23-006279,False,True,"[""f40b5609b0878311efb4""]",False
2023-12-31,2024-12-30,True,1768946,Biophytis SA,"[""BPTSY""]","[""2834""]",20-F/A,2023-07-03,0001104659-23-077607,False,False,[],False
2023-12-31,2024-12-30,True,1770121,"Sana Biotechnology, Inc.","[""SANA""]","[""2836""]",10-K,2023-03-16,0001564590-23-003798,False,False,[],False
2023-12-31,2024-12-30,True,1771885,FSD Pharma Inc.,"[""QNTM""]","[""2834""]",20-F,2023-03-31,0001062993-23-008232,False,False,[],False
2023-12-31,2024-12-30,True,1771910,ADC Therapeutics SA,"[""ADCT""]","[""2834""]",20-F,2023-03-15,0001628280-23-008056,False,False,[],False
2023-12-31,2024-12-30,True,1771917,"Karuna Therapeutics, Inc.",[],"[""2834""]",10-K,2023-02-23,0000950170-23-003929,False,True,"[""0920385c85e0c2b66ced""]",False
2023-12-31,2024-12-30,True,1772028,Scopus BioPharma Inc.,"[""SCPS""]","[""2834""]",10-K/A,2023-04-28,0001104659-23-053138,False,False,[],False
2023-12-31,2024-12-30,True,1773427,"SpringWorks Therapeutics, Inc.","[""SWTX""]","[""2836""]",10-K,2023-02-28,0001773427-23-000010,False,False,[],False
2023-12-31,2024-12-30,True,1775194,"UPEXI, INC.","[""UPXI""]","[""2833""]",10-K,2023-10-03,0001477932-23-007307,False,False,[],False
2023-12-31,2024-12-30,True,1776985,BioNTech SE,"[""BNTX""]","[""2836""]",20-F,2023-03-27,0001193125-23-079791,False,False,[],False
2023-12-31,2024-12-30,True,1778016,I-Mab,"[""IMAB""]","[""2834""]",20-F,2023-05-01,0001104659-23-053462,False,False,[],False
2023-12-31,2024-12-30,True,1779578,Qilian International Holding Group Ltd,"[""BGM""]","[""2834""]",20-F,2023-04-19,0001410578-23-000745,False,False,[],False
2023-12-31,2024-12-30,True,1781174,"Acrivon Therapeutics, Inc.","[""ACRV""]","[""2834""]",10-K,2023-03-28,0000950170-23-010331,False,False,[],False
2023-12-31,2024-12-30,True,1781983,"Aprea Therapeutics, Inc.","[""APRE""]","[""2834""]",10-K/A,2023-04-28,0001558370-23-007284,False,False,[],False
2023-12-31,2024-12-30,True,1782107,Blue Water Vaccines Inc.,"[""ONCO""]","[""2834""]",10-K,2023-03-09,0001213900-23-018635,False,False,[],False
2023-12-31,2024-12-30,True,1782223,"Pyxis Oncology, Inc.","[""PYXS""]","[""2834""]",10-K/A,2023-05-10,0000950170-23-020611,False,False,[],False
2023-12-31,2024-12-30,True,1782999,PureTech Health plc,"[""PRTC"", ""PTCHF""]","[""2834""]",20-F,2023-04-28,0001782999-23-000004,False,False,[],False
2023-12-31,2024-12-30,True,1783032,"Elevation Oncology, Inc.","[""ELEV""]","[""2836""]",10-K,2023-03-09,0001558370-23-003247,False,False,[],False
2023-12-31,2024-12-30,True,1783036,NLS Pharmaceutics Ltd.,"[""NLSP"", ""NLSPW""]","[""2834""]",20-F,2023-05-05,0001213900-23-036920,False,False,[],False
2023-12-31,2024-12-30,True,1783183,"Phathom Pharmaceuticals, Inc.","[""PHAT""]","[""2834""]",10-K,2023-02-28,0000950170-23-004875,False,False,[],False
2023-12-31,2024-12-30,True,1783328,"TScan Therapeutics, Inc.","[""TCRX""]","[""2836""]",10-K,2023-03-08,0000950170-23-006589,False,False,[],False
2023-12-31,2024-12-30,True,1785173,"89bio, Inc.","[""ETNB""]","[""2834""]",10-K,2023-03-15,0000950170-23-007929,False,False,[],False
2023-12-31,2024-12-30,True,1785345,"Landos Biopharma, Inc.",[],"[""2834""]",10-K,2023-03-23,0000950170-23-009334,False,True,"[""f78f53fa1c834863bded""]",False
2023-12-31,2024-12-30,True,1785530,"Werewolf Therapeutics, Inc.","[""HOWL""]","[""2834""]",10-K,2023-03-23,0001785530-23-000009,False,False,[],False
2023-12-31,2024-12-30,True,1786205,"Arcellx, Inc.","[""ACLX""]","[""2836""]",10-K,2023-03-29,0000950170-23-010610,False,False,[],False
2023-12-31,2024-12-30,True,1787297,"Passage BIO, Inc.","[""PASG""]","[""2836""]",10-K,2023-03-06,0001558370-23-002833,False,False,[],False
2023-12-31,2024-12-30,True,1787306,"Arcutis Biotherapeutics, Inc.","[""ARQT""]","[""2834""]",10-K/A,2023-09-15,0001787306-23-000103,False,False,[],False
2023-12-31,2024-12-30,True,1787400,"Nkarta, Inc.","[""NKTX""]","[""2834""]",10-K,2023-03-16,0000950170-23-008523,False,False,[],False
2023-12-31,2024-12-30,True,1788028,"Jasper Therapeutics, Inc.","[""JSPR"", ""JSPRW""]","[""2836""]",10-K,2023-03-08,0001213900-23-018542,False,False,[],False
2023-12-31,2024-12-30,True,1789769,"Instil Bio, Inc.","[""TIL""]","[""2836""]",10-K,2023-03-31,0001789769-23-000035,False,False,[],False
2023-12-31,2024-12-30,True,1789972,"Cullinan Oncology, Inc.","[""CGEM""]","[""2836""]",10-K,2023-03-09,0000950170-23-006839,False,False,[],False
2023-12-31,2024-12-30,True,1790169,Flora Growth Corp.,"[""FLGC""]","[""2834""]",10-K/A,2023-04-28,0001477932-23-002969,False,False,[],False
2023-12-31,2024-12-30,True,1790340,Immuneering Corp,"[""IMRX""]","[""2834""]",10-K,2023-03-06,0001558370-23-002905,False,False,[],False
2023-12-31,2024-12-30,True,1792030,IM Cannabis Corp.,"[""IMCC""]","[""2833""]",20-F,2023-03-29,0001178913-23-001175,False,False,[],False
2023-12-31,2024-12-30,True,1792044,Viatris Inc,"[""VTRS""]","[""2834""]",10-K/A,2023-04-28,0001193125-23-127172,False,False,[],False
2023-12-31,2024-12-30,True,1792581,"Kiromic Biopharma, Inc.","[""KRBP""]","[""2836""]",10-K/A,2023-04-28,0001558370-23-007307,False,False,[],False
2023-12-31,2024-12-30,True,1795579,Calliditas Therapeutics AB,"[""CALT""]","[""2834""]",20-F,2023-04-26,0001410578-23-000804,True,True,"[""f42179245d3726c97ac9""]",False
2023-12-31,2024-12-30,True,1796129,"Vincerx Pharma, Inc.","[""VINC""]","[""2834""]",10-K,2023-03-28,0001193125-23-082258,False,False,[],False
2023-12-31,2024-12-30,True,1796280,"Oric Pharmaceuticals, Inc.","[""ORIC""]","[""2834""]",10-K,2023-03-16,0000950170-23-008483,False,False,[],False
2023-12-31,2024-12-30,True,1797336,"Old Ayala, Inc",[],"[""2836""]",10-K,2023-03-31,0001213900-23-024952,False,False,[],False
2023-12-31,2024-12-30,True,1797768,Kinnate Biopharma Inc.,[],"[""2834""]",10-K,2023-03-15,0001140361-23-011846,True,True,"[""fe23a96fea7d2938ed6f""]",False
2023-12-31,2024-12-30,True,1798749,"Aerovate Therapeutics, Inc.","[""AVTE""]","[""2834""]",10-K,2023-03-29,0001798749-23-000015,False,False,[],False
2023-12-31,2024-12-30,True,1799448,"Aligos Therapeutics, Inc.","[""ALGS""]","[""2836""]",10-K,2023-03-09,0000950170-23-007033,False,False,[],False
2023-12-31,2024-12-30,True,1799788,"Greenwich LifeSciences, Inc.","[""GLSI""]","[""2834""]",10-K,2023-03-31,0001493152-23-010284,False,False,[],False
2023-12-31,2024-12-30,True,1800315,"Galecto, Inc.","[""GLTO""]","[""2834""]",10-K,2023-03-09,0000950170-23-006807,False,False,[],False
2023-12-31,2024-12-30,True,1801198,Legend Biotech Corp,"[""LEGN""]","[""2834""]",20-F,2023-03-30,0001801198-23-000019,False,False,[],False
2023-12-31,2024-12-30,True,1801834,PAINREFORM LTD.,"[""PRFX""]","[""2834""]",20-F,2023-03-15,0001178913-23-001015,False,False,[],False
2023-12-31,2024-12-30,True,1802665,"Harmony Biosciences Holdings, Inc.","[""HRMY""]","[""2834""]",10-K,2023-02-21,0001558370-23-001574,False,False,[],False
2023-12-31,2024-12-30,True,1802768,Royalty Pharma plc,"[""RPRX""]","[""2834""]",10-K,2023-02-15,0001802768-23-000007,False,False,[],False
2023-12-31,2024-12-30,True,1804591,23andMe Holding Co.,"[""ME""]","[""2834""]",10-K,2023-05-25,0000950170-23-024232,False,False,[],False
2023-12-31,2024-12-30,True,1805087,"GELESIS HOLDINGS, INC.","[""GLSHQ""]","[""2834""]",10-K,2023-03-28,0000950170-23-010349,False,False,[],False
2023-12-31,2024-12-30,True,1805387,"Cerevel Therapeutics Holdings, Inc.",[],"[""2834""]",10-K/A,2023-05-19,0001193125-23-149281,False,True,"[""46b5d8b26ac3606edfb5""]",False
2023-12-31,2024-12-30,True,1805890,Fusion Pharmaceuticals Inc.,[],"[""2836""]",10-K,2023-03-16,0000950170-23-008310,False,True,"[""a7b9ed8e557924e5c6ae""]",False
2023-12-31,2024-12-30,True,1806310,"Taysha Gene Therapies, Inc.","[""TSHA""]","[""2836""]",10-K/A,2023-04-27,0001193125-23-122086,False,False,[],False
2023-12-31,2024-12-30,True,1806952,"Lyell Immunopharma, Inc.","[""LYEL""]","[""2834""]",10-K,2023-02-28,0001628280-23-005572,False,False,[],False
2023-12-31,2024-12-30,True,1807120,"Design Therapeutics, Inc.","[""DSGN""]","[""2834""]",10-K,2023-03-14,0000950170-23-007869,False,False,[],False
2023-12-31,2024-12-30,True,1807983,Medicenna Therapeutics Corp.,"[""MDNAF""]","[""2834""]",20-F,2023-06-27,0001171843-23-004170,False,False,[],False
2023-12-31,2024-12-30,True,1808158,Repare Therapeutics Inc.,"[""RPTX""]","[""2834""]",10-K,2023-02-28,0000950170-23-005113,False,False,[],False
2023-12-31,2024-12-30,True,1808665,"Assertio Holdings, Inc.","[""ASRT""]","[""2834""]",10-K,2023-03-08,0001808665-23-000019,False,False,[],False
2023-12-31,2024-12-30,True,1808865,"iTeos Therapeutics, Inc.","[""ITOS""]","[""2836""]",10-K,2023-03-15,0000950170-23-007971,False,False,[],False
2023-12-31,2024-12-30,True,1808898,Benitec Biopharma Inc.,"[""BNTC""]","[""2834""]",10-K,2023-09-21,0001193125-23-239121,False,False,[],False
2023-12-31,2024-12-30,True,1809122,CureVac N.V.,"[""CVAC""]","[""2834""]",20-F/A,2023-10-12,0001410578-23-002143,False,False,[],False
2023-12-31,2024-12-30,True,1809196,Immatics N.V.,"[""IMTX"", ""IMTXW""]","[""2836""]",20-F,2023-03-22,0001193125-23-076227,False,False,[],False
2023-12-31,2024-12-30,True,1809616,Universe Pharmaceuticals INC,"[""UPC""]","[""2834""]",20-F,2023-02-10,0001213900-23-010349,False,False,[],False
2023-12-31,2024-12-30,True,1810031,Freeline Therapeutics Holdings plc,[],"[""2836""]",20-F,2023-04-04,0000950170-23-011688,False,False,[],False
2023-12-31,2024-12-30,True,1810182,ALX ONCOLOGY HOLDINGS INC,"[""ALXO""]","[""2834""]",10-K,2023-03-09,0000950170-23-007013,False,False,[],False
2023-12-31,2024-12-30,True,1810560,"REVELATION BIOSCIENCES, INC.","[""REVB"", ""REVBW""]","[""2834""]",10-K,2023-03-30,0000950170-23-011000,False,False,[],False
2023-12-31,2024-12-30,True,1811063,Nuvation Bio Inc.,"[""NUVB"", ""NUVB-WT""]","[""2834""]",10-K,2023-03-15,0000950170-23-008180,False,False,[],False
2023-12-31,2024-12-30,True,1811623,"PaxMedica, Inc.","[""PXMD""]","[""2834""]",10-K,2023-03-30,0001558370-23-004966,False,False,[],False
2023-12-31,2024-12-30,True,1812364,"Relay Therapeutics, Inc.","[""RLAY""]","[""2836""]",10-K,2023-02-23,0000950170-23-004123,False,False,[],False
2023-12-31,2024-12-30,True,1813814,Mind Medicine (MindMed) Inc.,"[""MNMD""]","[""2833""]",10-K,2023-03-09,0000950170-23-007053,False,False,[],False
2023-12-31,2024-12-30,True,1815442,"Kymera Therapeutics, Inc.","[""KYMR""]","[""2836""]",10-K,2023-02-23,0000950170-23-003935,False,False,[],False
2023-12-31,2024-12-30,True,1815620,Opthea Ltd,"[""OPT"", ""CKDXF""]","[""2836""]",20-F,2023-09-28,0000950170-23-050230,False,False,[],False
2023-12-31,2024-12-30,True,1815776,"Graphite Bio, Inc.","[""LENZ""]","[""2836""]",10-K/A,2023-04-27,0000950170-23-015258,False,False,[],False
2023-12-31,2024-12-30,True,1815903,"Petros Pharmaceuticals, Inc.","[""PTPI""]","[""2834""]",10-K,2023-03-31,0001410578-23-000575,False,False,[],False
2023-12-31,2024-12-30,True,1815974,"Anebulo Pharmaceuticals, Inc.","[""ANEB""]","[""2834""]",10-K,2023-09-22,0001493152-23-033452,False,False,[],False
2023-12-31,2024-12-30,True,1816590,COMPASS Pathways plc,"[""CMPS""]","[""2834""]",10-K,2023-02-28,0001628280-23-005356,False,False,[],False
2023-12-31,2024-12-30,True,1816736,"Disc Medicine, Inc.","[""IRON""]","[""2834""]",10-K,2023-03-31,0000950170-23-011139,False,False,[],False
2023-12-31,2024-12-30,True,1816815,Bon Natural Life Ltd,"[""BON""]","[""2833""]",20-F/A,2023-05-15,0001493152-23-017066,False,False,[],False
2023-12-31,2024-12-30,True,1817229,Vor Biopharma Inc.,"[""VOR""]","[""2836""]",10-K,2023-03-23,0000950170-23-009472,False,False,[],False
2023-12-31,2024-12-30,True,1817713,"Janux Therapeutics, Inc.","[""JANX""]","[""2834""]",10-K,2023-03-10,0000950170-23-007311,False,False,[],False
2023-12-31,2024-12-30,True,1818382,"Humacyte, Inc.","[""HUMA"", ""HUMAW""]","[""2836""]",10-K,2023-03-24,0001818382-23-000016,False,False,[],False
2023-12-31,2024-12-30,True,1818794,"Dyne Therapeutics, Inc.","[""DYN""]","[""2834""]",10-K,2023-03-02,0000950170-23-005708,False,False,[],False
2023-12-31,2024-12-30,True,1818838,Adagene Inc.,"[""ADAG""]","[""2834""]",20-F,2023-04-28,0001104659-23-052043,False,False,[],False
2023-12-31,2024-12-30,True,1818844,"Virios Therapeutics, Inc.","[""VIRI""]","[""2834""]",10-K,2023-03-14,0001558370-23-003650,False,False,[],False
2023-12-31,2024-12-30,True,1819113,"Science 37 Holdings, Inc.",[],"[""8731""]",10-K,2023-03-06,0001819113-23-000009,True,True,"[""213db7d8c7bed19593df""]",False
2023-12-31,2024-12-30,True,1819133,"Tango Therapeutics, Inc.","[""TNGX""]","[""2834""]",10-K,2023-03-27,0000950170-23-009854,False,False,[],False
2023-12-31,2024-12-30,True,1819253,biote Corp.,"[""BTMD""]","[""2833""]",10-K,2023-03-29,0000950170-23-010664,False,False,[],False
2023-12-31,2024-12-30,True,1819411,"Gain Therapeutics, Inc.","[""GANX""]","[""2834""]",10-K,2023-03-23,0001558370-23-004460,False,False,[],False
2023-12-31,2024-12-30,True,1819576,Liquidia Corp,"[""LQDA""]","[""2834""]",10-K,2023-03-20,0001558370-23-004191,False,False,[],False
2023-12-31,2024-12-30,True,1819615,Clever Leaves Holdings Inc.,"[""CLVR""]","[""2834""]",10-K,2023-03-30,0001819615-23-000030,False,False,[],False
2023-12-31,2024-12-30,True,1819790,"Tarsus Pharmaceuticals, Inc.","[""TARS""]","[""2836""]",10-K,2023-03-17,0001819790-23-000007,False,False,[],False
2023-12-31,2024-12-30,True,1820190,Scilex Holding Co,"[""SCLX"", ""SCLXW""]","[""2836""]",10-K,2023-03-07,0000950170-23-006493,False,False,[],False
2023-12-31,2024-12-30,True,1821586,MoonLake Immunotherapeutics,"[""MLTX""]","[""2834""]",10-K,2023-03-20,0001821586-23-000007,False,False,[],False
2023-12-31,2024-12-30,True,1821825,Organon & Co.,"[""OGN""]","[""2834""]",10-K,2023-02-27,0001821825-23-000003,False,False,[],False
2023-12-31,2024-12-30,True,1822462,Foghorn Therapeutics Inc.,"[""FHTX""]","[""2834""]",10-K,2023-03-09,0001628280-23-007297,False,False,[],False
2023-12-31,2024-12-30,True,1822791,Clene Inc.,"[""CLNN"", ""CLNNW""]","[""2834""]",10-K,2023-03-13,0001437749-23-006264,False,False,[],False
2023-12-31,2024-12-30,True,1823239,"MARAVAI LIFESCIENCES HOLDINGS, INC.","[""MRVI""]","[""2834""]",10-K,2023-02-28,0001823239-23-000014,False,False,[],False
2023-12-31,2024-12-30,True,1823857,Viveon Health Acquisition Corp.,[],"[""2834""]",10-K,2023-08-24,0001493152-23-030029,False,False,[],False
2023-12-31,2024-12-30,True,1824293,"Vallon Pharmaceuticals, Inc.","[""GRI""]","[""2834""]",10-K,2023-02-24,0001824293-23-000016,False,False,[],False
2023-12-31,2024-12-30,True,1824893,"Surrozen, Inc./DE","[""SRZN"", ""SRZNW""]","[""2836""]",10-K,2023-03-31,0000950170-23-011118,False,False,[],False
2023-12-31,2024-12-30,True,1826457,"Monte Rosa Therapeutics, Inc.","[""GLUE""]","[""2836""]",10-K,2023-03-16,0000950170-23-008440,False,False,[],False
2023-12-31,2024-12-30,True,1826492,Gracell Biotechnologies Inc.,[],"[""2834""]",20-F,2023-04-25,0001104659-23-049599,False,False,[],False
2023-12-31,2024-12-30,True,1826892,"BioAtla, Inc.","[""BCAB""]","[""2836""]",10-K,2023-03-23,0000950170-23-009551,False,False,[],False
2023-12-31,2024-12-30,True,1827087,"Vigil Neuroscience, Inc.","[""VIGL""]","[""2836""]",10-K,2023-03-21,0000950170-23-008835,False,False,[],False
2023-12-31,2024-12-30,True,1827401,BRIGHT MINDS BIOSCIENCES INC.,"[""DRUG""]","[""2834""]",20-F,2023-12-29,0001062993-23-023281,False,False,[],False
2023-12-31,2024-12-30,True,1827506,"Talaris Therapeutics, Inc.","[""TRML""]","[""2836""]",10-K,2023-03-31,0000950170-23-011131,False,False,[],False
2023-12-31,2024-12-30,True,1828185,Vaccitech plc,"[""BRNS""]","[""2834""]",10-K,2023-03-24,0001104659-23-036275,False,False,[],False
2023-12-31,2024-12-30,True,1828253,Evaxion Biotech A/S,"[""EVAX""]","[""2836""]",20-F,2023-04-28,0001104659-23-051798,False,False,[],False
2023-12-31,2024-12-30,True,1828316,Pharming Group N.V.,"[""PHAR""]","[""2834""]",20-F,2023-04-05,0001628280-23-010793,False,False,[],False
2023-12-31,2024-12-30,True,1828522,"eFFECTOR Therapeutics, Inc.","[""EFTR"", ""EFTRW""]","[""2834""]",10-K,2023-03-08,0000950170-23-006707,False,False,[],False
2023-12-31,2024-12-30,True,1828673,HCW Biologics Inc.,"[""HCWB""]","[""2834""]",10-K,2023-03-28,0000950170-23-010315,False,False,[],False
2023-12-31,2024-12-30,True,1829247,"BullFrog AI Holdings, Inc.","[""BFRG"", ""BFRGW""]","[""2834""]",10-K,2023-04-25,0001493152-23-013524,False,False,[],False
2023-12-31,2024-12-30,True,1829635,"Transcode Therapeutics, Inc.","[""RNAZ""]","[""2834""]",10-K,2023-03-31,0001104659-23-040158,False,False,[],False
2023-12-31,2024-12-30,True,1829667,Regencell Bioscience Holdings Ltd,"[""RGC""]","[""2833""]",20-F,2023-10-27,0001013762-23-007289,False,False,[],False
2023-12-31,2024-12-30,True,1829802,"Sensei Biotherapeutics, Inc.","[""SNSE""]","[""2834""]",10-K/A,2023-05-01,0000950170-23-016251,False,False,[],False
2023-12-31,2024-12-30,True,1830214,"Ginkgo Bioworks Holdings, Inc.","[""DNA"", ""DNA-WT""]","[""2836""]",10-K,2023-03-13,0000950170-23-007461,False,False,[],False
2023-12-31,2024-12-30,True,1830487,Pharvaris N.V.,"[""PHVS""]","[""2834""]",20-F,2023-04-05,0000950170-23-011842,False,False,[],False
2023-12-31,2024-12-30,True,1830749,Achilles Therapeutics plc,"[""ACHL""]","[""2836""]",20-F,2023-03-07,0000950170-23-006473,False,False,[],False
2023-12-31,2024-12-30,True,1831283,LianBio,"[""LIANY""]","[""2834""]",10-K,2023-03-28,0001831283-23-000041,False,False,[],False
2023-12-31,2024-12-30,True,1831363,"Terns Pharmaceuticals, Inc.","[""TERN""]","[""2834""]",10-K,2023-03-27,0000950170-23-010016,False,False,[],False
2023-12-31,2024-12-30,True,1831828,"Vera Therapeutics, Inc.","[""VERA""]","[""2834""]",10-K,2023-03-28,0000950170-23-010288,False,False,[],False
2023-12-31,2024-12-30,True,1832038,"Invivyd, Inc.","[""IVVD""]","[""2836""]",10-K,2023-03-23,0000950170-23-009516,False,False,[],False
2023-12-31,2024-12-30,True,1832168,"Longboard Pharmaceuticals, Inc.","[""LBPH""]","[""2834""]",10-K,2023-03-02,0000950170-23-005832,True,True,"[""eb36d968356d0e967eb2""]",False
2023-12-31,2024-12-30,True,1833141,CYBIN INC.,"[""CYBN""]","[""2834""]",40-F,2023-06-27,0001833141-23-000004,False,False,[],False
2023-12-31,2024-12-30,True,1833214,"SAB Biotherapeutics, Inc.","[""SABS"", ""SABSW""]","[""2836""]",10-K/A,2023-04-28,0001437749-23-011640,False,False,[],False
2023-12-31,2024-12-30,True,1834645,"Peak Bio, Inc.","[""PKBO"", ""PKBOW""]","[""2836""]",10-K,2023-06-29,0000950170-23-030817,False,True,"[""f439678c5bfaf5eb9732""]",False
2023-12-31,2024-12-30,True,1835022,"Coya Therapeutics, Inc.","[""COYA""]","[""2834""]",10-K/A,2023-05-01,0001193125-23-130647,False,False,[],False
2023-12-31,2024-12-30,True,1835268,Connect Biopharma Holdings Ltd,"[""CNTB""]","[""2834""]",20-F,2023-04-11,0000950170-23-012455,False,False,[],False
2023-12-31,2024-12-30,True,1835579,"Ikena Oncology, Inc.","[""IKNA""]","[""2836""]",10-K,2023-03-14,0000950170-23-007681,False,False,[],False
2023-12-31,2024-12-30,True,1835597,PepGen Inc.,"[""PEPG""]","[""2834""]",10-K,2023-03-23,0000950170-23-009500,False,False,[],False
2023-12-31,2024-12-30,True,1836564,Valneva SE,"[""VALN""]","[""2836""]",20-F/A,2023-08-11,0001628280-23-028940,False,False,[],False
2023-12-31,2024-12-30,True,1838716,Genenta Science S.p.A.,"[""GNTA""]","[""2836""]",20-F,2023-04-21,0001493152-23-013272,False,False,[],False
2023-12-31,2024-12-30,True,1840229,"MiNK Therapeutics, Inc.","[""INKT""]","[""2836""]",10-K,2023-03-24,0000950170-23-009762,False,False,[],False
2023-12-31,2024-12-30,True,1840233,"Xilio Therapeutics, Inc.","[""XLO""]","[""2834""]",10-K/A,2023-11-09,0001558370-23-018560,False,False,[],False
2023-12-31,2024-12-30,True,1840439,"Biomea Fusion, Inc.","[""BMEA""]","[""2834""]",10-K,2023-03-28,0000950170-23-010312,False,False,[],False
2023-12-31,2024-12-30,True,1840574,"Verve Therapeutics, Inc.","[""VERV""]","[""2834""]",10-K,2023-03-02,0000950170-23-005713,False,False,[],False
2023-12-31,2024-12-30,True,1840706,SOPHiA GENETICS SA,"[""SOPH""]","[""2836""]",20-F,2023-03-07,0001840706-23-000010,False,False,[],False
2023-12-31,2024-12-30,True,1840748,LAVA Therapeutics NV,"[""LVTX""]","[""2834""]",20-F,2023-04-11,0001558370-23-005730,False,False,[],False
2023-12-31,2024-12-30,True,1840904,ATAI Life Sciences N.V.,"[""ATAI""]","[""2834""]",10-K,2023-03-24,0000950170-23-009756,False,False,[],False
2023-12-31,2024-12-30,True,1841330,Pasithea Therapeutics Corp.,"[""KTTA"", ""KTTAW""]","[""2834""]",10-K/A,2023-04-04,0001213900-23-027133,False,False,[],False
2023-12-31,2024-12-30,True,1841387,"Candel Therapeutics, Inc.","[""CADL""]","[""2836""]",10-K/A,2023-05-01,0001193125-23-128783,False,False,[],False
2023-12-31,2024-12-30,True,1841873,Khosla Ventures Acquisition Co.,[],"[""2834""]",10-K/A,2023-05-12,0001193125-23-143484,False,False,[],False
2023-12-31,2024-12-30,True,1842952,Context Therapeutics Inc.,"[""CNTX""]","[""2834""]",10-K,2023-03-22,0001842952-23-000041,False,False,[],False
2023-12-31,2024-12-30,True,1844417,TradeUP Acquisition Corp.,"[""ESLA"", ""ESLAW""]","[""2836""]",10-K,2023-03-14,0001575872-23-000353,False,False,[],False
2023-12-31,2024-12-30,True,1845337,"Day One Biopharmaceuticals, Inc.","[""DAWN""]","[""2834""]",10-K,2023-03-06,0000950170-23-006269,False,False,[],False
2023-12-31,2024-12-30,True,1846253,"OmniAb, Inc.","[""OABI"", ""OABIW""]","[""8731""]",10-K,2023-03-30,0001846253-23-000026,False,False,[],False
2023-12-31,2024-12-30,True,1847903,Centessa Pharmaceuticals plc,"[""CNTA""]","[""2834""]",10-K,2023-03-30,0001847903-23-000063,False,False,[],False
2023-12-31,2024-12-30,True,1849296,OKYO Pharma Ltd,"[""OKYO""]","[""2836""]",20-F/A,2023-08-25,0001493152-23-030148,False,False,[],False
2023-12-31,2024-12-30,True,1849380,Data Knights Acquisition Corp.,"[""ONMD"", ""ONMDW""]","[""8731""]",10-K,2023-03-31,0001410578-23-000553,False,False,[],False
2023-12-31,2024-12-30,True,1850119,"Century Therapeutics, Inc.","[""IPSC""]","[""2836""]",10-K,2023-03-16,0001558370-23-003962,False,False,[],False
2023-12-31,2024-12-30,True,1850270,PROKIDNEY CORP.,"[""PROK""]","[""2836""]",10-K/A,2023-04-27,0000950170-23-015265,False,False,[],False
2023-12-31,2024-12-30,True,1850838,"Omega Therapeutics, Inc.","[""OMGA""]","[""2836""]",10-K/A,2023-03-24,0000950170-23-009770,False,False,[],False
2023-12-31,2024-12-30,True,1850902,"Alpha Teknova, Inc.","[""TKNO""]","[""2835""]",10-K,2023-03-30,0000950170-23-010926,False,False,[],False
2023-12-31,2024-12-30,True,1851194,"Ventyx Biosciences, Inc.","[""VTYX""]","[""2834""]",10-K,2023-03-23,0000950170-23-009501,False,False,[],False
2023-12-31,2024-12-30,True,1851657,"Vaxxinity, Inc.","[""VAXX""]","[""2834""]",10-K,2023-03-27,0001562762-23-000132,False,False,[],False
2023-12-31,2024-12-30,True,1851860,"SMART FOR LIFE, INC.","[""SMFL""]","[""2833""]",10-K,2023-03-31,0001213900-23-025453,False,False,[],False
2023-12-31,2024-12-30,True,1853816,"Dermata Therapeutics, Inc.","[""DRMA"", ""DRMAW""]","[""2834""]",10-K/A,2023-03-28,0001654954-23-003730,False,False,[],False
2023-12-31,2024-12-30,True,1854078,Relief Therapeutics Holding SA,"[""RLFTF"", ""RLFTY""]","[""2834""]",20-F,2023-05-12,0001193125-23-143490,False,False,[],False
2023-12-31,2024-12-30,True,1854270,"Senti Biosciences, Inc.","[""SNTI""]","[""2836""]",10-K,2023-03-22,0001854270-23-000033,False,False,[],False
2023-12-31,2024-12-30,True,1855129,GH Research PLC,"[""GHRS""]","[""2834""]",20-F/A,2023-06-02,0001140361-23-028081,False,False,[],False
2023-12-31,2024-12-30,True,1855485,"First Light Acquisition Group, Inc.","[""CLDI"", ""CLDI-WT""]","[""2836""]",10-K,2023-03-31,0001193125-23-088349,False,False,[],False
2023-12-31,2024-12-30,True,1855644,Zura Bio Ltd,"[""ZURA"", ""ZURAW""]","[""2836""]",10-K,2023-03-28,0001410578-23-000374,False,False,[],False
2023-12-31,2024-12-30,True,1856725,"Rani Therapeutics Holdings, Inc.","[""RANI""]","[""2834""]",10-K,2023-03-22,0000950170-23-009178,False,False,[],False
2023-12-31,2024-12-30,True,1857030,Intercure Ltd.,"[""INCR""]","[""2834""]",20-F,2023-05-01,0001493152-23-015012,False,False,[],False
2023-12-31,2024-12-30,True,1857044,"Indaptus Therapeutics, Inc.","[""INDP""]","[""2834""]",10-K,2023-03-17,0001493152-23-008010,False,False,[],False
2023-12-31,2024-12-30,True,1858685,Biofrontera Inc.,"[""BFRI"", ""BFRIW""]","[""2834""]",10-K,2023-03-13,0001493152-23-007472,False,False,[],False
2023-12-31,2024-12-30,True,1858848,"Tenaya Therapeutics, Inc.","[""TNYA""]","[""2836""]",10-K,2023-03-08,0000950170-23-006725,False,False,[],False
2023-12-31,2024-12-30,True,1859007,"ZyVersa Therapeutics, Inc.","[""ZVSA""]","[""2834""]",10-K,2023-03-31,0001493152-23-010259,False,False,[],False
2023-12-31,2024-12-30,True,1860657,"Allarity Therapeutics, Inc.","[""ALLR""]","[""2834""]",10-K,2023-03-13,0001213900-23-019295,False,False,[],False
2023-12-31,2024-12-30,True,1860782,"2seventy bio, Inc.","[""TSVT""]","[""2834""]",10-K/A,2023-12-01,0001860782-23-000125,False,False,[],False
2023-12-31,2024-12-30,True,1861560,"Nuvalent, Inc.","[""NUVL""]","[""2834""]",10-K,2023-03-16,0000950170-23-008284,False,False,[],False
2023-12-31,2024-12-30,True,1861657,Hillstream BioPharma Inc.,"[""THAR""]","[""2834""]",10-K/A,2023-05-22,0001493152-23-018424,False,False,[],False
2023-12-31,2024-12-30,True,1862150,Cingulate Inc.,"[""CING"", ""CINGW""]","[""2834""]",10-K,2023-03-10,0001493152-23-007252,False,False,[],False
2023-12-31,2024-12-30,True,1863127,"Tyra Biosciences, Inc.","[""TYRA""]","[""2834""]",10-K,2023-03-22,0000950170-23-009181,False,False,[],False
2023-12-31,2024-12-30,True,1863362,"Procaps Group, S.A.","[""PROC"", ""PROCW""]","[""2834""]",20-F,2023-05-12,0001213900-23-039111,False,False,[],False
2023-12-31,2024-12-30,True,1865127,"Lucy Scientific Discovery, Inc.","[""LSDIF""]","[""2834""]",10-K,2023-10-13,0001013762-23-003864,False,False,[],False
2023-12-31,2024-12-30,True,1865408,Exscientia plc,"[""EXAI""]","[""2836""]",20-F,2023-03-23,0001865408-23-000011,False,False,[],False
2023-12-31,2024-12-30,True,1865494,"IO Biotech, Inc.","[""IOBT""]","[""2834""]",10-K,2023-03-14,0000950170-23-007902,False,False,[],False
2023-12-31,2024-12-30,True,1867066,Journey Medical Corp,"[""DERM""]","[""2834""]",10-K,2023-03-31,0001410578-23-000485,False,False,[],False
2023-12-31,2024-12-30,True,1867096,"Xeris Biopharma Holdings, Inc.","[""XERS""]","[""2834""]",10-K,2023-03-08,0001867096-23-000031,False,False,[],False
2023-12-31,2024-12-30,True,1869974,"Ocean Biomedical, Inc.","[""OCEA"", ""OCEAW""]","[""2834""]",10-K,2023-03-31,0001493152-23-010129,False,False,[],False
2023-12-31,2024-12-30,True,1870144,"Cardio Diagnostics Holdings, Inc.","[""CDIO"", ""CDIOW""]","[""2835""]",10-K,2023-03-31,0001079973-23-000412,False,False,[],False
2023-12-31,2024-12-30,True,1872812,TC BioPharm (Holdings) plc,"[""TCBP"", ""TCBPW""]","[""2836""]",20-F,2023-05-01,0001493152-23-014970,False,False,[],False
2023-12-31,2024-12-30,True,1873093,CytoMed Therapeutics Ltd,"[""GDTC""]","[""2834""]",20-F,2023-05-01,0001493152-23-015042,False,False,[],False
2023-12-31,2024-12-30,True,1873835,"Immix Biopharma, Inc.","[""IMMX""]","[""2834""]",10-K,2023-03-27,0001493152-23-009091,False,False,[],False
2023-12-31,2024-12-30,True,1873875,Incannex Healthcare Ltd,"[""IXHL""]","[""2834""]",20-F,2023-10-31,0001213900-23-081650,False,False,[],False
2023-12-31,2024-12-30,True,1874252,MAINZ BIOMED N.V.,"[""MYNZ""]","[""2834""]",20-F,2023-04-07,0001213900-23-028320,False,False,[],False
2023-12-31,2024-12-30,True,1875091,NeuroSense Therapeutics Ltd.,"[""NRSN"", ""NRSNW""]","[""2834""]",20-F,2023-03-22,0001213900-23-021883,False,False,[],False
2023-12-31,2024-12-30,True,1875558,"Nuvectis Pharma, Inc.","[""NVCT""]","[""2834""]",10-K/A,2023-03-27,0001104659-23-036896,False,False,[],False
2023-12-31,2024-12-30,True,1878313,"MAIA Biotechnology, Inc.","[""MAIA""]","[""2834""]",10-K,2023-03-24,0000950170-23-009766,False,False,[],False
2023-12-31,2024-12-30,True,1880438,"AN2 Therapeutics, Inc.","[""ANTX""]","[""2834""]",10-K,2023-03-29,0000950170-23-010627,False,False,[],False
2023-12-31,2024-12-30,True,1885827,Virax Biolabs Group Ltd,"[""VRAX""]","[""2835""]",20-F,2023-06-14,0000950170-23-027973,False,False,[],False
2023-12-31,2024-12-30,True,1886799,Bright Green Corp,"[""BGXX""]","[""2833""]",10-K,2023-04-17,0001493152-23-012561,False,False,[],False
2023-12-31,2024-12-30,True,1888012,"HilleVax, Inc.","[""HLVX""]","[""2836""]",10-K,2023-03-17,0000950170-23-008647,False,False,[],False
2023-12-31,2024-12-30,True,1888014,AKANDA CORP.,"[""AKAN""]","[""2833""]",20-F,2023-05-02,0001104659-23-054686,False,False,[],False
2023-12-31,2024-12-30,True,1888886,Structure Therapeutics Inc.,"[""GPCR""]","[""2834""]",10-K,2023-03-30,0001558370-23-005141,False,False,[],False
2023-12-31,2024-12-30,True,1889109,"BELITE BIO, INC","[""BLTE""]","[""2834""]",20-F,2023-03-31,0001104659-23-040145,False,False,[],False
2023-12-31,2024-12-30,True,1892500,Clearmind Medicine Inc.,"[""CMND""]","[""2834""]",20-F,2023-02-06,0001213900-23-008056,False,False,[],False
2023-12-31,2024-12-30,True,1894562,"Prime Medicine, Inc.","[""PRME""]","[""2836""]",10-K,2023-03-09,0001628280-23-007266,False,False,[],False
2023-12-31,2024-12-30,True,1896212,Murphy Canyon Acquisition Corp.,"[""CDT"", ""CDTTW""]","[""2834""]",10-K,2023-03-28,0001493152-23-009306,False,False,[],False
2023-12-31,2024-12-30,True,1898416,Alvotech,"[""ALVO"", ""ALVOW""]","[""2836""]",20-F,2023-03-01,0001193125-23-056506,False,False,[],False
2023-12-31,2024-12-30,True,1906324,QuidelOrtho Corp,"[""QDEL""]","[""2835""]",10-K,2023-02-23,0001906324-23-000014,False,False,[],False
2023-12-31,2024-12-30,True,1907223,Redwoods Acquisition Corp.,"[""WENA"", ""WENAW""]","[""2836""]",10-K/A,2023-10-18,0001013762-23-004606,False,True,"[""b2146f14b938e9102e41""]",False
2023-12-31,2024-12-30,True,1907685,"Comera Life Sciences Holdings, Inc.","[""CMRA""]","[""2834""]",10-K,2023-03-17,0000950170-23-008654,False,False,[],False
2023-12-31,2024-12-30,True,1923840,"Third Harmonic Bio, Inc.","[""THRD""]","[""2834""]",10-K,2023-03-29,0000950170-23-010435,False,False,[],False
2023-12-31,2024-12-30,True,1933414,"Mineralys Therapeutics, Inc.","[""MLYS""]","[""2834""]",10-K,2023-03-15,0001933414-23-000012,False,False,[],False
2023-12-31,2024-12-30,True,1935979,Biohaven Ltd.,"[""BHVN""]","[""2834""]",10-K,2023-03-23,0001935979-23-000009,False,False,[],False
2023-12-31,2024-12-30,True,1936258,NewAmsterdam Pharma Co N.V.,"[""NAMS"", ""NAMSW""]","[""2834""]",20-F,2023-03-31,0000950170-23-011412,False,False,[],False
2023-12-31,2024-12-30,True,1937653,Zymeworks Inc.,"[""ZYME""]","[""2834""]",10-K/A,2023-04-28,0001193125-23-126974,False,False,[],False
2023-12-31,2024-12-30,True,1937993,"Cadrenal Therapeutics, Inc.","[""CVKD""]","[""2834""]",10-K,2023-03-30,0001213900-23-024260,False,False,[],False
2023-12-31,2024-12-30,True,1944885,Apollomics Inc.,"[""APLM"", ""APLMW""]","[""2834""]",20-F,2023-04-28,0001193125-23-127602,False,False,[],False
2023-12-31,2024-12-30,True,1946399,"YS Biopharma Co., Ltd.","[""LSB"", ""LSBPW""]","[""2834""]",20-F,2023-07-26,0001213900-23-060012,False,False,[],False
2023-12-31,2024-12-30,True,1953530,Oculis Holding AG,"[""OCS"", ""OCSAW""]","[""2834""]",20-F,2023-03-28,0000950170-23-010352,False,False,[],False
2023-12-31,2024-12-30,True,1962738,"CASI Pharmaceuticals, Inc.","[""CASI""]","[""2834""]",20-F,2023-04-26,0001558370-23-006757,False,False,[],False
2024-12-31,2025-12-31,True,1800,ABBOTT LABORATORIES,"[""ABT""]","[""2834""]",10-K,2024-02-16,0001628280-24-005348,False,False,[],False
2024-12-31,2025-12-31,True,14272,BRISTOL MYERS SQUIBB CO,"[""BMY"", ""BMYMP"", ""CELG-RI""]","[""2834""]",10-K,2024-02-13,0000014272-24-000044,False,False,[],False
2024-12-31,2025-12-31,True,25743,"TherapeuticsMD, Inc.","[""TXMD""]","[""2834""]",10-K/A,2024-04-29,0001213900-24-037258,False,False,[],False
2024-12-31,2025-12-31,True,34956,"TENAX THERAPEUTICS, INC.","[""TENX""]","[""2834""]",10-K,2024-03-28,0001654954-24-003827,False,False,[],False
2024-12-31,2025-12-31,True,59478,ELI LILLY & Co,"[""LLY""]","[""2834""]",10-K,2024-02-21,0000059478-24-000065,False,False,[],False
2024-12-31,2025-12-31,True,70487,NATIONAL RESEARCH CORP,"[""NRC""]","[""8731""]",10-K,2024-02-27,0001437749-24-005690,False,False,[],False
2024-12-31,2025-12-31,True,72444,"Vaxart, Inc.","[""VXRT""]","[""2836""]",10-K,2024-03-14,0001437749-24-007865,False,False,[],False
2024-12-31,2025-12-31,True,73290,BIOMERICA INC,"[""BMRA""]","[""2835""]",10-K,2024-08-28,0001493152-24-034208,False,False,[],False
2024-12-31,2025-12-31,True,78003,PFIZER INC,"[""PFE""]","[""2834""]",10-K,2024-02-22,0000078003-24-000039,False,False,[],False
2024-12-31,2025-12-31,True,93314,VOLITIONRX LTD,"[""VNRX""]","[""2835""]",10-K,2024-03-25,0001477932-24-001453,False,False,[],False
2024-12-31,2025-12-31,True,109657,"GT Biopharma, Inc.","[""GTBP""]","[""2834""]",10-K,2024-03-26,0001493152-24-011332,False,False,[],False
2024-12-31,2025-12-31,True,200406,JOHNSON & JOHNSON,"[""JNJ""]","[""2834""]",10-K,2024-02-16,0000200406-24-000013,False,False,[],False
2024-12-31,2025-12-31,True,275053,NATURES SUNSHINE PRODUCTS INC,"[""NATR""]","[""2834""]",10-K,2024-03-12,0001628280-24-010625,False,False,[],False
2024-12-31,2025-12-31,True,310158,"Merck & Co., Inc.","[""MRK""]","[""2834""]",10-K/A,2024-04-11,0001193125-24-093194,False,False,[],False
2024-12-31,2025-12-31,True,315545,"PROVECTUS BIOPHARMACEUTICALS, INC.","[""PVCT""]","[""2834""]",10-K/A,2024-04-29,0001493152-24-016883,False,False,[],False
2024-12-31,2025-12-31,True,318154,AMGEN INC,"[""AMGN""]","[""2836""]",10-K,2024-02-14,0000318154-24-000011,False,False,[],False
2024-12-31,2025-12-31,True,318306,ABEONA THERAPEUTICS INC.,"[""ABEO""]","[""2834""]",10-K,2024-03-18,0001493152-24-010190,False,False,[],False
2024-12-31,2025-12-31,True,320017,"LISATA THERAPEUTICS, INC.","[""LSTA""]","[""2834""]",10-K,2024-02-29,0000320017-24-000007,False,False,[],False
2024-12-31,2025-12-31,True,715446,Anixa Biosciences Inc,"[""ANIX""]","[""2834""]",10-K,2024-01-16,0001493152-24-002453,False,False,[],False
2024-12-31,2025-12-31,True,748592,Eterna Therapeutics Inc.,"[""ERNA""]","[""2834""]",10-K/A,2024-03-18,0001140361-24-013709,False,False,[],False
2024-12-31,2025-12-31,True,749647,"Imunon, Inc.","[""IMNN""]","[""2834""]",10-K,2024-03-28,0001493152-24-011616,False,False,[],False
2024-12-31,2025-12-31,True,764195,VBI Vaccines Inc/BC,"[""VBIVQ""]","[""2834""]",10-K,2024-04-16,0001493152-24-014744,False,False,[],False
2024-12-31,2025-12-31,True,771856,"CHAMPIONS ONCOLOGY, INC.","[""CSBR""]","[""2836""]",10-K,2024-07-19,0001628280-24-032321,False,False,[],False
2024-12-31,2025-12-31,True,791908,XOMA Corp,"[""XOMA"", ""XOMAO"", ""XOMAP""]","[""2834""]",10-K,2024-03-08,0001558370-24-002782,False,False,[],False
2024-12-31,2025-12-31,True,793171,"Vitro Biopharma, Inc.",[],"[""2836""]",10-K,2024-01-29,0001493152-24-004126,False,False,[],False
2024-12-31,2025-12-31,True,811641,IMMUCELL CORP /DE/,"[""ICCC""]","[""2835""]",10-K,2024-04-01,0001213900-24-028718,False,False,[],False
2024-12-31,2025-12-31,True,812796,"SOLIGENIX, INC.","[""SNGX""]","[""2834""]",10-K,2024-03-15,0001558370-24-003402,False,False,[],False
2024-12-31,2025-12-31,True,818033,"HERON THERAPEUTICS, INC. /DE/","[""HRTX""]","[""2834""]",10-K,2024-03-12,0000950170-24-029951,False,False,[],False
2024-12-31,2025-12-31,True,818686,TEVA PHARMACEUTICAL INDUSTRIES LTD,"[""TEVA"", ""TEVJF""]","[""2834""]",10-K,2024-02-12,0001193125-24-031005,False,False,[],False
2024-12-31,2025-12-31,True,822370,"Emmaus Life Sciences, Inc.","[""EMMA""]","[""2834""]",10-K,2024-07-03,0000950170-24-080918,False,False,[],False
2024-12-31,2025-12-31,True,832489,"GeoVax Labs, Inc.","[""GOVX"", ""GOVXW""]","[""2834""]",10-K/A,2024-03-11,0001437749-24-007328,False,False,[],False
2024-12-31,2025-12-31,True,849146,Lifevantage Corp,"[""LFVN""]","[""2834""]",10-K,2024-08-28,0000849146-24-000073,False,False,[],False
2024-12-31,2025-12-31,True,863894,VERU INC.,"[""VERU""]","[""2834""]",10-K,2024-12-16,0001437749-24-037576,False,False,[],False
2024-12-31,2025-12-31,True,873303,"Sarepta Therapeutics, Inc.","[""SRPT""]","[""2834""]",10-K,2024-02-28,0000950170-24-022036,False,False,[],False
2024-12-31,2025-12-31,True,876343,"Lineage Cell Therapeutics, Inc.","[""LCTX""]","[""2836""]",10-K,2024-03-07,0000950170-24-027988,False,False,[],False
2024-12-31,2025-12-31,True,879169,INCYTE CORP,"[""INCY""]","[""8731""]",10-K/A,2024-02-16,0000879169-24-000062,False,False,[],False
2024-12-31,2025-12-31,True,879407,"ARROWHEAD PHARMACEUTICALS, INC.","[""ARWR""]","[""2834""]",10-K,2024-11-26,0001628280-24-049277,False,False,[],False
2024-12-31,2025-12-31,True,882361,Aptose Biosciences Inc.,"[""APTO""]","[""2836""]",10-K/A,2024-04-29,0000950170-24-050057,False,False,[],False
2024-12-31,2025-12-31,True,885590,Bausch Health Companies Inc.,"[""BHC""]","[""2834""]",10-K,2024-02-22,0000885590-24-000011,False,False,[],False
2024-12-31,2025-12-31,True,886163,LIGAND PHARMACEUTICALS INC,"[""LGND"", ""LGNDZ"", ""LGNXZ"", ""LGNYZ"", ""LGNZZ""]","[""2834""]",10-K,2024-02-29,0000886163-24-000009,False,False,[],False
2024-12-31,2025-12-31,True,887359,Vericel Corp,"[""VCEL""]","[""2836""]",10-K,2024-02-29,0001628280-24-007824,False,False,[],False
2024-12-31,2025-12-31,True,890821,"Enveric Biosciences, Inc.","[""ENVB""]","[""2834""]",10-K,2024-03-26,0001493152-24-011210,False,False,[],False
2024-12-31,2025-12-31,True,894158,"Theriva Biologics, Inc.","[""TOVX""]","[""2834""]",10-K,2024-03-25,0001410578-24-000293,False,False,[],False
2024-12-31,2025-12-31,True,896264,USANA HEALTH SCIENCES INC,"[""USNA""]","[""2833""]",10-K,2024-02-27,0000896264-24-000093,False,False,[],False
2024-12-31,2025-12-31,True,901832,ASTRAZENECA PLC,"[""AZN"", ""AZNCF""]","[""2834""]",20-F,2024-02-20,0001104659-24-025553,False,False,[],False
2024-12-31,2025-12-31,True,910267,TITAN PHARMACEUTICALS INC,"[""TTNP"", ""TTNPW""]","[""2836""]",10-K,2024-04-01,0001829126-24-002110,False,True,"[""b57423068ece916dbf86""]",False
2024-12-31,2025-12-31,True,911216,PALATIN TECHNOLOGIES INC,"[""PTN""]","[""2834""]",10-K,2024-09-30,0001654954-24-012498,False,False,[],False
2024-12-31,2025-12-31,True,921114,"Armata Pharmaceuticals, Inc.","[""ARMP""]","[""2836""]",10-K,2024-03-21,0001558370-24-003706,False,False,[],False
2024-12-31,2025-12-31,True,921299,FIBROGEN INC,"[""FGEN""]","[""2834""]",10-K,2024-02-26,0000950170-24-020161,False,False,[],False
2024-12-31,2025-12-31,True,922247,"Cyclo Therapeutics, Inc.","[""CYTH"", ""CYTHW""]","[""2836""]",10-K/A,2024-12-18,0001437749-24-037835,False,False,[],False
2024-12-31,2025-12-31,True,925741,"BioCardia, Inc.","[""BCDA""]","[""2836""]",10-K,2024-03-27,0001437749-24-009587,False,False,[],False
2024-12-31,2025-12-31,True,926617,Aspira Women's Health Inc.,"[""AWH""]","[""2835""]",10-K,2024-04-01,0000926617-24-000015,False,False,[],False
2024-12-31,2025-12-31,True,926844,Fuss Brands Corp.,"[""FBDS""]","[""2834""]",10-K,2024-02-05,0001829126-24-000716,False,False,[],False
2024-12-31,2025-12-31,True,944809,"OPKO HEALTH, INC.","[""OPK""]","[""2834""]",10-K,2024-03-01,0001437749-24-006285,False,False,[],False
2024-12-31,2025-12-31,True,946486,WINDTREE THERAPEUTICS INC /DE/,"[""WINT"", ""WINTW""]","[""2836""]",10-K,2024-04-16,0001437749-24-012210,False,False,[],False
2024-12-31,2025-12-31,True,946644,AIM ImmunoTech Inc.,"[""AIM""]","[""2836""]",10-K,2024-04-01,0001493152-24-012058,False,False,[],False
2024-12-31,2025-12-31,True,1001316,"TG THERAPEUTICS, INC.","[""TGTX""]","[""2834""]",10-K/A,2024-08-09,0001437749-24-025850,False,False,[],False
2024-12-31,2025-12-31,True,1006281,"Protalix BioTherapeutics, Inc.","[""PLX""]","[""2836""]",10-K,2024-03-14,0001558370-24-003161,False,False,[],False
2024-12-31,2025-12-31,True,1008848,"Acorda Therapeutics, Inc.",[],"[""2836""]",10-K/A,2024-04-29,0000950170-24-049448,False,False,[],False
2024-12-31,2025-12-31,True,1010086,SIGA TECHNOLOGIES INC,"[""SIGA""]","[""2834""]",10-K,2024-03-12,0001437749-24-007487,False,False,[],False
2024-12-31,2025-12-31,True,1012477,AVADEL PHARMACEUTICALS PLC,"[""AVDL""]","[""2834""]",10-K/A,2024-04-26,0001104659-24-052940,False,True,"[""876095886001a023bfeb""]",False
2024-12-31,2025-12-31,True,1014763,"Ainos, Inc.","[""AIMD"", ""AIMDW""]","[""2834""]",10-K,2024-03-08,0001654954-24-002897,False,False,[],False
2024-12-31,2025-12-31,True,1015820,QIAGEN N.V.,"[""QGEN""]","[""2836""]",20-F,2024-03-11,0001015820-24-000022,False,False,[],False
2024-12-31,2025-12-31,True,1016504,INTEGRATED BIOPHARMA INC,"[""INBP""]","[""2834""]",10-K,2024-09-20,0001437749-24-029768,False,False,[],False
2024-12-31,2025-12-31,True,1018735,NYMOX PHARMACEUTICAL CORP,"[""NYMXF""]","[""2835""]",20-F,2024-08-29,0001640334-24-001383,False,False,[],False
2024-12-31,2025-12-31,True,1022899,"Protagenic Therapeutics, Inc.\new","[""PTIX"", ""PTIXW""]","[""2834""]",10-K/A,2024-05-14,0001493152-24-019018,False,False,[],False
2024-12-31,2025-12-31,True,1023024,ANI PHARMACEUTICALS INC,"[""ANIP""]","[""2834""]",10-K,2024-02-29,0001023024-24-000026,False,False,[],False
2024-12-31,2025-12-31,True,1023549,XTL BIOPHARMACEUTICALS LTD,"[""XTLB""]","[""2834""]",20-F,2024-04-30,0001213900-24-037717,False,False,[],False
2024-12-31,2025-12-31,True,1029125,"Panbela Therapeutics, Inc.","[""PBLA""]","[""2834""]",10-K,2024-03-26,0001437749-24-009418,False,False,[],False
2024-12-31,2025-12-31,True,1029142,DYNAVAX TECHNOLOGIES CORP,"[""DVAX""]","[""2834""]",10-K,2024-02-22,0000950170-24-018766,False,False,[],False
2024-12-31,2025-12-31,True,1042418,"Inhibitor Therapeutics, Inc.","[""INTI""]","[""2834""]",10-K,2024-03-29,0001493152-24-011973,False,False,[],False
2024-12-31,2025-12-31,True,1053369,ELITE PHARMACEUTICALS INC /NV/,"[""ELTP""]","[""2834""]",10-K,2024-07-01,0001493152-24-025829,False,False,[],False
2024-12-31,2025-12-31,True,1053691,CervoMed Inc.,"[""CRVO""]","[""2834""]",10-K,2024-03-29,0001437749-24-010064,False,False,[],False
2024-12-31,2025-12-31,True,1069530,CASSAVA SCIENCES INC,"[""SAVA""]","[""2834""]",10-K,2024-02-28,0001437749-24-005894,False,False,[],False
2024-12-31,2025-12-31,True,1069899,PHIBRO ANIMAL HEALTH CORP,"[""PAHC""]","[""2834""]",10-K,2024-08-28,0001558370-24-012517,False,False,[],False
2024-12-31,2025-12-31,True,1070081,"PTC THERAPEUTICS, INC.","[""PTCT""]","[""2834""]",10-K,2024-02-29,0001558370-24-002196,False,False,[],False
2024-12-31,2025-12-31,True,1072379,NORTHWEST BIOTHERAPEUTICS INC,"[""NWBO""]","[""2834""]",10-K/A,2024-04-29,0001104659-24-054153,False,False,[],False
2024-12-31,2025-12-31,True,1084201,SINOVAC BIOTECH LTD,"[""SVA""]","[""2834""]",20-F,2024-04-29,0000950170-24-049936,False,False,[],False
2024-12-31,2025-12-31,True,1087294,CUMBERLAND PHARMACEUTICALS INC,"[""CPIX""]","[""2834""]",10-K,2024-03-13,0001628280-24-010725,False,False,[],False
2024-12-31,2025-12-31,True,1094038,"Marker Therapeutics, Inc.","[""MRKR""]","[""2834""]",10-K,2024-03-26,0001410578-24-000297,False,False,[],False
2024-12-31,2025-12-31,True,1095435,PORTAGE BIOTECH INC.,"[""PRTG""]","[""2834""]",20-F,2024-08-14,0001171843-24-004800,False,False,[],False
2024-12-31,2025-12-31,True,1100397,"Ayala Pharmaceuticals, Inc.","[""ADXS""]","[""2834""]",10-K/A,2024-04-26,0001493152-24-016714,False,False,[],False
2024-12-31,2025-12-31,True,1100682,"CHARLES RIVER LABORATORIES INTERNATIONAL, INC.","[""CRL""]","[""8731""]",10-K,2024-02-14,0001100682-24-000007,False,False,[],False
2024-12-31,2025-12-31,True,1101026,"Zivo Bioscience, Inc.","[""ZIVO"", ""ZIVOW""]","[""2836""]",10-K,2024-03-15,0001654954-24-003228,False,False,[],False
2024-12-31,2025-12-31,True,1106644,"CHINA PHARMA HOLDINGS, INC.","[""CPHI""]","[""2834""]",10-K,2024-04-01,0001213900-24-028731,False,False,[],False
2024-12-31,2025-12-31,True,1106838,"Sonnet BioTherapeutics Holdings, Inc.","[""SONN""]","[""2834""]",10-K,2024-12-17,0001493152-24-050341,False,True,"[""084af7080a305244a2c3""]",False
2024-12-31,2025-12-31,True,1107421,"Alaunos Therapeutics, Inc.","[""TCRT""]","[""2834""]",10-K,2024-04-01,0000950170-24-038868,False,False,[],False
2024-12-31,2025-12-31,True,1113423,Aeterna Zentaris Inc.,"[""CSCI""]","[""2834""]",20-F/A,2024-07-17,0001493152-24-028055,False,False,[],False
2024-12-31,2025-12-31,True,1114448,NOVARTIS AG,"[""NVS"", ""NVSEF""]","[""2834""]",20-F,2024-01-31,0001370368-24-000004,False,False,[],False
2024-12-31,2025-12-31,True,1117480,CHIMERIX INC,"[""CMRX""]","[""2834""]",10-K,2024-02-29,0001117480-24-000005,True,True,"[""31ae9c8d991880bd401b""]",False
2024-12-31,2025-12-31,True,1121404,Sanofi,"[""SNY"", ""SNYNF""]","[""2834""]",20-F,2024-02-23,0001121404-24-000009,False,False,[],False
2024-12-31,2025-12-31,True,1124524,"Cryoport, Inc.","[""CYRX""]","[""2834""]",10-K,2024-03-13,0001558370-24-003128,False,False,[],False
2024-12-31,2025-12-31,True,1125345,MACROGENICS INC,"[""MGNX""]","[""2834""]",10-K,2024-03-07,0001125345-24-000060,False,False,[],False
2024-12-31,2025-12-31,True,1129928,ONCOLYTICS BIOTECH INC,"[""ONCY""]","[""2834""]",20-F,2024-03-12,0001129928-24-000018,False,False,[],False
2024-12-31,2025-12-31,True,1130598,"Traws Pharma, Inc.","[""TRAW""]","[""2834""]",10-K/A,2024-04-29,0001104659-24-054006,False,False,[],False
2024-12-31,2025-12-31,True,1131399,GSK plc,"[""GSK"", ""GLAXF""]","[""2834""]",20-F,2024-03-05,0001131399-24-000007,False,False,[],False
2024-12-31,2025-12-31,True,1133416,GALECTIN THERAPEUTICS INC,"[""GALT""]","[""2834""]",10-K,2024-03-29,0001140361-24-016452,False,False,[],False
2024-12-31,2025-12-31,True,1133519,MEDICURE INC,"[""MCUJF""]","[""2834""]",20-F,2024-04-09,0001654954-24-004370,False,False,[],False
2024-12-31,2025-12-31,True,1133818,BIO-PATH HOLDINGS INC,"[""BPTH""]","[""2834""]",10-K,2024-03-07,0001558370-24-002730,False,False,[],False
2024-12-31,2025-12-31,True,1133869,"CAPRICOR THERAPEUTICS, INC.","[""CAPR""]","[""2834""]",10-K,2024-03-11,0001558370-24-002861,False,False,[],False
2024-12-31,2025-12-31,True,1134765,"Charlie's Holdings, Inc.","[""CHUC""]","[""2833""]",10-K,2024-04-15,0001437749-24-012061,False,False,[],False
2024-12-31,2025-12-31,True,1135951,DR REDDYS LABORATORIES LTD,"[""RDY""]","[""2834""]",20-F,2024-06-12,0001575872-24-000660,False,False,[],False
2024-12-31,2025-12-31,True,1137883,BRAINSTORM CELL THERAPEUTICS INC.,"[""BCLI""]","[""2836""]",10-K,2024-04-01,0001410578-24-000385,False,False,[],False
2024-12-31,2025-12-31,True,1157075,"PharmaCyte Biotech, Inc.","[""PMCB""]","[""2836""]",10-K,2024-08-13,0001683168-24-005575,False,False,[],False
2024-12-31,2025-12-31,True,1157601,"MADRIGAL PHARMACEUTICALS, INC.","[""MDGL""]","[""2834""]",10-K,2024-02-28,0001628280-24-007376,False,False,[],False
2024-12-31,2025-12-31,True,1158780,Pluri Inc.,"[""PLUR""]","[""2836""]",10-K,2024-09-18,0001213900-24-079861,False,False,[],False
2024-12-31,2025-12-31,True,1159036,"HALOZYME THERAPEUTICS, INC.","[""HALO""]","[""2836""]",10-K,2024-02-20,0001159036-24-000008,False,False,[],False
2024-12-31,2025-12-31,True,1160308,Savara Inc,"[""SVRA""]","[""2834""]",10-K,2024-03-07,0000950170-24-027920,False,False,[],False
2024-12-31,2025-12-31,True,1173313,"ABVC BIOPHARMA, INC.","[""ABVC""]","[""2834""]",10-K/A,2024-03-15,0001213900-24-022721,False,False,[],False
2024-12-31,2025-12-31,True,1174940,ORAGENICS INC,"[""OGEN""]","[""2834""]",10-K,2024-03-29,0001493152-24-011979,False,False,[],False
2024-12-31,2025-12-31,True,1176309,ORAMED PHARMACEUTICALS INC.,"[""ORMP""]","[""2834""]",10-K,2024-03-06,0001213900-24-020485,False,False,[],False
2024-12-31,2025-12-31,True,1177648,ENANTA PHARMACEUTICALS INC,"[""ENTA""]","[""2834""]",10-K,2024-11-27,0000950170-24-131260,False,False,[],False
2024-12-31,2025-12-31,True,1178253,SCYNEXIS INC,"[""SCYX""]","[""2834""]",10-K,2024-03-28,0000950170-24-038046,False,False,[],False
2024-12-31,2025-12-31,True,1178670,"ALNYLAM PHARMACEUTICALS, INC.","[""ALNY""]","[""2834""]",10-K,2024-02-15,0001178670-24-000008,False,False,[],False
2024-12-31,2025-12-31,True,1178879,"AMICUS THERAPEUTICS, INC.","[""FOLD""]","[""2834""]",10-K,2024-02-28,0001178879-24-000003,False,False,[],False
2024-12-31,2025-12-31,True,1183765,"Molecular Templates, Inc.","[""MTEM""]","[""2834""]",10-K/A,2024-04-25,0001558370-24-005771,False,False,[],False
2024-12-31,2025-12-31,True,1187953,"CREATIVE MEDICAL TECHNOLOGY HOLDINGS, INC.","[""CELZ""]","[""2836""]",10-K/A,2024-04-29,0001477932-24-002384,False,False,[],False
2024-12-31,2025-12-31,True,1191070,BIONOMICS LIMITED/FI,"[""BNOX""]","[""2834""]",10-K,2024-09-30,0001213900-24-082909,False,False,[],False
2024-12-31,2025-12-31,True,1205922,"VACCINEX, INC.","[""VCNX""]","[""2834""]",10-K/A,2024-04-25,0000950170-24-048163,False,False,[],False
2024-12-31,2025-12-31,True,1211583,FENNEC PHARMACEUTICALS INC.,"[""FENC""]","[""2836""]",10-K,2024-03-29,0001558370-24-004383,False,False,[],False
2024-12-31,2025-12-31,True,1213037,"Cardiff Oncology, Inc.","[""CRDF""]","[""2836""]",10-K,2024-02-29,0001628280-24-007948,False,False,[],False
2024-12-31,2025-12-31,True,1213809,DYADIC INTERNATIONAL INC,"[""DYAI""]","[""2836""]",10-K,2024-03-28,0001437749-24-009857,False,False,[],False
2024-12-31,2025-12-31,True,1226616,MEDICINOVA INC,"[""MNOV""]","[""2834""]",10-K,2024-02-15,0000950170-24-015920,False,False,[],False
2024-12-31,2025-12-31,True,1228627,"Ocuphire Pharma, Inc.","[""OCUP""]","[""2834""]",10-K,2024-03-08,0001140361-24-012399,False,False,[],False
2024-12-31,2025-12-31,True,1231457,GENELUX Corp,"[""GNLX""]","[""2834""]",10-K,2024-03-29,0001493152-24-011946,False,False,[],False
2024-12-31,2025-12-31,True,1232524,Jazz Pharmaceuticals plc,"[""JAZZ""]","[""2834""]",10-K/A,2024-04-26,0001232524-24-000022,False,False,[],False
2024-12-31,2025-12-31,True,1253689,GLYCOMIMETICS INC,"[""GLYC""]","[""2834""]",10-K,2024-03-27,0001558370-24-004013,False,False,[],False
2024-12-31,2025-12-31,True,1262104,"MEI Pharma, Inc.","[""MEIP""]","[""2834""]",10-K,2024-09-19,0000950170-24-108185,False,False,[],False
2024-12-31,2025-12-31,True,1267565,"COLLEGIUM PHARMACEUTICAL, INC","[""COLL""]","[""2834""]",10-K,2024-02-22,0001558370-24-001526,False,False,[],False
2024-12-31,2025-12-31,True,1267813,"MARINUS PHARMACEUTICALS, INC.","[""MRNS""]","[""2834""]",10-K,2024-03-05,0001558370-24-002479,True,True,"[""0e1bfec6e0766a2ff19b""]",False
2024-12-31,2025-12-31,True,1274792,MERRIMACK PHARMACEUTICALS INC,[],"[""2834""]",10-K/A,2024-03-21,0001193125-24-073929,False,False,[],False
2024-12-31,2025-12-31,True,1279704,"Cellectar Biosciences, Inc.","[""CLRB""]","[""2834""]",10-K/A,2024-10-29,0001410578-24-001704,False,False,[],False
2024-12-31,2025-12-31,True,1280776,"IMMUNIC, INC.","[""IMUX""]","[""2834""]",10-K,2024-02-22,0001280776-24-000004,False,False,[],False
2024-12-31,2025-12-31,True,1281895,"ROCKET PHARMACEUTICALS, INC.","[""RCKT"", ""RCKTW""]","[""2834""]",10-K,2024-02-27,0000950170-24-021096,False,False,[],False
2024-12-31,2025-12-31,True,1285819,OMEROS CORP,"[""OMER""]","[""2834""]",10-K,2024-04-01,0001437749-24-010416,False,False,[],False
2024-12-31,2025-12-31,True,1287098,"MAXCYTE, INC.","[""MXCT""]","[""8731""]",10-K,2024-03-12,0001558370-24-003001,False,False,[],False
2024-12-31,2025-12-31,True,1293971,"bluebird bio, Inc.","[""BLUE""]","[""2836""]",10-K,2024-09-13,0001293971-24-000037,True,True,"[""12d75b69a4da0d7ba686""]",False
2024-12-31,2025-12-31,True,1295947,Prestige Consumer Healthcare Inc.,"[""PBH""]","[""2834""]",10-K,2024-05-15,0001295947-24-000017,False,False,[],False
2024-12-31,2025-12-31,True,1297184,"Amphastar Pharmaceuticals, Inc.","[""AMPH""]","[""2834""]",10-K,2024-02-29,0001297184-24-000009,False,False,[],False
2024-12-31,2025-12-31,True,1305253,"Eiger BioPharmaceuticals, Inc.","[""EIGRQ""]","[""2836""]",10-K/A,2024-04-29,0001193125-24-122498,False,False,[],False
2024-12-31,2025-12-31,True,1310630,China Foods Holdings Ltd.,"[""CFOO""]","[""2833""]",10-K,2024-04-16,0001493152-24-014708,False,False,[],False
2024-12-31,2025-12-31,True,1314052,ANAVEX LIFE SCIENCES CORP.,"[""AVXL""]","[""2836""]",10-K,2024-12-23,0001731122-24-002041,False,False,[],False
2024-12-31,2025-12-31,True,1321834,"MyMD Pharmaceuticals, Inc.","[""TNFA""]","[""2835""]",10-K,2024-04-01,0001493152-24-012533,False,False,[],False
2024-12-31,2025-12-31,True,1326110,"ImmunityBio, Inc.","[""IBRX""]","[""2836""]",10-K,2024-03-19,0001326110-24-000037,False,False,[],False
2024-12-31,2025-12-31,True,1326190,"Altimmune, Inc.","[""ALT""]","[""2834""]",10-K,2024-03-27,0001326190-24-000010,False,False,[],False
2024-12-31,2025-12-31,True,1326205,"IGC Pharma, Inc.","[""IGC""]","[""2834""]",10-K,2024-06-24,0001185185-24-000650,False,False,[],False
2024-12-31,2025-12-31,True,1326732,Xencor Inc,"[""XNCR""]","[""2834""]",10-K,2024-02-29,0001326732-24-000006,False,False,[],False
2024-12-31,2025-12-31,True,1335105,"LIXTE BIOTECHNOLOGY HOLDINGS, INC.","[""LIXT"", ""LIXTW""]","[""2834""]",10-K,2024-03-19,0001493152-24-010427,False,False,[],False
2024-12-31,2025-12-31,True,1339970,aTYR PHARMA INC,"[""ATYR""]","[""2836""]",10-K,2024-03-14,0000950170-24-031584,False,False,[],False
2024-12-31,2025-12-31,True,1341235,"Aldeyra Therapeutics, Inc.","[""ALDX""]","[""2834""]",10-K,2024-03-07,0000950170-24-027933,False,False,[],False
2024-12-31,2025-12-31,True,1345099,MESOBLAST LTD,"[""MESO"", ""MEOBF""]","[""2836""]",20-F,2024-08-29,0001345099-24-000063,False,False,[],False
2024-12-31,2025-12-31,True,1346830,"Cara Therapeutics, Inc.","[""CARA""]","[""2834""]",10-K,2024-03-06,0001558370-24-002609,False,False,[],False
2024-12-31,2025-12-31,True,1347178,Vanda Pharmaceuticals Inc.,"[""VNDA""]","[""2834""]",10-K,2024-02-08,0001628280-24-003785,False,False,[],False
2024-12-31,2025-12-31,True,1347242,LIPELLA PHARMACEUTICALS INC.,"[""LIPO""]","[""2834""]",10-K,2024-02-27,0001753926-24-000403,False,False,[],False
2024-12-31,2025-12-31,True,1348362,Lexaria Bioscience Corp.,"[""LEXX"", ""LEXXW""]","[""2834""]",10-K,2024-11-26,0001640334-24-001787,False,False,[],False
2024-12-31,2025-12-31,True,1348911,"KalVista Pharmaceuticals, Inc.","[""KALV""]","[""2834""]",10-K,2024-07-11,0000950170-24-082965,False,False,[],False
2024-12-31,2025-12-31,True,1356090,"PRECIGEN, INC.","[""PGEN""]","[""2834""]",10-K/A,2024-04-29,0001104659-24-054003,False,False,[],False
2024-12-31,2025-12-31,True,1356576,"SUPERNUS PHARMACEUTICALS, INC.","[""SUPN""]","[""2834""]",10-K,2024-02-27,0001356576-24-000013,False,False,[],False
2024-12-31,2025-12-31,True,1357459,"PALISADE BIO, INC.","[""PALI""]","[""2836""]",10-K,2024-03-26,0000950170-24-036402,False,False,[],False
2024-12-31,2025-12-31,True,1357874,PRECISION BIOSCIENCES INC,"[""DTIL""]","[""2836""]",10-K,2024-03-27,0000950170-24-036817,False,False,[],False
2024-12-31,2025-12-31,True,1359931,"Protara Therapeutics, Inc.","[""TARA""]","[""2836""]",10-K,2024-03-13,0001213900-24-021982,False,False,[],False
2024-12-31,2025-12-31,True,1360214,"HARROW, INC.","[""HROW"", ""HROWL"", ""HROWM""]","[""2834""]",10-K,2024-03-19,0001493152-24-010518,False,False,[],False
2024-12-31,2025-12-31,True,1367083,"Sonoma Pharmaceuticals, Inc.","[""SNOA""]","[""2834""]",10-K,2024-06-17,0001683168-24-004275,False,False,[],False
2024-12-31,2025-12-31,True,1367644,Emergent BioSolutions Inc.,"[""EBS""]","[""2834""]",10-K,2024-03-08,0001367644-24-000033,False,False,[],False
2024-12-31,2025-12-31,True,1368514,"ADMA BIOLOGICS, INC.","[""ADMA""]","[""2836""]",10-K,2024-02-28,0001140361-24-010147,False,False,[],False
2024-12-31,2025-12-31,True,1369568,"CATALYST PHARMACEUTICALS, INC.","[""CPRX""]","[""2834""]",10-K,2024-02-28,0001193125-24-050908,False,False,[],False
2024-12-31,2025-12-31,True,1370053,"ANAPTYSBIO, INC","[""ANAB""]","[""2834""]",10-K,2024-03-11,0001370053-24-000011,False,False,[],False
2024-12-31,2025-12-31,True,1372299,"Ocugen, Inc.","[""OCGN""]","[""2836""]",10-K/A,2024-04-29,0001104659-24-054193,False,False,[],False
2024-12-31,2025-12-31,True,1372514,KIORA PHARMACEUTICALS INC,"[""KPRX"", ""KPHMW""]","[""2834""]",10-K,2024-03-25,0001372514-24-000026,False,False,[],False
2024-12-31,2025-12-31,True,1374328,"FITLIFE BRANDS, INC.","[""FTLF""]","[""2833""]",10-K/A,2024-04-22,0001437749-24-012657,False,False,[],False
2024-12-31,2025-12-31,True,1374339,ProMIS Neurosciences Inc.,"[""PMN""]","[""2834""]",10-K,2024-04-01,0001558370-24-004532,False,False,[],False
2024-12-31,2025-12-31,True,1374690,"Larimar Therapeutics, Inc.","[""LRMR""]","[""2834""]",10-K,2024-03-14,0000950170-24-031529,False,False,[],False
2024-12-31,2025-12-31,True,1377121,"Protagonist Therapeutics, Inc","[""PTGX""]","[""2834""]",10-K,2024-02-27,0001558370-24-001850,False,False,[],False
2024-12-31,2025-12-31,True,1379006,"NANOVIRICIDES, INC.","[""NNVC""]","[""2834""]",10-K,2024-09-27,0001410578-24-001650,False,False,[],False
2024-12-31,2025-12-31,True,1382101,"SUTRO BIOPHARMA, INC.","[""STRO""]","[""2836""]",10-K,2024-03-25,0000950170-24-035949,False,False,[],False
2024-12-31,2025-12-31,True,1385818,"AYTU BIOPHARMA, INC","[""AYTU""]","[""2834""]",10-K,2024-09-26,0001437749-24-030062,False,False,[],False
2024-12-31,2025-12-31,True,1386570,ChromaDex Corp.,"[""CDXC""]","[""2833""]",10-K,2024-03-06,0001628280-24-009380,False,False,[],False
2024-12-31,2025-12-31,True,1388320,"Actinium Pharmaceuticals, Inc.","[""ATNM""]","[""2834""]",10-K,2024-03-29,0001213900-24-028038,False,False,[],False
2024-12-31,2025-12-31,True,1390478,"SELLAS Life Sciences Group, Inc.","[""SLS""]","[""2834""]",10-K,2024-03-28,0001390478-24-000004,False,False,[],False
2024-12-31,2025-12-31,True,1393434,"OCULAR THERAPEUTIX, INC","[""OCUL""]","[""2834""]",10-K,2024-03-11,0001558370-24-002902,False,False,[],False
2024-12-31,2025-12-31,True,1394319,"Tracon Pharmaceuticals, Inc.","[""TCON""]","[""2836""]",10-K,2024-03-05,0000950170-24-026205,False,False,[],False
2024-12-31,2025-12-31,True,1395064,TAKEDA PHARMACEUTICAL CO LTD,"[""TAK"", ""TKPHF""]","[""2834""]",20-F,2024-06-26,0001395064-24-000086,False,False,[],False
2024-12-31,2025-12-31,True,1395937,Syndax Pharmaceuticals Inc,"[""SNDX""]","[""2834""]",10-K,2024-02-27,0000950170-24-021253,False,False,[],False
2024-12-31,2025-12-31,True,1396814,"Pacira BioSciences, Inc.","[""PCRX""]","[""2834""]",10-K,2024-02-29,0001396814-24-000030,False,False,[],False
2024-12-31,2025-12-31,True,1398733,"Aquestive Therapeutics, Inc.","[""AQST""]","[""2834""]",10-K,2024-03-05,0001628280-24-009010,False,False,[],False
2024-12-31,2025-12-31,True,1400118,Sagimet Biosciences Inc.,"[""SGMT""]","[""2834""]",10-K,2024-03-25,0001558370-24-003812,False,False,[],False
2024-12-31,2025-12-31,True,1401040,DiaMedica Therapeutics Inc.,"[""DMAC""]","[""2834""]",10-K,2024-03-19,0001437749-24-008522,False,False,[],False
2024-12-31,2025-12-31,True,1401667,"PUMA BIOTECHNOLOGY, INC.","[""PBYI""]","[""2834""]",10-K,2024-02-29,0001437749-24-006121,False,False,[],False
2024-12-31,2025-12-31,True,1401914,"Dare Bioscience, Inc.","[""DARE""]","[""2834""]",10-K,2024-03-28,0001401914-24-000016,False,False,[],False
2024-12-31,2025-12-31,True,1402328,"Sunshine Biopharma, Inc","[""SBFM"", ""SBFMW""]","[""2834""]",10-K,2024-03-28,0001683168-24-001818,False,False,[],False
2024-12-31,2025-12-31,True,1403708,Evoke Pharma Inc,"[""EVOK""]","[""2834""]",10-K/A,2024-05-14,0000950170-24-059516,True,True,"[""d1a71782fbcdf10d7bf8""]",False
2024-12-31,2025-12-31,True,1404281,"Eledon Pharmaceuticals, Inc.","[""ELDN""]","[""2834""]",10-K/A,2024-08-19,0000950170-24-098575,False,False,[],False
2024-12-31,2025-12-31,True,1404644,Neurogene Inc.,"[""NGNE""]","[""2834""]",10-K,2024-03-18,0001404644-24-000020,False,False,[],False
2024-12-31,2025-12-31,True,1408443,Milestone Pharmaceuticals Inc.,"[""MIST""]","[""2834""]",10-K/A,2024-04-29,0001104659-24-054157,False,False,[],False
2024-12-31,2025-12-31,True,1410098,CorMedix Inc.,"[""CRMD""]","[""2834""]",10-K,2024-03-12,0001213900-24-021585,False,False,[],False
2024-12-31,2025-12-31,True,1411685,"Vistagen Therapeutics, Inc.","[""VTGN""]","[""2834""]",10-K,2024-06-11,0001411685-24-000022,False,False,[],False
2024-12-31,2025-12-31,True,1411906,"Ampio Pharmaceuticals, Inc.","[""AMPE""]","[""2834""]",10-K,2024-03-27,0001558370-24-004090,False,False,[],False
2024-12-31,2025-12-31,True,1412486,"Cocrystal Pharma, Inc.","[""COCP""]","[""2834""]",10-K/A,2024-04-17,0001493152-24-015047,False,False,[],False
2024-12-31,2025-12-31,True,1412558,Evotec SE,"[""EVO"", ""EVOTF""]","[""2834""]",20-F,2024-08-14,0001104659-24-089121,False,False,[],False
2024-12-31,2025-12-31,True,1419041,"Forte Biosciences, Inc.","[""FBRX""]","[""2834""]",10-K/A,2024-04-29,0001193125-24-122892,False,False,[],False
2024-12-31,2025-12-31,True,1420565,"Aileron Therapeutics, Inc.","[""ALRN""]","[""2834""]",10-K/A,2024-04-29,0001193125-24-120235,False,False,[],False
2024-12-31,2025-12-31,True,1420720,"iBio, Inc.","[""IBIO""]","[""2834""]",10-K/A,2024-09-24,0001420720-24-000041,False,False,[],False
2024-12-31,2025-12-31,True,1421876,GALAPAGOS NV,"[""GLPG"", ""GLPGF""]","[""2834""]",20-F,2024-03-28,0001558370-24-004242,False,False,[],False
2024-12-31,2025-12-31,True,1422142,"Aadi Bioscience, Inc.","[""AADI""]","[""2834""]",10-K,2024-03-13,0001628280-24-010901,False,True,"[""d1651e83a52f34a96a84""]",False
2024-12-31,2025-12-31,True,1422143,"Kura Oncology, Inc.","[""KURA""]","[""2834""]",10-K,2024-02-27,0000950170-24-021094,False,False,[],False
2024-12-31,2025-12-31,True,1425205,"IOVANCE BIOTHERAPEUTICS, INC.","[""IOVA""]","[""2836""]",10-K,2024-02-28,0001558370-24-002036,False,False,[],False
2024-12-31,2025-12-31,True,1426800,"ASSEMBLY BIOSCIENCES, INC.","[""ASMB""]","[""2834""]",10-K,2024-03-28,0000950170-24-038057,False,False,[],False
2024-12-31,2025-12-31,True,1427925,"TALPHERA, INC.","[""TLPH""]","[""2834""]",10-K,2024-03-06,0001437749-24-006849,False,False,[],False
2024-12-31,2025-12-31,True,1429260,"Fortress Biotech, Inc.","[""FBIO"", ""FBIOP""]","[""2834""]",10-K,2024-03-28,0001558370-24-004272,False,False,[],False
2024-12-31,2025-12-31,True,1429560,TREVENA INC,"[""TRVN""]","[""2834""]",10-K,2024-04-01,0001558370-24-004445,False,False,[],False
2024-12-31,2025-12-31,True,1430306,Tonix Pharmaceuticals Holding Corp.,"[""TNXP""]","[""2834""]",10-K,2024-04-01,0001999371-24-004297,False,False,[],False
2024-12-31,2025-12-31,True,1434265,GENMAB A/S,"[""GMAB"", ""GNMSF""]","[""2834""]",20-F,2024-02-14,0001558370-24-001137,False,False,[],False
2024-12-31,2025-12-31,True,1434316,FATE THERAPEUTICS INC,"[""FATE""]","[""2836""]",10-K,2024-02-26,0000950170-24-020158,False,False,[],False
2024-12-31,2025-12-31,True,1434647,"ZEVRA THERAPEUTICS, INC.","[""ZVRA""]","[""2834""]",10-K,2024-04-01,0001437749-24-010430,False,False,[],False
2024-12-31,2025-12-31,True,1434868,"Esperion Therapeutics, Inc.","[""ESPR""]","[""2834""]",10-K,2024-02-27,0001628280-24-007066,False,False,[],False
2024-12-31,2025-12-31,True,1437402,"ARDELYX, INC.","[""ARDX""]","[""2834""]",10-K,2024-02-22,0001628280-24-006393,False,False,[],False
2024-12-31,2025-12-31,True,1438533,"Travere Therapeutics, Inc.","[""TVTX""]","[""2834""]",10-K,2024-02-20,0001438533-24-000005,False,False,[],False
2024-12-31,2025-12-31,True,1438569,Grifols SA,"[""GRFS"", ""GIFLF"", ""GIFOF"", ""GIKLY""]","[""2834""]",20-F,2024-04-19,0001104659-24-049471,False,False,[],False
2024-12-31,2025-12-31,True,1439222,"AGIOS PHARMACEUTICALS, INC.","[""AGIO""]","[""2834""]",10-K,2024-02-15,0001439222-24-000035,False,False,[],False
2024-12-31,2025-12-31,True,1442836,"Mersana Therapeutics, Inc.","[""MRSN""]","[""2834""]",10-K,2024-02-28,0001628280-24-007407,True,True,"[""1c15b80807398b198fcd""]",False
2024-12-31,2025-12-31,True,1444192,Acasti Pharma Inc.,"[""ACST""]","[""2834""]",10-K,2024-06-21,0000950170-24-075875,False,False,[],False
2024-12-31,2025-12-31,True,1445283,"KINETA, INC./DE","[""KA""]","[""2834""]",10-K,2024-03-21,0000950170-24-034676,False,True,"[""98f8f610571ccd3ff2d9""]",False
2024-12-31,2025-12-31,True,1445815,"BIOXYTRAN, INC","[""BIXT""]","[""2834""]",10-K,2024-03-22,0001493152-24-011014,False,False,[],False
2024-12-31,2025-12-31,True,1446847,IRONWOOD PHARMACEUTICALS INC,"[""IRWD""]","[""2834""]",10-K,2024-02-16,0001558370-24-001275,False,False,[],False
2024-12-31,2025-12-31,True,1447028,Arbutus Biopharma Corp,"[""ABUS""]","[""2834""]",10-K,2024-03-05,0001447028-24-000035,False,False,[],False
2024-12-31,2025-12-31,True,1453593,"Xtant Medical Holdings, Inc.","[""XTNT""]","[""2836""]",10-K,2024-04-01,0001493152-24-012145,False,False,[],False
2024-12-31,2025-12-31,True,1453687,"Cartesian Therapeutics, Inc.","[""RNAC""]","[""2834""]",10-K,2024-03-07,0001453687-24-000036,False,False,[],False
2024-12-31,2025-12-31,True,1454789,"Astria Therapeutics, Inc.","[""ATXS""]","[""2834""]",10-K,2024-03-04,0001410578-24-000127,False,True,"[""c0c7f9de2196c8bc9c01""]",False
2024-12-31,2025-12-31,True,1455365,COGNITION THERAPEUTICS INC,"[""CGTX""]","[""2836""]",10-K,2024-03-26,0001558370-24-003949,False,False,[],False
2024-12-31,2025-12-31,True,1460602,Orgenesis Inc.,"[""ORGS""]","[""2834""]",10-K,2024-04-15,0001493152-24-014652,False,False,[],False
2024-12-31,2025-12-31,True,1460702,"Qualigen Therapeutics, Inc.","[""QLGN""]","[""2834""]",10-K,2024-04-08,0001493152-24-013400,False,False,[],False
2024-12-31,2025-12-31,True,1463361,"Unity Biotechnology, Inc.","[""UBX""]","[""2834""]",10-K,2024-04-15,0000950170-24-044237,False,False,[],False
2024-12-31,2025-12-31,True,1468748,Kodiak Sciences Inc.,"[""KOD""]","[""2836""]",10-K,2024-03-28,0000950170-24-038025,False,False,[],False
2024-12-31,2025-12-31,True,1472012,Immunome Inc.,"[""IMNM""]","[""2834""]",10-K,2024-03-28,0001558370-24-004247,False,False,[],False
2024-12-31,2025-12-31,True,1472091,PDS Biotechnology Corp,"[""PDSB""]","[""2834""]",10-K,2024-03-28,0001140361-24-016265,False,False,[],False
2024-12-31,2025-12-31,True,1476963,"Scorpius Holdings, Inc.","[""SCPX""]","[""2834""]",10-K,2024-04-26,0001558370-24-005902,False,False,[],False
2024-12-31,2025-12-31,True,1477845,"Annovis Bio, Inc.","[""ANVS""]","[""2834""]",10-K,2024-03-29,0001558370-24-004393,False,False,[],False
2024-12-31,2025-12-31,True,1478242,IQVIA HOLDINGS INC.,"[""IQV""]","[""8731""]",10-K,2024-02-15,0001478242-24-000038,False,False,[],False
2024-12-31,2025-12-31,True,1478320,Adaptive Biotechnologies Corp,"[""ADPT""]","[""2836""]",10-K,2024-02-29,0000950170-24-023095,False,False,[],False
2024-12-31,2025-12-31,True,1479419,"KALA BIO, Inc.","[""KALA""]","[""2834""]",10-K,2024-03-29,0001558370-24-004326,False,False,[],False
2024-12-31,2025-12-31,True,1479615,Silence Therapeutics plc,"[""SLN"", ""SLNCF""]","[""2834""]",20-F,2024-03-13,0000950170-24-030519,False,False,[],False
2024-12-31,2025-12-31,True,1485003,Carisma Therapeutics Inc.,"[""CARM""]","[""2834""]",10-K,2024-04-01,0001485003-24-000005,False,False,[],False
2024-12-31,2025-12-31,True,1488039,"ATOSSA THERAPEUTICS, INC.","[""ATOS""]","[""2834""]",10-K,2024-04-01,0000950170-24-039306,False,False,[],False
2024-12-31,2025-12-31,True,1490978,"Schrodinger, Inc.","[""SDGR""]","[""2834""]",10-K,2024-02-28,0001490978-24-000018,False,False,[],False
2024-12-31,2025-12-31,True,1492422,"Apellis Pharmaceuticals, Inc.","[""APLS""]","[""2834""]",10-K/A,2024-02-29,0000950170-24-023256,False,False,[],False
2024-12-31,2025-12-31,True,1494650,"OptiNose, Inc.","[""OPTN""]","[""2834""]",10-K,2024-03-07,0001494650-24-000018,False,True,"[""e6c7606aaaf1474a3aef""]",False
2024-12-31,2025-12-31,True,1496323,"IGM Biosciences, Inc.","[""IGMS""]","[""2834""]",10-K,2024-03-07,0000950170-24-027924,True,True,"[""f1f1028c215ffe0eb67d""]",False
2024-12-31,2025-12-31,True,1497253,"ORGANOVO HOLDINGS, INC.","[""ONVO""]","[""2836""]",10-K/A,2024-07-26,0000950170-24-086880,False,False,[],False
2024-12-31,2025-12-31,True,1498382,"Kintara Therapeutics, Inc.","[""KTRA""]","[""2834""]",10-K,2024-10-07,0000950170-24-113321,False,False,[],False
2024-12-31,2025-12-31,True,1498403,BioLineRx Ltd.,"[""BLRX""]","[""2834""]",20-F,2024-03-26,0001178913-24-001075,False,False,[],False
2024-12-31,2025-12-31,True,1501697,"X4 Pharmaceuticals, Inc","[""XFOR"", ""XFOWW""]","[""2836""]",10-K,2024-03-21,0001628280-24-012578,False,False,[],False
2024-12-31,2025-12-31,True,1501756,"Adverum Biotechnologies, Inc.","[""ADVM""]","[""2836""]",10-K,2024-03-18,0001628280-24-011648,True,True,"[""8be3e3fd5656157ded9f""]",False
2024-12-31,2025-12-31,True,1501796,"Aura Biosciences, Inc.","[""AURA""]","[""2836""]",10-K/A,2024-06-14,0001193125-24-161680,False,False,[],False
2024-12-31,2025-12-31,True,1501989,"CytomX Therapeutics, Inc.","[""CTMX""]","[""2834""]",10-K,2024-03-11,0000950170-24-029191,False,False,[],False
2024-12-31,2025-12-31,True,1503802,Karyopharm Therapeutics Inc.,"[""KPTI""]","[""2834""]",10-K,2024-02-29,0000950170-24-022650,False,False,[],False
2024-12-31,2025-12-31,True,1505512,Regulus Therapeutics Inc.,"[""RGLS""]","[""2834""]",10-K,2024-03-21,0001628280-24-012543,True,True,"[""b1983ee3f73a13305cbb""]",False
2024-12-31,2025-12-31,True,1506184,IMMUTEP Ltd,"[""IMMP""]","[""2834""]",20-F,2024-10-22,0001193125-24-240773,False,False,[],False
2024-12-31,2025-12-31,True,1506251,"Citius Pharmaceuticals, Inc.","[""CTXR""]","[""2834""]",10-K,2024-12-27,0001213900-24-113149,False,False,[],False
2024-12-31,2025-12-31,True,1509261,"Rezolute, Inc.","[""RZLT""]","[""2834""]",10-K,2024-09-19,0001558370-24-012901,False,False,[],False
2024-12-31,2025-12-31,True,1509745,"LEAP THERAPEUTICS, INC.","[""LPTX""]","[""2834""]",10-K,2024-03-18,0001410578-24-000218,False,False,[],False
2024-12-31,2025-12-31,True,1512717,Theratechnologies Inc.,"[""THTX""]","[""2834""]",20-F,2024-02-21,0001193125-24-040745,False,False,[],False
2024-12-31,2025-12-31,True,1512762,"Coherus BioSciences, Inc.","[""CHRS""]","[""2836""]",10-K,2024-03-15,0001558370-24-003436,False,True,"[""40e41585c7469cadac1d""]",False
2024-12-31,2025-12-31,True,1513525,"ADIAL PHARMACEUTICALS, INC.","[""ADIL""]","[""2834""]",10-K,2024-04-01,0001213900-24-028701,False,False,[],False
2024-12-31,2025-12-31,True,1515673,Ultragenyx Pharmaceutical Inc.,"[""RARE""]","[""2834""]",10-K,2024-02-21,0000950170-24-017879,False,False,[],False
2024-12-31,2025-12-31,True,1517022,"Akebia Therapeutics, Inc.","[""AKBA""]","[""2834""]",10-K,2024-03-14,0001628280-24-011270,False,False,[],False
2024-12-31,2025-12-31,True,1520262,Alkermes plc.,"[""ALKS""]","[""2834""]",10-K,2024-02-21,0000950170-24-017883,False,False,[],False
2024-12-31,2025-12-31,True,1521036,"Lantheus Holdings, Inc.","[""LNTH""]","[""2835""]",10-K,2024-02-22,0001628280-24-006158,False,False,[],False
2024-12-31,2025-12-31,True,1526119,"Verastem, Inc.","[""VSTM""]","[""2834""]",10-K,2024-03-14,0001558370-24-003250,False,False,[],False
2024-12-31,2025-12-31,True,1527599,"SYNLOGIC, INC.","[""SYBX""]","[""2834""]",10-K/A,2024-04-29,0000950170-24-049810,False,False,[],False
2024-12-31,2025-12-31,True,1528115,"Annexon, Inc.","[""ANNX""]","[""2834""]",10-K,2024-03-26,0000950170-24-036408,False,False,[],False
2024-12-31,2025-12-31,True,1533040,Phio Pharmaceuticals Corp.,"[""PHIO""]","[""2834""]",10-K,2024-04-01,0001683168-24-002021,False,False,[],False
2024-12-31,2025-12-31,True,1533743,"Processa Pharmaceuticals, Inc.","[""PCSA""]","[""2834""]",10-K,2024-03-29,0001493152-24-011976,False,False,[],False
2024-12-31,2025-12-31,True,1534120,"Avalo Therapeutics, Inc.","[""AVTX""]","[""2834""]",10-K,2024-03-29,0001628280-24-013786,False,False,[],False
2024-12-31,2025-12-31,True,1534133,"CalciMedica, Inc.","[""CALC""]","[""2834""]",10-K/A,2024-04-29,0001193125-24-120151,False,False,[],False
2024-12-31,2025-12-31,True,1534248,Chemomab Therapeutics Ltd.,"[""CMMB""]","[""2834""]",20-F,2024-03-28,0001178913-24-001124,False,False,[],False
2024-12-31,2025-12-31,True,1534525,"Xenetic Biosciences, Inc.","[""XBIO""]","[""2834""]",10-K/A,2024-04-26,0001683168-24-002740,False,False,[],False
2024-12-31,2025-12-31,True,1535955,Lipocine Inc.,"[""LPCN""]","[""2834""]",10-K,2024-03-07,0001493152-24-009127,False,False,[],False
2024-12-31,2025-12-31,True,1536196,Can-Fite BioPharma Ltd.,"[""CANF""]","[""2834""]",20-F,2024-03-28,0001213900-24-026947,False,False,[],False
2024-12-31,2025-12-31,True,1538210,"NexImmune, Inc.","[""NEXI""]","[""2834""]",10-K,2024-04-16,0001538210-24-000003,False,False,[],False
2024-12-31,2025-12-31,True,1539029,"Clearside Biomedical, Inc.","[""CLSD""]","[""2834""]",10-K,2024-03-12,0000950170-24-030126,False,False,[],False
2024-12-31,2025-12-31,True,1540159,"Edesa Biotech, Inc.","[""EDSA""]","[""2834""]",10-K/A,2024-12-20,0001171843-24-007041,False,False,[],False
2024-12-31,2025-12-31,True,1541157,Akari Therapeutics Plc,"[""AKTX""]","[""2834""]",10-K,2024-03-29,0000950170-24-038661,False,False,[],False
2024-12-31,2025-12-31,True,1544227,"Tempest Therapeutics, Inc.","[""TPST""]","[""2834""]",10-K,2024-03-19,0000950170-24-033555,False,False,[],False
2024-12-31,2025-12-31,True,1549595,"Nurix Therapeutics, Inc.","[""NRIX""]","[""2834""]",10-K,2024-02-15,0001549595-24-000025,False,False,[],False
2024-12-31,2025-12-31,True,1551152,AbbVie Inc.,"[""ABBV""]","[""2834""]",10-K,2024-02-20,0001551152-24-000011,False,False,[],False
2024-12-31,2025-12-31,True,1552189,"PANACEA LIFE SCIENCES HOLDINGS, INC.","[""PLSH""]","[""2833""]",10-K,2024-04-01,0001493152-24-012107,False,False,[],False
2024-12-31,2025-12-31,True,1553643,"RELMADA THERAPEUTICS, INC.","[""RLMD""]","[""2834""]",10-K,2024-03-19,0001213900-24-024013,False,False,[],False
2024-12-31,2025-12-31,True,1553846,RedHill Biopharma Ltd.,"[""RDHL""]","[""2834""]",20-F,2024-04-08,0001558370-24-004806,False,False,[],False
2024-12-31,2025-12-31,True,1555280,Zoetis Inc.,"[""ZTS""]","[""2834""]",10-K,2024-02-13,0001555280-24-000143,False,False,[],False
2024-12-31,2025-12-31,True,1556263,"Syros Pharmaceuticals, Inc.","[""SYRS""]","[""2834""]",10-K,2024-03-27,0000950170-24-036808,False,False,[],False
2024-12-31,2025-12-31,True,1557746,"Aclaris Therapeutics, Inc.","[""ACRS""]","[""2834""]",10-K,2024-02-27,0001558370-24-001753,False,False,[],False
2024-12-31,2025-12-31,True,1558569,iSpecimen Inc.,"[""ISPC""]","[""8731""]",10-K,2024-03-13,0001558370-24-003129,False,False,[],False
2024-12-31,2025-12-31,True,1559053,PROTHENA CORP PUBLIC LTD CO,"[""PRTA""]","[""2834""]",10-K,2024-02-22,0001559053-24-000008,False,False,[],False
2024-12-31,2025-12-31,True,1563577,"Galera Therapeutics, Inc.","[""GRTX""]","[""2834""]",10-K,2024-03-28,0000950170-24-037614,False,False,[],False
2024-12-31,2025-12-31,True,1563880,"Trevi Therapeutics, Inc.","[""TRVI""]","[""2834""]",10-K,2024-03-20,0000950170-24-034167,False,False,[],False
2024-12-31,2025-12-31,True,1564824,Allakos Inc.,"[""ALLK""]","[""2834""]",10-K,2024-03-14,0000950170-24-031516,True,True,"[""7970936f9ad685acc037""]",False
2024-12-31,2025-12-31,True,1566044,VYNE Therapeutics Inc.,"[""VYNE""]","[""2834""]",10-K,2024-03-01,0001628280-24-008178,False,False,[],False
2024-12-31,2025-12-31,True,1567264,"INTENSITY THERAPEUTICS, INC.","[""INTS""]","[""2836""]",10-K,2024-03-14,0001628280-24-011207,False,False,[],False
2024-12-31,2025-12-31,True,1567514,"Intra-Cellular Therapies, Inc.","[""ITCI""]","[""2834""]",10-K,2024-02-22,0001628280-24-006156,False,True,"[""211cf2bbd42e865993bb""]",False
2024-12-31,2025-12-31,True,1567529,KAMADA LTD,"[""KMDA""]","[""2834""]",20-F,2024-03-06,0001213900-24-020272,False,False,[],False
2024-12-31,2025-12-31,True,1567892,Mallinckrodt plc,[],"[""2834""]",10-K,2024-03-26,0001567892-24-000008,False,False,[],False
2024-12-31,2025-12-31,True,1570562,"Evolus, Inc.","[""EOLS""]","[""2834""]",10-K,2024-03-07,0001570562-24-000041,False,False,[],False
2024-12-31,2025-12-31,True,1571934,"Synaptogenix, Inc.","[""SNPX""]","[""2834""]",10-K,2024-04-01,0001410578-24-000410,False,False,[],False
2024-12-31,2025-12-31,True,1574094,"RenovoRx, Inc.","[""RNXT""]","[""2834""]",10-K,2024-04-01,0001493152-24-012357,False,False,[],False
2024-12-31,2025-12-31,True,1574232,Addex Therapeutics Ltd.,"[""ADXN""]","[""2834""]",20-F,2024-04-18,0001104659-24-048532,False,False,[],False
2024-12-31,2025-12-31,True,1574235,"Pulmatrix, Inc.","[""PULM""]","[""2834""]",10-K,2024-03-28,0001493152-24-011630,False,False,[],False
2024-12-31,2025-12-31,True,1576885,"Acumen Pharmaceuticals, Inc.","[""ABOS""]","[""2836""]",10-K,2024-03-26,0001576885-24-000047,False,False,[],False
2024-12-31,2025-12-31,True,1579428,"Axsome Therapeutics, Inc.","[""AXSM""]","[""2834""]",10-K,2024-02-23,0000950170-24-019118,False,False,[],False
2024-12-31,2025-12-31,True,1580063,"BIORA THERAPEUTICS, INC.","[""BIOR""]","[""2834""]",10-K,2024-04-01,0000950170-24-039423,False,False,[],False
2024-12-31,2025-12-31,True,1580149,BIOVIE INC.,"[""BIVI""]","[""2834""]",10-K,2024-09-30,0001520138-24-000324,False,False,[],False
2024-12-31,2025-12-31,True,1581178,EUPRAXIA PHARMACEUTICALS INC.,"[""EPRX""]","[""2834""]",40-F,2024-04-01,0001193125-24-083584,False,False,[],False
2024-12-31,2025-12-31,True,1581280,Twist Bioscience Corp,"[""TWST""]","[""2836""]",10-K,2024-11-18,0001628280-24-048262,False,False,[],False
2024-12-31,2025-12-31,True,1582313,Xenon Pharmaceuticals Inc.,"[""XENE""]","[""2834""]",10-K,2024-02-29,0000950170-24-023177,False,False,[],False
2024-12-31,2025-12-31,True,1582554,"Matinas BioPharma Holdings, Inc.","[""MTNB""]","[""2834""]",10-K,2024-03-27,0001493152-24-011493,False,False,[],False
2024-12-31,2025-12-31,True,1583107,"Theravance Biopharma, Inc.","[""TBPH""]","[""2834""]",10-K,2024-03-01,0001558370-24-002267,False,False,[],False
2024-12-31,2025-12-31,True,1583648,"PIERIS PHARMACEUTICALS, INC.","[""PIRS""]","[""2834""]",10-K/A,2024-04-29,0001437749-24-013736,False,False,[],False
2024-12-31,2025-12-31,True,1583771,"Hepion Pharmaceuticals, Inc.","[""HEPA"", ""CTRVP""]","[""2834""]",10-K/A,2024-06-25,0001493152-24-025007,False,False,[],False
2024-12-31,2025-12-31,True,1585364,PERRIGO Co plc,"[""PRGO""]","[""2834""]",10-K,2024-02-27,0001585364-24-000009,False,False,[],False
2024-12-31,2025-12-31,True,1585608,"Jaguar Health, Inc.","[""JAGX""]","[""2834""]",10-K/A,2024-04-17,0001104659-24-048398,False,False,[],False
2024-12-31,2025-12-31,True,1590560,uniQure N.V.,"[""QURE""]","[""2834""]",10-K,2024-02-28,0001558370-24-001915,False,False,[],False
2024-12-31,2025-12-31,True,1590877,REGENXBIO Inc.,"[""RGNX""]","[""2836""]",10-K,2024-02-27,0000950170-24-021161,False,False,[],False
2024-12-31,2025-12-31,True,1593034,Endo International plc,[],"[""2834""]",10-K,2024-03-06,0001593034-24-000007,False,False,[],False
2024-12-31,2025-12-31,True,1593899,"Atea Pharmaceuticals, Inc.","[""AVIR""]","[""2834""]",10-K,2024-02-28,0000950170-24-022226,False,False,[],False
2024-12-31,2025-12-31,True,1593984,MediWound Ltd.,"[""MDWD""]","[""2833""]",20-F,2024-03-21,0001178913-24-001020,False,False,[],False
2024-12-31,2025-12-31,True,1595097,"Corbus Pharmaceuticals Holdings, Inc.","[""CRBP""]","[""2834""]",10-K/A,2024-03-20,0000950170-24-034266,False,False,[],False
2024-12-31,2025-12-31,True,1595248,"Genprex, Inc.","[""GNPX""]","[""2834""]",10-K,2024-04-01,0001437749-24-010426,False,False,[],False
2024-12-31,2025-12-31,True,1595353,Galmed Pharmaceuticals Ltd.,"[""GLMD""]","[""2834""]",20-F,2024-04-04,0001493152-24-013203,False,False,[],False
2024-12-31,2025-12-31,True,1596812,Enlivex Therapeutics Ltd.,"[""ENLV""]","[""2834""]",20-F,2024-04-30,0001213900-24-037878,False,False,[],False
2024-12-31,2025-12-31,True,1597264,Blueprint Medicines Corp,"[""BPMC""]","[""2834""]",10-K,2024-02-15,0001558370-24-001254,True,True,"[""548641f45fec2c571914""]",False
2024-12-31,2025-12-31,True,1597553,"Sage Therapeutics, Inc.","[""SAGE""]","[""2834""]",10-K,2024-02-14,0000950170-24-014934,True,True,"[""9f4e25c13b17104b33f3""]",False
2024-12-31,2025-12-31,True,1598599,Innate Pharma SA,"[""IPHA"", ""IPHYF""]","[""2836""]",20-F,2024-04-04,0001598599-24-000020,False,False,[],False
2024-12-31,2025-12-31,True,1598646,"Minerva Neurosciences, Inc.","[""NERV""]","[""2834""]",10-K/A,2024-04-22,0001193125-24-105033,False,False,[],False
2024-12-31,2025-12-31,True,1599298,Summit Therapeutics Inc.,"[""SMMT""]","[""2834""]",10-K,2024-02-20,0001599298-24-000031,False,False,[],False
2024-12-31,2025-12-31,True,1599901,"Avidity Biosciences, Inc.","[""RNA""]","[""2834""]",10-K,2024-02-28,0001599901-24-000025,False,False,[],False
2024-12-31,2025-12-31,True,1600620,Aurinia Pharmaceuticals Inc.,"[""AUPH""]","[""2834""]",10-K/A,2024-04-29,0001600620-24-000041,False,False,[],False
2024-12-31,2025-12-31,True,1600847,Gamida Cell Ltd.,[],"[""2836""]",10-K,2024-03-27,0001213900-24-026229,False,False,[],False
2024-12-31,2025-12-31,True,1601485,"Elicio Therapeutics, Inc.","[""ELTX""]","[""2834""]",10-K/A,2024-04-29,0001140361-24-022682,False,False,[],False
2024-12-31,2025-12-31,True,1601936,Altamira Therapeutics Ltd.,"[""CYTO""]","[""2834""]",20-F/A,2024-07-01,0001213900-24-057548,False,False,[],False
2024-12-31,2025-12-31,True,1603207,"Notable Labs, Ltd.","[""NTBL""]","[""2834""]",10-K,2024-04-11,0001493152-24-014342,False,False,[],False
2024-12-31,2025-12-31,True,1604191,"First Wave BioPharma, Inc.","[""ENTO""]","[""2834""]",10-K,2024-03-29,0001410578-24-000364,False,False,[],False
2024-12-31,2025-12-31,True,1604464,"Atara Biotherapeutics, Inc.","[""ATRA""]","[""2836""]",10-K,2024-03-28,0000950170-24-037644,False,False,[],False
2024-12-31,2025-12-31,True,1604950,scPharmaceuticals Inc.,"[""SCPH""]","[""2834""]",10-K,2024-03-13,0000950170-24-030780,True,True,"[""e2045f75e6e67396f93d""]",False
2024-12-31,2025-12-31,True,1607678,"Viking Therapeutics, Inc.","[""VKTX""]","[""2834""]",10-K,2024-02-07,0000950170-24-012322,False,False,[],False
2024-12-31,2025-12-31,True,1608390,Affimed N.V.,"[""AFMD""]","[""2834""]",20-F,2024-03-28,0001104659-24-040310,False,False,[],False
2024-12-31,2025-12-31,True,1610618,"Cidara Therapeutics, Inc.","[""CDTX""]","[""2836""]",10-K,2024-04-22,0001610618-24-000041,True,True,"[""2131c1ce020e10ba827f""]",False
2024-12-31,2025-12-31,True,1610820,BriaCell Therapeutics Corp.,"[""BCTX"", ""BCTXW""]","[""2834""]",10-K,2024-10-29,0001493152-24-042743,False,False,[],False
2024-12-31,2025-12-31,True,1611746,SciSparc Ltd.,"[""SPRC""]","[""2834""]",20-F/A,2024-05-02,0001213900-24-038779,False,False,[],False
2024-12-31,2025-12-31,True,1611747,Scinai Immunotherapeutics Ltd.,"[""SCNI""]","[""2836""]",20-F,2024-05-15,0001213900-24-043560,False,False,[],False
2024-12-31,2025-12-31,True,1612042,Ascendis Pharma A/S,"[""ASND""]","[""2834""]",20-F,2024-02-07,0000950170-24-012212,False,False,[],False
2024-12-31,2025-12-31,True,1612940,ProQR Therapeutics N.V.,"[""PRQR""]","[""2834""]",20-F,2024-03-13,0001558370-24-003060,False,False,[],False
2024-12-31,2025-12-31,True,1613780,DBV Technologies S.A.,"[""DBVT""]","[""2836""]",10-K,2024-03-07,0001193125-24-062357,False,False,[],False
2024-12-31,2025-12-31,True,1614744,PURPLE BIOTECH LTD.,"[""PPBT""]","[""2834""]",20-F,2024-03-05,0001213900-24-020111,False,False,[],False
2024-12-31,2025-12-31,True,1615219,"Salarius Pharmaceuticals, Inc.","[""SLRX""]","[""2834""]",10-K/A,2024-04-22,0001615219-24-000038,False,False,[],False
2024-12-31,2025-12-31,True,1618835,"Evofem Biosciences, Inc.","[""EVFM""]","[""2834""]",10-K,2024-03-27,0001493152-24-011404,False,True,"[""7d0bafa7e3148c21ba90""]",False
2024-12-31,2025-12-31,True,1619856,"Caribou Biosciences, Inc.","[""CRBU""]","[""2836""]",10-K,2024-03-11,0001619856-24-000013,False,False,[],False
2024-12-31,2025-12-31,True,1620463,"Athira Pharma, Inc.","[""ATHA""]","[""2836""]",10-K,2024-02-22,0000950170-24-018787,False,False,[],False
2024-12-31,2025-12-31,True,1620737,ORGANIGRAM HOLDINGS INC.,"[""OGI""]","[""2834""]",40-F/A,2024-12-20,0001062993-24-020994,False,False,[],False
2024-12-31,2025-12-31,True,1621221,"ARTELO BIOSCIENCES, INC.","[""ARTL"", ""ATLEW""]","[""2834""]",10-K,2024-03-25,0001640334-24-000473,False,False,[],False
2024-12-31,2025-12-31,True,1621227,Adaptimmune Therapeutics PLC,"[""ADAP""]","[""2836""]",10-K,2024-03-06,0001558370-24-002537,False,False,[],False
2024-12-31,2025-12-31,True,1622229,"Cogent Biosciences, Inc.","[""COGT""]","[""2834""]",10-K,2024-02-26,0000950170-24-019770,False,False,[],False
2024-12-31,2025-12-31,True,1623526,"Stoke Therapeutics, Inc.","[""STOK""]","[""2834""]",10-K,2024-03-25,0000950170-24-035912,False,False,[],False
2024-12-31,2025-12-31,True,1625297,INDIVIOR PLC,"[""INDV""]","[""2834""]",20-F,2024-03-06,0001625297-24-000017,False,False,[],False
2024-12-31,2025-12-31,True,1626878,XBiotech Inc.,"[""XBIT""]","[""2834""]",10-K/A,2024-05-01,0001193125-24-127331,False,False,[],False
2024-12-31,2025-12-31,True,1626971,"Corvus Pharmaceuticals, Inc.","[""CRVS""]","[""2834""]",10-K,2024-03-19,0001558370-24-003567,False,False,[],False
2024-12-31,2025-12-31,True,1627281,Cellectis S.A.,"[""CLLS""]","[""2836""]",20-F,2024-04-29,0000950170-24-050016,False,False,[],False
2024-12-31,2025-12-31,True,1628171,"Revolution Medicines, Inc.","[""RVMD"", ""RVMDW""]","[""2836""]",10-K,2024-02-26,0000950170-24-020145,False,False,[],False
2024-12-31,2025-12-31,True,1630212,Avalon GloboCare Corp.,"[""ALBT""]","[""2836""]",10-K,2024-04-15,0001213900-24-033023,False,False,[],False
2024-12-31,2025-12-31,True,1631574,Wave Life Sciences Ltd.,"[""WVE""]","[""2834""]",10-K/A,2024-04-29,0001193125-24-122488,False,False,[],False
2024-12-31,2025-12-31,True,1633932,ESSA Pharma Inc.,"[""EPIX""]","[""2834""]",10-K,2024-12-17,0001558370-24-016318,False,True,"[""6c345d960b5edf4bc793""]",False
2024-12-31,2025-12-31,True,1635088,Roivant Sciences Ltd.,"[""ROIV""]","[""2834""]",10-K,2024-05-30,0001140361-24-028145,False,False,[],False
2024-12-31,2025-12-31,True,1636282,"Spyre Therapeutics, Inc.","[""SYRE""]","[""2834""]",10-K/A,2024-11-18,0001636282-24-000107,False,False,[],False
2024-12-31,2025-12-31,True,1636651,Ovid Therapeutics Inc.,"[""OVID""]","[""2834""]",10-K,2024-03-08,0001628280-24-009809,False,False,[],False
2024-12-31,2025-12-31,True,1637715,"Reneo Pharmaceuticals, Inc.","[""RPHM""]","[""2834""]",10-K/A,2024-04-26,0000950170-24-048631,False,False,[],False
2024-12-31,2025-12-31,True,1638097,Entera Bio Ltd.,"[""ENTX""]","[""2836""]",10-K,2024-03-08,0001178913-24-000881,False,False,[],False
2024-12-31,2025-12-31,True,1638287,"NeuroBo Pharmaceuticals, Inc.","[""NRBO""]","[""2834""]",10-K,2024-03-28,0001558370-24-004246,False,False,[],False
2024-12-31,2025-12-31,True,1640266,"Voyager Therapeutics, Inc.","[""VYGR""]","[""2836""]",10-K,2024-02-28,0001558370-24-001988,False,False,[],False
2024-12-31,2025-12-31,True,1641281,"Bolt Biotherapeutics, Inc.","[""BOLT""]","[""2834""]",10-K,2024-03-21,0000950170-24-034692,False,False,[],False
2024-12-31,2025-12-31,True,1641489,vTv Therapeutics Inc.,"[""VTVT""]","[""2834""]",10-K,2024-03-13,0001641489-24-000012,False,False,[],False
2024-12-31,2025-12-31,True,1642380,Oncocyte Corp,"[""OCX""]","[""2835""]",10-K,2024-04-16,0001493152-24-014720,False,False,[],False
2024-12-31,2025-12-31,True,1643918,Biodexa Pharmaceuticals Plc,"[""BDRX""]","[""2834""]",20-F,2024-04-19,0001214659-24-007125,False,False,[],False
2024-12-31,2025-12-31,True,1644963,"AVENUE THERAPEUTICS, INC.","[""ATXI""]","[""2834""]",10-K,2024-03-18,0001437749-24-008294,False,False,[],False
2024-12-31,2025-12-31,True,1645460,"Cue Biopharma, Inc.","[""CUE""]","[""2834""]",10-K,2024-03-28,0000950170-24-038059,False,False,[],False
2024-12-31,2025-12-31,True,1645469,Monopar Therapeutics,"[""MNPR""]","[""2834""]",10-K,2024-03-28,0001437749-24-009687,False,False,[],False
2024-12-31,2025-12-31,True,1645666,"Kezar Life Sciences, Inc.","[""KZR""]","[""2834""]",10-K,2024-03-14,0000950170-24-031494,False,False,[],False
2024-12-31,2025-12-31,True,1648257,HUTCHMED (China) Ltd,"[""HCM"", ""HMDCF""]","[""2834""]",20-F,2024-02-28,0001104659-24-028454,False,False,[],False
2024-12-31,2025-12-31,True,1649094,"Vaxcyte, Inc.","[""PCVX""]","[""2836""]",10-K,2024-02-27,0000950170-24-021145,False,False,[],False
2024-12-31,2025-12-31,True,1649904,"RHYTHM PHARMACEUTICALS, INC.","[""RYTM""]","[""2834""]",10-K,2024-02-29,0001558370-24-002181,False,False,[],False
2024-12-31,2025-12-31,True,1649989,"Outlook Therapeutics, Inc.","[""OTLK""]","[""2836""]",10-K,2024-12-27,0001558370-24-016491,False,False,[],False
2024-12-31,2025-12-31,True,1650648,"4D Molecular Therapeutics, Inc.","[""FDMT""]","[""2836""]",10-K,2024-02-29,0000950170-24-023183,False,False,[],False
2024-12-31,2025-12-31,True,1650664,"Editas Medicine, Inc.","[""EDIT""]","[""2836""]",10-K,2024-02-28,0001650664-24-000008,False,False,[],False
2024-12-31,2025-12-31,True,1651308,"BeiGene, Ltd.","[""BGNE"", ""BEIGF""]","[""2834""]",10-K,2024-02-26,0001651308-24-000014,False,False,[],False
2024-12-31,2025-12-31,True,1651311,Merus N.V.,"[""MRUS""]","[""2834""]",10-K,2024-02-28,0000950170-24-022055,True,True,"[""8820d63ae0af0fadf072""]",False
2024-12-31,2025-12-31,True,1651407,"Checkpoint Therapeutics, Inc.","[""CKPT""]","[""2834""]",10-K,2024-03-22,0001410578-24-000283,False,True,"[""0357b8b04db8ace803bd""]",False
2024-12-31,2025-12-31,True,1651625,AC Immune SA,"[""ACIU""]","[""2834""]",20-F,2024-03-14,0001558370-24-003164,False,False,[],False
2024-12-31,2025-12-31,True,1652130,"Intellia Therapeutics, Inc.","[""NTLA""]","[""2835""]",10-K,2024-02-22,0000950170-24-018736,False,False,[],False
2024-12-31,2025-12-31,True,1653087,"Alector, Inc.","[""ALEC""]","[""2836""]",10-K,2024-02-27,0000950170-24-021183,False,False,[],False
2024-12-31,2025-12-31,True,1655759,"ARVINAS, INC.","[""ARVN""]","[""2834""]",10-K,2024-02-27,0001655759-24-000018,False,False,[],False
2024-12-31,2025-12-31,True,1656472,Cronos Group Inc.,"[""CRON""]","[""2833""]",10-K,2024-02-29,0001656472-24-000021,False,False,[],False
2024-12-31,2025-12-31,True,1656634,"Gritstone bio, Inc.","[""GRTS""]","[""2836""]",10-K,2024-03-05,0000950170-24-025855,False,False,[],False
2024-12-31,2025-12-31,True,1657312,Verona Pharma plc,"[""VRNA""]","[""2834""]",10-K,2024-02-29,0001657312-24-000007,False,True,"[""840bc07ac325f571fc41""]",False
2024-12-31,2025-12-31,True,1658247,"Crinetics Pharmaceuticals, Inc.","[""CRNX""]","[""2834""]",10-K,2024-02-28,0000950170-24-022108,False,False,[],False
2024-12-31,2025-12-31,True,1658551,"Amylyx Pharmaceuticals, Inc.","[""AMLX""]","[""2834""]",10-K,2024-02-22,0000950170-24-018447,False,False,[],False
2024-12-31,2025-12-31,True,1659323,Iterum Therapeutics plc,"[""ITRM""]","[""2834""]",10-K,2024-03-28,0000950170-24-037615,False,False,[],False
2024-12-31,2025-12-31,True,1659617,"Moleculin Biotech, Inc.","[""MBRX""]","[""2834""]",10-K/A,2024-04-26,0001437749-24-013444,False,False,[],False
2024-12-31,2025-12-31,True,1660046,Immuron Ltd,"[""IMRN""]","[""2834""]",20-F,2024-10-01,0001213900-24-083654,False,False,[],False
2024-12-31,2025-12-31,True,1660334,Verrica Pharmaceuticals Inc.,"[""VRCA""]","[""2834""]",10-K,2024-02-29,0000950170-24-022659,False,False,[],False
2024-12-31,2025-12-31,True,1661059,"NextCure, Inc.","[""NXTC""]","[""2834""]",10-K,2024-03-21,0001558370-24-003672,False,False,[],False
2024-12-31,2025-12-31,True,1661181,Organogenesis Holdings Inc.,"[""ORGO""]","[""2834""]",10-K,2024-02-29,0000950170-24-023150,False,False,[],False
2024-12-31,2025-12-31,True,1661998,Q32 Bio Inc.,"[""QTTB""]","[""2834""]",10-K/A,2024-04-12,0001193125-24-094768,False,False,[],False
2024-12-31,2025-12-31,True,1662579,"C4 Therapeutics, Inc.","[""CCCC""]","[""2836""]",10-K,2024-02-22,0001628280-24-006144,False,False,[],False
2024-12-31,2025-12-31,True,1662774,"Quince Therapeutics, Inc.","[""QNCX""]","[""2836""]",10-K,2024-04-01,0000950170-24-039440,False,False,[],False
2024-12-31,2025-12-31,True,1664710,"Keros Therapeutics, Inc.","[""KROS""]","[""2834""]",10-K,2024-02-28,0001664710-24-000017,False,False,[],False
2024-12-31,2025-12-31,True,1668243,UroGen Pharma Ltd.,"[""URGN""]","[""2834""]",10-K/A,2024-04-29,0001437749-24-013504,False,False,[],False
2024-12-31,2025-12-31,True,1668397,"Medpace Holdings, Inc.","[""MEDP""]","[""8731""]",10-K,2024-02-13,0001668397-24-000013,False,False,[],False
2024-12-31,2025-12-31,True,1671584,Aptevo Therapeutics Inc.,"[""APVO""]","[""2834""]",10-K,2024-03-05,0000950170-24-025428,False,False,[],False
2024-12-31,2025-12-31,True,1671858,"ARS Pharmaceuticals, Inc.","[""SPRY""]","[""2834""]",10-K,2024-03-21,0000950170-24-034689,False,False,[],False
2024-12-31,2025-12-31,True,1671927,Immunocore Holdings plc,"[""IMCR""]","[""2836""]",10-K,2024-02-28,0001140361-24-009921,False,False,[],False
2024-12-31,2025-12-31,True,1672619,"Enliven Therapeutics, Inc.","[""ELVN""]","[""2834""]",10-K,2024-03-14,0000950170-24-031495,False,False,[],False
2024-12-31,2025-12-31,True,1672688,Absci Corp,"[""ABSI""]","[""8731""]",10-K,2024-03-21,0001628280-24-012366,False,False,[],False
2024-12-31,2025-12-31,True,1672886,Zhong Yuan Bio-Technology Holdings Ltd,[],"[""2833""]",20-F,2024-11-07,0001079973-24-001482,False,False,[],False
2024-12-31,2025-12-31,True,1673772,"RAPT Therapeutics, Inc.","[""RAPT""]","[""2834""]",10-K,2024-03-07,0000950170-24-027594,False,False,[],False
2024-12-31,2025-12-31,True,1674416,CRISPR Therapeutics AG,"[""CRSP""]","[""2836""]",10-K,2024-02-21,0000950170-24-017571,False,False,[],False
2024-12-31,2025-12-31,True,1676725,"IDEAYA Biosciences, Inc.","[""IDYA""]","[""2834""]",10-K,2024-02-20,0000950170-24-017093,False,False,[],False
2024-12-31,2025-12-31,True,1677077,"Alzamend Neuro, Inc.","[""ALZN""]","[""2834""]",10-K,2024-07-30,0001214659-24-013191,False,False,[],False
2024-12-31,2025-12-31,True,1677940,BeyondSpring Inc.,"[""BYSI""]","[""2834""]",20-F,2024-04-29,0001171843-24-002330,False,False,[],False
2024-12-31,2025-12-31,True,1678660,Prelude Therapeutics Inc,"[""PRLD""]","[""2834""]",10-K,2024-02-15,0000950170-24-016016,False,False,[],False
2024-12-31,2025-12-31,True,1680048,"MUSTANG BIO, INC.","[""MBIO""]","[""2834""]",10-K,2024-03-11,0001558370-24-002899,False,False,[],False
2024-12-31,2025-12-31,True,1680367,"Shattuck Labs, Inc.","[""STTK""]","[""2834""]",10-K,2024-02-29,0001680367-24-000014,False,False,[],False
2024-12-31,2025-12-31,True,1680581,"Fulcrum Therapeutics, Inc.","[""FULC""]","[""2834""]",10-K,2024-02-27,0000950170-24-021074,False,False,[],False
2024-12-31,2025-12-31,True,1681087,"AVROBIO, Inc.","[""TECX""]","[""2836""]",10-K,2024-03-14,0000950170-24-031635,False,False,[],False
2024-12-31,2025-12-31,True,1682639,"EYENOVIA, INC.","[""EYEN""]","[""2834""]",10-K/A,2024-04-26,0001104659-24-052455,False,False,[],False
2024-12-31,2025-12-31,True,1682852,"Moderna, Inc.","[""MRNA""]","[""2836""]",10-K,2024-02-23,0001682852-24-000015,False,False,[],False
2024-12-31,2025-12-31,True,1683541,AURORA CANNABIS INC,"[""ACB""]","[""2833""]",40-F,2024-06-20,0001683541-24-000009,False,False,[],False
2024-12-31,2025-12-31,True,1683553,"SPRUCE BIOSCIENCES, INC.","[""SPRB""]","[""2834""]",10-K,2024-03-18,0000950170-24-032819,False,False,[],False
2024-12-31,2025-12-31,True,1684144,Zomedica Corp.,"[""ZOM""]","[""2834""]",10-K,2024-04-01,0001558370-24-004517,False,False,[],False
2024-12-31,2025-12-31,True,1684693,Sol-Gel Technologies Ltd.,"[""SLGL""]","[""2834""]",20-F,2024-03-13,0001178913-24-000932,False,False,[],False
2024-12-31,2025-12-31,True,1689375,"Entrada Therapeutics, Inc.","[""TRDA""]","[""2834""]",10-K,2024-03-13,0001689375-24-000016,False,False,[],False
2024-12-31,2025-12-31,True,1689548,"Praxis Precision Medicines, Inc.","[""PRAX""]","[""2834""]",10-K,2024-03-05,0001689548-24-000034,False,False,[],False
2024-12-31,2025-12-31,True,1690080,180 Life Sciences Corp.,"[""ATNF"", ""ATNFW""]","[""2834""]",10-K/A,2024-04-29,0001213900-24-037176,False,False,[],False
2024-12-31,2025-12-31,True,1690585,"Dianthus Therapeutics, Inc. /DE/","[""DNTH""]","[""2834""]",10-K,2024-03-21,0000950170-24-034681,False,False,[],False
2024-12-31,2025-12-31,True,1693011,"Inozyme Pharma, Inc.","[""INZY""]","[""2834""]",10-K,2024-03-12,0000950170-24-029673,True,True,"[""923949f0178d41e6d4fc""]",False
2024-12-31,2025-12-31,True,1697532,Applied Therapeutics Inc.,"[""APLT""]","[""2834""]",10-K,2024-03-06,0001558370-24-002541,True,True,"[""8d21d3868374eca39a61""]",False
2024-12-31,2025-12-31,True,1697862,ARGENX SE,"[""ARGX""]","[""2836""]",20-F,2024-03-21,0001558370-24-003665,False,False,[],False
2024-12-31,2025-12-31,True,1698530,"EXICURE, INC.","[""XCUR""]","[""2834""]",10-K,2024-06-06,0001698530-24-000051,False,False,[],False
2024-12-31,2025-12-31,True,1699382,"PMV Pharmaceuticals, Inc.","[""PMVP""]","[""2834""]",10-K,2024-02-29,0000950170-24-023062,False,False,[],False
2024-12-31,2025-12-31,True,1701108,"Spero Therapeutics, Inc.","[""SPRO""]","[""2834""]",10-K,2024-03-13,0000950170-24-030767,False,False,[],False
2024-12-31,2025-12-31,True,1701478,"Azitra, Inc.","[""AZTR""]","[""2834""]",10-K/A,2024-04-29,0001493152-24-016954,False,False,[],False
2024-12-31,2025-12-31,True,1701541,"Black Diamond Therapeutics, Inc.","[""BDTX""]","[""2836""]",10-K,2024-03-12,0001701541-24-000011,False,False,[],False
2024-12-31,2025-12-31,True,1702123,Cardiol Therapeutics Inc.,"[""CRDL""]","[""2836""]",20-F,2024-04-01,0001104659-24-041952,False,False,[],False
2024-12-31,2025-12-31,True,1703057,AbCellera Biologics Inc.,"[""ABCL""]","[""2834""]",10-K,2024-02-20,0001703057-24-000019,False,False,[],False
2024-12-31,2025-12-31,True,1703647,"Korro Bio, Inc.","[""KRRO""]","[""2834""]",10-K,2024-03-26,0000950170-24-036396,False,False,[],False
2024-12-31,2025-12-31,True,1704292,Zai Lab Ltd,"[""ZLAB""]","[""2834""]",10-K,2024-02-27,0001628280-24-007235,False,False,[],False
2024-12-31,2025-12-31,True,1706431,"Vir Biotechnology, Inc.","[""VIR""]","[""2836""]",10-K,2024-02-26,0001628280-24-006852,False,False,[],False
2024-12-31,2025-12-31,True,1707502,Solid Biosciences Inc.,"[""SLDB""]","[""2836""]",10-K,2024-03-13,0000950170-24-030508,False,False,[],False
2024-12-31,2025-12-31,True,1708331,"Virpax Pharmaceuticals, Inc.","[""VRPX""]","[""2834""]",10-K/A,2024-10-10,0001731122-24-001584,False,False,[],False
2024-12-31,2025-12-31,True,1708527,ELUTIA INC.,"[""ELUT""]","[""2836""]",10-K,2024-03-11,0001558370-24-002864,False,False,[],False
2024-12-31,2025-12-31,True,1708599,"AgeX Therapeutics, Inc.","[""SER""]","[""2834""]",10-K,2024-03-22,0001493152-24-011022,False,False,[],False
2024-12-31,2025-12-31,True,1708688,InflaRx N.V.,"[""IFRX""]","[""2834""]",20-F,2024-03-21,0001213900-24-024500,False,False,[],False
2024-12-31,2025-12-31,True,1709626,NuCana plc,"[""NCNA""]","[""2834""]",20-F,2024-03-20,0000950170-24-034208,False,False,[],False
2024-12-31,2025-12-31,True,1710072,"Edgewise Therapeutics, Inc.","[""EWTX""]","[""2834""]",10-K,2024-02-22,0001558370-24-001467,False,False,[],False
2024-12-31,2025-12-31,True,1710340,"Eton Pharmaceuticals, Inc.","[""ETON""]","[""2834""]",10-K/A,2024-03-22,0001437749-24-009052,False,False,[],False
2024-12-31,2025-12-31,True,1711279,"Krystal Biotech, Inc.","[""KRYS""]","[""2836""]",10-K,2024-02-26,0001711279-24-000005,False,False,[],False
2024-12-31,2025-12-31,True,1711754,"Inmune Bio, Inc.","[""INMB""]","[""2836""]",10-K/A,2024-04-16,0001213900-24-033418,False,False,[],False
2024-12-31,2025-12-31,True,1711786,"Hoth Therapeutics, Inc.","[""HOTH""]","[""2834""]",10-K,2024-03-28,0001213900-24-027213,False,False,[],False
2024-12-31,2025-12-31,True,1712762,"bioAffinity Technologies, Inc.","[""BIAF"", ""BIAFW""]","[""8731""]",10-K,2024-04-01,0001493152-24-012358,False,False,[],False
2024-12-31,2025-12-31,True,1713863,"Rafael Holdings, Inc.","[""RFL""]","[""2834""]",10-K/A,2024-12-20,0001213900-24-110663,False,False,[],False
2024-12-31,2025-12-31,True,1714899,Denali Therapeutics Inc.,"[""DNLI""]","[""2836""]",10-K,2024-02-28,0001714899-24-000086,False,False,[],False
2024-12-31,2025-12-31,True,1715925,ImmunoPrecise Antibodies Ltd.,"[""IPA""]","[""2834""]",20-F/A,2024-12-10,0000950170-24-134775,False,False,[],False
2024-12-31,2025-12-31,True,1716947,"Ensysce Biosciences, Inc.","[""ENSC"", ""ENSCW""]","[""2834""]",10-K,2024-03-15,0001493152-24-009993,False,False,[],False
2024-12-31,2025-12-31,True,1719406,"NRX Pharmaceuticals, Inc.","[""NRXP"", ""NRXPW""]","[""2834""]",10-K/A,2024-04-29,0001104659-24-054115,False,False,[],False
2024-12-31,2025-12-31,True,1719714,Mereo BioPharma Group plc,"[""MREO""]","[""2834""]",10-K,2024-03-27,0000950170-24-037348,False,False,[],False
2024-12-31,2025-12-31,True,1720580,"Adicet Bio, Inc.","[""ACET""]","[""2834""]",10-K,2024-03-19,0000950170-24-033482,False,False,[],False
2024-12-31,2025-12-31,True,1720893,"BioXcel Therapeutics, Inc.","[""BTAI""]","[""2834""]",10-K,2024-03-22,0001558370-24-003784,False,False,[],False
2024-12-31,2025-12-31,True,1721484,Longeveron Inc.,"[""LGVN""]","[""2834""]",10-K/A,2024-03-11,0001213900-24-021391,False,False,[],False
2024-12-31,2025-12-31,True,1722926,ASLAN Pharmaceuticals Ltd,[],"[""2834""]",20-F,2024-04-12,0000950170-24-043860,False,False,[],False
2024-12-31,2025-12-31,True,1722964,"Y-mAbs Therapeutics, Inc.","[""YMAB""]","[""2834""]",10-K,2024-02-29,0001558370-24-002188,True,True,"[""620dd0e4239df9e57561""]",False
2024-12-31,2025-12-31,True,1723069,Tiziana Life Sciences Ltd,"[""TLSA""]","[""2834""]",20-F,2024-05-10,0001213900-24-041808,False,False,[],False
2024-12-31,2025-12-31,True,1723128,"Amneal Pharmaceuticals, Inc.","[""AMRX""]","[""2834""]",10-K,2024-03-14,0001723128-24-000014,False,False,[],False
2024-12-31,2025-12-31,True,1723980,"China SXT Pharmaceuticals, Inc.","[""SXTC""]","[""2834""]",20-F,2024-08-13,0001213900-24-068266,False,False,[],False
2024-12-31,2025-12-31,True,1724521,"Arcus Biosciences, Inc.","[""RCUS""]","[""2834""]",10-K,2024-02-21,0001724521-24-000052,False,False,[],False
2024-12-31,2025-12-31,True,1725160,"Zentalis Pharmaceuticals, Inc.","[""ZNTL""]","[""2834""]",10-K,2024-02-27,0001725160-24-000080,False,False,[],False
2024-12-31,2025-12-31,True,1726711,"Aditxt, Inc.","[""ADTX""]","[""2834""]",10-K,2024-04-16,0001213900-24-033466,False,False,[],False
2024-12-31,2025-12-31,True,1727196,Scholar Rock Holding Corp,"[""SRRK""]","[""2836""]",10-K,2024-03-19,0001558370-24-003540,False,False,[],False
2024-12-31,2025-12-31,True,1728117,"Gossamer Bio, Inc.","[""GOSS""]","[""2834""]",10-K,2024-03-05,0001728117-24-000019,False,False,[],False
2024-12-31,2025-12-31,True,1728328,InMed Pharmaceuticals Inc.,"[""INM""]","[""2834""]",10-K,2024-09-30,0001213900-24-082843,False,False,[],False
2024-12-31,2025-12-31,True,1729214,XORTX Therapeutics Inc.,"[""XRTX""]","[""2834""]",20-F,2024-05-10,0001410578-24-000737,False,False,[],False
2024-12-31,2025-12-31,True,1729427,"CNS Pharmaceuticals, Inc.","[""CNSP""]","[""2834""]",10-K,2024-04-01,0001683168-24-002032,False,False,[],False
2024-12-31,2025-12-31,True,1730430,"Kiniksa Pharmaceuticals, Ltd.","[""KNSA""]","[""2834""]",10-K,2024-02-28,0001558370-24-002005,False,False,[],False
2024-12-31,2025-12-31,True,1730463,Autolus Therapeutics plc,"[""AUTL""]","[""2836""]",10-K,2024-03-21,0001730463-24-000048,False,False,[],False
2024-12-31,2025-12-31,True,1731348,"Tilray Brands, Inc.","[""TLRY""]","[""2833""]",10-K,2024-07-30,0001437749-24-023774,False,False,[],False
2024-12-31,2025-12-31,True,1733257,"Finch Therapeutics Group, Inc.","[""FNCH""]","[""2836""]",10-K/A,2024-04-26,0000950170-24-049269,False,False,[],False
2024-12-31,2025-12-31,True,1733294,Generation Bio Co.,"[""GBIO""]","[""2834""]",10-K,2024-03-06,0001558370-24-002616,False,False,[],False
2024-12-31,2025-12-31,True,1733413,"TFF Pharmaceuticals, Inc.","[""TFFP""]","[""2834""]",10-K,2024-03-28,0001213900-24-027185,False,False,[],False
2024-12-31,2025-12-31,True,1734005,Aptorum Group Ltd,"[""APM""]","[""2834""]",20-F,2024-04-30,0001213900-24-037520,False,False,[],False
2024-12-31,2025-12-31,True,1735438,MeiraGTx Holdings plc,"[""MGTX""]","[""2836""]",10-K,2024-03-15,0001558370-24-003309,False,False,[],False
2024-12-31,2025-12-31,True,1736243,"Acurx Pharmaceuticals, Inc.","[""ACXP""]","[""2834""]",10-K,2024-03-15,0001558370-24-003401,False,False,[],False
2024-12-31,2025-12-31,True,1737287,"Allogene Therapeutics, Inc.","[""ALLO""]","[""2836""]",10-K/A,2024-03-14,0001737287-24-000018,False,False,[],False
2024-12-31,2025-12-31,True,1737927,Canopy Growth Corp,"[""CGC""]","[""2833""]",10-K,2024-05-30,0000950170-24-066240,False,False,[],False
2024-12-31,2025-12-31,True,1737953,"Replimune Group, Inc.","[""REPL""]","[""2836""]",10-K,2024-05-16,0001737953-24-000008,False,False,[],False
2024-12-31,2025-12-31,True,1738021,"Compass Therapeutics, Inc.","[""CMPX""]","[""2836""]",10-K,2024-03-21,0001171843-24-001516,False,False,[],False
2024-12-31,2025-12-31,True,1739104,Elanco Animal Health Inc,"[""ELAN""]","[""2834""]",10-K,2024-02-26,0001739104-24-000009,False,False,[],False
2024-12-31,2025-12-31,True,1739174,BiomX Inc.,"[""PHGE"", ""PHGEW"", ""PHGE-UN""]","[""2836""]",10-K,2024-04-04,0001213900-24-030053,False,False,[],False
2024-12-31,2025-12-31,True,1739410,Rallybio Corp,"[""RLYB""]","[""2834""]",10-K,2024-03-12,0001739410-24-000035,False,False,[],False
2024-12-31,2025-12-31,True,1740279,"IN8BIO, INC.","[""INAB""]","[""2836""]",10-K,2024-03-14,0000950170-24-031486,False,False,[],False
2024-12-31,2025-12-31,True,1741830,"Kronos Bio, Inc.","[""KRON""]","[""2834""]",10-K,2024-03-21,0001741830-24-000021,True,True,"[""f8d2f3520156b1907287""]",False
2024-12-31,2025-12-31,True,1742927,"REVIVA PHARMACEUTICALS HOLDINGS, INC.","[""RVPH"", ""RVPHW""]","[""2834""]",10-K,2024-04-15,0001437749-24-011955,False,False,[],False
2024-12-31,2025-12-31,True,1743881,"BridgeBio Pharma, Inc.","[""BBIO""]","[""2834""]",10-K,2024-02-22,0000950170-24-018811,False,False,[],False
2024-12-31,2025-12-31,True,1744659,"Akero Therapeutics, Inc.","[""AKRO""]","[""2834""]",10-K,2024-02-29,0000950170-24-022644,False,True,"[""0e250ec1297d92fdbd18""]",False
2024-12-31,2025-12-31,True,1745114,MOLECULAR PARTNERS AG,"[""MOLN""]","[""2836""]",20-F,2024-03-14,0001745114-24-000003,False,False,[],False
2024-12-31,2025-12-31,True,1745999,Beam Therapeutics Inc.,"[""BEAM""]","[""2836""]",10-K,2024-02-27,0000950170-24-020622,False,False,[],False
2024-12-31,2025-12-31,True,1746466,"Equillium, Inc.","[""EQ""]","[""2834""]",10-K,2024-03-25,0000950170-24-035919,False,False,[],False
2024-12-31,2025-12-31,True,1746473,"PLIANT THERAPEUTICS, INC.","[""PLRX""]","[""2834""]",10-K,2024-02-27,0001746473-24-000043,False,False,[],False
2024-12-31,2025-12-31,True,1750149,"Inhibikase Therapeutics, Inc.","[""IKT""]","[""2836""]",10-K,2024-03-27,0000950170-24-037160,False,False,[],False
2024-12-31,2025-12-31,True,1750284,"Olema Pharmaceuticals, Inc.","[""OLMA""]","[""2834""]",10-K,2024-03-11,0000950170-24-029281,False,False,[],False
2024-12-31,2025-12-31,True,1752828,Celularity Inc,"[""CELU"", ""CELUW""]","[""2834""]",10-K,2024-07-30,0000950170-24-087886,False,False,[],False
2024-12-31,2025-12-31,True,1754068,"Allovir, Inc.","[""ALVR""]","[""2836""]",10-K,2024-03-15,0000950170-24-031879,False,False,[],False
2024-12-31,2025-12-31,True,1755237,"Cyclerion Therapeutics, Inc.","[""CYCN""]","[""2834""]",10-K,2024-03-05,0000950170-24-025935,False,False,[],False
2024-12-31,2025-12-31,True,1756594,Inventiva S.A.,"[""IVA"", ""IVEVF""]","[""2834""]",20-F,2024-04-03,0001104659-24-042817,False,False,[],False
2024-12-31,2025-12-31,True,1757064,Genfit S.A.,"[""GNFT""]","[""2836""]",20-F,2024-04-05,0001757064-24-000007,False,False,[],False
2024-12-31,2025-12-31,True,1757499,"Shuttle Pharmaceuticals Holdings, Inc.","[""SHPH""]","[""2834""]",10-K/A,2024-09-04,0001493152-24-034898,False,False,[],False
2024-12-31,2025-12-31,True,1759138,"Cabaletta Bio, Inc.","[""CABA""]","[""2836""]",10-K,2024-03-21,0000950170-24-034422,False,False,[],False
2024-12-31,2025-12-31,True,1759186,"Coeptis Therapeutics Holdings, Inc.","[""COEP"", ""COEPW""]","[""2836""]",10-K/A,2024-08-16,0001683168-24-005797,False,False,[],False
2024-12-31,2025-12-31,True,1759425,"Mirum Pharmaceuticals, Inc.","[""MIRM""]","[""2834""]",10-K,2024-03-15,0000950170-24-032289,False,False,[],False
2024-12-31,2025-12-31,True,1760542,HOOKIPA Pharma Inc.,"[""HOOK""]","[""2834""]",10-K,2024-03-22,0001558370-24-003738,False,True,"[""689da78a73e7a00ddf62""]",False
2024-12-31,2025-12-31,True,1760854,Nanobiotix S.A.,"[""NBTX""]","[""2834""]",20-F,2024-04-24,0001760854-24-000004,False,False,[],False
2024-12-31,2025-12-31,True,1761612,BICYCLE THERAPEUTICS plc,"[""BCYC""]","[""2834""]",10-K,2024-02-20,0001558370-24-001324,False,False,[],False
2024-12-31,2025-12-31,True,1761918,"Erasca, Inc.","[""ERAS""]","[""2834""]",10-K,2024-03-27,0000950170-24-037193,False,False,[],False
2024-12-31,2025-12-31,True,1763950,Lantern Pharma Inc.,"[""LTRN""]","[""2834""]",10-K,2024-03-18,0001493152-24-010302,False,False,[],False
2024-12-31,2025-12-31,True,1764013,"Immunovant, Inc.","[""IMVT""]","[""2836""]",10-K,2024-05-29,0001764013-24-000109,False,False,[],False
2024-12-31,2025-12-31,True,1764974,Turnstone Biologics Corp.,"[""TSBX""]","[""2836""]",10-K,2024-03-22,0000950170-24-034974,True,True,"[""2129a69a9a70edb66dd3""]",False
2024-12-31,2025-12-31,True,1766140,"Unicycive Therapeutics, Inc.","[""UNCY""]","[""2834""]",10-K,2024-03-28,0001213900-24-027202,False,False,[],False
2024-12-31,2025-12-31,True,1766600,SNDL Inc.,"[""SNDL""]","[""2833""]",20-F/A,2024-03-21,0000950170-24-034351,False,False,[],False
2024-12-31,2025-12-31,True,1768224,Arcturus Therapeutics Holdings Inc.,"[""ARCT""]","[""2834""]",10-K,2024-03-14,0000950170-24-031156,False,False,[],False
2024-12-31,2025-12-31,True,1768946,Biophytis SA,"[""BPTSY""]","[""2834""]",20-F,2024-04-08,0001104659-24-044790,False,False,[],False
2024-12-31,2025-12-31,True,1770121,"Sana Biotechnology, Inc.","[""SANA""]","[""2836""]",10-K,2024-02-29,0000950170-24-023119,False,False,[],False
2024-12-31,2025-12-31,True,1771885,FSD Pharma Inc.,"[""QNTM""]","[""2834""]",20-F,2024-04-02,0001654954-24-004067,False,False,[],False
2024-12-31,2025-12-31,True,1771910,ADC Therapeutics SA,"[""ADCT""]","[""2834""]",10-K,2024-03-13,0001628280-24-010843,False,False,[],False
2024-12-31,2025-12-31,True,1773427,"SpringWorks Therapeutics, Inc.","[""SWTX""]","[""2836""]",10-K,2024-02-27,0001773427-24-000010,False,True,"[""da67b596de618839bde7""]",False
2024-12-31,2025-12-31,True,1775194,"UPEXI, INC.","[""UPXI""]","[""2833""]",10-K,2024-12-16,0001477932-24-008123,False,False,[],False
2024-12-31,2025-12-31,True,1776985,BioNTech SE,"[""BNTX""]","[""2836""]",20-F,2024-03-20,0001776985-24-000027,False,False,[],False
2024-12-31,2025-12-31,True,1778016,I-Mab,"[""IMAB""]","[""2834""]",20-F,2024-04-30,0001104659-24-054452,False,False,[],False
2024-12-31,2025-12-31,True,1779578,Qilian International Holding Group Ltd,"[""BGM""]","[""2834""]",20-F,2024-02-15,0001410578-24-000053,False,False,[],False
2024-12-31,2025-12-31,True,1781174,"Acrivon Therapeutics, Inc.","[""ACRV""]","[""2834""]",10-K,2024-03-28,0000950170-24-037618,False,False,[],False
2024-12-31,2025-12-31,True,1781983,"Aprea Therapeutics, Inc.","[""APRE""]","[""2834""]",10-K,2024-03-26,0001558370-24-003886,False,False,[],False
2024-12-31,2025-12-31,True,1782107,"Onconetix, Inc.","[""ONCO""]","[""2834""]",10-K,2024-04-11,0001213900-24-032225,False,False,[],False
2024-12-31,2025-12-31,True,1782223,"Pyxis Oncology, Inc.","[""PYXS""]","[""2834""]",10-K,2024-03-21,0000950170-24-034868,False,False,[],False
2024-12-31,2025-12-31,True,1782999,PureTech Health plc,"[""PRTC"", ""PTCHF""]","[""2834""]",20-F,2024-04-25,0001628280-24-017913,False,False,[],False
2024-12-31,2025-12-31,True,1783032,"Elevation Oncology, Inc.","[""ELEV""]","[""2836""]",10-K,2024-03-06,0001558370-24-002535,True,True,"[""fa8f038263eddf343700""]",False
2024-12-31,2025-12-31,True,1783036,NLS Pharmaceutics Ltd.,"[""NLSP"", ""NLSPW""]","[""2834""]",20-F,2024-05-15,0001213900-24-043570,False,False,[],False
2024-12-31,2025-12-31,True,1783183,"Phathom Pharmaceuticals, Inc.","[""PHAT""]","[""2834""]",10-K/A,2024-06-14,0000950170-24-073629,False,False,[],False
2024-12-31,2025-12-31,True,1783328,"TScan Therapeutics, Inc.","[""TCRX""]","[""2836""]",10-K/A,2024-04-10,0001193125-24-091386,False,False,[],False
2024-12-31,2025-12-31,True,1785173,"89bio, Inc.","[""ETNB""]","[""2834""]",10-K,2024-03-01,0000950170-24-024008,True,True,"[""c1f5136ea2f9f7e5a70c""]",False
2024-12-31,2025-12-31,True,1785279,"Metagenomi, Inc.","[""MGX""]","[""2836""]",10-K,2024-03-27,0000950170-24-036838,False,False,[],False
2024-12-31,2025-12-31,True,1785530,"Werewolf Therapeutics, Inc.","[""HOWL""]","[""2834""]",10-K,2024-03-07,0001785530-24-000012,False,False,[],False
2024-12-31,2025-12-31,True,1786205,"Arcellx, Inc.","[""ACLX""]","[""2836""]",10-K,2024-02-28,0000950170-24-022048,False,False,[],False
2024-12-31,2025-12-31,True,1787297,"Passage BIO, Inc.","[""PASG""]","[""2836""]",10-K,2024-03-04,0001558370-24-002310,False,False,[],False
2024-12-31,2025-12-31,True,1787306,"Arcutis Biotherapeutics, Inc.","[""ARQT""]","[""2834""]",10-K,2024-02-27,0001787306-24-000031,False,False,[],False
2024-12-31,2025-12-31,True,1787400,"Nkarta, Inc.","[""NKTX""]","[""2834""]",10-K,2024-03-21,0000950170-24-034735,False,False,[],False
2024-12-31,2025-12-31,True,1788028,"Jasper Therapeutics, Inc.","[""JSPR"", ""JSPRW""]","[""2836""]",10-K,2024-03-05,0001213900-24-020114,False,False,[],False
2024-12-31,2025-12-31,True,1789769,"Instil Bio, Inc.","[""TIL""]","[""2836""]",10-K,2024-03-21,0001789769-24-000036,False,False,[],False
2024-12-31,2025-12-31,True,1789972,"Cullinan Oncology, Inc.","[""CGEM""]","[""2836""]",10-K,2024-03-14,0000950170-24-031143,False,False,[],False
2024-12-31,2025-12-31,True,1790169,Flora Growth Corp.,"[""FLGC""]","[""2834""]",10-K,2024-03-28,0001062993-24-007367,False,False,[],False
2024-12-31,2025-12-31,True,1790340,Immuneering Corp,"[""IMRX""]","[""2834""]",10-K,2024-03-01,0001790340-24-000024,False,False,[],False
2024-12-31,2025-12-31,True,1792030,IM Cannabis Corp.,"[""IMCC""]","[""2833""]",20-F/A,2024-09-19,0001178913-24-003097,False,False,[],False
2024-12-31,2025-12-31,True,1792044,Viatris Inc,"[""VTRS""]","[""2834""]",10-K/A,2024-04-26,0001193125-24-118165,False,False,[],False
2024-12-31,2025-12-31,True,1792581,"Kiromic Biopharma, Inc.","[""KRBP""]","[""2836""]",10-K/A,2024-03-21,0001558370-24-003716,False,False,[],False
2024-12-31,2025-12-31,True,1796129,"Vincerx Pharma, Inc.","[""VINC""]","[""2834""]",10-K,2024-03-29,0001193125-24-081994,False,False,[],False
2024-12-31,2025-12-31,True,1796280,"Oric Pharmaceuticals, Inc.","[""ORIC""]","[""2834""]",10-K,2024-03-11,0000950170-24-029298,False,False,[],False
2024-12-31,2025-12-31,True,1798749,"Aerovate Therapeutics, Inc.","[""AVTE""]","[""2834""]",10-K,2024-03-25,0001798749-24-000015,False,False,[],False
2024-12-31,2025-12-31,True,1799448,"Aligos Therapeutics, Inc.","[""ALGS""]","[""2836""]",10-K,2024-03-12,0000950170-24-029953,False,False,[],False
2024-12-31,2025-12-31,True,1799788,"Greenwich LifeSciences, Inc.","[""GLSI""]","[""2834""]",10-K,2024-04-15,0001493152-24-014625,False,False,[],False
2024-12-31,2025-12-31,True,1800315,"Galecto, Inc.","[""GLTO""]","[""2834""]",10-K,2024-03-08,0000950170-24-028610,False,False,[],False
2024-12-31,2025-12-31,True,1801198,Legend Biotech Corp,"[""LEGN""]","[""2834""]",20-F,2024-03-19,0001801198-24-000021,False,False,[],False
2024-12-31,2025-12-31,True,1801834,PAINREFORM LTD.,"[""PRFX""]","[""2834""]",20-F,2024-02-29,0001178913-24-000774,False,False,[],False
2024-12-31,2025-12-31,True,1802665,"Harmony Biosciences Holdings, Inc.","[""HRMY""]","[""2834""]",10-K/A,2024-02-28,0001558370-24-002037,False,False,[],False
2024-12-31,2025-12-31,True,1802768,Royalty Pharma plc,"[""RPRX""]","[""2834""]",10-K,2024-02-15,0001802768-24-000012,False,True,"[""5c145f5d28f74d52ad7a""]",False
2024-12-31,2025-12-31,True,1804591,23andMe Holding Co.,"[""ME""]","[""2834""]",10-K,2024-05-30,0001804591-24-000038,False,False,[],False
2024-12-31,2025-12-31,True,1806310,"Taysha Gene Therapies, Inc.","[""TSHA""]","[""2836""]",10-K,2024-03-19,0000950170-24-033484,False,False,[],False
2024-12-31,2025-12-31,True,1806952,"Lyell Immunopharma, Inc.","[""LYEL""]","[""2834""]",10-K,2024-02-28,0001628280-24-007592,False,False,[],False
2024-12-31,2025-12-31,True,1807120,"Design Therapeutics, Inc.","[""DSGN""]","[""2834""]",10-K,2024-03-19,0000950170-24-033492,False,False,[],False
2024-12-31,2025-12-31,True,1808158,Repare Therapeutics Inc.,"[""RPTX""]","[""2834""]",10-K,2024-02-28,0000950170-24-021651,False,True,"[""1a3ada162944c926efdc""]",False
2024-12-31,2025-12-31,True,1808665,"Assertio Holdings, Inc.","[""ASRT""]","[""2834""]",10-K,2024-03-11,0001808665-24-000012,False,False,[],False
2024-12-31,2025-12-31,True,1808865,"iTeos Therapeutics, Inc.","[""ITOS""]","[""2836""]",10-K,2024-03-06,0000950170-24-026866,True,True,"[""e217552f662eb9e83b1e""]",False
2024-12-31,2025-12-31,True,1808898,Benitec Biopharma Inc.,"[""BNTC""]","[""2834""]",10-K,2024-09-26,0001193125-24-226968,False,False,[],False
2024-12-31,2025-12-31,True,1809122,CureVac N.V.,"[""CVAC""]","[""2834""]",20-F,2024-04-25,0001410578-24-000531,True,True,"[""10cdadfcaa6a6b899585""]",False
2024-12-31,2025-12-31,True,1809196,Immatics N.V.,"[""IMTX"", ""IMTXW""]","[""2836""]",20-F,2024-03-21,0001193125-24-073296,False,False,[],False
2024-12-31,2025-12-31,True,1809616,Universe Pharmaceuticals INC,"[""UPC""]","[""2834""]",20-F,2024-01-30,0001213900-24-007745,False,False,[],False
2024-12-31,2025-12-31,True,1810182,ALX ONCOLOGY HOLDINGS INC,"[""ALXO""]","[""2834""]",10-K,2024-03-07,0000950170-24-027955,False,False,[],False
2024-12-31,2025-12-31,True,1810560,"REVELATION BIOSCIENCES, INC.","[""REVB"", ""REVBW""]","[""2834""]",10-K/A,2024-09-23,0000950170-24-108793,False,False,[],False
2024-12-31,2025-12-31,True,1811063,Nuvation Bio Inc.,"[""NUVB"", ""NUVB-WT""]","[""2834""]",10-K/A,2024-04-26,0000950170-24-049137,False,False,[],False
2024-12-31,2025-12-31,True,1811623,"PaxMedica, Inc.","[""PXMD""]","[""2834""]",10-K,2024-03-11,0001558370-24-002911,False,False,[],False
2024-12-31,2025-12-31,True,1812360,FOXO TECHNOLOGIES INC.,"[""FOXO"", ""FOXOW""]","[""8731""]",10-K,2024-06-06,0001213900-24-050377,False,False,[],False
2024-12-31,2025-12-31,True,1812364,"Relay Therapeutics, Inc.","[""RLAY""]","[""2836""]",10-K,2024-02-22,0000950170-24-018797,False,False,[],False
2024-12-31,2025-12-31,True,1813814,Mind Medicine (MindMed) Inc.,"[""MNMD""]","[""2833""]",10-K,2024-02-28,0000950170-24-021656,False,False,[],False
2024-12-31,2025-12-31,True,1815442,"Kymera Therapeutics, Inc.","[""KYMR""]","[""2836""]",10-K,2024-02-22,0000950170-24-018414,False,False,[],False
2024-12-31,2025-12-31,True,1815620,Opthea Ltd,"[""OPT"", ""CKDXF""]","[""2836""]",20-F/A,2024-09-20,0000950170-24-108246,False,False,[],False
2024-12-31,2025-12-31,True,1815776,"Graphite Bio, Inc.","[""LENZ""]","[""2836""]",10-K,2024-02-27,0000950170-24-021135,False,False,[],False
2024-12-31,2025-12-31,True,1815903,"Petros Pharmaceuticals, Inc.","[""PTPI""]","[""2834""]",10-K/A,2024-05-31,0001104659-24-067284,False,False,[],False
2024-12-31,2025-12-31,True,1815974,"Anebulo Pharmaceuticals, Inc.","[""ANEB""]","[""2834""]",10-K,2024-09-25,0001493152-24-038127,False,False,[],False
2024-12-31,2025-12-31,True,1816590,COMPASS Pathways plc,"[""CMPS""]","[""2834""]",10-K,2024-02-29,0001628280-24-007787,False,False,[],False
2024-12-31,2025-12-31,True,1816736,"Disc Medicine, Inc.","[""IRON""]","[""2834""]",10-K,2024-03-21,0000950170-24-034432,False,False,[],False
2024-12-31,2025-12-31,True,1816815,Bon Natural Life Ltd,"[""BON""]","[""2833""]",20-F/A,2024-10-11,0001493152-24-040806,False,False,[],False
2024-12-31,2025-12-31,True,1817229,Vor Biopharma Inc.,"[""VOR""]","[""2836""]",10-K,2024-03-20,0000950170-24-034146,False,False,[],False
2024-12-31,2025-12-31,True,1817713,"Janux Therapeutics, Inc.","[""JANX""]","[""2834""]",10-K,2024-03-08,0000950170-24-028659,False,False,[],False
2024-12-31,2025-12-31,True,1818382,"Humacyte, Inc.","[""HUMA"", ""HUMAW""]","[""2836""]",10-K,2024-03-28,0001818382-24-000040,False,False,[],False
2024-12-31,2025-12-31,True,1818794,"Dyne Therapeutics, Inc.","[""DYN""]","[""2834""]",10-K,2024-03-05,0000950170-24-025402,False,False,[],False
2024-12-31,2025-12-31,True,1818838,Adagene Inc.,"[""ADAG""]","[""2834""]",20-F,2024-03-29,0001104659-24-041109,False,False,[],False
2024-12-31,2025-12-31,True,1818844,"Virios Therapeutics, Inc.","[""VIRI""]","[""2834""]",10-K/A,2024-03-08,0001558370-24-002828,False,False,[],False
2024-12-31,2025-12-31,True,1819133,"Tango Therapeutics, Inc.","[""TNGX""]","[""2834""]",10-K,2024-03-18,0000950170-24-032516,False,False,[],False
2024-12-31,2025-12-31,True,1819253,biote Corp.,"[""BTMD""]","[""2833""]",10-K,2024-03-15,0000950170-24-032101,False,False,[],False
2024-12-31,2025-12-31,True,1819411,"Gain Therapeutics, Inc.","[""GANX""]","[""2834""]",10-K,2024-03-26,0001558370-24-003943,False,False,[],False
2024-12-31,2025-12-31,True,1819576,Liquidia Corp,"[""LQDA""]","[""2834""]",10-K,2024-03-13,0001558370-24-003051,False,False,[],False
2024-12-31,2025-12-31,True,1819615,Clever Leaves Holdings Inc.,"[""CLVR""]","[""2834""]",10-K,2024-04-01,0001819615-24-000031,False,False,[],False
2024-12-31,2025-12-31,True,1819790,"Tarsus Pharmaceuticals, Inc.","[""TARS""]","[""2836""]",10-K,2024-02-27,0001819790-24-000018,False,False,[],False
2024-12-31,2025-12-31,True,1820190,Scilex Holding Co,"[""SCLX"", ""SCLXW""]","[""2836""]",10-K,2024-03-12,0000950170-24-029473,False,False,[],False
2024-12-31,2025-12-31,True,1821586,MoonLake Immunotherapeutics,"[""MLTX""]","[""2834""]",10-K/A,2024-05-07,0001821586-24-000018,False,False,[],False
2024-12-31,2025-12-31,True,1821825,Organon & Co.,"[""OGN""]","[""2834""]",10-K,2024-02-26,0001628280-24-006733,False,False,[],False
2024-12-31,2025-12-31,True,1822462,Foghorn Therapeutics Inc.,"[""FHTX""]","[""2834""]",10-K,2024-03-07,0001628280-24-009539,False,False,[],False
2024-12-31,2025-12-31,True,1822791,Clene Inc.,"[""CLNN"", ""CLNNW""]","[""2834""]",10-K,2024-03-13,0001437749-24-007542,False,False,[],False
2024-12-31,2025-12-31,True,1823239,"MARAVAI LIFESCIENCES HOLDINGS, INC.","[""MRVI""]","[""2834""]",10-K,2024-02-29,0001823239-24-000032,False,False,[],False
2024-12-31,2025-12-31,True,1823857,Viveon Health Acquisition Corp.,[],"[""2834""]",10-K/A,2024-02-21,0001493152-24-007415,False,False,[],False
2024-12-31,2025-12-31,True,1824293,"GRI BIO, Inc.","[""GRI""]","[""2834""]",10-K,2024-03-28,0001824293-24-000033,False,False,[],False
2024-12-31,2025-12-31,True,1824893,"Surrozen, Inc./DE","[""SRZN"", ""SRZNW""]","[""2836""]",10-K,2024-04-10,0000950170-24-043399,False,False,[],False
2024-12-31,2025-12-31,True,1826457,"Monte Rosa Therapeutics, Inc.","[""GLUE""]","[""2836""]",10-K,2024-03-14,0000950170-24-031150,False,False,[],False
2024-12-31,2025-12-31,True,1826892,"BioAtla, Inc.","[""BCAB""]","[""2836""]",10-K,2024-03-26,0000950170-24-036548,False,False,[],False
2024-12-31,2025-12-31,True,1827087,"Vigil Neuroscience, Inc.","[""VIGL""]","[""2836""]",10-K,2024-03-26,0000950170-24-036158,False,True,"[""370a39813aa0fd8f1f6f""]",False
2024-12-31,2025-12-31,True,1827401,BRIGHT MINDS BIOSCIENCES INC.,"[""DRUG""]","[""2834""]",20-F,2024-12-31,0001062993-24-021301,False,False,[],False
2024-12-31,2025-12-31,True,1827506,"Tourmaline Bio, Inc.","[""TRML""]","[""2836""]",10-K,2024-03-19,0001827506-24-000015,True,True,"[""bf2773742dd090c33632""]",False
2024-12-31,2025-12-31,True,1828185,Barinthus Biotherapeutics plc.,"[""BRNS""]","[""2834""]",10-K,2024-03-20,0001828185-24-000011,False,False,[],False
2024-12-31,2025-12-31,True,1828253,Evaxion Biotech A/S,"[""EVAX""]","[""2836""]",20-F,2024-03-26,0001104659-24-039004,False,False,[],False
2024-12-31,2025-12-31,True,1828316,Pharming Group N.V.,"[""PHAR""]","[""2834""]",20-F,2024-04-04,0001828316-24-000008,False,False,[],False
2024-12-31,2025-12-31,True,1828522,"eFFECTOR Therapeutics, Inc.","[""EFTR"", ""EFTRW""]","[""2834""]",10-K,2024-03-26,0000950170-24-036169,False,False,[],False
2024-12-31,2025-12-31,True,1828673,HCW Biologics Inc.,"[""HCWB""]","[""2834""]",10-K/A,2024-05-15,0000950170-24-060543,False,False,[],False
2024-12-31,2025-12-31,True,1829247,"BullFrog AI Holdings, Inc.","[""BFRG"", ""BFRGW""]","[""2834""]",10-K,2024-03-29,0001493152-24-011964,False,False,[],False
2024-12-31,2025-12-31,True,1829635,"Transcode Therapeutics, Inc.","[""RNAZ""]","[""2834""]",10-K,2024-04-01,0001410578-24-000413,False,False,[],False
2024-12-31,2025-12-31,True,1829667,Regencell Bioscience Holdings Ltd,"[""RGC""]","[""2833""]",20-F,2024-10-25,0001213900-24-090791,False,False,[],False
2024-12-31,2025-12-31,True,1829802,"Sensei Biotherapeutics, Inc.","[""SNSE""]","[""2834""]",10-K,2024-02-29,0000950170-24-023148,False,False,[],False
2024-12-31,2025-12-31,True,1830214,"Ginkgo Bioworks Holdings, Inc.","[""DNA"", ""DNA-WT""]","[""2836""]",10-K,2024-02-29,0001628280-24-008052,False,False,[],False
2024-12-31,2025-12-31,True,1830487,Pharvaris N.V.,"[""PHVS""]","[""2834""]",20-F,2024-04-10,0000950170-24-043358,False,False,[],False
2024-12-31,2025-12-31,True,1830749,Achilles Therapeutics plc,"[""ACHL""]","[""2836""]",20-F,2024-04-04,0000950170-24-041615,False,False,[],False
2024-12-31,2025-12-31,True,1831363,"Terns Pharmaceuticals, Inc.","[""TERN""]","[""2834""]",10-K,2024-03-14,0000950170-24-031497,False,False,[],False
2024-12-31,2025-12-31,True,1831828,"Vera Therapeutics, Inc.","[""VERA""]","[""2834""]",10-K,2024-03-27,0000950170-24-036729,False,False,[],False
2024-12-31,2025-12-31,True,1832038,"Invivyd, Inc.","[""IVVD""]","[""2836""]",10-K,2024-03-28,0000950170-24-037610,False,False,[],False
2024-12-31,2025-12-31,True,1833141,CYBIN INC.,"[""CYBN""]","[""2834""]",40-F,2024-06-26,0001833141-24-000005,False,False,[],False
2024-12-31,2025-12-31,True,1833214,"SAB Biotherapeutics, Inc.","[""SABS"", ""SABSW""]","[""2836""]",10-K,2024-03-29,0000950170-24-038219,False,False,[],False
2024-12-31,2025-12-31,True,1835022,"Coya Therapeutics, Inc.","[""COYA""]","[""2834""]",10-K,2024-03-19,0000950170-24-033161,False,False,[],False
2024-12-31,2025-12-31,True,1835268,Connect Biopharma Holdings Ltd,"[""CNTB""]","[""2834""]",20-F,2024-04-16,0001835268-24-000014,False,False,[],False
2024-12-31,2025-12-31,True,1835579,"Ikena Oncology, Inc.","[""IKNA""]","[""2836""]",10-K,2024-03-12,0000950170-24-029651,False,False,[],False
2024-12-31,2025-12-31,True,1835597,PepGen Inc.,"[""PEPG""]","[""2834""]",10-K/A,2024-03-29,0000950170-24-038417,False,False,[],False
2024-12-31,2025-12-31,True,1836564,Valneva SE,"[""VALN""]","[""2836""]",20-F,2024-03-22,0001628280-24-012747,False,False,[],False
2024-12-31,2025-12-31,True,1837607,"AEON Biopharma, Inc.","[""AEON""]","[""2834""]",10-K/A,2024-08-12,0001104659-24-088355,False,False,[],False
2024-12-31,2025-12-31,True,1838716,Genenta Science S.p.A.,"[""GNTA""]","[""2836""]",20-F/A,2024-04-01,0001493152-24-012534,False,False,[],False
2024-12-31,2025-12-31,True,1840229,"MiNK Therapeutics, Inc.","[""INKT""]","[""2836""]",10-K,2024-03-21,0000950170-24-034672,False,False,[],False
2024-12-31,2025-12-31,True,1840233,"Xilio Therapeutics, Inc.","[""XLO""]","[""2834""]",10-K,2024-04-01,0001558370-24-004530,False,False,[],False
2024-12-31,2025-12-31,True,1840439,"Biomea Fusion, Inc.","[""BMEA""]","[""2834""]",10-K,2024-03-28,0000950170-24-038026,False,False,[],False
2024-12-31,2025-12-31,True,1840563,Elevai Labs Inc.,"[""ELAB""]","[""2834""]",10-K,2024-03-29,0001213900-24-027576,False,False,[],False
2024-12-31,2025-12-31,True,1840574,"Verve Therapeutics, Inc.","[""VERV""]","[""2834""]",10-K,2024-02-27,0000950170-24-020633,True,True,"[""b2f48fe8f936077bb891""]",False
2024-12-31,2025-12-31,True,1840706,SOPHiA GENETICS SA,"[""SOPH""]","[""2836""]",20-F,2024-03-05,0001840706-24-000012,False,False,[],False
2024-12-31,2025-12-31,True,1840748,LAVA Therapeutics NV,"[""LVTX""]","[""2834""]",20-F,2024-03-20,0001558370-24-003626,True,True,"[""62c53ce038ff4abb7e9d""]",False
2024-12-31,2025-12-31,True,1840904,ATAI Life Sciences N.V.,"[""ATAI""]","[""2834""]",10-K,2024-03-28,0000950170-24-038138,False,True,"[""1328969bb6afb4a7bfa4""]",False
2024-12-31,2025-12-31,True,1841330,Pasithea Therapeutics Corp.,"[""KTTA"", ""KTTAW""]","[""2834""]",10-K,2024-03-29,0001213900-24-027508,False,False,[],False
2024-12-31,2025-12-31,True,1841387,"Candel Therapeutics, Inc.","[""CADL""]","[""2836""]",10-K/A,2024-04-25,0001193125-24-111564,False,False,[],False
2024-12-31,2025-12-31,True,1842952,Context Therapeutics Inc.,"[""CNTX""]","[""2834""]",10-K,2024-03-21,0001842952-24-000011,False,False,[],False
2024-12-31,2025-12-31,True,1844417,"Estrella Immunopharma, Inc.","[""ESLA"", ""ESLAW""]","[""2836""]",10-K/A,2024-10-28,0001213900-24-091250,False,False,[],False
2024-12-31,2025-12-31,True,1845337,"Day One Biopharmaceuticals, Inc.","[""DAWN""]","[""2834""]",10-K,2024-02-26,0000950170-24-020212,False,False,[],False
2024-12-31,2025-12-31,True,1845459,"NKGen Biotech, Inc.","[""NKGN"", ""NKGNW""]","[""2836""]",10-K/A,2024-04-29,0001213900-24-037289,False,False,[],False
2024-12-31,2025-12-31,True,1846253,"OmniAb, Inc.","[""OABI"", ""OABIW""]","[""8731""]",10-K,2024-03-25,0001846253-24-000006,False,False,[],False
2024-12-31,2025-12-31,True,1847345,PowerUp Acquisition Corp.,"[""PWUP"", ""PWUPU"", ""PWUPW""]","[""2834""]",10-K,2024-03-11,0001493152-24-009602,False,False,[],False
2024-12-31,2025-12-31,True,1847903,Centessa Pharmaceuticals plc,"[""CNTA""]","[""2834""]",10-K,2024-03-28,0001847903-24-000054,False,False,[],False
2024-12-31,2025-12-31,True,1849296,OKYO Pharma Ltd,"[""OKYO""]","[""2836""]",20-F,2024-08-13,0001493152-24-031640,False,False,[],False
2024-12-31,2025-12-31,True,1849380,OneMedNet Corp,"[""ONMD"", ""ONMDW""]","[""8731""]",10-K/A,2024-11-05,0001493152-24-043625,False,False,[],False
2024-12-31,2025-12-31,True,1850119,"Century Therapeutics, Inc.","[""IPSC""]","[""2836""]",10-K,2024-03-14,0001558370-24-003165,False,False,[],False
2024-12-31,2025-12-31,True,1850270,PROKIDNEY CORP.,"[""PROK""]","[""2836""]",10-K,2024-03-22,0000950170-24-034946,False,False,[],False
2024-12-31,2025-12-31,True,1850838,"Omega Therapeutics, Inc.","[""OMGA""]","[""2836""]",10-K,2024-03-28,0000950170-24-038094,False,False,[],False
2024-12-31,2025-12-31,True,1850902,"Alpha Teknova, Inc.","[""TKNO""]","[""2835""]",10-K,2024-03-27,0000950170-24-036624,False,False,[],False
2024-12-31,2025-12-31,True,1851194,"Ventyx Biosciences, Inc.","[""VTYX""]","[""2834""]",10-K,2024-02-27,0000950170-24-021160,False,False,[],False
2024-12-31,2025-12-31,True,1851484,"CITIUS ONCOLOGY, INC.","[""CTOR""]","[""2834""]",10-K,2024-12-27,0001213900-24-113150,False,False,[],False
2024-12-31,2025-12-31,True,1851657,"Vaxxinity, Inc.","[""VAXX""]","[""2834""]",10-K/A,2024-04-29,0001562762-24-000112,False,False,[],False
2024-12-31,2025-12-31,True,1851860,"SMART FOR LIFE, INC.","[""SMFL""]","[""2833""]",10-K,2024-09-20,0001213900-24-080709,False,False,[],False
2024-12-31,2025-12-31,True,1853816,"Dermata Therapeutics, Inc.","[""DRMA"", ""DRMAW""]","[""2834""]",10-K,2024-03-21,0001654954-24-003501,False,False,[],False
2024-12-31,2025-12-31,True,1854078,Relief Therapeutics Holding SA,"[""RLFTF"", ""RLFTY""]","[""2834""]",20-F,2024-04-30,0001193125-24-125218,False,False,[],False
2024-12-31,2025-12-31,True,1854270,"Senti Biosciences, Inc.","[""SNTI""]","[""2836""]",10-K/A,2024-04-26,0001854270-24-000037,False,False,[],False
2024-12-31,2025-12-31,True,1855129,GH Research PLC,"[""GHRS""]","[""2834""]",20-F,2024-03-07,0001140361-24-011866,False,False,[],False
2024-12-31,2025-12-31,True,1855485,"Calidi Biotherapeutics, Inc.","[""CLDI"", ""CLDI-WT""]","[""2836""]",10-K,2024-03-15,0001493152-24-010158,False,False,[],False
2024-12-31,2025-12-31,True,1855644,Zura Bio Ltd,"[""ZURA"", ""ZURAW""]","[""2836""]",10-K,2024-03-28,0001410578-24-000329,False,False,[],False
2024-12-31,2025-12-31,True,1856725,"Rani Therapeutics Holdings, Inc.","[""RANI""]","[""2834""]",10-K,2024-03-20,0000950170-24-034163,False,False,[],False
2024-12-31,2025-12-31,True,1857030,Intercure Ltd.,"[""INCR""]","[""2834""]",20-F,2024-05-01,0001493152-24-017348,False,False,[],False
2024-12-31,2025-12-31,True,1857044,"Indaptus Therapeutics, Inc.","[""INDP""]","[""2834""]",10-K,2024-03-13,0001493152-24-009769,False,False,[],False
2024-12-31,2025-12-31,True,1858685,Biofrontera Inc.,"[""BFRI"", ""BFRIW""]","[""2834""]",10-K,2024-03-15,0001493152-24-010133,False,False,[],False
2024-12-31,2025-12-31,True,1858848,"Tenaya Therapeutics, Inc.","[""TNYA""]","[""2836""]",10-K,2024-03-18,0000950170-24-032828,False,False,[],False
2024-12-31,2025-12-31,True,1859007,"ZyVersa Therapeutics, Inc.","[""ZVSA""]","[""2834""]",10-K/A,2024-05-15,0001493152-24-019511,False,False,[],False
2024-12-31,2025-12-31,True,1860657,"Allarity Therapeutics, Inc.","[""ALLR""]","[""2834""]",10-K/A,2024-04-29,0001213900-24-037156,False,False,[],False
2024-12-31,2025-12-31,True,1860782,"2seventy bio, Inc.","[""TSVT""]","[""2834""]",10-K,2024-03-07,0001860782-24-000027,True,True,"[""02b9764d5c067a2a835a""]",False
2024-12-31,2025-12-31,True,1860871,Tevogen Bio Holdings Inc.,"[""TVGN"", ""TVGNW""]","[""2836""]",10-K,2024-04-29,0001493152-24-016796,False,False,[],False
2024-12-31,2025-12-31,True,1861560,"Nuvalent, Inc.","[""NUVL""]","[""2834""]",10-K,2024-02-27,0000950170-24-020607,False,False,[],False
2024-12-31,2025-12-31,True,1861657,"Tharimmune, Inc.","[""THAR""]","[""2834""]",10-K,2024-02-23,0001493152-24-007612,False,False,[],False
2024-12-31,2025-12-31,True,1862150,Cingulate Inc.,"[""CING"", ""CINGW""]","[""2834""]",10-K,2024-04-01,0001493152-24-012159,False,False,[],False
2024-12-31,2025-12-31,True,1863127,"Tyra Biosciences, Inc.","[""TYRA""]","[""2834""]",10-K,2024-03-19,0000950170-24-033461,False,False,[],False
2024-12-31,2025-12-31,True,1865408,Exscientia plc,"[""EXAI""]","[""2836""]",20-F,2024-03-21,0001865408-24-000018,False,False,[],False
2024-12-31,2025-12-31,True,1865494,"IO Biotech, Inc.","[""IOBT""]","[""2834""]",10-K/A,2024-03-22,0001193125-24-075426,False,False,[],False
2024-12-31,2025-12-31,True,1867066,Journey Medical Corp,"[""DERM""]","[""2834""]",10-K,2024-03-29,0001410578-24-000347,False,False,[],False
2024-12-31,2025-12-31,True,1867096,"Xeris Biopharma Holdings, Inc.","[""XERS""]","[""2834""]",10-K,2024-03-06,0001867096-24-000031,False,False,[],False
2024-12-31,2025-12-31,True,1868279,"ArriVent Biopharma, Inc.","[""AVBP""]","[""2834""]",10-K,2024-03-28,0001558370-24-004280,False,False,[],False
2024-12-31,2025-12-31,True,1869974,"Ocean Biomedical, Inc.","[""OCEA"", ""OCEAW""]","[""2834""]",10-K,2024-11-25,0001493152-24-047661,False,False,[],False
2024-12-31,2025-12-31,True,1870144,"Cardio Diagnostics Holdings, Inc.","[""CDIO"", ""CDIOW""]","[""2835""]",10-K,2024-04-01,0001079973-24-000480,False,False,[],False
2024-12-31,2025-12-31,True,1872812,TC BioPharm (Holdings) plc,"[""TCBP"", ""TCBPW""]","[""2836""]",10-K/A,2024-04-29,0001493152-24-017053,False,False,[],False
2024-12-31,2025-12-31,True,1873093,CytoMed Therapeutics Ltd,"[""GDTC""]","[""2834""]",20-F,2024-04-22,0001493152-24-015594,False,False,[],False
2024-12-31,2025-12-31,True,1873835,"Immix Biopharma, Inc.","[""IMMX""]","[""2834""]",10-K,2024-03-29,0001493152-24-011975,False,False,[],False
2024-12-31,2025-12-31,True,1873875,Incannex Healthcare Inc.,"[""IXHL""]","[""2834""]",10-K,2024-09-30,0001213900-24-082937,False,False,[],False
2024-12-31,2025-12-31,True,1874252,MAINZ BIOMED N.V.,"[""MYNZ""]","[""2834""]",20-F,2024-04-09,0001213900-24-031299,False,False,[],False
2024-12-31,2025-12-31,True,1875091,NeuroSense Therapeutics Ltd.,"[""NRSN"", ""NRSNW""]","[""2834""]",20-F,2024-04-04,0001213900-24-030439,False,False,[],False
2024-12-31,2025-12-31,True,1875558,"Nuvectis Pharma, Inc.","[""NVCT""]","[""2834""]",10-K,2024-03-05,0001558370-24-002497,False,False,[],False
2024-12-31,2025-12-31,True,1878313,"MAIA Biotechnology, Inc.","[""MAIA""]","[""2834""]",10-K,2024-03-21,0000950170-24-034764,False,False,[],False
2024-12-31,2025-12-31,True,1880438,"AN2 Therapeutics, Inc.","[""ANTX""]","[""2834""]",10-K/A,2024-05-14,0000950170-24-059488,False,False,[],False
2024-12-31,2025-12-31,True,1885522,"Neumora Therapeutics, Inc.","[""NMRA""]","[""2836""]",10-K,2024-03-07,0000950170-24-027927,False,False,[],False
2024-12-31,2025-12-31,True,1885827,Virax Biolabs Group Ltd,"[""VRAX""]","[""2835""]",20-F,2024-08-20,0000950170-24-099115,False,False,[],False
2024-12-31,2025-12-31,True,1886799,Bright Green Corp,"[""BGXX""]","[""2833""]",10-K/A,2024-04-29,0001493152-24-017043,False,False,[],False
2024-12-31,2025-12-31,True,1888012,"HilleVax, Inc.","[""HLVX""]","[""2836""]",10-K,2024-03-20,0000950170-24-034166,True,True,"[""631b3d73bb55d6115a19""]",False
2024-12-31,2025-12-31,True,1888014,AKANDA CORP.,"[""AKAN""]","[""2833""]",20-F,2024-05-01,0001213900-24-038353,False,False,[],False
2024-12-31,2025-12-31,True,1888886,Structure Therapeutics Inc.,"[""GPCR""]","[""2834""]",10-K,2024-03-08,0001558370-24-002791,False,False,[],False
2024-12-31,2025-12-31,True,1889109,"BELITE BIO, INC","[""BLTE""]","[""2834""]",20-F,2024-03-12,0001104659-24-033149,False,False,[],False
2024-12-31,2025-12-31,True,1892500,Clearmind Medicine Inc.,"[""CMND""]","[""2834""]",20-F/A,2024-03-27,0001213900-24-026622,False,False,[],False
2024-12-31,2025-12-31,True,1893219,Atlantic Coastal Acquisition Corp. II,"[""ACAB"", ""ACABU"", ""ACABW""]","[""2836""]",10-K/A,2024-04-01,0001193125-24-082201,False,False,[],False
2024-12-31,2025-12-31,True,1894562,"Prime Medicine, Inc.","[""PRME""]","[""2836""]",10-K,2024-03-01,0001628280-24-008116,False,False,[],False
2024-12-31,2025-12-31,True,1896212,CONDUIT PHARMACEUTICALS INC.,"[""CDT"", ""CDTTW""]","[""2834""]",10-K,2024-04-16,0001493152-24-014889,False,False,[],False
2024-12-31,2025-12-31,True,1898416,Alvotech,"[""ALVO"", ""ALVOW""]","[""2836""]",20-F,2024-03-20,0001628280-24-012230,False,False,[],False
2024-12-31,2025-12-31,True,1904286,"MIRA PHARMACEUTICALS, INC.","[""MIRA""]","[""2834""]",10-K,2024-04-01,0001493152-24-012141,False,True,"[""fc5e2096bc92d08326d2""]",False
2024-12-31,2025-12-31,True,1906324,QuidelOrtho Corp,"[""QDEL""]","[""2835""]",10-K/A,2024-08-01,0001906324-24-000043,False,False,[],False
2024-12-31,2025-12-31,True,1907108,"Lexeo Therapeutics, Inc.","[""LXEO""]","[""2836""]",10-K,2024-03-11,0000950170-24-028941,False,False,[],False
2024-12-31,2025-12-31,True,1919246,Chromocell Therapeutics Corp,"[""CHRO""]","[""2836""]",10-K,2024-04-16,0001753926-24-000740,False,False,[],False
2024-12-31,2025-12-31,True,1920092,Gelteq Ltd,"[""GELS""]","[""2834""]",20-F,2024-11-15,0001213900-24-099131,False,False,[],False
2024-12-31,2025-12-31,True,1923840,"Third Harmonic Bio, Inc.","[""THRD""]","[""2834""]",10-K,2024-03-26,0000950170-24-036161,False,False,[],False
2024-12-31,2025-12-31,True,1933414,"Mineralys Therapeutics, Inc.","[""MLYS""]","[""2834""]",10-K,2024-03-21,0001628280-24-012358,False,False,[],False
2024-12-31,2025-12-31,True,1935979,Biohaven Ltd.,"[""BHVN""]","[""2834""]",10-K,2024-02-29,0001935979-24-000010,False,False,[],False
2024-12-31,2025-12-31,True,1936258,NewAmsterdam Pharma Co N.V.,"[""NAMS"", ""NAMSW""]","[""2834""]",20-F/A,2024-10-28,0000950170-24-117574,False,False,[],False
2024-12-31,2025-12-31,True,1937653,Zymeworks Inc.,"[""ZYME""]","[""2834""]",10-K,2024-03-06,0001937653-24-000019,False,False,[],False
2024-12-31,2025-12-31,True,1937993,"Cadrenal Therapeutics, Inc.","[""CVKD""]","[""2834""]",10-K,2024-03-11,0001213900-24-021133,False,False,[],False
2024-12-31,2025-12-31,True,1944552,Adlai Nortye Ltd.,"[""ANL""]","[""2834""]",20-F,2024-04-19,0001104659-24-049439,False,False,[],False
2024-12-31,2025-12-31,True,1944885,Apollomics Inc.,"[""APLM"", ""APLMW""]","[""2834""]",20-F,2024-03-28,0000950170-24-038107,False,False,[],False
2024-12-31,2025-12-31,True,1946399,"LakeShore Biopharma Co., Ltd.","[""LSB"", ""LSBPW""]","[""2834""]",20-F,2024-08-15,0001213900-24-069344,False,False,[],False
2024-12-31,2025-12-31,True,1946563,"60 DEGREES PHARMACEUTICALS, INC.","[""SXTP"", ""SXTPW""]","[""2834""]",10-K,2024-04-01,0001213900-24-028577,False,False,[],False
2024-12-31,2025-12-31,True,1953530,Oculis Holding AG,"[""OCS"", ""OCSAW""]","[""2834""]",20-F,2024-03-19,0000950170-24-033144,False,False,[],False
2024-12-31,2025-12-31,True,1956827,Abivax S.A.,"[""ABVX""]","[""2834""]",20-F,2024-04-05,0001956827-24-000007,False,False,[],False
2024-12-31,2025-12-31,True,1958777,"FibroBiologics, Inc.","[""FBLG""]","[""2834""]",10-K,2024-02-29,0001493152-24-008361,False,False,[],False
2024-12-31,2025-12-31,True,1962738,"CASI Pharmaceuticals, Inc.","[""CASI""]","[""2834""]",20-F,2024-03-28,0001558370-24-004190,False,False,[],False
2024-12-31,2025-12-31,True,1962918,"ACELYRIN, Inc.","[""SLRN""]","[""2834""]",10-K,2024-03-28,0001962918-24-000032,False,True,"[""f2cff96d6e6db5cf4bbb""]",False
2024-12-31,2025-12-31,True,1966494,"CARGO Therapeutics, Inc.","[""CRGX""]","[""2836""]",10-K,2024-03-21,0000950170-24-034730,True,True,"[""b0cfeaaf98cf870f8df3""]",False
2024-12-31,2025-12-31,True,1971532,"Telomir Pharmaceuticals, Inc.","[""TELO""]","[""2834""]",10-K,2024-03-29,0001493152-24-012049,False,False,[],False
2024-12-31,2025-12-31,True,1971543,Mural Oncology plc,"[""MURA""]","[""2834""]",10-K,2024-03-26,0000950170-24-036484,False,True,"[""e719f5d728c6c530255a""]",False
2024-12-31,2025-12-31,True,1974640,"Apogee Therapeutics, Inc.","[""APGE""]","[""2836""]",10-K,2024-03-05,0001558370-24-002406,False,False,[],False
2024-12-31,2025-12-31,True,1980845,enGene Holdings Inc.,"[""ENGN"", ""ENGNW""]","[""2836""]",10-K,2024-12-19,0000950170-24-138472,False,False,[],False
2024-12-31,2025-12-31,True,1985062,PSYENCE BIOMEDICAL LTD.,"[""PBM"", ""PBMWW""]","[""2834""]",20-F,2024-07-29,0001410578-24-001112,False,False,[],False
2024-12-31,2025-12-31,True,1991792,"CG Oncology, Inc.","[""CGON""]","[""2836""]",10-K,2024-03-26,0000950170-24-036143,False,False,[],False
2024-12-31,2025-12-31,True,1994702,"Kyverna Therapeutics, Inc.","[""KYTX""]","[""2836""]",10-K,2024-03-26,0000950170-24-036481,False,False,[],False
2024-12-31,2025-12-31,True,1999480,"Alto Neuroscience, Inc.","[""ANRO""]","[""2834""]",10-K,2024-03-21,0001999480-24-000010,False,False,[],False
2025-12-31,2026-12-31,False,1800,ABBOTT LABORATORIES,"[""ABT""]","[""2834""]",10-K,2025-02-21,0001628280-25-007110,False,False,[],False
2025-12-31,2026-12-31,False,14272,BRISTOL MYERS SQUIBB CO,"[""BMY"", ""BMYMP"", ""CELG-RI""]","[""2834""]",10-K,2025-02-12,0000014272-25-000039,False,False,[],False
2025-12-31,2026-12-31,False,25743,"TherapeuticsMD, Inc.","[""TXMD""]","[""2834""]",10-K/A,2025-04-30,0001213900-25-037713,False,False,[],False
2025-12-31,2026-12-31,False,34956,"TENAX THERAPEUTICS, INC.","[""TENX""]","[""2834""]",10-K,2025-03-25,0000950170-25-044398,False,False,[],False
2025-12-31,2026-12-31,False,59478,ELI LILLY & Co,"[""LLY""]","[""2834""]",10-K,2025-02-19,0000059478-25-000067,False,False,[],False
2025-12-31,2026-12-31,False,70487,NATIONAL RESEARCH CORP,"[""NRC""]","[""8731""]",10-K,2025-03-17,0001437749-25-007867,False,False,[],False
2025-12-31,2026-12-31,False,72444,"Vaxart, Inc.","[""VXRT""]","[""2836""]",10-K,2025-03-20,0001437749-25-008572,False,False,[],False
2025-12-31,2026-12-31,False,73290,BIOMERICA INC,"[""BMRA""]","[""2835""]",10-K/A,2025-09-26,0001493152-25-015785,False,False,[],False
2025-12-31,2026-12-31,False,78003,PFIZER INC,"[""PFE""]","[""2834""]",10-K,2025-02-27,0000078003-25-000054,False,False,[],False
2025-12-31,2026-12-31,False,93314,VOLITIONRX LTD,"[""VNRX""]","[""2835""]",10-K,2025-03-31,0001477932-25-002231,False,False,[],False
2025-12-31,2026-12-31,False,109657,"GT Biopharma, Inc.","[""GTBP""]","[""2834""]",10-K/A,2025-04-14,0001641172-25-004563,False,False,[],False
2025-12-31,2026-12-31,False,200406,JOHNSON & JOHNSON,"[""JNJ""]","[""2834""]",10-K,2025-02-13,0000200406-25-000038,False,False,[],False
2025-12-31,2026-12-31,False,275053,NATURES SUNSHINE PRODUCTS INC,"[""NATR""]","[""2834""]",10-K,2025-03-11,0001628280-25-012082,False,False,[],False
2025-12-31,2026-12-31,False,310158,"Merck & Co., Inc.","[""MRK""]","[""2834""]",10-K,2025-02-25,0001628280-25-007732,False,False,[],False
2025-12-31,2026-12-31,False,315545,"PROVECTUS BIOPHARMACEUTICALS, INC.","[""PVCT""]","[""2834""]",10-K/A,2025-05-16,0001641172-25-011210,False,False,[],False
2025-12-31,2026-12-31,False,318154,AMGEN INC,"[""AMGN""]","[""2836""]",10-K,2025-02-14,0000318154-25-000010,False,False,[],False
2025-12-31,2026-12-31,False,318306,ABEONA THERAPEUTICS INC.,"[""ABEO""]","[""2834""]",10-K,2025-03-20,0001493152-25-010978,False,False,[],False
2025-12-31,2026-12-31,False,320017,"LISATA THERAPEUTICS, INC.","[""LSTA""]","[""2834""]",10-K,2025-02-27,0000320017-25-000011,True,True,"[""e24966bf4954cfdc0c67""]",False
2025-12-31,2026-12-31,False,715446,Anixa Biosciences Inc,"[""ANIX""]","[""2834""]",10-K,2025-01-10,0001493152-25-001787,False,False,[],False
2025-12-31,2026-12-31,False,725363,CEL SCI CORP,"[""CVM""]","[""2836""]",10-K,2025-12-29,0001654954-25-014303,False,False,[],False
2025-12-31,2026-12-31,False,748592,Eterna Therapeutics Inc.,"[""ERNA""]","[""2834""]",10-K,2025-03-12,0001493152-25-010051,False,False,[],False
2025-12-31,2026-12-31,False,749647,"Imunon, Inc.","[""IMNN""]","[""2834""]",10-K,2025-02-27,0001493152-25-008460,False,False,[],False
2025-12-31,2026-12-31,False,771856,"CHAMPIONS ONCOLOGY, INC.","[""CSBR""]","[""2836""]",10-K,2025-07-23,0001628280-25-035765,False,False,[],False
2025-12-31,2026-12-31,False,791908,XOMA Royalty Corp,"[""XOMA"", ""XOMAO"", ""XOMAP""]","[""2834""]",10-K,2025-03-17,0001558370-25-003131,False,True,"[""9df4d68b2df6a7a77625""]",False
2025-12-31,2026-12-31,False,793171,"Vitro Biopharma, Inc.",[],"[""2836""]",10-K,2025-01-28,0001493152-25-003942,False,False,[],False
2025-12-31,2026-12-31,False,811641,IMMUCELL CORP /DE/,"[""ICCC""]","[""2835""]",10-K,2025-03-28,0001013762-25-004072,False,False,[],False
2025-12-31,2026-12-31,False,812796,"SOLIGENIX, INC.","[""SNGX""]","[""2834""]",10-K,2025-03-21,0001558370-25-003459,False,False,[],False
2025-12-31,2026-12-31,False,818033,"HERON THERAPEUTICS, INC. /DE/","[""HRTX""]","[""2834""]",10-K,2025-02-27,0000950170-25-028374,False,False,[],False
2025-12-31,2026-12-31,False,818686,TEVA PHARMACEUTICAL INDUSTRIES LTD,"[""TEVA"", ""TEVJF""]","[""2834""]",10-K,2025-02-05,0001193125-25-020826,False,False,[],False
2025-12-31,2026-12-31,False,822370,"Emmaus Life Sciences, Inc.","[""EMMA""]","[""2834""]",10-K,2025-04-14,0000950170-25-053744,False,False,[],False
2025-12-31,2026-12-31,False,832489,"GeoVax Labs, Inc.","[""GOVX"", ""GOVXW""]","[""2834""]",10-K,2025-03-27,0001437749-25-009614,False,False,[],False
2025-12-31,2026-12-31,False,849146,Lifevantage Corp,"[""LFVN""]","[""2834""]",10-K,2025-09-04,0000849146-25-000068,False,False,[],False
2025-12-31,2026-12-31,False,863894,VERU INC.,"[""VERU""]","[""2834""]",10-K,2025-12-17,0001437749-25-038089,False,False,[],False
2025-12-31,2026-12-31,False,873303,"Sarepta Therapeutics, Inc.","[""SRPT""]","[""2834""]",10-K,2025-02-28,0000950170-25-029973,False,False,[],False
2025-12-31,2026-12-31,False,876343,"Lineage Cell Therapeutics, Inc.","[""LCTX""]","[""2836""]",10-K,2025-03-10,0000950170-25-036309,False,False,[],False
2025-12-31,2026-12-31,False,879169,INCYTE CORP,"[""INCY""]","[""8731""]",10-K,2025-02-10,0001628280-25-004633,False,False,[],False
2025-12-31,2026-12-31,False,879407,"ARROWHEAD PHARMACEUTICALS, INC.","[""ARWR""]","[""2834""]",10-K,2025-11-25,0000879407-25-000029,False,False,[],False
2025-12-31,2026-12-31,False,882361,Aptose Biosciences Inc.,"[""APTO""]","[""2836""]",10-K,2025-03-28,0000950170-25-046366,False,True,"[""fd1596557c67937e242c""]",False
2025-12-31,2026-12-31,False,885590,Bausch Health Companies Inc.,"[""BHC""]","[""2834""]",10-K,2025-02-20,0000885590-25-000007,False,False,[],False
2025-12-31,2026-12-31,False,886163,LIGAND PHARMACEUTICALS INC,"[""LGND"", ""LGNDZ"", ""LGNXZ"", ""LGNYZ"", ""LGNZZ""]","[""2834""]",10-K,2025-02-28,0000886163-25-000012,False,False,[],False
2025-12-31,2026-12-31,False,887359,Vericel Corp,"[""VCEL""]","[""2836""]",10-K,2025-02-27,0001628280-25-008447,False,False,[],False
2025-12-31,2026-12-31,False,890821,"Enveric Biosciences, Inc.","[""ENVB""]","[""2834""]",10-K,2025-03-28,0001641172-25-001296,False,False,[],False
2025-12-31,2026-12-31,False,894158,"Theriva Biologics, Inc.","[""TOVX""]","[""2834""]",10-K,2025-03-06,0001410578-25-000285,False,False,[],False
2025-12-31,2026-12-31,False,896264,USANA HEALTH SCIENCES INC,"[""USNA""]","[""2833""]",10-K,2025-03-12,0000896264-25-000092,False,False,[],False
2025-12-31,2026-12-31,False,901832,ASTRAZENECA PLC,"[""AZN"", ""AZNCF""]","[""2834""]",20-F,2025-02-18,0001104659-25-014750,False,False,[],False
2025-12-31,2026-12-31,False,911216,PALATIN TECHNOLOGIES INC,"[""PTNT"", ""PTNTD""]","[""2834""]",10-K,2025-09-23,0001654954-25-011030,False,False,[],False
2025-12-31,2026-12-31,False,921114,"Armata Pharmaceuticals, Inc.","[""ARMP""]","[""2836""]",10-K,2025-03-21,0001558370-25-003406,False,False,[],False
2025-12-31,2026-12-31,False,921299,FIBROGEN INC,"[""FGEN""]","[""2834""]",10-K,2025-03-17,0000950170-25-040280,False,False,[],False
2025-12-31,2026-12-31,False,925741,"BioCardia, Inc.","[""BCDA""]","[""2836""]",10-K,2025-03-26,0001437749-25-009397,False,False,[],False
2025-12-31,2026-12-31,False,926617,Aspira Women's Health Inc.,"[""AWH""]","[""2835""]",10-K,2025-03-27,0001641172-25-000983,False,False,[],False
2025-12-31,2026-12-31,False,926844,Fuss Brands Corp.,"[""FBDS""]","[""2834""]",10-K,2025-02-11,0001829126-25-000871,False,False,[],False
2025-12-31,2026-12-31,False,944809,"OPKO HEALTH, INC.","[""OPK""]","[""2834""]",10-K/A,2025-03-21,0001437749-25-008774,False,False,[],False
2025-12-31,2026-12-31,False,946486,WINDTREE THERAPEUTICS INC /DE/,"[""WINT"", ""WINTW""]","[""2836""]",10-K,2025-04-15,0001437749-25-012093,False,False,[],False
2025-12-31,2026-12-31,False,946644,AIM ImmunoTech Inc.,"[""AIM""]","[""2836""]",10-K,2025-03-27,0001641172-25-000847,False,False,[],False
2025-12-31,2026-12-31,False,1001316,"TG THERAPEUTICS, INC.","[""TGTX""]","[""2834""]",10-K,2025-03-03,0001437749-25-005908,False,False,[],False
2025-12-31,2026-12-31,False,1006281,"Protalix BioTherapeutics, Inc.","[""PLX""]","[""2836""]",10-K,2025-03-17,0001558370-25-003039,False,False,[],False
2025-12-31,2026-12-31,False,1010086,SIGA TECHNOLOGIES INC,"[""SIGA""]","[""2834""]",10-K,2025-03-11,0001437749-25-007056,False,False,[],False
2025-12-31,2026-12-31,False,1014763,"Ainos, Inc.","[""AIMD"", ""AIMDW""]","[""2834""]",10-K,2025-03-07,0001493152-25-009568,False,False,[],False
2025-12-31,2026-12-31,False,1015820,QIAGEN N.V.,"[""QGEN""]","[""2836""]",20-F,2025-03-31,0001015820-25-000027,False,False,[],False
2025-12-31,2026-12-31,False,1016504,INTEGRATED BIOPHARMA INC,"[""INBP""]","[""2834""]",10-K,2025-09-23,0001437749-25-029711,False,False,[],False
2025-12-31,2026-12-31,False,1018735,NYMOX PHARMACEUTICAL CORP,"[""NYMXF""]","[""2835""]",20-F,2025-06-03,0001640334-25-000972,False,False,[],False
2025-12-31,2026-12-31,False,1022899,"Protagenic Therapeutics, Inc.\new","[""PTIX"", ""PTIXW""]","[""2834""]",10-K,2025-03-31,0001641172-25-001600,False,False,[],False
2025-12-31,2026-12-31,False,1023024,ANI PHARMACEUTICALS INC,"[""ANIP""]","[""2834""]",10-K,2025-02-28,0001023024-25-000015,False,False,[],False
2025-12-31,2026-12-31,False,1023549,XTL BIOPHARMACEUTICALS LTD,"[""XTLB""]","[""2834""]",20-F,2025-04-30,0001213900-25-037590,False,False,[],False
2025-12-31,2026-12-31,False,1029142,DYNAVAX TECHNOLOGIES CORP,"[""DVAX""]","[""2834""]",10-K,2025-02-20,0001029142-25-000049,True,True,"[""472c192f82ed22a9e513""]",False
2025-12-31,2026-12-31,False,1042418,"Inhibitor Therapeutics, Inc.","[""INTI""]","[""2834""]",10-K,2025-03-28,0001641172-25-001190,False,False,[],False
2025-12-31,2026-12-31,False,1053369,ELITE PHARMACEUTICALS INC /NV/,"[""ELTP""]","[""2834""]",10-K,2025-06-30,0001641172-25-017134,False,False,[],False
2025-12-31,2026-12-31,False,1053691,CervoMed Inc.,"[""CRVO""]","[""2834""]",10-K,2025-03-17,0001437749-25-007829,False,False,[],False
2025-12-31,2026-12-31,False,1055726,"INOVIO PHARMACEUTICALS, INC.","[""INO""]","[""2834""]",10-K,2025-03-18,0001055726-25-000012,False,False,[],False
2025-12-31,2026-12-31,False,1069530,CASSAVA SCIENCES INC,"[""SAVA""]","[""2834""]",10-K,2025-03-03,0001437749-25-005919,False,False,[],False
2025-12-31,2026-12-31,False,1069899,PHIBRO ANIMAL HEALTH CORP,"[""PAHC""]","[""2834""]",10-K,2025-08-27,0001558370-25-011776,False,False,[],False
2025-12-31,2026-12-31,False,1070081,"PTC THERAPEUTICS, INC.","[""PTCT""]","[""2834""]",10-K,2025-02-27,0001070081-25-000012,False,False,[],False
2025-12-31,2026-12-31,False,1072379,NORTHWEST BIOTHERAPEUTICS INC,"[""NWBO""]","[""2834""]",10-K,2025-03-31,0001410578-25-000598,False,False,[],False
2025-12-31,2026-12-31,False,1087294,CUMBERLAND PHARMACEUTICALS INC,"[""CPIX""]","[""2834""]",10-K,2025-03-07,0001628280-25-011366,False,True,"[""854db0541f8d3e817c5c""]",False
2025-12-31,2026-12-31,False,1094038,"Marker Therapeutics, Inc.","[""MRKR""]","[""2834""]",10-K,2025-03-31,0001410578-25-000549,False,False,[],False
2025-12-31,2026-12-31,False,1095435,PORTAGE BIOTECH INC.,"[""PRTG""]","[""2834""]",20-F,2025-07-25,0001171843-25-004718,False,False,[],False
2025-12-31,2026-12-31,False,1100682,"CHARLES RIVER LABORATORIES INTERNATIONAL, INC.","[""CRL""]","[""8731""]",10-K,2025-02-19,0001100682-25-000011,False,False,[],False
2025-12-31,2026-12-31,False,1101026,"Zivo Bioscience, Inc.","[""ZIVO"", ""ZIVOW""]","[""2836""]",10-K,2025-03-18,0001654954-25-002948,False,False,[],False
2025-12-31,2026-12-31,False,1106644,"CHINA PHARMA HOLDINGS, INC.","[""CPHI""]","[""2834""]",10-K,2025-03-31,0001213900-25-026280,False,False,[],False
2025-12-31,2026-12-31,False,1107421,"Alaunos Therapeutics, Inc.","[""TCRT""]","[""2834""]",10-K/A,2025-04-30,0000950170-25-061207,False,False,[],False
2025-12-31,2026-12-31,False,1113423,COSCIENS Biopharma Inc.,"[""CSCI""]","[""2834""]",20-F,2025-04-09,0001641172-25-003456,False,False,[],False
2025-12-31,2026-12-31,False,1114448,NOVARTIS AG,"[""NVS"", ""NVSEF""]","[""2834""]",20-F,2025-01-31,0001370368-25-000004,False,False,[],False
2025-12-31,2026-12-31,False,1121404,Sanofi,"[""SNY"", ""SNYNF""]","[""2834""]",20-F,2025-02-13,0001121404-25-000010,False,False,[],False
2025-12-31,2026-12-31,False,1124524,"Cryoport, Inc.","[""CYRX""]","[""2834""]",10-K,2025-03-07,0001558370-25-002509,False,False,[],False
2025-12-31,2026-12-31,False,1125345,MACROGENICS INC,"[""MGNX""]","[""2834""]",10-K,2025-03-20,0001125345-25-000042,False,False,[],False
2025-12-31,2026-12-31,False,1129928,ONCOLYTICS BIOTECH INC,"[""ONCY""]","[""2834""]",20-F,2025-03-07,0001129928-25-000019,False,False,[],False
2025-12-31,2026-12-31,False,1130598,"Traws Pharma, Inc.","[""TRAW""]","[""2834""]",10-K/A,2025-04-30,0001558370-25-006013,False,False,[],False
2025-12-31,2026-12-31,False,1131399,GSK plc,"[""GSK"", ""GLAXF""]","[""2834""]",20-F,2025-03-03,0001131399-25-000007,False,False,[],False
2025-12-31,2026-12-31,False,1133416,GALECTIN THERAPEUTICS INC,"[""GALT""]","[""2834""]",10-K,2025-03-31,0001140361-25-011169,False,False,[],False
2025-12-31,2026-12-31,False,1133519,MEDICURE INC,"[""MCUJF""]","[""2834""]",20-F,2025-04-25,0001654954-25-004655,False,False,[],False
2025-12-31,2026-12-31,False,1133818,"BIO-PATH HOLDINGS, INC.","[""BPTH""]","[""2834""]",10-K,2025-03-27,0001558370-25-003837,False,False,[],False
2025-12-31,2026-12-31,False,1133869,"CAPRICOR THERAPEUTICS, INC.","[""CAPR""]","[""2834""]",10-K,2025-03-26,0001558370-25-003707,False,False,[],False
2025-12-31,2026-12-31,False,1134765,"Charlie's Holdings, Inc.","[""CHUC""]","[""2833""]",10-K,2025-05-29,0001437749-25-018798,False,False,[],False
2025-12-31,2026-12-31,False,1135951,DR REDDYS LABORATORIES LTD,"[""RDY""]","[""2834""]",20-F,2025-06-06,0001575872-25-000393,False,False,[],False
2025-12-31,2026-12-31,False,1137883,BRAINSTORM CELL THERAPEUTICS INC.,"[""BCLI""]","[""2836""]",10-K,2025-03-31,0001410578-25-000545,False,False,[],False
2025-12-31,2026-12-31,False,1157075,"PharmaCyte Biotech, Inc.","[""PMCB""]","[""2836""]",10-K,2025-08-11,0001683168-25-005821,False,False,[],False
2025-12-31,2026-12-31,False,1157601,"MADRIGAL PHARMACEUTICALS, INC.","[""MDGL""]","[""2834""]",10-K,2025-02-26,0001628280-25-007980,False,False,[],False
2025-12-31,2026-12-31,False,1158780,Pluri Inc.,"[""PLUR""]","[""2836""]",10-K,2025-09-17,0001213900-25-088578,False,False,[],False
2025-12-31,2026-12-31,False,1159036,"HALOZYME THERAPEUTICS, INC.","[""HALO""]","[""2836""]",10-K,2025-02-18,0001159036-25-000010,False,False,[],False
2025-12-31,2026-12-31,False,1160308,Savara Inc,"[""SVRA""]","[""2834""]",10-K/A,2025-04-25,0000950170-25-058690,False,False,[],False
2025-12-31,2026-12-31,False,1173313,"ABVC BIOPHARMA, INC.","[""ABVC""]","[""2834""]",10-K,2025-04-15,0001213900-25-032118,False,False,[],False
2025-12-31,2026-12-31,False,1174940,ORAGENICS INC,"[""OGEN""]","[""2834""]",10-K,2025-03-14,0001493152-25-010389,False,False,[],False
2025-12-31,2026-12-31,False,1176309,ORAMED PHARMACEUTICALS INC.,"[""ORMP""]","[""2834""]",10-K/A,2025-07-16,0001213900-25-064678,False,False,[],False
2025-12-31,2026-12-31,False,1177648,ENANTA PHARMACEUTICALS INC,"[""ENTA""]","[""2834""]",10-K,2025-11-19,0001193125-25-288121,False,False,[],False
2025-12-31,2026-12-31,False,1178253,SCYNEXIS INC,"[""SCYX""]","[""2834""]",10-K,2025-03-12,0000950170-25-038044,False,False,[],False
2025-12-31,2026-12-31,False,1178670,"ALNYLAM PHARMACEUTICALS, INC.","[""ALNY""]","[""2834""]",10-K,2025-02-13,0001178670-25-000026,False,False,[],False
2025-12-31,2026-12-31,False,1178879,"AMICUS THERAPEUTICS, INC.","[""FOLD""]","[""2834""]",10-K,2025-02-19,0001178879-25-000003,False,True,"[""51fbdd234210efd14bd7""]",False
2025-12-31,2026-12-31,False,1187953,"CREATIVE MEDICAL TECHNOLOGY HOLDINGS, INC.","[""CELZ""]","[""2836""]",10-K/A,2025-04-25,0001477932-25-002984,False,False,[],False
2025-12-31,2026-12-31,False,1191070,Neuphoria Therapeutics Inc.,"[""NEUP""]","[""2834""]",10-K,2025-09-29,0001193125-25-223338,False,False,[],False
2025-12-31,2026-12-31,False,1205922,"VACCINEX, INC.","[""VCNX""]","[""2834""]",10-K,2025-04-15,0000950170-25-054318,False,False,[],False
2025-12-31,2026-12-31,False,1211583,FENNEC PHARMACEUTICALS INC.,"[""FENC""]","[""2836""]",10-K,2025-03-26,0001558370-25-003710,False,False,[],False
2025-12-31,2026-12-31,False,1213037,"Cardiff Oncology, Inc.","[""CRDF""]","[""2836""]",10-K,2025-02-27,0000950170-25-028992,False,False,[],False
2025-12-31,2026-12-31,False,1213809,DYADIC INTERNATIONAL INC,"[""DYAI""]","[""2836""]",10-K,2025-03-26,0001437749-25-009350,False,False,[],False
2025-12-31,2026-12-31,False,1226616,MEDICINOVA INC,"[""MNOV""]","[""2834""]",10-K,2025-02-19,0000950170-25-023301,False,False,[],False
2025-12-31,2026-12-31,False,1228627,"Opus Genetics, Inc.","[""IRD""]","[""2834""]",10-K,2025-03-31,0001140361-25-011410,False,False,[],False
2025-12-31,2026-12-31,False,1231457,GENELUX Corp,"[""GNLX""]","[""2834""]",10-K/A,2025-04-29,0001641172-25-006650,False,False,[],False
2025-12-31,2026-12-31,False,1232524,Jazz Pharmaceuticals plc,"[""JAZZ""]","[""2834""]",10-K/A,2025-04-25,0001232524-25-000014,False,False,[],False
2025-12-31,2026-12-31,False,1253689,GLYCOMIMETICS INC,"[""GLYC""]","[""2834""]",10-K,2025-02-13,0001558370-25-000948,False,False,[],False
2025-12-31,2026-12-31,False,1262104,"Lite Strategy, Inc.","[""LITS""]","[""2834""]",10-K,2025-09-26,0001193125-25-220421,False,False,[],False
2025-12-31,2026-12-31,False,1267565,"COLLEGIUM PHARMACEUTICAL, INC","[""COLL""]","[""2834""]",10-K,2025-02-27,0001558370-25-001801,False,False,[],False
2025-12-31,2026-12-31,False,1279704,"Cellectar Biosciences, Inc.","[""CLRB""]","[""2834""]",10-K,2025-03-13,0001410578-25-000329,False,False,[],False
2025-12-31,2026-12-31,False,1280776,"IMMUNIC, INC.","[""IMUX""]","[""2834""]",10-K,2025-03-31,0001280776-25-000005,False,False,[],False
2025-12-31,2026-12-31,False,1281895,"ROCKET PHARMACEUTICALS, INC.","[""RCKT"", ""RCKTW""]","[""2834""]",10-K,2025-02-27,0000950170-25-029002,False,False,[],False
2025-12-31,2026-12-31,False,1285819,OMEROS CORP,"[""OMER""]","[""2834""]",10-K/A,2025-04-30,0001437749-25-013902,False,False,[],False
2025-12-31,2026-12-31,False,1287098,"MAXCYTE, INC.","[""MXCT""]","[""8731""]",10-K,2025-03-11,0001558370-25-002721,False,False,[],False
2025-12-31,2026-12-31,False,1295947,Prestige Consumer Healthcare Inc.,"[""PBH""]","[""2834""]",10-K,2025-05-09,0001295947-25-000017,False,False,[],False
2025-12-31,2026-12-31,False,1297184,"Amphastar Pharmaceuticals, Inc.","[""AMPH""]","[""2834""]",10-K,2025-03-03,0001297184-25-000008,False,False,[],False
2025-12-31,2026-12-31,False,1310630,China Foods Holdings Ltd.,"[""CFOO""]","[""2833""]",10-K,2025-04-14,0001641172-25-003945,False,False,[],False
2025-12-31,2026-12-31,False,1314052,ANAVEX LIFE SCIENCES CORP.,"[""AVXL""]","[""2836""]",10-K,2025-11-25,0001731122-25-001596,False,False,[],False
2025-12-31,2026-12-31,False,1321834,"TNF Pharmaceuticals, Inc.","[""TNFA""]","[""2835""]",10-K,2025-04-11,0001641172-25-003814,False,False,[],False
2025-12-31,2026-12-31,False,1326110,"ImmunityBio, Inc.","[""IBRX""]","[""2836""]",10-K,2025-03-03,0001326110-25-000033,False,False,[],False
2025-12-31,2026-12-31,False,1326190,"Altimmune, Inc.","[""ALT""]","[""2834""]",10-K,2025-02-27,0001326190-25-000015,False,False,[],False
2025-12-31,2026-12-31,False,1326205,"IGC Pharma, Inc.","[""IGC""]","[""2834""]",10-K,2025-06-27,0001185185-25-000706,False,False,[],False
2025-12-31,2026-12-31,False,1326732,Xencor Inc,"[""XNCR""]","[""2834""]",10-K,2025-02-27,0001326732-25-000029,False,False,[],False
2025-12-31,2026-12-31,False,1335105,"LIXTE BIOTECHNOLOGY HOLDINGS, INC.","[""LIXT"", ""LIXTW""]","[""2834""]",10-K,2025-03-24,0001641172-25-000208,False,False,[],False
2025-12-31,2026-12-31,False,1339970,aTYR PHARMA INC,"[""ATYR""]","[""2836""]",10-K,2025-03-13,0000950170-25-038888,False,False,[],False
2025-12-31,2026-12-31,False,1341235,"Aldeyra Therapeutics, Inc.","[""ALDX""]","[""2834""]",10-K/A,2025-03-28,0000950170-25-046946,False,False,[],False
2025-12-31,2026-12-31,False,1345099,MESOBLAST LTD,"[""MESO"", ""MEOBF""]","[""2836""]",20-F,2025-08-29,0001345099-25-000067,False,False,[],False
2025-12-31,2026-12-31,False,1346830,"Cara Therapeutics, Inc.","[""CARA""]","[""2834""]",10-K,2025-03-11,0001558370-25-002705,False,False,[],False
2025-12-31,2026-12-31,False,1347178,Vanda Pharmaceuticals Inc.,"[""VNDA""]","[""2834""]",10-K,2025-02-14,0001628280-25-005761,False,False,[],False
2025-12-31,2026-12-31,False,1347242,LIPELLA PHARMACEUTICALS INC.,"[""LIPO""]","[""2834""]",10-K,2025-03-28,0001753926-25-000507,False,False,[],False
2025-12-31,2026-12-31,False,1348362,Lexaria Bioscience Corp.,"[""LEXX"", ""LEXXW""]","[""2834""]",10-K,2025-11-28,0001640334-25-002225,False,False,[],False
2025-12-31,2026-12-31,False,1348911,"KalVista Pharmaceuticals, Inc.","[""KALV""]","[""2834""]",10-K,2025-07-10,0000950170-25-095011,True,True,"[""3f0901d89997ff58c05d""]",False
2025-12-31,2026-12-31,False,1356090,"PRECIGEN, INC.","[""PGEN""]","[""2834""]",10-K/A,2025-04-28,0001356090-25-000011,False,False,[],False
2025-12-31,2026-12-31,False,1356576,"SUPERNUS PHARMACEUTICALS, INC.","[""SUPN""]","[""2834""]",10-K,2025-02-25,0001356576-25-000017,False,False,[],False
2025-12-31,2026-12-31,False,1357459,"PALISADE BIO, INC.","[""PALI""]","[""2836""]",10-K,2025-03-24,0000950170-25-043859,False,False,[],False
2025-12-31,2026-12-31,False,1357874,PRECISION BIOSCIENCES INC,"[""DTIL""]","[""2836""]",10-K,2025-03-26,0000950170-25-044775,False,False,[],False
2025-12-31,2026-12-31,False,1359931,"Protara Therapeutics, Inc.","[""TARA""]","[""2836""]",10-K,2025-03-05,0001213900-25-020368,False,False,[],False
2025-12-31,2026-12-31,False,1360214,"HARROW, INC.","[""HROW"", ""HROWL"", ""HROWM""]","[""2834""]",10-K,2025-03-27,0001641172-25-000925,False,False,[],False
2025-12-31,2026-12-31,False,1367644,Emergent BioSolutions Inc.,"[""EBS""]","[""2834""]",10-K,2025-03-04,0001367644-25-000021,False,False,[],False
2025-12-31,2026-12-31,False,1368514,"ADMA BIOLOGICS, INC.","[""ADMA""]","[""2836""]",10-K,2025-03-18,0001140361-25-009257,False,False,[],False
2025-12-31,2026-12-31,False,1369568,"CATALYST PHARMACEUTICALS, INC.","[""CPRX""]","[""2834""]",10-K,2025-02-26,0000950170-25-027714,False,True,"[""d2f55bb6a13f57f69f44""]",False
2025-12-31,2026-12-31,False,1370053,"ANAPTYSBIO, INC","[""ANAB""]","[""2834""]",10-K,2025-02-27,0001370053-25-000024,False,False,[],False
2025-12-31,2026-12-31,False,1372299,"Ocugen, Inc.","[""OCGN""]","[""2836""]",10-K,2025-03-05,0001628280-25-010271,False,False,[],False
2025-12-31,2026-12-31,False,1372514,KIORA PHARMACEUTICALS INC,"[""KPRX"", ""KPHMW""]","[""2834""]",10-K,2025-03-25,0001372514-25-000012,False,False,[],False
2025-12-31,2026-12-31,False,1374328,"FITLIFE BRANDS, INC.","[""FTLF""]","[""2833""]",10-K/A,2025-04-29,0001437749-25-013385,False,False,[],False
2025-12-31,2026-12-31,False,1374339,ProMIS Neurosciences Inc.,"[""PMN""]","[""2834""]",10-K,2025-03-31,0001558370-25-004068,False,False,[],False
2025-12-31,2026-12-31,False,1374690,"Larimar Therapeutics, Inc.","[""LRMR""]","[""2834""]",10-K,2025-03-24,0000950170-25-043925,False,False,[],False
2025-12-31,2026-12-31,False,1377121,"Protagonist Therapeutics, Inc","[""PTGX""]","[""2834""]",10-K,2025-02-21,0001558370-25-001317,False,False,[],False
2025-12-31,2026-12-31,False,1379006,"NANOVIRICIDES, INC.","[""NNVC""]","[""2834""]",10-K,2025-09-29,0001104659-25-094527,False,False,[],False
2025-12-31,2026-12-31,False,1382101,"SUTRO BIOPHARMA, INC.","[""STRO""]","[""2836""]",10-K,2025-03-13,0000950170-25-038884,False,False,[],False
2025-12-31,2026-12-31,False,1382574,"Scienture Holdings, Inc.","[""SCNX""]","[""2834""]",10-K,2025-03-26,0001641172-25-000657,False,False,[],False
2025-12-31,2026-12-31,False,1385818,"AYTU BIOPHARMA, INC","[""AYTU""]","[""2834""]",10-K,2025-09-23,0001437749-25-029723,False,False,[],False
2025-12-31,2026-12-31,False,1386570,ChromaDex Corp.,"[""CDXC""]","[""2833""]",10-K,2025-03-04,0001628280-25-009774,False,False,[],False
2025-12-31,2026-12-31,False,1388320,"Actinium Pharmaceuticals, Inc.","[""ATNM""]","[""2834""]",10-K,2025-03-31,0001213900-25-026371,False,False,[],False
2025-12-31,2026-12-31,False,1389545,"NovaBay Pharmaceuticals, Inc.","[""NBY""]","[""2834""]",10-K,2025-04-02,0001437749-25-010730,False,False,[],False
2025-12-31,2026-12-31,False,1390478,"SELLAS Life Sciences Group, Inc.","[""SLS""]","[""2834""]",10-K,2025-03-20,0001390478-25-000003,False,False,[],False
2025-12-31,2026-12-31,False,1393434,"OCULAR THERAPEUTIX, INC","[""OCUL""]","[""2834""]",10-K,2025-03-03,0001558370-25-002000,False,False,[],False
2025-12-31,2026-12-31,False,1395064,TAKEDA PHARMACEUTICAL CO LTD,"[""TAK"", ""TKPHF""]","[""2834""]",20-F,2025-06-25,0001395064-25-000095,False,False,[],False
2025-12-31,2026-12-31,False,1395937,Syndax Pharmaceuticals Inc,"[""SNDX""]","[""2834""]",10-K,2025-03-03,0000950170-25-030394,False,False,[],False
2025-12-31,2026-12-31,False,1396814,"Pacira BioSciences, Inc.","[""PCRX""]","[""2834""]",10-K,2025-02-27,0001396814-25-000041,False,False,[],False
2025-12-31,2026-12-31,False,1398733,"Aquestive Therapeutics, Inc.","[""AQST""]","[""2834""]",10-K,2025-03-05,0001628280-25-010506,False,False,[],False
2025-12-31,2026-12-31,False,1400118,Sagimet Biosciences Inc.,"[""SGMT""]","[""2834""]",10-K,2025-03-12,0001558370-25-002747,False,False,[],False
2025-12-31,2026-12-31,False,1401040,DiaMedica Therapeutics Inc.,"[""DMAC""]","[""2834""]",10-K,2025-03-17,0001437749-25-008018,False,False,[],False
2025-12-31,2026-12-31,False,1401667,"PUMA BIOTECHNOLOGY, INC.","[""PBYI""]","[""2834""]",10-K,2025-02-27,0001437749-25-005496,False,False,[],False
2025-12-31,2026-12-31,False,1401914,"Dare Bioscience, Inc.","[""DARE""]","[""2834""]",10-K,2025-03-31,0001401914-25-000012,False,False,[],False
2025-12-31,2026-12-31,False,1402328,Sunshine Biopharma Inc.,"[""SBFM"", ""SBFMW""]","[""2834""]",10-K,2025-04-01,0001683168-25-002184,False,False,[],False
2025-12-31,2026-12-31,False,1404281,"Eledon Pharmaceuticals, Inc.","[""ELDN""]","[""2834""]",10-K/A,2025-08-14,0001193125-25-180865,False,False,[],False
2025-12-31,2026-12-31,False,1404644,Neurogene Inc.,"[""NGNE""]","[""2834""]",10-K,2025-03-24,0001404644-25-000012,False,False,[],False
2025-12-31,2026-12-31,False,1408443,Milestone Pharmaceuticals Inc.,"[""MIST""]","[""2834""]",10-K,2025-03-13,0001558370-25-002849,False,False,[],False
2025-12-31,2026-12-31,False,1410098,CorMedix Inc.,"[""CRMD""]","[""2834""]",10-K,2025-03-25,0001013762-25-001852,False,False,[],False
2025-12-31,2026-12-31,False,1411685,"Vistagen Therapeutics, Inc.","[""VTGN""]","[""2834""]",10-K,2025-06-17,0001411685-25-000041,False,False,[],False
2025-12-31,2026-12-31,False,1412486,"Cocrystal Pharma, Inc.","[""COCP""]","[""2834""]",10-K,2025-03-31,0001641172-25-001496,False,False,[],False
2025-12-31,2026-12-31,False,1412558,Evotec SE,"[""EVO"", ""EVOTF""]","[""2834""]",20-F,2025-04-17,0001104659-25-035638,False,False,[],False
2025-12-31,2026-12-31,False,1419041,"Forte Biosciences, Inc.","[""FBRX""]","[""2834""]",10-K,2025-03-28,0000950170-25-046749,False,False,[],False
2025-12-31,2026-12-31,False,1420565,"Rein Therapeutics, Inc.","[""RNTX""]","[""2834""]",10-K/A,2025-04-30,0001193125-25-107666,False,False,[],False
2025-12-31,2026-12-31,False,1420720,"iBio, Inc.","[""IBIO""]","[""2834""]",10-K,2025-09-05,0001558370-25-011888,False,False,[],False
2025-12-31,2026-12-31,False,1421876,GALAPAGOS NV,"[""GLPG"", ""GLPGF""]","[""2834""]",20-F,2025-03-27,0001558370-25-003806,False,False,[],False
2025-12-31,2026-12-31,False,1422143,"Kura Oncology, Inc.","[""KURA""]","[""2834""]",10-K,2025-02-28,0000950170-25-029975,False,False,[],False
2025-12-31,2026-12-31,False,1425205,"IOVANCE BIOTHERAPEUTICS, INC.","[""IOVA""]","[""2836""]",10-K,2025-02-27,0001558370-25-001834,False,False,[],False
2025-12-31,2026-12-31,False,1426800,"ASSEMBLY BIOSCIENCES, INC.","[""ASMB""]","[""2834""]",10-K,2025-03-20,0000950170-25-042673,False,False,[],False
2025-12-31,2026-12-31,False,1427570,ReShape Lifesciences Inc.,"[""RSLS""]","[""2834""]",10-K,2025-04-04,0001558370-25-004477,False,False,[],False
2025-12-31,2026-12-31,False,1427925,"TALPHERA, INC.","[""TLPH""]","[""2834""]",10-K/A,2025-04-29,0001437749-25-013536,False,False,[],False
2025-12-31,2026-12-31,False,1429260,"Fortress Biotech, Inc.","[""FBIO"", ""FBIOP""]","[""2834""]",10-K,2025-03-31,0001558370-25-004160,False,False,[],False
2025-12-31,2026-12-31,False,1430306,Tonix Pharmaceuticals Holding Corp.,"[""TNXP""]","[""2834""]",10-K,2025-03-18,0001999371-25-002786,False,False,[],False
2025-12-31,2026-12-31,False,1434265,GENMAB A/S,"[""GMAB"", ""GNMSF""]","[""2834""]",20-F,2025-02-12,0001558370-25-000846,False,False,[],False
2025-12-31,2026-12-31,False,1434316,FATE THERAPEUTICS INC,"[""FATE""]","[""2836""]",10-K,2025-03-05,0000950170-25-033510,False,False,[],False
2025-12-31,2026-12-31,False,1434647,"ZEVRA THERAPEUTICS, INC.","[""ZVRA""]","[""2834""]",10-K,2025-03-12,0001437749-25-007320,False,False,[],False
2025-12-31,2026-12-31,False,1434868,"Esperion Therapeutics, Inc.","[""ESPR""]","[""2834""]",10-K,2025-03-07,0001628280-25-011154,False,True,"[""00b41f9c05aeefa96f33""]",False
2025-12-31,2026-12-31,False,1437402,"ARDELYX, INC.","[""ARDX""]","[""2834""]",10-K,2025-02-20,0001628280-25-006653,False,False,[],False
2025-12-31,2026-12-31,False,1438533,"Travere Therapeutics, Inc.","[""TVTX""]","[""2834""]",10-K,2025-02-21,0001438533-25-000010,False,False,[],False
2025-12-31,2026-12-31,False,1438569,Grifols SA,"[""GRFS"", ""GIFLF"", ""GIFOF"", ""GIKLY""]","[""2834""]",20-F,2025-04-11,0001104659-25-034245,False,False,[],False
2025-12-31,2026-12-31,False,1439222,"AGIOS PHARMACEUTICALS, INC.","[""AGIO""]","[""2834""]",10-K,2025-02-13,0001439222-25-000009,False,False,[],False
2025-12-31,2026-12-31,False,1444192,"Grace Therapeutics, Inc.","[""GRCE""]","[""2834""]",10-K,2025-06-23,0001140361-25-023259,False,False,[],False
2025-12-31,2026-12-31,False,1445815,"BIOXYTRAN, INC","[""BIXT""]","[""2834""]",10-K,2025-04-03,0001641172-25-002614,False,False,[],False
2025-12-31,2026-12-31,False,1446847,IRONWOOD PHARMACEUTICALS INC,"[""IRWD""]","[""2834""]",10-K,2025-03-31,0001558370-25-004072,False,False,[],False
2025-12-31,2026-12-31,False,1447028,Arbutus Biopharma Corp,"[""ABUS""]","[""2834""]",10-K,2025-03-27,0001447028-25-000083,False,False,[],False
2025-12-31,2026-12-31,False,1453593,"Xtant Medical Holdings, Inc.","[""XTNT""]","[""2836""]",10-K,2025-03-06,0001493152-25-009391,False,False,[],False
2025-12-31,2026-12-31,False,1453687,"Cartesian Therapeutics, Inc.","[""RNAC""]","[""2834""]",10-K,2025-03-13,0001453687-25-000060,False,False,[],False
2025-12-31,2026-12-31,False,1455365,COGNITION THERAPEUTICS INC,"[""CGTX""]","[""2836""]",10-K,2025-03-20,0001558370-25-003341,False,False,[],False
2025-12-31,2026-12-31,False,1460702,"Qualigen Therapeutics, Inc.","[""QLGN""]","[""2834""]",10-K,2025-06-30,0001641172-25-017212,False,False,[],False
2025-12-31,2026-12-31,False,1463361,"Unity Biotechnology, Inc.","[""UBX""]","[""2834""]",10-K/A,2025-04-11,0000950170-25-053257,False,False,[],False
2025-12-31,2026-12-31,False,1468748,Kodiak Sciences Inc.,"[""KOD""]","[""2836""]",10-K,2025-03-27,0000950170-25-046098,False,False,[],False
2025-12-31,2026-12-31,False,1472012,Immunome Inc.,"[""IMNM""]","[""2834""]",10-K,2025-03-19,0001558370-25-003302,False,False,[],False
2025-12-31,2026-12-31,False,1472091,PDS Biotechnology Corp,"[""EDGE"", ""PDSB""]","[""2834""]",10-K,2025-03-27,0001140361-25-010717,False,False,[],False
2025-12-31,2026-12-31,False,1476963,"Scorpius Holdings, Inc.","[""SCPX""]","[""2834""]",10-K,2025-04-30,0001558370-25-005986,False,False,[],False
2025-12-31,2026-12-31,False,1477845,"Annovis Bio, Inc.","[""ANVS""]","[""2834""]",10-K,2025-03-21,0001558370-25-003482,False,False,[],False
2025-12-31,2026-12-31,False,1478242,IQVIA HOLDINGS INC.,"[""IQV""]","[""8731""]",10-K,2025-02-13,0001478242-25-000045,False,False,[],False
2025-12-31,2026-12-31,False,1478320,Adaptive Biotechnologies Corp,"[""ADPT""]","[""2836""]",10-K,2025-03-03,0000950170-25-030913,False,False,[],False
2025-12-31,2026-12-31,False,1479419,"KALA BIO, Inc.","[""KALA""]","[""2834""]",10-K,2025-03-31,0001558370-25-004081,False,False,[],False
2025-12-31,2026-12-31,False,1479615,Silence Therapeutics plc,"[""SLN"", ""SLNCF""]","[""2834""]",10-K/A,2025-04-30,0000950170-25-061116,False,False,[],False
2025-12-31,2026-12-31,False,1485003,Carisma Therapeutics Inc.,"[""CARM""]","[""2834""]",10-K/A,2025-04-29,0001628280-25-020724,False,False,[],False
2025-12-31,2026-12-31,False,1488039,"ATOSSA THERAPEUTICS, INC.","[""ATOS""]","[""2834""]",10-K,2025-03-25,0000950170-25-044099,False,False,[],False
2025-12-31,2026-12-31,False,1490978,"Schrodinger, Inc.","[""SDGR""]","[""2834""]",10-K,2025-02-26,0001490978-25-000014,False,False,[],False
2025-12-31,2026-12-31,False,1492422,"Apellis Pharmaceuticals, Inc.","[""APLS""]","[""2834""]",10-K,2025-02-28,0000950170-25-029507,True,True,"[""159f4829bbd88a211f24""]",False
2025-12-31,2026-12-31,False,1497253,"VivoSim Labs, INC.","[""VIVS""]","[""2836""]",10-K/A,2025-07-29,0000950170-25-099620,False,False,[],False
2025-12-31,2026-12-31,False,1498382,"TuHURA Biosciences, Inc./NV","[""HURA""]","[""2834""]",10-K,2025-03-31,0000950170-25-047921,False,False,[],False
2025-12-31,2026-12-31,False,1498403,BioLineRx Ltd.,"[""BLRX""]","[""2834""]",20-F,2025-03-31,0001178913-25-001123,False,False,[],False
2025-12-31,2026-12-31,False,1501697,"X4 Pharmaceuticals, Inc","[""XFOR""]","[""2836""]",10-K,2025-03-26,0001628280-25-014805,False,False,[],False
2025-12-31,2026-12-31,False,1501796,"Aura Biosciences, Inc.","[""AURA""]","[""2836""]",10-K,2025-03-24,0000950170-25-043943,False,False,[],False
2025-12-31,2026-12-31,False,1501989,"CytomX Therapeutics, Inc.","[""CTMX""]","[""2834""]",10-K,2025-03-06,0000950170-25-034575,False,False,[],False
2025-12-31,2026-12-31,False,1503802,Karyopharm Therapeutics Inc.,"[""KPTI""]","[""2834""]",10-K,2025-02-19,0000950170-25-022765,False,False,[],False
2025-12-31,2026-12-31,False,1506184,IMMUTEP Ltd,"[""IMMP"", ""PRRUF""]","[""2834""]",20-F,2025-10-24,0001193125-25-249346,False,False,[],False
2025-12-31,2026-12-31,False,1506251,"Citius Pharmaceuticals, Inc.","[""CTXR""]","[""2834""]",10-K,2025-12-23,0001213900-25-125333,False,False,[],False
2025-12-31,2026-12-31,False,1509261,"Rezolute, Inc.","[""RZLT""]","[""2834""]",10-K,2025-09-17,0001104659-25-090848,False,False,[],False
2025-12-31,2026-12-31,False,1509745,"LEAP THERAPEUTICS, INC.","[""LPTX""]","[""2834""]",10-K,2025-03-26,0001410578-25-000454,False,False,[],False
2025-12-31,2026-12-31,False,1512717,Theratechnologies Inc.,"[""THTX""]","[""2834""]",20-F,2025-02-26,0001193125-25-035910,False,False,[],False
2025-12-31,2026-12-31,False,1513525,"ADIAL PHARMACEUTICALS, INC.","[""ADIL""]","[""2834""]",10-K,2025-03-04,0001213900-25-019771,False,False,[],False
2025-12-31,2026-12-31,False,1514183,"Silo Pharma, Inc.","[""SILO""]","[""2834""]",10-K,2025-03-28,0001013762-25-004139,False,False,[],False
2025-12-31,2026-12-31,False,1515673,Ultragenyx Pharmaceutical Inc.,"[""RARE""]","[""2834""]",10-K,2025-02-19,0000950170-25-023312,False,False,[],False
2025-12-31,2026-12-31,False,1516551,"Skye Bioscience, Inc.","[""SKYE""]","[""2834""]",10-K,2025-03-20,0001516551-25-000027,False,False,[],False
2025-12-31,2026-12-31,False,1517022,"Akebia Therapeutics, Inc.","[""AKBA""]","[""2834""]",10-K,2025-03-13,0001628280-25-012470,False,False,[],False
2025-12-31,2026-12-31,False,1517681,"Propanc Biopharma, Inc.","[""PPCB""]","[""2834""]",10-K,2025-09-29,0001493152-25-016069,False,False,[],False
2025-12-31,2026-12-31,False,1520262,Alkermes plc.,"[""ALKS""]","[""2834""]",10-K,2025-02-12,0000950170-25-019011,False,False,[],False
2025-12-31,2026-12-31,False,1521036,"Lantheus Holdings, Inc.","[""LNTH""]","[""2835""]",10-K,2025-02-26,0001628280-25-007970,False,False,[],False
2025-12-31,2026-12-31,False,1526119,"Verastem, Inc.","[""VSTM""]","[""2834""]",10-K,2025-03-20,0001558370-25-003372,False,False,[],False
2025-12-31,2026-12-31,False,1527599,"SYNLOGIC, INC.","[""SYBX""]","[""2834""]",10-K/A,2025-04-30,0000950170-25-060786,False,False,[],False
2025-12-31,2026-12-31,False,1527728,Lunai Bioworks Inc.,"[""RENB""]","[""2834""]",10-K,2025-09-29,0001731122-25-001316,False,False,[],False
2025-12-31,2026-12-31,False,1528115,"Annexon, Inc.","[""ANNX""]","[""2834""]",10-K,2025-03-03,0000950170-25-030849,False,False,[],False
2025-12-31,2026-12-31,False,1533040,Phio Pharmaceuticals Corp.,"[""PHIO""]","[""2834""]",10-K,2025-03-31,0001683168-25-002134,False,False,[],False
2025-12-31,2026-12-31,False,1533743,"Processa Pharmaceuticals, Inc.","[""PCSA""]","[""2834""]",10-K,2025-03-20,0001641172-25-000070,False,False,[],False
2025-12-31,2026-12-31,False,1534120,"Avalo Therapeutics, Inc.","[""AVTX""]","[""2834""]",10-K,2025-03-20,0001628280-25-013986,False,False,[],False
2025-12-31,2026-12-31,False,1534133,"CalciMedica, Inc.","[""CALC""]","[""2834""]",10-K,2025-03-27,0000950170-25-046035,False,False,[],False
2025-12-31,2026-12-31,False,1534248,Chemomab Therapeutics Ltd.,"[""CMMB""]","[""2834""]",20-F,2025-04-04,0001178913-25-001205,False,False,[],False
2025-12-31,2026-12-31,False,1534525,"Xenetic Biosciences, Inc.","[""XBIO""]","[""2834""]",10-K/A,2025-05-13,0001683168-25-003493,False,False,[],False
2025-12-31,2026-12-31,False,1535955,Lipocine Inc.,"[""LPCN""]","[""2834""]",10-K,2025-03-13,0001493152-25-010146,False,False,[],False
2025-12-31,2026-12-31,False,1536196,Can-Fite BioPharma Ltd.,"[""CANF""]","[""2834""]",20-F,2025-04-14,0001213900-25-031298,False,False,[],False
2025-12-31,2026-12-31,False,1539029,"Clearside Biomedical, Inc.","[""CLSD""]","[""2834""]",10-K,2025-03-27,0000950170-25-046134,False,False,[],False
2025-12-31,2026-12-31,False,1540159,"Edesa Biotech, Inc.","[""EDSA""]","[""2834""]",10-K,2025-12-12,0001171843-25-007914,False,False,[],False
2025-12-31,2026-12-31,False,1541157,Akari Therapeutics Plc,"[""AKTX""]","[""2834""]",10-K,2025-04-15,0000950170-25-054278,False,False,[],False
2025-12-31,2026-12-31,False,1544227,"Tempest Therapeutics, Inc.","[""TPST""]","[""2834""]",10-K/A,2025-04-30,0001193125-25-107127,False,False,[],False
2025-12-31,2026-12-31,False,1549595,"Nurix Therapeutics, Inc.","[""NRIX""]","[""2834""]",10-K,2025-01-28,0001549595-25-000016,False,False,[],False
2025-12-31,2026-12-31,False,1551152,AbbVie Inc.,"[""ABBV""]","[""2834""]",10-K,2025-02-14,0001551152-25-000020,False,False,[],False
2025-12-31,2026-12-31,False,1553643,"RELMADA THERAPEUTICS, INC.","[""RLMD""]","[""2834""]",10-K,2025-03-27,0001013762-25-003426,False,False,[],False
2025-12-31,2026-12-31,False,1553846,RedHill Biopharma Ltd.,"[""RDHL""]","[""2834""]",20-F,2025-04-10,0001558370-25-004648,False,False,[],False
2025-12-31,2026-12-31,False,1555280,Zoetis Inc.,"[""ZTS""]","[""2834""]",10-K,2025-02-13,0001555280-25-000102,False,False,[],False
2025-12-31,2026-12-31,False,1557746,"Aclaris Therapeutics, Inc.","[""ACRS""]","[""2834""]",10-K,2025-02-27,0001558370-25-001819,False,False,[],False
2025-12-31,2026-12-31,False,1558569,iSpecimen Inc.,"[""ISPC""]","[""8731""]",10-K,2025-04-14,0001213900-25-031639,False,False,[],False
2025-12-31,2026-12-31,False,1559053,PROTHENA CORP PUBLIC LTD CO,"[""PRTA""]","[""2834""]",10-K,2025-02-27,0001559053-25-000009,False,False,[],False
2025-12-31,2026-12-31,False,1562733,Synergy CHC Corp.,"[""SNYR""]","[""2833""]",10-K,2025-03-31,0001213900-25-026254,False,False,[],False
2025-12-31,2026-12-31,False,1563577,"Galera Therapeutics, Inc.","[""GRTX""]","[""2834""]",10-K,2025-03-31,0000950170-25-047798,False,False,[],False
2025-12-31,2026-12-31,False,1563880,"Trevi Therapeutics, Inc.","[""TRVI""]","[""2834""]",10-K,2025-03-18,0000950170-25-041194,False,False,[],False
2025-12-31,2026-12-31,False,1566044,VYNE Therapeutics Inc.,"[""VYNE""]","[""2834""]",10-K,2025-03-06,0001628280-25-010908,False,False,[],False
2025-12-31,2026-12-31,False,1567264,"INTENSITY THERAPEUTICS, INC.","[""INTS""]","[""2836""]",10-K,2025-03-13,0001567264-25-000010,False,False,[],False
2025-12-31,2026-12-31,False,1567529,KAMADA LTD,"[""KMDA""]","[""2834""]",20-F,2025-03-05,0001213900-25-020360,False,False,[],False
2025-12-31,2026-12-31,False,1567892,Mallinckrodt plc,[],"[""2834""]",10-K,2025-03-13,0001567892-25-000010,False,False,[],False
2025-12-31,2026-12-31,False,1570562,"Evolus, Inc.","[""EOLS""]","[""2834""]",10-K,2025-03-04,0001570562-25-000020,False,False,[],False
2025-12-31,2026-12-31,False,1571934,"Synaptogenix, Inc.","[""SNPX""]","[""2834""]",10-K,2025-03-27,0001410578-25-000518,False,False,[],False
2025-12-31,2026-12-31,False,1574094,"RenovoRx, Inc.","[""RNXT""]","[""2834""]",10-K,2025-04-01,0001641172-25-001932,False,False,[],False
2025-12-31,2026-12-31,False,1574232,Addex Therapeutics Ltd.,"[""ADXN""]","[""2834""]",20-F,2025-05-15,0001104659-25-049380,False,False,[],False
2025-12-31,2026-12-31,False,1574235,"Pulmatrix, Inc.","[""PULM""]","[""2834""]",10-K,2025-03-21,0001493152-25-011084,False,False,[],False
2025-12-31,2026-12-31,False,1576885,"Acumen Pharmaceuticals, Inc.","[""ABOS""]","[""2836""]",10-K,2025-03-27,0001576885-25-000049,False,False,[],False
2025-12-31,2026-12-31,False,1579428,"Axsome Therapeutics, Inc.","[""AXSM""]","[""2834""]",10-K,2025-02-18,0000950170-25-022457,False,False,[],False
2025-12-31,2026-12-31,False,1580149,BIOVIE INC.,"[""BIVI""]","[""2834""]",10-K,2025-08-15,0001520138-25-000268,False,False,[],False
2025-12-31,2026-12-31,False,1581178,EUPRAXIA PHARMACEUTICALS INC.,"[""EPRX""]","[""2834""]",40-F,2025-03-20,0001193125-25-059352,False,False,[],False
2025-12-31,2026-12-31,False,1581280,Twist Bioscience Corp,"[""TWST""]","[""2836""]",10-K,2025-11-17,0001581280-25-000025,False,False,[],False
2025-12-31,2026-12-31,False,1582313,Xenon Pharmaceuticals Inc.,"[""XENE""]","[""2834""]",10-K,2025-02-27,0000950170-25-029149,False,False,[],False
2025-12-31,2026-12-31,False,1582554,"Matinas BioPharma Holdings, Inc.","[""MTNB""]","[""2834""]",10-K,2025-04-15,0001641172-25-004882,False,False,[],False
2025-12-31,2026-12-31,False,1583107,"Theravance Biopharma, Inc.","[""TBPH""]","[""2834""]",10-K,2025-03-07,0001558370-25-002447,False,False,[],False
2025-12-31,2026-12-31,False,1583648,"PALVELLA THERAPEUTICS, INC.","[""PVLA""]","[""2834""]",10-K,2025-03-31,0000950170-25-047212,False,False,[],False
2025-12-31,2026-12-31,False,1583771,"Hepion Pharmaceuticals, Inc.","[""HEPA"", ""CTRVP""]","[""2834""]",10-K,2025-04-08,0001641172-25-003250,False,False,[],False
2025-12-31,2026-12-31,False,1585364,PERRIGO Co plc,"[""PRGO""]","[""2834""]",10-K,2025-02-28,0001585364-25-000014,False,False,[],False
2025-12-31,2026-12-31,False,1585608,"Jaguar Health, Inc.","[""JAGX""]","[""2834""]",10-K/A,2025-04-15,0001193125-25-081480,False,False,[],False
2025-12-31,2026-12-31,False,1590560,uniQure N.V.,"[""QURE""]","[""2834""]",10-K,2025-02-27,0001558370-25-001699,False,False,[],False
2025-12-31,2026-12-31,False,1590877,REGENXBIO Inc.,"[""RGNX""]","[""2836""]",10-K,2025-03-13,0000950170-25-038770,False,False,[],False
2025-12-31,2026-12-31,False,1593899,"Atea Pharmaceuticals, Inc.","[""AVIR""]","[""2834""]",10-K,2025-03-06,0000950170-25-034808,False,False,[],False
2025-12-31,2026-12-31,False,1593984,MediWound Ltd.,"[""MDWD""]","[""2833""]",20-F,2025-03-19,0001178913-25-000934,False,False,[],False
2025-12-31,2026-12-31,False,1595097,"Corbus Pharmaceuticals Holdings, Inc.","[""CRBP""]","[""2834""]",10-K,2025-03-11,0000950170-25-037335,False,False,[],False
2025-12-31,2026-12-31,False,1595248,"Genprex, Inc.","[""GNPX""]","[""2834""]",10-K,2025-04-01,0001437749-25-010311,False,False,[],False
2025-12-31,2026-12-31,False,1595353,Galmed Pharmaceuticals Ltd.,"[""GLMD""]","[""2834""]",20-F,2025-04-02,0001641172-25-002362,False,False,[],False
2025-12-31,2026-12-31,False,1596812,Enlivex Therapeutics Ltd.,"[""ENLV""]","[""2834""]",20-F,2025-04-30,0001213900-25-037657,False,False,[],False
2025-12-31,2026-12-31,False,1598599,Innate Pharma SA,"[""IPHA"", ""IPHYF""]","[""2836""]",20-F,2025-04-30,0001598599-25-000042,False,False,[],False
2025-12-31,2026-12-31,False,1598646,"Minerva Neurosciences, Inc.","[""NERV""]","[""2834""]",10-K/A,2025-04-29,0001193125-25-100977,False,False,[],False
2025-12-31,2026-12-31,False,1599298,Summit Therapeutics Inc.,"[""SMMT""]","[""2834""]",10-K,2025-02-24,0001599298-25-000048,False,False,[],False
2025-12-31,2026-12-31,False,1599901,"Avidity Biosciences, Inc.","[""RNA""]","[""2834""]",10-K,2025-02-27,0001599901-25-000059,False,True,"[""2044a5fe71beeb4a9ddc""]",False
2025-12-31,2026-12-31,False,1600620,Aurinia Pharmaceuticals Inc.,"[""AUPH""]","[""2834""]",10-K,2025-02-27,0001600620-25-000011,False,False,[],False
2025-12-31,2026-12-31,False,1601485,"Elicio Therapeutics, Inc.","[""ELTX""]","[""2834""]",10-K,2025-03-31,0001601485-25-000049,False,False,[],False
2025-12-31,2026-12-31,False,1601830,"RECURSION PHARMACEUTICALS, INC.","[""RXRX""]","[""2836""]",10-K,2025-02-28,0001601830-25-000035,False,False,[],False
2025-12-31,2026-12-31,False,1601936,Altamira Therapeutics Ltd.,"[""CYTOF""]","[""2834""]",20-F,2025-04-30,0001213900-25-037199,False,False,[],False
2025-12-31,2026-12-31,False,1604191,"Entero Therapeutics, Inc.","[""ENTO""]","[""2834""]",10-K/A,2025-04-09,0001410578-25-000673,False,False,[],False
2025-12-31,2026-12-31,False,1604464,"Atara Biotherapeutics, Inc.","[""ATRA""]","[""2836""]",10-K,2025-03-07,0000950170-25-035507,False,False,[],False
2025-12-31,2026-12-31,False,1607678,"Viking Therapeutics, Inc.","[""VKTX""]","[""2834""]",10-K,2025-02-26,0000950170-25-027824,False,False,[],False
2025-12-31,2026-12-31,False,1609809,"Seres Therapeutics, Inc.","[""MCRB""]","[""2834""]",10-K,2025-03-13,0000950170-25-038427,False,False,[],False
2025-12-31,2026-12-31,False,1610820,BriaCell Therapeutics Corp.,"[""BCTX"", ""BCTXW"", ""BCTXZ""]","[""2834""]",10-K,2025-10-16,0001493152-25-018212,False,False,[],False
2025-12-31,2026-12-31,False,1611747,Scinai Immunotherapeutics Ltd.,"[""SCNI""]","[""2836""]",20-F,2025-05-07,0001213900-25-040402,False,False,[],False
2025-12-31,2026-12-31,False,1612042,Ascendis Pharma A/S,"[""ASND""]","[""2834""]",20-F,2025-02-12,0000950170-25-018852,False,False,[],False
2025-12-31,2026-12-31,False,1612940,ProQR Therapeutics N.V.,"[""PRQR""]","[""2834""]",20-F,2025-03-13,0001558370-25-002851,False,False,[],False
2025-12-31,2026-12-31,False,1613780,DBV Technologies S.A.,"[""DBVT"", ""DBVTF""]","[""2836""]",10-K/A,2025-05-14,0001193125-25-119836,False,False,[],False
2025-12-31,2026-12-31,False,1614744,PURPLE BIOTECH LTD.,"[""PPBT""]","[""2834""]",20-F,2025-03-10,0001213900-25-022192,False,False,[],False
2025-12-31,2026-12-31,False,1615219,"Salarius Pharmaceuticals, Inc.","[""SLRX""]","[""2834""]",10-K,2025-03-21,0001615219-25-000037,False,False,[],False
2025-12-31,2026-12-31,False,1619856,"Caribou Biosciences, Inc.","[""CRBU""]","[""2836""]",10-K,2025-03-10,0001619856-25-000015,False,False,[],False
2025-12-31,2026-12-31,False,1620463,"Athira Pharma, Inc.","[""ATHA""]","[""2836""]",10-K,2025-02-27,0000950170-25-029069,False,False,[],False
2025-12-31,2026-12-31,False,1620737,ORGANIGRAM GLOBAL INC.,"[""OGI""]","[""2834""]",40-F,2025-12-16,0001628280-25-057233,False,False,[],False
2025-12-31,2026-12-31,False,1621221,"ARTELO BIOSCIENCES, INC.","[""ARTL"", ""ATLEW""]","[""2834""]",10-K,2025-03-03,0001640334-25-000335,False,False,[],False
2025-12-31,2026-12-31,False,1621227,Adaptimmune Therapeutics PLC,"[""ADAP""]","[""2836""]",10-K,2025-03-24,0001558370-25-003544,False,False,[],False
2025-12-31,2026-12-31,False,1622229,"Cogent Biosciences, Inc.","[""COGT""]","[""2834""]",10-K,2025-02-25,0000950170-25-026115,False,False,[],False
2025-12-31,2026-12-31,False,1623526,"Stoke Therapeutics, Inc.","[""STOK""]","[""2834""]",10-K,2025-03-18,0000950170-25-041170,False,False,[],False
2025-12-31,2026-12-31,False,1625297,INDIVIOR PLC,"[""INDV""]","[""2834""]",10-K,2025-03-03,0001625297-25-000016,False,False,[],False
2025-12-31,2026-12-31,False,1626878,XBiotech Inc.,"[""XBIT""]","[""2834""]",10-K/A,2025-04-29,0001171843-25-002595,False,False,[],False
2025-12-31,2026-12-31,False,1626971,"Corvus Pharmaceuticals, Inc.","[""CRVS""]","[""2834""]",10-K,2025-03-25,0001558370-25-003621,False,False,[],False
2025-12-31,2026-12-31,False,1627281,Cellectis S.A.,"[""CLLS""]","[""2836""]",20-F,2025-03-14,0000950170-25-039038,False,False,[],False
2025-12-31,2026-12-31,False,1628171,"Revolution Medicines, Inc.","[""RVMD"", ""RVMDW""]","[""2836""]",10-K,2025-02-26,0000950170-25-027736,False,False,[],False
2025-12-31,2026-12-31,False,1630212,Avalon GloboCare Corp.,"[""ALBT""]","[""2836""]",10-K,2025-03-31,0001213900-25-026308,False,False,[],False
2025-12-31,2026-12-31,False,1631574,Wave Life Sciences Ltd.,"[""WVE""]","[""2834""]",10-K/A,2025-04-29,0000950170-25-060301,False,False,[],False
2025-12-31,2026-12-31,False,1635088,Roivant Sciences Ltd.,"[""ROIV""]","[""2834""]",10-K,2025-05-29,0001140361-25-020715,False,False,[],False
2025-12-31,2026-12-31,False,1636282,"Spyre Therapeutics, Inc.","[""SYRE""]","[""2834""]",10-K,2025-02-27,0001636282-25-000020,False,False,[],False
2025-12-31,2026-12-31,False,1636651,Ovid Therapeutics Inc.,"[""OVID""]","[""2834""]",10-K/A,2025-04-30,0001628280-25-021055,False,False,[],False
2025-12-31,2026-12-31,False,1637715,"OnKure Therapeutics, Inc.","[""OKUR""]","[""2834""]",10-K,2025-03-10,0000950170-25-036252,False,False,[],False
2025-12-31,2026-12-31,False,1638097,Entera Bio Ltd.,"[""ENTX""]","[""2836""]",10-K,2025-03-28,0001178913-25-001112,False,False,[],False
2025-12-31,2026-12-31,False,1638287,MetaVia Inc.,"[""MTVA""]","[""2834""]",10-K,2025-03-20,0001558370-25-003386,False,False,[],False
2025-12-31,2026-12-31,False,1640266,"Voyager Therapeutics, Inc.","[""VYGR""]","[""2836""]",10-K,2025-03-11,0001558370-25-002703,False,False,[],False
2025-12-31,2026-12-31,False,1641281,"Bolt Biotherapeutics, Inc.","[""BOLT""]","[""2834""]",10-K,2025-03-24,0000950170-25-043873,False,False,[],False
2025-12-31,2026-12-31,False,1641489,vTv Therapeutics Inc.,"[""VTVT""]","[""2834""]",10-K,2025-03-20,0001641489-25-000014,False,False,[],False
2025-12-31,2026-12-31,False,1642380,Oncocyte Corp,"[""OCX""]","[""2835""]",10-K,2025-03-24,0000950170-25-043852,False,False,[],False
2025-12-31,2026-12-31,False,1643918,Biodexa Pharmaceuticals Plc,"[""BDRX""]","[""2834""]",20-F,2025-04-11,0001214659-25-005742,False,False,[],False
2025-12-31,2026-12-31,False,1644963,"AVENUE THERAPEUTICS, INC.","[""ATXI""]","[""2834""]",10-K,2025-03-31,0001437749-25-010196,False,False,[],False
2025-12-31,2026-12-31,False,1645460,"Cue Biopharma, Inc.","[""CUE""]","[""2834""]",10-K,2025-03-31,0000950170-25-047677,False,False,[],False
2025-12-31,2026-12-31,False,1645469,Monopar Therapeutics,"[""MNPR""]","[""2834""]",10-K,2025-03-31,0001437749-25-009979,False,False,[],False
2025-12-31,2026-12-31,False,1645666,"Kezar Life Sciences, Inc.","[""KZR""]","[""2834""]",10-K,2025-03-25,0001645666-25-000010,True,True,"[""288e08b1bfbfc906f3d9""]",False
2025-12-31,2026-12-31,False,1648257,HUTCHMED (China) Ltd,"[""HCM"", ""HMDCF""]","[""2834""]",20-F,2025-03-19,0001410578-25-000377,False,False,[],False
2025-12-31,2026-12-31,False,1649094,"Vaxcyte, Inc.","[""PCVX""]","[""2836""]",10-K,2025-02-25,0001649094-25-000028,False,False,[],False
2025-12-31,2026-12-31,False,1649904,"RHYTHM PHARMACEUTICALS, INC.","[""RYTM""]","[""2834""]",10-K,2025-02-28,0001558370-25-001889,False,False,[],False
2025-12-31,2026-12-31,False,1649989,"Outlook Therapeutics, Inc.","[""OTLK""]","[""2836""]",10-K,2025-12-19,0001104659-25-123264,False,False,[],False
2025-12-31,2026-12-31,False,1650648,"4D Molecular Therapeutics, Inc.","[""FDMT""]","[""2836""]",10-K,2025-02-28,0000950170-25-030056,False,False,[],False
2025-12-31,2026-12-31,False,1650664,"Editas Medicine, Inc.","[""EDIT""]","[""2836""]",10-K,2025-03-05,0001650664-25-000022,False,False,[],False
2025-12-31,2026-12-31,False,1651308,"BeiGene, Ltd.","[""ONC"", ""BEIGF""]","[""2834""]",10-K/A,2025-02-28,0001651308-25-000036,False,False,[],False
2025-12-31,2026-12-31,False,1651625,AC Immune SA,"[""ACIU""]","[""2834""]",20-F,2025-03-13,0001558370-25-002855,False,False,[],False
2025-12-31,2026-12-31,False,1652130,"Intellia Therapeutics, Inc.","[""NTLA""]","[""2835""]",10-K,2025-02-27,0000950170-25-029007,False,False,[],False
2025-12-31,2026-12-31,False,1652935,"ACTUATE THERAPEUTICS, INC.","[""ACTU""]","[""2834""]",10-K,2025-03-13,0001683168-25-001581,False,False,[],False
2025-12-31,2026-12-31,False,1653087,"Alector, Inc.","[""ALEC""]","[""2836""]",10-K,2025-02-26,0000950170-25-027758,False,False,[],False
2025-12-31,2026-12-31,False,1655759,"ARVINAS, INC.","[""ARVN""]","[""2834""]",10-K,2025-02-11,0001655759-25-000016,False,False,[],False
2025-12-31,2026-12-31,False,1655923,Alpha Cognition Inc.,"[""ACOG""]","[""2836""]",10-K,2025-03-31,0001213900-25-026225,False,False,[],False
2025-12-31,2026-12-31,False,1656472,Cronos Group Inc.,"[""CRON""]","[""2833""]",10-K,2025-02-27,0001656472-25-000014,False,False,[],False
2025-12-31,2026-12-31,False,1658247,"Crinetics Pharmaceuticals, Inc.","[""CRNX""]","[""2834""]",10-K,2025-02-27,0000950170-25-029050,False,False,[],False
2025-12-31,2026-12-31,False,1658551,"Amylyx Pharmaceuticals, Inc.","[""AMLX""]","[""2834""]",10-K,2025-03-04,0000950170-25-031309,False,False,[],False
2025-12-31,2026-12-31,False,1659323,Iterum Therapeutics plc,"[""ITRM""]","[""2834""]",10-K,2025-02-07,0000950170-25-015857,False,False,[],False
2025-12-31,2026-12-31,False,1659617,"Moleculin Biotech, Inc.","[""MBRX""]","[""2834""]",10-K/A,2025-04-30,0001437749-25-013880,False,False,[],False
2025-12-31,2026-12-31,False,1660046,Immuron Ltd,"[""IMRN""]","[""2834""]",20-F,2025-09-25,0001213900-25-091414,False,False,[],False
2025-12-31,2026-12-31,False,1660334,Verrica Pharmaceuticals Inc.,"[""VRCA""]","[""2834""]",10-K,2025-03-11,0000950170-25-037172,False,False,[],False
2025-12-31,2026-12-31,False,1661059,"NextCure, Inc.","[""NXTC""]","[""2834""]",10-K,2025-03-06,0001558370-25-002402,False,False,[],False
2025-12-31,2026-12-31,False,1661181,Organogenesis Holdings Inc.,"[""ORGO""]","[""2834""]",10-K/A,2025-04-29,0001193125-25-104050,False,False,[],False
2025-12-31,2026-12-31,False,1661998,Q32 Bio Inc.,"[""QTTB""]","[""2834""]",10-K,2025-03-11,0000950170-25-036823,False,False,[],False
2025-12-31,2026-12-31,False,1662579,"C4 Therapeutics, Inc.","[""CCCC""]","[""2836""]",10-K,2025-02-27,0001628280-25-008433,False,False,[],False
2025-12-31,2026-12-31,False,1662774,"Quince Therapeutics, Inc.","[""QNCX""]","[""2836""]",10-K,2025-03-24,0001662774-25-000012,False,False,[],False
2025-12-31,2026-12-31,False,1664710,"Keros Therapeutics, Inc.","[""KROS""]","[""2834""]",10-K,2025-02-26,0001664710-25-000018,False,False,[],False
2025-12-31,2026-12-31,False,1668243,UroGen Pharma Ltd.,"[""URGN""]","[""2834""]",10-K/A,2025-04-30,0001437749-25-013839,False,False,[],False
2025-12-31,2026-12-31,False,1668397,"Medpace Holdings, Inc.","[""MEDP""]","[""8731""]",10-K,2025-02-11,0001668397-25-000017,False,False,[],False
2025-12-31,2026-12-31,False,1671502,"Quoin Pharmaceuticals, Ltd.","[""QNRX""]","[""2834""]",10-K,2025-03-13,0001410578-25-000336,False,False,[],False
2025-12-31,2026-12-31,False,1671584,Aptevo Therapeutics Inc.,"[""APVO""]","[""2834""]",10-K,2025-02-14,0000950170-25-020467,False,False,[],False
2025-12-31,2026-12-31,False,1671858,"ARS Pharmaceuticals, Inc.","[""SPRY""]","[""2834""]",10-K,2025-03-20,0000950170-25-042320,False,False,[],False
2025-12-31,2026-12-31,False,1671927,Immunocore Holdings plc,"[""IMCR""]","[""2836""]",10-K,2025-02-26,0001671927-25-000006,False,False,[],False
2025-12-31,2026-12-31,False,1672619,"Enliven Therapeutics, Inc.","[""ELVN""]","[""2834""]",10-K,2025-03-13,0000950170-25-038758,False,False,[],False
2025-12-31,2026-12-31,False,1672688,Absci Corp,"[""ABSI""]","[""8731""]",10-K,2025-03-18,0001628280-25-013464,False,False,[],False
2025-12-31,2026-12-31,False,1673772,"RAPT Therapeutics, Inc.","[""RAPT""]","[""2834""]",10-K,2025-03-06,0000950170-25-034185,True,True,"[""f14a13bf807b159c858e""]",False
2025-12-31,2026-12-31,False,1674416,CRISPR Therapeutics AG,"[""CRSP""]","[""2836""]",10-K,2025-02-11,0000950170-25-017899,False,False,[],False
2025-12-31,2026-12-31,False,1676725,"IDEAYA Biosciences, Inc.","[""IDYA""]","[""2834""]",10-K,2025-02-18,0000950170-25-022183,False,False,[],False
2025-12-31,2026-12-31,False,1677077,"Alzamend Neuro, Inc.","[""ALZN""]","[""2834""]",10-K,2025-07-22,0001214659-25-010763,False,False,[],False
2025-12-31,2026-12-31,False,1677940,BeyondSpring Inc.,"[""BYSI""]","[""2834""]",10-K,2025-03-27,0001171843-25-001758,False,False,[],False
2025-12-31,2026-12-31,False,1678660,Prelude Therapeutics Inc,"[""PRLD""]","[""2834""]",10-K,2025-03-10,0000950170-25-035921,False,False,[],False
2025-12-31,2026-12-31,False,1679628,"JUPITER NEUROSCIENCES, INC.","[""JUNS""]","[""2834""]",10-K,2025-03-28,0001641172-25-001261,False,False,[],False
2025-12-31,2026-12-31,False,1680048,"MUSTANG BIO, INC.","[""MBIO""]","[""2834""]",10-K,2025-03-28,0001558370-25-003913,False,False,[],False
2025-12-31,2026-12-31,False,1680367,"Shattuck Labs, Inc.","[""STTK""]","[""2834""]",10-K/A,2025-05-01,0001680367-25-000028,False,False,[],False
2025-12-31,2026-12-31,False,1680581,"Fulcrum Therapeutics, Inc.","[""FULC""]","[""2834""]",10-K,2025-02-25,0000950170-25-026068,False,False,[],False
2025-12-31,2026-12-31,False,1681087,"Tectonic Therapeutic, Inc.","[""TECX""]","[""2836""]",10-K,2025-03-20,0000950170-25-042648,False,False,[],False
2025-12-31,2026-12-31,False,1682639,"EYENOVIA, INC.","[""EYEN""]","[""2834""]",10-K/A,2025-04-30,0001410578-25-001047,False,False,[],False
2025-12-31,2026-12-31,False,1682852,"Moderna, Inc.","[""MRNA""]","[""2836""]",10-K,2025-02-21,0001682852-25-000022,False,False,[],False
2025-12-31,2026-12-31,False,1683541,AURORA CANNABIS INC,"[""ACB""]","[""2833""]",40-F,2025-06-18,0001683541-25-000008,False,False,[],False
2025-12-31,2026-12-31,False,1683553,"SPRUCE BIOSCIENCES, INC.","[""SPRB""]","[""2834""]",10-K,2025-04-15,0000950170-25-053945,False,False,[],False
2025-12-31,2026-12-31,False,1684144,Zomedica Corp.,"[""ZOM"", ""ZOMDF""]","[""2834""]",10-K,2025-03-13,0001558370-25-002904,False,False,[],False
2025-12-31,2026-12-31,False,1684693,Sol-Gel Technologies Ltd.,"[""SLGL""]","[""2834""]",20-F,2025-04-29,0001178913-25-001497,False,False,[],False
2025-12-31,2026-12-31,False,1689375,"Entrada Therapeutics, Inc.","[""TRDA""]","[""2834""]",10-K,2025-02-27,0001689375-25-000011,False,False,[],False
2025-12-31,2026-12-31,False,1689548,"Praxis Precision Medicines, Inc.","[""PRAX""]","[""2834""]",10-K,2025-02-28,0001689548-25-000040,False,False,[],False
2025-12-31,2026-12-31,False,1690080,180 Life Sciences Corp.,"[""ATNF"", ""ATNFW""]","[""2834""]",10-K/A,2025-05-08,0001213900-25-041084,False,False,[],False
2025-12-31,2026-12-31,False,1690585,"Dianthus Therapeutics, Inc. /DE/","[""DNTH""]","[""2834""]",10-K,2025-03-11,0000950170-25-037131,False,False,[],False
2025-12-31,2026-12-31,False,1697862,ARGENX SE,"[""ARGX""]","[""2836""]",20-F,2025-03-20,0001697862-25-000024,False,False,[],False
2025-12-31,2026-12-31,False,1698530,"EXICURE, INC.","[""XCUR""]","[""2834""]",10-K,2025-03-18,0001698530-25-000019,False,False,[],False
2025-12-31,2026-12-31,False,1699382,"PMV Pharmaceuticals, Inc.","[""PMVP""]","[""2834""]",10-K,2025-03-03,0000950170-25-030414,False,False,[],False
2025-12-31,2026-12-31,False,1701108,"Spero Therapeutics, Inc.","[""SPRO""]","[""2834""]",10-K,2025-03-27,0000950170-25-046125,False,False,[],False
2025-12-31,2026-12-31,False,1701478,"Azitra, Inc.","[""AZTR""]","[""2834""]",10-K,2025-02-24,0001701478-25-000012,False,False,[],False
2025-12-31,2026-12-31,False,1701541,"Black Diamond Therapeutics, Inc.","[""BDTX""]","[""2836""]",10-K,2025-03-06,0001701541-25-000016,False,False,[],False
2025-12-31,2026-12-31,False,1702123,Cardiol Therapeutics Inc.,"[""CRDL""]","[""2836""]",40-F,2025-03-31,0001410578-25-000588,False,False,[],False
2025-12-31,2026-12-31,False,1703057,AbCellera Biologics Inc.,"[""ABCL""]","[""2834""]",10-K,2025-02-27,0001628280-25-008689,False,False,[],False
2025-12-31,2026-12-31,False,1703647,"Korro Bio, Inc.","[""KRRO""]","[""2834""]",10-K,2025-03-18,0000950170-25-040759,False,False,[],False
2025-12-31,2026-12-31,False,1704292,Zai Lab Ltd,"[""ZLAB""]","[""2834""]",10-K,2025-02-27,0001628280-25-008409,False,False,[],False
2025-12-31,2026-12-31,False,1706431,"Vir Biotechnology, Inc.","[""VIR""]","[""2836""]",10-K,2025-02-27,0001628280-25-008245,False,False,[],False
2025-12-31,2026-12-31,False,1707502,Solid Biosciences Inc.,"[""SLDB""]","[""2836""]",10-K,2025-03-06,0000950170-25-034644,False,False,[],False
2025-12-31,2026-12-31,False,1708331,"Virpax Pharmaceuticals, Inc.","[""VRPX""]","[""2834""]",10-K,2025-03-03,0001731122-25-000316,False,False,[],False
2025-12-31,2026-12-31,False,1708527,ELUTIA INC.,"[""ELUT""]","[""2836""]",10-K,2025-03-11,0001558370-25-002719,False,False,[],False
2025-12-31,2026-12-31,False,1708599,"Serina Therapeutics, Inc.","[""SER""]","[""2834""]",10-K,2025-03-24,0001708599-25-000027,False,False,[],False
2025-12-31,2026-12-31,False,1708688,InflaRx N.V.,"[""IFRX""]","[""2834""]",20-F,2025-03-20,0001213900-25-025292,False,False,[],False
2025-12-31,2026-12-31,False,1709626,NuCana plc,"[""NCNA""]","[""2834""]",20-F,2025-03-20,0000950170-25-042709,False,False,[],False
2025-12-31,2026-12-31,False,1709941,"BioAge Labs, Inc.","[""BIOA""]","[""2834""]",10-K,2025-03-20,0000950170-25-042759,False,False,[],False
2025-12-31,2026-12-31,False,1710072,"Edgewise Therapeutics, Inc.","[""EWTX""]","[""2834""]",10-K,2025-03-03,0001558370-25-002006,False,False,[],False
2025-12-31,2026-12-31,False,1710340,"Eton Pharmaceuticals, Inc.","[""ETON""]","[""2834""]",10-K,2025-03-18,0001437749-25-008136,False,False,[],False
2025-12-31,2026-12-31,False,1711279,"Krystal Biotech, Inc.","[""KRYS""]","[""2836""]",10-K,2025-02-19,0001711279-25-000008,False,False,[],False
2025-12-31,2026-12-31,False,1711754,"Inmune Bio, Inc.","[""INMB""]","[""2836""]",10-K,2025-03-27,0001013762-25-003354,False,False,[],False
2025-12-31,2026-12-31,False,1711786,"Hoth Therapeutics, Inc.","[""HOTH""]","[""2834""]",10-K,2025-03-28,0001013762-25-004108,False,False,[],False
2025-12-31,2026-12-31,False,1712762,"bioAffinity Technologies, Inc.","[""BIAF"", ""BIAFW""]","[""8731""]",10-K/A,2025-04-29,0001641172-25-006707,False,False,[],False
2025-12-31,2026-12-31,False,1713863,"Rafael Holdings, Inc.","[""RFL"", ""RFL-WT""]","[""2834""]",10-K,2025-10-29,0001213900-25-103549,False,False,[],False
2025-12-31,2026-12-31,False,1714899,Denali Therapeutics Inc.,"[""DNLI""]","[""2836""]",10-K,2025-02-27,0001714899-25-000066,False,False,[],False
2025-12-31,2026-12-31,False,1715925,ImmunoPrecise Antibodies Ltd.,"[""IPA""]","[""2834""]",20-F,2025-07-29,0000950170-25-099392,False,False,[],False
2025-12-31,2026-12-31,False,1716947,"Ensysce Biosciences, Inc.","[""ENSC"", ""ENSCW""]","[""2834""]",10-K,2025-03-10,0001493152-25-009703,False,False,[],False
2025-12-31,2026-12-31,False,1719406,"NRX Pharmaceuticals, Inc.","[""NRXP"", ""NRXPW""]","[""2834""]",10-K/A,2025-04-30,0001437749-25-013874,False,False,[],False
2025-12-31,2026-12-31,False,1719714,Mereo BioPharma Group plc,"[""MREO""]","[""2834""]",10-K,2025-03-26,0000950170-25-044787,False,False,[],False
2025-12-31,2026-12-31,False,1720580,"Adicet Bio, Inc.","[""ACET""]","[""2834""]",10-K,2025-03-06,0000950170-25-034587,False,False,[],False
2025-12-31,2026-12-31,False,1720893,"BioXcel Therapeutics, Inc.","[""BTAI""]","[""2834""]",10-K,2025-03-28,0001558370-25-003985,False,False,[],False
2025-12-31,2026-12-31,False,1721484,Longeveron Inc.,"[""LGVN""]","[""2834""]",10-K,2025-02-28,0000950170-25-029968,False,False,[],False
2025-12-31,2026-12-31,False,1723069,Tiziana Life Sciences Ltd,"[""TLSA""]","[""2834""]",20-F/A,2025-05-08,0001213900-25-041113,False,False,[],False
2025-12-31,2026-12-31,False,1723128,"Amneal Pharmaceuticals, Inc.","[""AMRX""]","[""2834""]",10-K,2025-02-28,0001723128-25-000012,False,True,"[""0236b887cb08df14b39c""]",False
2025-12-31,2026-12-31,False,1723464,BIOHARVEST SCIENCES INC.,"[""BHST""]","[""2834""]",40-F,2025-03-31,0001376474-25-000299,False,False,[],False
2025-12-31,2026-12-31,False,1723980,"China SXT Pharmaceuticals, Inc.","[""SXTC""]","[""2834""]",20-F,2025-07-31,0001213900-25-069688,False,False,[],False
2025-12-31,2026-12-31,False,1724521,"Arcus Biosciences, Inc.","[""RCUS""]","[""2834""]",10-K,2025-02-25,0001724521-25-000040,False,False,[],False
2025-12-31,2026-12-31,False,1725160,"Zentalis Pharmaceuticals, Inc.","[""ZNTL""]","[""2834""]",10-K,2025-03-26,0001725160-25-000067,False,False,[],False
2025-12-31,2026-12-31,False,1726711,"Aditxt, Inc.","[""ADTX""]","[""2834""]",10-K,2025-03-31,0001213900-25-026256,False,False,[],False
2025-12-31,2026-12-31,False,1727196,Scholar Rock Holding Corp,"[""SRRK""]","[""2836""]",10-K,2025-02-27,0001558370-25-001682,False,False,[],False
2025-12-31,2026-12-31,False,1728117,"Gossamer Bio, Inc.","[""GOSS""]","[""2834""]",10-K,2025-03-13,0001728117-25-000021,False,False,[],False
2025-12-31,2026-12-31,False,1728328,InMed Pharmaceuticals Inc.,"[""INM""]","[""2834""]",10-K/A,2025-10-24,0001213900-25-102157,False,False,[],False
2025-12-31,2026-12-31,False,1729214,XORTX Therapeutics Inc.,"[""XRTX""]","[""2834""]",20-F,2025-05-12,0001410578-25-001183,False,False,[],False
2025-12-31,2026-12-31,False,1729427,"CNS Pharmaceuticals, Inc.","[""CNSP""]","[""2834""]",10-K/A,2025-04-30,0001683168-25-002998,False,False,[],False
2025-12-31,2026-12-31,False,1730430,"Kiniksa Pharmaceuticals International, plc","[""KNSA""]","[""2834""]",10-K,2025-02-25,0001558370-25-001505,False,False,[],False
2025-12-31,2026-12-31,False,1730463,Autolus Therapeutics plc,"[""AUTL""]","[""2836""]",10-K,2025-03-20,0001730463-25-000019,False,False,[],False
2025-12-31,2026-12-31,False,1731348,"Tilray Brands, Inc.","[""TLRY""]","[""2833""]",10-K,2025-07-29,0001437749-25-023703,False,False,[],False
2025-12-31,2026-12-31,False,1733294,Generation Bio Co.,"[""GBIO""]","[""2834""]",10-K,2025-03-13,0001558370-25-002907,True,True,"[""775d735ca8b230838884""]",False
2025-12-31,2026-12-31,False,1734005,Aptorum Group Ltd,"[""APM""]","[""2834""]",20-F,2025-04-30,0001213900-25-037669,False,False,[],False
2025-12-31,2026-12-31,False,1735438,MeiraGTx Holdings plc,"[""MGTX""]","[""2836""]",10-K,2025-03-13,0001558370-25-002867,False,False,[],False
2025-12-31,2026-12-31,False,1736243,"Acurx Pharmaceuticals, Inc.","[""ACXP""]","[""2834""]",10-K,2025-03-17,0001558370-25-003117,False,False,[],False
2025-12-31,2026-12-31,False,1736730,Camp4 Therapeutics Corp,"[""CAMP""]","[""2834""]",10-K,2025-03-27,0001736730-25-000022,False,False,[],False
2025-12-31,2026-12-31,False,1737287,"Allogene Therapeutics, Inc.","[""ALLO""]","[""2836""]",10-K,2025-03-13,0001737287-25-000036,False,False,[],False
2025-12-31,2026-12-31,False,1737927,Canopy Growth Corp,"[""CGC""]","[""2833""]",10-K,2025-05-30,0000950170-25-079317,False,False,[],False
2025-12-31,2026-12-31,False,1737953,"Replimune Group, Inc.","[""REPL""]","[""2836""]",10-K,2025-05-22,0001737953-25-000009,False,False,[],False
2025-12-31,2026-12-31,False,1738021,"Compass Therapeutics, Inc.","[""CMPX""]","[""2836""]",10-K,2025-02-27,0001171843-25-001106,False,False,[],False
2025-12-31,2026-12-31,False,1739104,Elanco Animal Health Inc,"[""ELAN""]","[""2834""]",10-K,2025-02-25,0001739104-25-000014,False,False,[],False
2025-12-31,2026-12-31,False,1739174,BiomX Inc.,"[""PHGE""]","[""2836""]",10-K,2025-03-25,0001013762-25-002283,False,False,[],False
2025-12-31,2026-12-31,False,1739410,Rallybio Corp,"[""RLYB""]","[""2834""]",10-K,2025-03-13,0001739410-25-000040,False,False,[],False
2025-12-31,2026-12-31,False,1740279,"IN8BIO, INC.","[""INAB""]","[""2836""]",10-K/A,2025-05-07,0001193125-25-114915,False,False,[],False
2025-12-31,2026-12-31,False,1742927,"REVIVA PHARMACEUTICALS HOLDINGS, INC.","[""RVPH"", ""RVPHW""]","[""2834""]",10-K,2025-04-03,0001437749-25-010791,False,False,[],False
2025-12-31,2026-12-31,False,1743881,"BridgeBio Pharma, Inc.","[""BBIO""]","[""2834""]",10-K,2025-02-20,0000950170-25-024119,False,False,[],False
2025-12-31,2026-12-31,False,1745114,MOLECULAR PARTNERS AG,"[""MOLN""]","[""2836""]",20-F,2025-03-06,0001745114-25-000009,False,False,[],False
2025-12-31,2026-12-31,False,1745999,Beam Therapeutics Inc.,"[""BEAM""]","[""2836""]",10-K,2025-02-25,0000950170-25-026076,False,False,[],False
2025-12-31,2026-12-31,False,1746466,"Equillium, Inc.","[""EQ""]","[""2834""]",10-K,2025-03-27,0000950170-25-045726,False,False,[],False
2025-12-31,2026-12-31,False,1746473,"PLIANT THERAPEUTICS, INC.","[""PLRX""]","[""2834""]",10-K,2025-03-03,0001746473-25-000054,False,False,[],False
2025-12-31,2026-12-31,False,1750149,"Inhibikase Therapeutics, Inc.","[""IKT""]","[""2836""]",10-K/A,2025-04-25,0000950170-25-058693,False,False,[],False
2025-12-31,2026-12-31,False,1750284,"Olema Pharmaceuticals, Inc.","[""OLMA""]","[""2834""]",10-K,2025-03-18,0000950170-25-041204,False,False,[],False
2025-12-31,2026-12-31,False,1752828,Celularity Inc,"[""CELU"", ""CELUW""]","[""2834""]",10-K/A,2025-05-21,0001641172-25-011942,False,False,[],False
2025-12-31,2026-12-31,False,1754068,"Allovir, Inc.","[""ALVR""]","[""2836""]",10-K,2025-03-07,0000950170-25-035143,False,False,[],False
2025-12-31,2026-12-31,False,1755237,"Cyclerion Therapeutics, Inc.","[""CYCN""]","[""2834""]",10-K/A,2025-11-12,0001193125-25-277621,False,False,[],False
2025-12-31,2026-12-31,False,1756594,Inventiva S.A.,"[""IVA"", ""IVEVF""]","[""2834""]",20-F,2025-04-15,0001104659-25-035122,False,False,[],False
2025-12-31,2026-12-31,False,1757064,Genfit S.A.,"[""GNFT""]","[""2836""]",20-F,2025-04-29,0001757064-25-000004,False,False,[],False
2025-12-31,2026-12-31,False,1757499,"Shuttle Pharmaceuticals Holdings, Inc.","[""SHPH""]","[""2834""]",10-K,2025-02-26,0001493152-25-008300,False,False,[],False
2025-12-31,2026-12-31,False,1759138,"Cabaletta Bio, Inc.","[""CABA""]","[""2836""]",10-K,2025-03-31,0000950170-25-047201,False,False,[],False
2025-12-31,2026-12-31,False,1759186,"Coeptis Therapeutics Holdings, Inc.","[""COEP"", ""COEPW""]","[""2836""]",10-K/A,2025-06-03,0001683168-25-004194,False,False,[],False
2025-12-31,2026-12-31,False,1759425,"Mirum Pharmaceuticals, Inc.","[""MIRM""]","[""2834""]",10-K,2025-02-26,0001759425-25-000014,False,False,[],False
2025-12-31,2026-12-31,False,1760854,Nanobiotix S.A.,"[""NBTX""]","[""2834""]",20-F,2025-04-02,0001760854-25-000005,False,False,[],False
2025-12-31,2026-12-31,False,1761612,BICYCLE THERAPEUTICS PLC,"[""BCYC""]","[""2834""]",10-K,2025-02-25,0001558370-25-001438,False,False,[],False
2025-12-31,2026-12-31,False,1761918,"Erasca, Inc.","[""ERAS""]","[""2834""]",10-K,2025-03-20,0000950170-25-042682,False,False,[],False
2025-12-31,2026-12-31,False,1763950,Lantern Pharma Inc.,"[""LTRN""]","[""2834""]",10-K/A,2025-04-30,0001641172-25-006728,False,False,[],False
2025-12-31,2026-12-31,False,1764013,"Immunovant, Inc.","[""IMVT""]","[""2836""]",10-K,2025-05-29,0001764013-25-000092,False,False,[],False
2025-12-31,2026-12-31,False,1766140,"Unicycive Therapeutics, Inc.","[""UNCY""]","[""2834""]",10-K,2025-03-31,0001213900-25-025828,False,False,[],False
2025-12-31,2026-12-31,False,1766600,SNDL Inc.,"[""SNDL""]","[""2833""]",40-F,2025-03-18,0000950170-25-040545,False,False,[],False
2025-12-31,2026-12-31,False,1768224,Arcturus Therapeutics Holdings Inc.,"[""ARCT""]","[""2834""]",10-K,2025-03-06,0000950170-25-034787,False,False,[],False
2025-12-31,2026-12-31,False,1768446,"Climb Bio, Inc.","[""CLYM""]","[""2834""]",10-K,2025-03-25,0000950170-25-044350,False,False,[],False
2025-12-31,2026-12-31,False,1770121,"Sana Biotechnology, Inc.","[""SANA""]","[""2836""]",10-K,2025-03-17,0000950170-25-040254,False,False,[],False
2025-12-31,2026-12-31,False,1771885,Quantum Biopharma Ltd.,"[""QNTM""]","[""2834""]",20-F/A,2025-03-31,0001654954-25-003693,False,False,[],False
2025-12-31,2026-12-31,False,1771910,ADC Therapeutics SA,"[""ADCT""]","[""2834""]",10-K,2025-03-27,0001628280-25-015131,False,False,[],False
2025-12-31,2026-12-31,False,1774857,"Aardvark Therapeutics, Inc.","[""AARD""]","[""2834""]",10-K,2025-03-31,0000950170-25-047835,False,False,[],False
2025-12-31,2026-12-31,False,1775194,"UPEXI, INC.","[""UPXI""]","[""2833""]",10-K/A,2025-04-22,0001477932-25-002895,False,False,[],False
2025-12-31,2026-12-31,False,1776111,"MBX Biosciences, Inc.","[""MBX""]","[""2834""]",10-K,2025-03-17,0000950170-25-039838,False,False,[],False
2025-12-31,2026-12-31,False,1776985,BioNTech SE,"[""BNTX""]","[""2836""]",20-F,2025-03-10,0001776985-25-000013,False,False,[],False
2025-12-31,2026-12-31,False,1778016,I-Mab,"[""IMAB""]","[""2834""]",20-F,2025-04-03,0000950170-25-050344,False,False,[],False
2025-12-31,2026-12-31,False,1779578,BGM Group Ltd.,"[""BGM""]","[""2834""]",20-F/A,2025-05-08,0001104659-25-045898,False,False,[],False
2025-12-31,2026-12-31,False,1781174,"Acrivon Therapeutics, Inc.","[""ACRV""]","[""2834""]",10-K,2025-03-27,0000950170-25-046056,False,False,[],False
2025-12-31,2026-12-31,False,1781983,"Aprea Therapeutics, Inc.","[""APRE""]","[""2834""]",10-K,2025-03-25,0001558370-25-003588,False,False,[],False
2025-12-31,2026-12-31,False,1782107,"Onconetix, Inc.","[""ONCO""]","[""2834""]",10-K,2025-06-02,0001213900-25-049687,False,False,[],False
2025-12-31,2026-12-31,False,1782223,"Pyxis Oncology, Inc.","[""PYXS""]","[""2834""]",10-K,2025-03-18,0000950170-25-040771,False,False,[],False
2025-12-31,2026-12-31,False,1782303,"Boundless Bio, Inc.","[""BOLD""]","[""2834""]",10-K,2025-03-27,0000950170-25-045725,False,False,[],False
2025-12-31,2026-12-31,False,1782999,PureTech Health plc,"[""PRTC"", ""PTCHF""]","[""2834""]",20-F,2025-04-30,0001782999-25-000005,False,False,[],False
2025-12-31,2026-12-31,False,1783036,NLS Pharmaceutics Ltd.,"[""NLSP"", ""NLSPW""]","[""2834""]",20-F,2025-05-16,0001213900-25-044868,False,False,[],False
2025-12-31,2026-12-31,False,1783183,"Phathom Pharmaceuticals, Inc.","[""PHAT""]","[""2834""]",10-K,2025-03-06,0000950170-25-034183,False,False,[],False
2025-12-31,2026-12-31,False,1783328,"TScan Therapeutics, Inc.","[""TCRX""]","[""2836""]",10-K,2025-03-05,0000950170-25-033077,False,False,[],False
2025-12-31,2026-12-31,False,1785279,"Metagenomi, Inc.","[""MGX""]","[""2836""]",10-K,2025-03-17,0000950170-25-040217,False,False,[],False
2025-12-31,2026-12-31,False,1785530,"Werewolf Therapeutics, Inc.","[""HOWL""]","[""2834""]",10-K,2025-03-11,0001785530-25-000008,False,False,[],False
2025-12-31,2026-12-31,False,1786205,"Arcellx, Inc.","[""ACLX""]","[""2836""]",10-K,2025-02-27,0000950170-25-029150,True,True,"[""f9329790c4220ac1fb91""]",False
2025-12-31,2026-12-31,False,1787297,"Passage BIO, Inc.","[""PASG""]","[""2836""]",10-K,2025-03-04,0001558370-25-002101,False,False,[],False
2025-12-31,2026-12-31,False,1787306,"Arcutis Biotherapeutics, Inc.","[""ARQT""]","[""2834""]",10-K,2025-02-25,0001787306-25-000029,False,False,[],False
2025-12-31,2026-12-31,False,1787400,"Nkarta, Inc.","[""NKTX""]","[""2834""]",10-K,2025-03-26,0000950170-25-045262,False,False,[],False
2025-12-31,2026-12-31,False,1788028,"Jasper Therapeutics, Inc.","[""JSPR"", ""JSPRW""]","[""2836""]",10-K,2025-02-28,0001213900-25-018384,False,False,[],False
2025-12-31,2026-12-31,False,1789769,"Instil Bio, Inc.","[""TIL""]","[""2836""]",10-K,2025-03-04,0001789769-25-000017,False,False,[],False
2025-12-31,2026-12-31,False,1789972,"Cullinan Therapeutics, Inc.","[""CGEM""]","[""2836""]",10-K,2025-02-27,0000950170-25-028346,False,False,[],False
2025-12-31,2026-12-31,False,1790169,Flora Growth Corp.,"[""FLGC""]","[""2834""]",10-K,2025-03-24,0001062993-25-006145,False,False,[],False
2025-12-31,2026-12-31,False,1790340,Immuneering Corp,"[""IMRX""]","[""2834""]",10-K,2025-03-20,0001790340-25-000042,False,False,[],False
2025-12-31,2026-12-31,False,1792030,IM Cannabis Corp.,"[""IMCC""]","[""2833""]",20-F,2025-03-31,0001178913-25-001126,False,False,[],False
2025-12-31,2026-12-31,False,1792044,Viatris Inc,"[""VTRS""]","[""2834""]",10-K/A,2025-04-30,0001140361-25-016679,False,False,[],False
2025-12-31,2026-12-31,False,1792581,"Kiromic Biopharma, Inc.","[""KRBP""]","[""2836""]",10-K,2025-02-14,0001437749-25-004000,False,False,[],False
2025-12-31,2026-12-31,False,1795091,OS Therapies Inc,"[""OSTX""]","[""2834""]",10-K,2025-03-31,0001213900-25-026238,False,False,[],False
2025-12-31,2026-12-31,False,1796129,"Vincerx Pharma, Inc.","[""VINC""]","[""2834""]",10-K,2025-03-27,0001193125-25-065487,False,False,[],False
2025-12-31,2026-12-31,False,1796280,"Oric Pharmaceuticals, Inc.","[""ORIC""]","[""2834""]",10-K,2025-02-18,0000950170-25-022273,False,False,[],False
2025-12-31,2026-12-31,False,1798749,"Aerovate Therapeutics, Inc.","[""AVTE""]","[""2834""]",10-K,2025-03-27,0001558370-25-003750,False,False,[],False
2025-12-31,2026-12-31,False,1799448,"Aligos Therapeutics, Inc.","[""ALGS""]","[""2836""]",10-K,2025-03-10,0000950170-25-035929,False,False,[],False
2025-12-31,2026-12-31,False,1799788,"Greenwich LifeSciences, Inc.","[""GLSI""]","[""2834""]",10-K,2025-04-15,0001641172-25-004819,False,False,[],False
2025-12-31,2026-12-31,False,1800315,"Galecto, Inc.","[""GLTO""]","[""2834""]",10-K,2025-03-19,0000950170-25-041981,False,False,[],False
2025-12-31,2026-12-31,False,1801198,Legend Biotech Corp,"[""LEGN""]","[""2834""]",20-F,2025-03-11,0001801198-25-000012,False,False,[],False
2025-12-31,2026-12-31,False,1801834,PAINREFORM LTD.,"[""PRFX""]","[""2834""]",20-F,2025-04-07,0001178913-25-001221,False,False,[],False
2025-12-31,2026-12-31,False,1802665,"Harmony Biosciences Holdings, Inc.","[""HRMY""]","[""2834""]",10-K,2025-02-25,0001558370-25-001441,False,False,[],False
2025-12-31,2026-12-31,False,1804591,23andMe Holding Co.,"[""MEHCQ""]","[""2834""]",10-K/A,2025-07-25,0001193125-25-165458,False,False,[],False
2025-12-31,2026-12-31,False,1806310,"Taysha Gene Therapies, Inc.","[""TSHA""]","[""2836""]",10-K,2025-02-26,0000950170-25-027348,False,False,[],False
2025-12-31,2026-12-31,False,1806952,"Lyell Immunopharma, Inc.","[""LYEL""]","[""2834""]",10-K,2025-03-11,0001628280-25-011978,False,False,[],False
2025-12-31,2026-12-31,False,1807120,"Design Therapeutics, Inc.","[""DSGN""]","[""2834""]",10-K,2025-03-10,0000950170-25-035910,False,False,[],False
2025-12-31,2026-12-31,False,1808665,"Assertio Holdings, Inc.","[""ASRT""]","[""2834""]",10-K,2025-03-12,0001808665-25-000009,True,True,"[""1a8f1fccd3ee75c36721""]",False
2025-12-31,2026-12-31,False,1808898,Benitec Biopharma Inc.,"[""BNTC""]","[""2834""]",10-K,2025-09-22,0001193125-25-211361,False,False,[],False
2025-12-31,2026-12-31,False,1809196,Immatics N.V.,"[""IMTX"", ""IMTXW""]","[""2836""]",20-F,2025-03-27,0000950170-25-045724,False,False,[],False
2025-12-31,2026-12-31,False,1809616,Universe Pharmaceuticals INC,"[""UPC""]","[""2834""]",20-F,2025-04-29,0001213900-25-036798,False,False,[],False
2025-12-31,2026-12-31,False,1810182,ALX ONCOLOGY HOLDINGS INC,"[""ALXO""]","[""2834""]",10-K,2025-03-06,0000950170-25-034761,False,False,[],False
2025-12-31,2026-12-31,False,1810560,"REVELATION BIOSCIENCES, INC.","[""REVB"", ""REVBW""]","[""2834""]",10-K,2025-03-06,0000950170-25-034584,False,False,[],False
2025-12-31,2026-12-31,False,1811063,Nuvation Bio Inc.,"[""NUVB"", ""NUVB-WT""]","[""2834""]",10-K,2025-03-06,0000950170-25-034903,False,False,[],False
2025-12-31,2026-12-31,False,1812360,FOXO TECHNOLOGIES INC.,"[""FOXO"", ""FOXOW""]","[""8731""]",10-K,2025-04-15,0001641172-25-004858,False,False,[],False
2025-12-31,2026-12-31,False,1812364,"Relay Therapeutics, Inc.","[""RLAY""]","[""2836""]",10-K,2025-02-26,0000950170-25-027756,False,False,[],False
2025-12-31,2026-12-31,False,1813814,Mind Medicine (MindMed) Inc.,"[""MNMD""]","[""2833""]",10-K,2025-03-06,0000950170-25-034176,False,False,[],False
2025-12-31,2026-12-31,False,1815442,"Kymera Therapeutics, Inc.","[""KYMR""]","[""2836""]",10-K,2025-02-27,0000950170-25-028355,False,False,[],False
2025-12-31,2026-12-31,False,1815620,Opthea Ltd,"[""OPT"", ""CKDXF""]","[""2836""]",20-F,2025-09-15,0001193125-25-202743,False,False,[],False
2025-12-31,2026-12-31,False,1815776,"LENZ Therapeutics, Inc.","[""LENZ""]","[""2836""]",10-K,2025-03-19,0001815776-25-000019,False,False,[],False
2025-12-31,2026-12-31,False,1815903,"Petros Pharmaceuticals, Inc.","[""PTPI""]","[""2834""]",10-K,2025-03-31,0001410578-25-000579,False,False,[],False
2025-12-31,2026-12-31,False,1815974,"Anebulo Pharmaceuticals, Inc.","[""ANEB""]","[""2834""]",10-K,2025-09-29,0001493152-25-016015,False,False,[],False
2025-12-31,2026-12-31,False,1816590,COMPASS Pathways plc,"[""CMPS""]","[""2834""]",10-K,2025-02-27,0001628280-25-008412,False,False,[],False
2025-12-31,2026-12-31,False,1816736,"Disc Medicine, Inc.","[""IRON""]","[""2834""]",10-K,2025-02-27,0000950170-25-028390,False,False,[],False
2025-12-31,2026-12-31,False,1816815,Bon Natural Life Ltd,"[""BON""]","[""2833""]",20-F/A,2025-04-16,0001641172-25-004960,False,False,[],False
2025-12-31,2026-12-31,False,1817229,Vor Biopharma Inc.,"[""VOR""]","[""2836""]",10-K,2025-03-20,0000950170-25-042623,False,False,[],False
2025-12-31,2026-12-31,False,1817241,"Artiva Biotherapeutics, Inc.","[""ARTV""]","[""2836""]",10-K,2025-03-24,0000950170-25-043837,False,False,[],False
2025-12-31,2026-12-31,False,1817713,"Janux Therapeutics, Inc.","[""JANX""]","[""2834""]",10-K,2025-02-27,0000950170-25-029177,False,False,[],False
2025-12-31,2026-12-31,False,1818382,"Humacyte, Inc.","[""HUMA"", ""HUMAW""]","[""2836""]",10-K,2025-03-31,0001818382-25-000034,False,False,[],False
2025-12-31,2026-12-31,False,1818794,"Dyne Therapeutics, Inc.","[""DYN""]","[""2834""]",10-K,2025-02-27,0000950170-25-028356,False,False,[],False
2025-12-31,2026-12-31,False,1818838,Adagene Inc.,"[""ADAG""]","[""2834""]",20-F,2025-03-24,0001410578-25-000419,False,False,[],False
2025-12-31,2026-12-31,False,1818844,"Dogwood Therapeutics, Inc.","[""DWTX""]","[""2834""]",10-K,2025-03-31,0001558370-25-004167,False,False,[],False
2025-12-31,2026-12-31,False,1819133,"Tango Therapeutics, Inc.","[""TNGX""]","[""2834""]",10-K,2025-02-27,0000950170-25-028353,False,False,[],False
2025-12-31,2026-12-31,False,1819253,biote Corp.,"[""BTMD""]","[""2833""]",10-K,2025-03-14,0000950170-25-039394,False,False,[],False
2025-12-31,2026-12-31,False,1819411,"Gain Therapeutics, Inc.","[""GANX""]","[""2834""]",10-K,2025-03-27,0001558370-25-003823,False,False,[],False
2025-12-31,2026-12-31,False,1819576,Liquidia Corp,"[""LQDA""]","[""2834""]",10-K,2025-03-19,0001558370-25-003237,False,False,[],False
2025-12-31,2026-12-31,False,1819790,"Tarsus Pharmaceuticals, Inc.","[""TARS""]","[""2836""]",10-K,2025-02-25,0001819790-25-000011,False,False,[],False
2025-12-31,2026-12-31,False,1820190,Scilex Holding Co,"[""SCLX"", ""SCLXW""]","[""2836""]",10-K/A,2025-04-29,0000950170-25-060302,False,False,[],False
2025-12-31,2026-12-31,False,1821586,MoonLake Immunotherapeutics,"[""MLTX""]","[""2834""]",10-K,2025-02-26,0001821586-25-000006,False,False,[],False
2025-12-31,2026-12-31,False,1821825,Organon & Co.,"[""OGN""]","[""2834""]",10-K/A,2025-11-10,0001104659-25-108693,False,True,"[""3632230901d2f0315106""]",False
2025-12-31,2026-12-31,False,1822462,Foghorn Therapeutics Inc.,"[""FHTX""]","[""2834""]",10-K,2025-03-06,0001628280-25-010933,False,False,[],False
2025-12-31,2026-12-31,False,1822791,Clene Inc.,"[""CLNN"", ""CLNNW""]","[""2834""]",10-K,2025-03-24,0001437749-25-008956,False,False,[],False
2025-12-31,2026-12-31,False,1823239,"MARAVAI LIFESCIENCES HOLDINGS, INC.","[""MRVI""]","[""2834""]",10-K,2025-03-18,0001823239-25-000034,False,False,[],False
2025-12-31,2026-12-31,False,1824293,"GRI Bio, Inc.","[""GRI""]","[""2834""]",10-K,2025-03-14,0001824293-25-000050,False,False,[],False
2025-12-31,2026-12-31,False,1824893,"Surrozen, Inc./DE","[""SRZN"", ""SRZNW""]","[""2836""]",10-K,2025-03-31,0000950170-25-047712,False,False,[],False
2025-12-31,2026-12-31,False,1826457,"Monte Rosa Therapeutics, Inc.","[""GLUE""]","[""2836""]",10-K,2025-03-20,0000950170-25-042344,False,False,[],False
2025-12-31,2026-12-31,False,1826892,"BioAtla, Inc.","[""BCAB""]","[""2836""]",10-K,2025-03-28,0000950170-25-046217,False,True,"[""6270639b98aad616c6bf""]",False
2025-12-31,2026-12-31,False,1827401,BRIGHT MINDS BIOSCIENCES INC.,"[""DRUG""]","[""2834""]",40-F,2025-12-23,0001437749-25-038729,False,False,[],False
2025-12-31,2026-12-31,False,1828185,Barinthus Biotherapeutics plc.,"[""BRNS""]","[""2834""]",10-K,2025-03-20,0001828185-25-000021,False,True,"[""e416514935847fb8b598""]",False
2025-12-31,2026-12-31,False,1828253,Evaxion Biotech A/S,"[""EVAX""]","[""2836""]",20-F,2025-04-01,0001171843-25-001916,False,False,[],False
2025-12-31,2026-12-31,False,1828316,Pharming Group N.V.,"[""PHAR""]","[""2834""]",20-F,2025-04-03,0001828316-25-000017,False,False,[],False
2025-12-31,2026-12-31,False,1828673,HCW Biologics Inc.,"[""HCWB""]","[""2834""]",10-K,2025-03-28,0000950170-25-046724,False,False,[],False
2025-12-31,2026-12-31,False,1829247,"BullFrog AI Holdings, Inc.","[""BFRG"", ""BFRGW""]","[""2834""]",10-K,2025-03-14,0001493152-25-010367,False,False,[],False
2025-12-31,2026-12-31,False,1829635,"Transcode Therapeutics, Inc.","[""RNAZ""]","[""2834""]",10-K/A,2025-04-30,0001104659-25-042533,False,False,[],False
2025-12-31,2026-12-31,False,1829667,Regencell Bioscience Holdings Ltd,"[""RGC""]","[""2833""]",20-F,2025-10-31,0001213900-25-104686,False,False,[],False
2025-12-31,2026-12-31,False,1829802,"Sensei Biotherapeutics, Inc.","[""SNSE""]","[""2834""]",10-K,2025-03-28,0000950170-25-046338,False,False,[],False
2025-12-31,2026-12-31,False,1830214,"Ginkgo Bioworks Holdings, Inc.","[""DNA"", ""DNABW""]","[""2836""]",10-K,2025-02-25,0001628280-25-007819,False,False,[],False
2025-12-31,2026-12-31,False,1830487,Pharvaris N.V.,"[""PHVS""]","[""2834""]",20-F,2025-04-07,0000950170-25-051347,False,False,[],False
2025-12-31,2026-12-31,False,1831363,"Terns Pharmaceuticals, Inc.","[""TERN""]","[""2834""]",10-K,2025-03-20,0000950170-25-042695,True,True,"[""6d49be98960be82cd15f""]",False
2025-12-31,2026-12-31,False,1831828,"Vera Therapeutics, Inc.","[""VERA""]","[""2834""]",10-K,2025-02-28,0000950170-25-029969,False,False,[],False
2025-12-31,2026-12-31,False,1832038,"Invivyd, Inc.","[""IVVD""]","[""2836""]",10-K,2025-03-20,0000950170-25-042332,False,False,[],False
2025-12-31,2026-12-31,False,1833141,CYBIN INC.,"[""CYBN""]","[""2834""]",40-F,2025-07-01,0001628280-25-033606,False,False,[],False
2025-12-31,2026-12-31,False,1833214,"SAB Biotherapeutics, Inc.","[""SABS"", ""SABSW""]","[""2836""]",10-K,2025-03-31,0000950170-25-046994,False,False,[],False
2025-12-31,2026-12-31,False,1834105,IMPACT BIOMEDICAL INC.,"[""IBO""]","[""2834""]",10-K,2025-03-28,0001641172-25-001199,False,False,[],False
2025-12-31,2026-12-31,False,1835022,"Coya Therapeutics, Inc.","[""COYA""]","[""2834""]",10-K/A,2025-04-28,0001193125-25-100816,False,False,[],False
2025-12-31,2026-12-31,False,1835268,Connect Biopharma Holdings Ltd,"[""CNTB""]","[""2834""]",10-K,2025-03-31,0001835268-25-000014,False,False,[],False
2025-12-31,2026-12-31,False,1835579,"Ikena Oncology, Inc.","[""IKNA""]","[""2836""]",10-K,2025-03-06,0000950170-25-034188,False,False,[],False
2025-12-31,2026-12-31,False,1835597,PepGen Inc.,"[""PEPG""]","[""2834""]",10-K,2025-02-24,0000950170-25-025226,False,False,[],False
2025-12-31,2026-12-31,False,1836564,Valneva SE,"[""VALN""]","[""2836""]",20-F,2025-03-24,0001628280-25-014522,False,False,[],False
2025-12-31,2026-12-31,False,1837607,"AEON Biopharma, Inc.","[""AEON""]","[""2834""]",10-K/A,2025-06-11,0001104659-25-058531,False,False,[],False
2025-12-31,2026-12-31,False,1838716,Genenta Science S.p.A.,"[""GNTA""]","[""2836""]",20-F,2025-03-28,0001641172-25-001207,False,False,[],False
2025-12-31,2026-12-31,False,1840229,"MiNK Therapeutics, Inc.","[""INKT""]","[""2836""]",10-K,2025-03-18,0000950170-25-041379,False,False,[],False
2025-12-31,2026-12-31,False,1840233,"Xilio Therapeutics, Inc.","[""XLO""]","[""2834""]",10-K,2025-03-11,0001558370-25-002640,False,False,[],False
2025-12-31,2026-12-31,False,1840439,"Biomea Fusion, Inc.","[""BMEA""]","[""2834""]",10-K,2025-03-31,0000950170-25-047775,False,False,[],False
2025-12-31,2026-12-31,False,1840563,PMGC Holdings Inc.,"[""ELAB""]","[""2834""]",10-K,2025-03-28,0001013762-25-003553,False,False,[],False
2025-12-31,2026-12-31,False,1841330,Pasithea Therapeutics Corp.,"[""KTTA"", ""KTTAW""]","[""2834""]",10-K,2025-03-24,0001013762-25-001646,False,False,[],False
2025-12-31,2026-12-31,False,1841387,"Candel Therapeutics, Inc.","[""CADL""]","[""2836""]",10-K,2025-03-13,0000950170-25-038803,False,False,[],False
2025-12-31,2026-12-31,False,1842295,"Maze Therapeutics, Inc.","[""MAZE""]","[""2836""]",10-K,2025-03-31,0000950170-25-047208,False,False,[],False
2025-12-31,2026-12-31,False,1842952,Context Therapeutics Inc.,"[""CNTX""]","[""2834""]",10-K,2025-03-20,0001842952-25-000028,False,False,[],False
2025-12-31,2026-12-31,False,1845337,"Day One Biopharmaceuticals, Inc.","[""DAWN""]","[""2834""]",10-K/A,2025-03-06,0000950170-25-034878,True,True,"[""ee4de5657f42041f6558""]",False
2025-12-31,2026-12-31,False,1845459,"NKGen Biotech, Inc.",[],"[""2836""]",10-K,2025-10-08,0001845459-25-000004,False,False,[],False
2025-12-31,2026-12-31,False,1846253,"OmniAb, Inc.","[""OABI"", ""OABIW""]","[""8731""]",10-K,2025-03-18,0001846253-25-000024,False,False,[],False
2025-12-31,2026-12-31,False,1847345,"Aspire Biopharma Holdings, Inc.","[""ASBP"", ""ASBPW""]","[""2834""]",10-K,2025-04-07,0001641172-25-002917,False,False,[],False
2025-12-31,2026-12-31,False,1847367,ALUMIS INC.,"[""ALMS""]","[""2834""]",10-K/A,2025-04-23,0001847367-25-000019,False,False,[],False
2025-12-31,2026-12-31,False,1847903,Centessa Pharmaceuticals plc,"[""CNTA""]","[""2834""]",10-K,2025-03-24,0001847903-25-000051,False,True,"[""d8eae3bf54650e369555""]",False
2025-12-31,2026-12-31,False,1849296,OKYO Pharma Ltd,"[""OKYO""]","[""2836""]",20-F/A,2025-08-12,0001641172-25-023204,False,False,[],False
2025-12-31,2026-12-31,False,1849380,OneMedNet Corp,"[""ONMD"", ""ONMDW""]","[""8731""]",10-K,2025-04-15,0001641172-25-004815,False,False,[],False
2025-12-31,2026-12-31,False,1850119,"Century Therapeutics, Inc.","[""IPSC""]","[""2836""]",10-K,2025-03-19,0001558370-25-003299,False,False,[],False
2025-12-31,2026-12-31,False,1850270,PROKIDNEY CORP.,"[""PROK""]","[""2836""]",10-K,2025-03-17,0000950170-25-040483,False,False,[],False
2025-12-31,2026-12-31,False,1850902,"Alpha Teknova, Inc.","[""TKNO""]","[""2835""]",10-K,2025-03-07,0000950170-25-035705,False,False,[],False
2025-12-31,2026-12-31,False,1851194,"Ventyx Biosciences, Inc.","[""VTYX""]","[""2834""]",10-K,2025-02-27,0000950170-25-029245,False,True,"[""64e9470e22c33c34900e""]",False
2025-12-31,2026-12-31,False,1851484,"CITIUS ONCOLOGY, INC.","[""CTOR""]","[""2834""]",10-K,2025-12-23,0001213900-25-125331,False,False,[],False
2025-12-31,2026-12-31,False,1853816,"Dermata Therapeutics, Inc.","[""DRMA"", ""DRMAW""]","[""2834""]",10-K,2025-03-17,0001654954-25-002885,False,False,[],False
2025-12-31,2026-12-31,False,1854270,"Senti Biosciences, Inc.","[""SNTI""]","[""2836""]",10-K,2025-03-20,0001854270-25-000042,False,False,[],False
2025-12-31,2026-12-31,False,1855129,GH Research PLC,"[""GHRS""]","[""2834""]",20-F/A,2025-07-29,0001140361-25-027850,False,False,[],False
2025-12-31,2026-12-31,False,1855175,"Contineum Therapeutics, Inc.","[""CTNM""]","[""2834""]",10-K,2025-03-06,0001437749-25-006458,False,False,[],False
2025-12-31,2026-12-31,False,1855485,"Calidi Biotherapeutics, Inc.","[""CLDI"", ""CLDWW""]","[""2836""]",10-K,2025-03-31,0001641172-25-001810,False,False,[],False
2025-12-31,2026-12-31,False,1855644,Zura Bio Ltd,"[""ZURA""]","[""2836""]",10-K,2025-03-25,0001410578-25-000443,False,False,[],False
2025-12-31,2026-12-31,False,1856725,"Rani Therapeutics Holdings, Inc.","[""RANI""]","[""2834""]",10-K,2025-03-31,0000950170-25-047740,False,False,[],False
2025-12-31,2026-12-31,False,1857030,Intercure Ltd.,"[""INCR""]","[""2834""]",20-F,2025-05-01,0001641172-25-007971,False,False,[],False
2025-12-31,2026-12-31,False,1857044,"Indaptus Therapeutics, Inc.","[""INDP""]","[""2834""]",10-K,2025-03-13,0001493152-25-010136,False,False,[],False
2025-12-31,2026-12-31,False,1858685,Biofrontera Inc.,"[""BFRI"", ""BFRIW""]","[""2834""]",10-K,2025-03-20,0001493152-25-011052,False,False,[],False
2025-12-31,2026-12-31,False,1858848,"Tenaya Therapeutics, Inc.","[""TNYA""]","[""2836""]",10-K,2025-03-10,0000950170-25-036329,False,False,[],False
2025-12-31,2026-12-31,False,1859007,"ZyVersa Therapeutics, Inc.","[""ZVSA""]","[""2834""]",10-K,2025-03-27,0001641172-25-000862,False,False,[],False
2025-12-31,2026-12-31,False,1860657,"Allarity Therapeutics, Inc.","[""ALLR""]","[""2834""]",10-K,2025-03-31,0001437749-25-010198,False,False,[],False
2025-12-31,2026-12-31,False,1860871,Tevogen Bio Holdings Inc.,"[""TVGN"", ""TVGNW""]","[""2836""]",10-K,2025-04-02,0001641172-25-002426,False,False,[],False
2025-12-31,2026-12-31,False,1861560,"Nuvalent, Inc.","[""NUVL""]","[""2834""]",10-K,2025-02-27,0000950170-25-028328,True,True,"[""bc312d670ea1b3ce95da""]",False
2025-12-31,2026-12-31,False,1861657,"Tharimmune, Inc.","[""THAR""]","[""2834""]",10-K,2025-03-26,0001641172-25-000654,False,False,[],False
2025-12-31,2026-12-31,False,1862150,Cingulate Inc.,"[""CING"", ""CINGW""]","[""2834""]",10-K,2025-03-27,0001641172-25-000970,False,False,[],False
2025-12-31,2026-12-31,False,1863127,"Tyra Biosciences, Inc.","[""TYRA""]","[""2834""]",10-K,2025-03-27,0000950170-25-046124,False,False,[],False
2025-12-31,2026-12-31,False,1863362,"Procaps Group, S.A.",[],"[""2834""]",20-F,2025-09-03,0001628280-25-041512,False,False,[],False
2025-12-31,2026-12-31,False,1865494,"IO Biotech, Inc.","[""IOBT""]","[""2834""]",10-K,2025-03-31,0000950170-25-047744,False,False,[],False
2025-12-31,2026-12-31,False,1867066,Journey Medical Corp,"[""DERM""]","[""2834""]",10-K,2025-03-27,0001410578-25-000490,False,False,[],False
2025-12-31,2026-12-31,False,1867096,"Xeris Biopharma Holdings, Inc.","[""XERS""]","[""2834""]",10-K,2025-03-06,0001867096-25-000039,False,False,[],False
2025-12-31,2026-12-31,False,1868279,"ArriVent BioPharma, Inc.","[""AVBP""]","[""2834""]",10-K,2025-03-03,0001558370-25-001999,False,False,[],False
2025-12-31,2026-12-31,False,1869974,"Ocean Biomedical, Inc.","[""OCEA"", ""OCEAW""]","[""2834""]",10-K/A,2025-04-29,0001641172-25-006669,False,False,[],False
2025-12-31,2026-12-31,False,1870144,"Cardio Diagnostics Holdings, Inc.","[""CDIO"", ""CDIOW""]","[""2835""]",10-K,2025-03-20,0001079973-25-000428,False,False,[],False
2025-12-31,2026-12-31,False,1870404,"CERO THERAPEUTICS HOLDINGS, INC.","[""CERO"", ""CEROW""]","[""2836""]",10-K/A,2025-04-28,0001213900-25-036075,False,False,[],False
2025-12-31,2026-12-31,False,1872812,TC BioPharm (Holdings) plc,"[""TCBPY"", ""TCBWF""]","[""2836""]",20-F,2025-05-09,0001641172-25-009445,False,False,[],False
2025-12-31,2026-12-31,False,1873093,CytoMed Therapeutics Ltd,"[""GDTC""]","[""2834""]",20-F,2025-04-28,0001641172-25-006458,False,False,[],False
2025-12-31,2026-12-31,False,1873835,"Immix Biopharma, Inc.","[""IMMX""]","[""2834""]",10-K/A,2025-05-19,0001641172-25-011513,False,False,[],False
2025-12-31,2026-12-31,False,1873875,Incannex Healthcare Inc.,"[""IXHL""]","[""2834""]",10-K,2025-09-29,0001213900-25-092837,False,False,[],False
2025-12-31,2026-12-31,False,1874252,MAINZ BIOMED N.V.,"[""MYNZ""]","[""2834""]",20-F,2025-03-31,0001213900-25-026430,False,False,[],False
2025-12-31,2026-12-31,False,1875091,NeuroSense Therapeutics Ltd.,"[""NRSN"", ""NRSNW""]","[""2834""]",20-F,2025-04-07,0001213900-25-029464,False,False,[],False
2025-12-31,2026-12-31,False,1875558,"Nuvectis Pharma, Inc.","[""NVCT""]","[""2834""]",10-K,2025-02-25,0001558370-25-001496,False,False,[],False
2025-12-31,2026-12-31,False,1878313,"MAIA Biotechnology, Inc.","[""MAIA""]","[""2834""]",10-K,2025-03-21,0000950170-25-043190,False,False,[],False
2025-12-31,2026-12-31,False,1880438,"AN2 Therapeutics, Inc.","[""ANTX""]","[""2834""]",10-K,2025-03-25,0000950170-25-044366,False,False,[],False
2025-12-31,2026-12-31,False,1885522,"Neumora Therapeutics, Inc.","[""NMRA""]","[""2836""]",10-K,2025-03-03,0000950170-25-030401,False,False,[],False
2025-12-31,2026-12-31,False,1885827,Virax Biolabs Group Ltd,"[""VRAX""]","[""2835""]",20-F,2025-07-02,0000950170-25-093260,False,False,[],False
2025-12-31,2026-12-31,False,1888014,AKANDA CORP.,"[""AKAN""]","[""2833""]",20-F,2025-04-30,0001213900-25-037490,False,False,[],False
2025-12-31,2026-12-31,False,1888886,Structure Therapeutics Inc.,"[""GPCR""]","[""2834""]",10-K,2025-02-27,0001558370-25-001826,False,False,[],False
2025-12-31,2026-12-31,False,1889109,"BELITE BIO, INC","[""BLTE""]","[""2834""]",20-F,2025-03-17,0001410578-25-000356,False,False,[],False
2025-12-31,2026-12-31,False,1889450,FutureTech II Acquisition Corp.,"[""FTII"", ""FTIIU"", ""FTIIW""]","[""2836""]",10-K,2025-04-09,0001641172-25-003384,False,False,[],False
2025-12-31,2026-12-31,False,1892500,Clearmind Medicine Inc.,"[""CMND""]","[""2834""]",20-F,2025-01-22,0001213900-25-005490,False,False,[],False
2025-12-31,2026-12-31,False,1893219,"Abpro Holdings, Inc.","[""ABP"", ""ABPWW""]","[""2836""]",10-K,2025-04-15,0001213900-25-032133,False,False,[],False
2025-12-31,2026-12-31,False,1893645,Polyrizon Ltd.,"[""PLRZ""]","[""2834""]",20-F,2025-03-11,0001213900-25-022732,False,False,[],False
2025-12-31,2026-12-31,False,1894525,"Apimeds Pharmaceuticals US, Inc.","[""APUS""]","[""2834""]",10-K/A,2025-05-02,0001213900-25-038644,False,False,[],False
2025-12-31,2026-12-31,False,1894562,"Prime Medicine, Inc.","[""PRME""]","[""2836""]",10-K,2025-02-28,0001628280-25-008884,False,False,[],False
2025-12-31,2026-12-31,False,1896212,CONDUIT PHARMACEUTICALS INC.,"[""CDT"", ""CDTTW""]","[""2834""]",10-K,2025-03-28,0001641172-25-001246,False,False,[],False
2025-12-31,2026-12-31,False,1898416,Alvotech,"[""ALVO"", ""ALVOW""]","[""2836""]",20-F,2025-03-27,0001628280-25-015052,False,False,[],False
2025-12-31,2026-12-31,False,1906324,QuidelOrtho Corp,"[""QDEL""]","[""2835""]",10-K,2025-02-27,0001906324-25-000035,False,False,[],False
2025-12-31,2026-12-31,False,1907108,"Lexeo Therapeutics, Inc.","[""LXEO""]","[""2836""]",10-K,2025-03-24,0000950170-25-043486,False,False,[],False
2025-12-31,2026-12-31,False,1907223,"Klotho Neurosciences, Inc.","[""KLTO"", ""KLTOW""]","[""2836""]",10-K,2025-03-31,0001213900-25-026372,False,False,[],False
2025-12-31,2026-12-31,False,1913577,Denali Capital Acquisition Corp.,"[""DECA"", ""DECAU"", ""DECAW""]","[""2834""]",10-K,2025-04-02,0001213900-25-027319,False,False,[],False
2025-12-31,2026-12-31,False,1919246,Channel Therapeutics Corp,"[""CHRO""]","[""2836""]",10-K,2025-03-27,0001753926-25-000503,False,False,[],False
2025-12-31,2026-12-31,False,1920092,Gelteq Ltd,"[""GELS""]","[""2834""]",20-F,2025-11-17,0001213900-25-111090,False,False,[],False
2025-12-31,2026-12-31,False,1923840,"Third Harmonic Bio, Inc.","[""THRD""]","[""2834""]",10-K,2025-03-27,0000950170-25-045736,False,False,[],False
2025-12-31,2026-12-31,False,1933414,"Mineralys Therapeutics, Inc.","[""MLYS""]","[""2834""]",10-K,2025-02-12,0001933414-25-000009,False,False,[],False
2025-12-31,2026-12-31,False,1935979,Biohaven Ltd.,"[""BHVN""]","[""2834""]",10-K,2025-03-03,0001935979-25-000015,False,False,[],False
2025-12-31,2026-12-31,False,1936258,NewAmsterdam Pharma Co N.V.,"[""NAMS"", ""NAMSW""]","[""2834""]",10-K,2025-02-26,0000950170-25-027339,False,False,[],False
2025-12-31,2026-12-31,False,1937653,Zymeworks Inc.,"[""ZYME""]","[""2834""]",10-K,2025-03-05,0001937653-25-000014,False,False,[],False
2025-12-31,2026-12-31,False,1937993,"Cadrenal Therapeutics, Inc.","[""CVKD""]","[""2834""]",10-K,2025-03-13,0001213900-25-023759,False,False,[],False
2025-12-31,2026-12-31,False,1944552,Adlai Nortye Ltd.,"[""ANL""]","[""2834""]",20-F/A,2025-05-12,0001213900-25-041663,False,False,[],False
2025-12-31,2026-12-31,False,1944885,Apollomics Inc.,"[""APLM"", ""APLMW""]","[""2834""]",20-F,2025-04-03,0000950170-25-050531,False,False,[],False
2025-12-31,2026-12-31,False,1946399,"LakeShore Biopharma Co., Ltd.","[""LSB"", ""LSBPW""]","[""2834""]",20-F,2025-07-31,0001213900-25-069880,False,False,[],False
2025-12-31,2026-12-31,False,1946563,"60 DEGREES PHARMACEUTICALS, INC.","[""SXTP"", ""SXTPW""]","[""2834""]",10-K,2025-03-27,0001013762-25-003343,False,False,[],False
2025-12-31,2026-12-31,False,1949257,Radiopharm Theranostics Ltd,"[""RADX"", ""RDPTF""]","[""2834""]",20-F/A,2025-12-10,0001213900-25-119835,False,False,[],False
2025-12-31,2026-12-31,False,1953530,Oculis Holding AG,"[""OCS"", ""OCSAW""]","[""2834""]",20-F,2025-03-11,0000950170-25-037224,False,False,[],False
2025-12-31,2026-12-31,False,1953926,"Zenas BioPharma, Inc.","[""ZBIO""]","[""2834""]",10-K,2025-03-11,0001558370-25-002631,False,False,[],False
2025-12-31,2026-12-31,False,1956827,Abivax S.A.,"[""ABVX""]","[""2834""]",20-F,2025-03-24,0001956827-25-000010,False,False,[],False
2025-12-31,2026-12-31,False,1958777,"FibroBiologics, Inc.","[""FBLG""]","[""2834""]",10-K,2025-03-31,0001641172-25-001691,False,False,[],False
2025-12-31,2026-12-31,False,1962011,"Kairos Pharma, LTD.","[""KAPA""]","[""2834""]",10-K/A,2025-07-28,0001641172-25-021134,False,False,[],False
2025-12-31,2026-12-31,False,1962738,"CASI Pharmaceuticals, Inc.","[""CASI""]","[""2834""]",20-F,2025-03-31,0001558370-25-004086,False,False,[],False
2025-12-31,2026-12-31,False,1971532,"Telomir Pharmaceuticals, Inc.","[""TELO""]","[""2834""]",10-K,2025-02-04,0001493152-25-004872,False,True,"[""2361a272a53d7464dbee""]",False
2025-12-31,2026-12-31,False,1974640,"Apogee Therapeutics, Inc.","[""APGE""]","[""2836""]",10-K,2025-03-03,0000950170-25-030385,False,True,"[""963b299197d7fc4bb5db""]",False
2025-12-31,2026-12-31,False,1975641,Zhengye Biotechnology Holding Ltd,"[""ZYBT""]","[""2834""]",20-F,2025-07-03,0001213900-25-061202,False,False,[],False
2025-12-31,2026-12-31,False,1980845,enGene Holdings Inc.,"[""ENGN"", ""ENGNW""]","[""2836""]",10-K,2025-12-22,0001193125-25-328743,False,False,[],False
2025-12-31,2026-12-31,False,1982708,Anbio Biotechnology,"[""NNNN""]","[""2835""]",20-F,2025-04-28,0001213900-25-035802,False,False,[],False
2025-12-31,2026-12-31,False,1984086,"Septerna, Inc.","[""SEPN""]","[""2834""]",10-K,2025-03-27,0000950170-25-045745,False,False,[],False
2025-12-31,2026-12-31,False,1985062,PSYENCE BIOMEDICAL LTD.,"[""PBM"", ""PBMWW""]","[""2834""]",20-F/A,2025-07-25,0001213900-25-067748,False,False,[],False
2025-12-31,2026-12-31,False,1991792,"CG Oncology, Inc.","[""CGON""]","[""2836""]",10-K,2025-03-28,0000950170-25-046351,False,False,[],False
2025-12-31,2026-12-31,False,1994702,"Kyverna Therapeutics, Inc.","[""KYTX""]","[""2836""]",10-K,2025-03-27,0000950170-25-046074,False,False,[],False
2025-12-31,2026-12-31,False,1997296,Medicus Pharma Ltd.,"[""MDCX"", ""MDCXW""]","[""2834""]",10-K/A,2025-04-30,0001062993-25-008246,False,False,[],False
2025-12-31,2026-12-31,False,1999480,"Alto Neuroscience, Inc.","[""ANRO""]","[""2834""]",10-K,2025-03-20,0001999480-25-000025,False,False,[],False
2025-12-31,2026-12-31,False,2007191,Telix Pharmaceuticals Ltd,"[""TLX"", ""TLPPF""]","[""2834""]",20-F,2025-02-24,0001140361-25-005562,False,False,[],False
2025-12-31,2026-12-31,False,2007919,"Inhibrx Biosciences, Inc.","[""INBX""]","[""2836""]",10-K,2025-03-17,0002007919-25-000019,False,False,[],False
2025-12-31,2026-12-31,False,2010788,EXOZYMES INC.,"[""EXOZ""]","[""2836""]",10-K,2025-03-31,0001641172-25-001744,False,False,[],False
2025-12-31,2026-12-31,False,2012593,"Rapport Therapeutics, Inc.","[""RAPP""]","[""2834""]",10-K,2025-03-11,0000950170-25-036828,False,False,[],False
2025-12-31,2026-12-31,False,2022416,Silexion Therapeutics Corp,"[""SLXN"", ""SLXNW""]","[""2836""]",10-K,2025-03-18,0001178913-25-000887,False,False,[],False
2025-12-31,2026-12-31,False,2022626,"Upstream Bio, Inc.","[""UPB""]","[""2834""]",10-K,2025-03-12,0000950170-25-037621,False,False,[],False
2025-12-31,2026-12-31,False,2023311,ASCENTAGE PHARMA GROUP INTERNATIONAL,"[""AAPG""]","[""2834""]",20-F,2025-04-16,0001213900-25-032599,False,False,[],False
2025-12-31,2026-12-31,False,2023658,Bicara Therapeutics Inc.,"[""BCAX""]","[""2834""]",10-K,2025-03-27,0002023658-25-000012,False,False,[],False
2025-12-31,2026-12-31,False,2036042,"Sionna Therapeutics, Inc.","[""SION""]","[""2834""]",10-K,2025-03-20,0002036042-25-000005,False,False,[],False
