candidate_id,target_cik,filer_name,filer_tickers,sic_codes,sec_signal_date,last_related_filing_date,event_class,confidence,adjudication_status,model_label_eligible,filing_forms,accession_numbers,primary_source_urls,filing_count,review_notes
3deb439f5a71baf467d6,897075,REPROS THERAPEUTICS INC.,[],"[""2836""]",2018-01-03,2018-01-30,tender_offer_target,high,provisional_primary_source,False,"[""SC 14D9"", ""SC 14D9/A""]","[""0001144204-18-000566"", ""0001144204-18-001080"", ""0001144204-18-002857"", ""0001144204-18-004067"", ""0001144204-18-004430""]","[""https://www.sec.gov/Archives/edgar/data/897075/000114420418000566/tv482484_sc14da9.htm"", ""https://www.sec.gov/Archives/edgar/data/897075/000114420418001080/tv482783_sc14d9a.htm"", ""https://www.sec.gov/Archives/edgar/data/897075/000114420418002857/tv483640_sc14d9a.htm"", ""https://www.sec.gov/Archives/edgar/data/897075/000114420418004067/tv484202_sc14d9.htm"", ""https://www.sec.gov/Archives/edgar/data/897075/000114420418004430/tv484355_sc14d9a.htm""]",5,Schedule 14D-9 identifies the tender-offer subject company. Verify the first public announcement date and exclude non-control offers before promoting this candidate to a training label.
59265db76f982f3f75ae,1611787,Advanced Accelerator Applications S.A.,[],"[""2834""]",2018-01-08,2018-02-01,merger_proxy_filer,review_required,pending_review,False,"[""SC 14D9/A""]","[""0001104659-18-001292"", ""0001104659-18-001964"", ""0001104659-18-003183"", ""0001104659-18-005860""]","[""https://www.sec.gov/Archives/edgar/data/1611787/000110465918001292/a18-2427_1sc14d9a.htm"", ""https://www.sec.gov/Archives/edgar/data/1611787/000110465918001964/a18-2794_1sc14d9a.htm"", ""https://www.sec.gov/Archives/edgar/data/1611787/000110465918003183/a18-3541_1sc14d9a.htm"", ""https://www.sec.gov/Archives/edgar/data/1611787/000110465918005860/a18-5126_1sc14d9a.htm""]",4,"DEFM14A indicates merger-related proxy material, but the filer may be a target, buyer, SPAC, or reverse-merger participant. Manual review required."
10dbce90eb1b3d72e5e4,1557421,"Ignyta, Inc.",[],"[""2834""]",2018-01-10,2018-02-08,tender_offer_target,high,provisional_primary_source,False,"[""SC 14D9"", ""SC 14D9/A""]","[""0001193125-18-007788"", ""0001193125-18-014732"", ""0001193125-18-018455"", ""0001193125-18-027935"", ""0001193125-18-035583""]","[""https://www.sec.gov/Archives/edgar/data/1557421/000119312518007788/d525073dsc14d9.htm"", ""https://www.sec.gov/Archives/edgar/data/1557421/000119312518014732/d519534dsc14d9a.htm"", ""https://www.sec.gov/Archives/edgar/data/1557421/000119312518018455/d522795dsc14d9a.htm"", ""https://www.sec.gov/Archives/edgar/data/1557421/000119312518027935/d482806dsc14d9a.htm"", ""https://www.sec.gov/Archives/edgar/data/1557421/000119312518035583/d538195dsc14d9a.htm""]",5,Schedule 14D-9 identifies the tender-offer subject company. Verify the first public announcement date and exclude non-control offers before promoting this candidate to a training label.
4f5c1e9873fad4681116,1365216,"Sucampo Pharmaceuticals, Inc.",[],"[""2834""]",2018-01-16,2018-02-13,tender_offer_target,high,provisional_primary_source,False,"[""SC 14D9"", ""SC 14D9/A""]","[""0001193125-18-011313"", ""0001193125-18-019718"", ""0001193125-18-024459"", ""0001193125-18-031491"", ""0001193125-18-032193"", ""0001193125-18-038123"", ""0001193125-18-040379"", ""0001193125-18-041459""]","[""https://www.sec.gov/Archives/edgar/data/1365216/000119312518011313/d524880dsc14d9.htm"", ""https://www.sec.gov/Archives/edgar/data/1365216/000119312518019718/d461209dsc14d9a.htm"", ""https://www.sec.gov/Archives/edgar/data/1365216/000119312518024459/d534342dsc14d9a.htm"", ""https://www.sec.gov/Archives/edgar/data/1365216/000119312518031491/d526549dsc14d9a.htm"", ""https://www.sec.gov/Archives/edgar/data/1365216/000119312518032193/d507351dsc14d9a.htm"", ""https://www.sec.gov/Archives/edgar/data/1365216/000119312518038123/d539699dsc14d9a.htm"", ""https://www.sec.gov/Archives/edgar/data/1365216/000119312518040379/d454874dsc14d9a.htm"", ""https://www.sec.gov/Archives/edgar/data/1365216/000119312518041459/d538701dsc14d9a.htm""]",8,Schedule 14D-9 identifies the tender-offer subject company. Verify the first public announcement date and exclude non-control offers before promoting this candidate to a training label.
d67f9dbe8d11eaa277c4,1594864,"Juno Therapeutics, Inc.",[],"[""2836""]",2018-01-23,2018-03-05,tender_offer_target,high,provisional_primary_source,False,"[""SC 14D9"", ""SC 14D9/A""]","[""0001193125-18-017233"", ""0001193125-18-030824"", ""0001193125-18-046064"", ""0001193125-18-050526"", ""0001193125-18-050574"", ""0001193125-18-051174"", ""0001193125-18-051591"", ""0001193125-18-064342"", ""0001193125-18-069623""]","[""https://www.sec.gov/Archives/edgar/data/1594864/000119312518017233/d526690dsc14d9.htm"", ""https://www.sec.gov/Archives/edgar/data/1594864/000119312518030824/d514862dsc14d9.htm"", ""https://www.sec.gov/Archives/edgar/data/1594864/000119312518046064/d542820dsc14d9a.htm"", ""https://www.sec.gov/Archives/edgar/data/1594864/000119312518050526/d542099dsc14d9a.htm"", ""https://www.sec.gov/Archives/edgar/data/1594864/000119312518050574/d541895dsc14d9a.htm"", ""https://www.sec.gov/Archives/edgar/data/1594864/000119312518051174/d543312dsc14d9a.htm"", ""https://www.sec.gov/Archives/edgar/data/1594864/000119312518051591/d531878dsc14d9a.htm"", ""https://www.sec.gov/Archives/edgar/data/1594864/000119312518064342/d551805dsc14d9a.htm"", ""https://www.sec.gov/Archives/edgar/data/1594864/000119312518069623/d544288dsc14d9a.htm""]",9,Schedule 14D-9 identifies the tender-offer subject company. Verify the first public announcement date and exclude non-control offers before promoting this candidate to a training label.
f2cb6536654ff119b7a4,1412067,"Cascadian Therapeutics, Inc.",[],"[""8731""]",2018-02-08,2018-03-09,tender_offer_target,high,provisional_primary_source,False,"[""SC 14D9"", ""SC 14D9/A""]","[""0001193125-18-036471"", ""0001193125-18-045970"", ""0001193125-18-048669"", ""0001193125-18-058600"", ""0001193125-18-075973""]","[""https://www.sec.gov/Archives/edgar/data/1412067/000119312518036471/d529285dsc14d9.htm"", ""https://www.sec.gov/Archives/edgar/data/1412067/000119312518045970/d540192dsc14d9a.htm"", ""https://www.sec.gov/Archives/edgar/data/1412067/000119312518048669/d537336dsc14d9a.htm"", ""https://www.sec.gov/Archives/edgar/data/1412067/000119312518058600/d546202dsc14d9a.htm"", ""https://www.sec.gov/Archives/edgar/data/1412067/000119312518075973/d548797dsc14d9a.htm""]",5,Schedule 14D-9 identifies the tender-offer subject company. Verify the first public announcement date and exclude non-control offers before promoting this candidate to a training label.
082936b63ff85fe5824b,1681689,Bioverativ Inc.,[],"[""2834""]",2018-02-08,2018-03-08,tender_offer_target,high,provisional_primary_source,False,"[""SC 14D9"", ""SC 14D9/A""]","[""0001047469-18-000655"", ""0001104659-18-008088"", ""0001104659-18-010722"", ""0001104659-18-011705"", ""0001104659-18-013431"", ""0001104659-18-015692""]","[""https://www.sec.gov/Archives/edgar/data/1681689/000104746918000655/a2234467zsc14d9.htm"", ""https://www.sec.gov/Archives/edgar/data/1681689/000110465918008088/a18-3785_4sc14d9a.htm"", ""https://www.sec.gov/Archives/edgar/data/1681689/000110465918010722/a18-3785_5sc14d9a.htm"", ""https://www.sec.gov/Archives/edgar/data/1681689/000110465918011705/a18-3785_6sc14d9a.htm"", ""https://www.sec.gov/Archives/edgar/data/1681689/000110465918013431/a18-3785_7sc14d9a.htm"", ""https://www.sec.gov/Archives/edgar/data/1681689/000110465918015692/a18-3785_8sc14d9a.htm""]",6,Schedule 14D-9 identifies the tender-offer subject company. Verify the first public announcement date and exclude non-control offers before promoting this candidate to a training label.
d2bf98d72dde398b3a83,1003642,IMPAX LABORATORIES INC,[],"[""2834""]",2018-02-12,2018-02-12,merger_proxy_filer,review_required,pending_review,False,"[""DEFM14A""]","[""0001193125-18-040279""]","[""https://www.sec.gov/Archives/edgar/data/1003642/000119312518040279/d474326ddefm14a.htm""]",1,"DEFM14A indicates merger-related proxy material, but the filer may be a target, buyer, SPAC, or reverse-merger participant. Manual review required."
dc691407d6ec10924c8d,861838,"IDERA PHARMACEUTICALS, INC.",[],"[""2836""]",2018-03-29,2018-05-30,merger_proxy_filer,review_required,pending_review,False,"[""DEFM14A""]","[""0001047469-18-002331"", ""0001047469-18-004164""]","[""https://www.sec.gov/Archives/edgar/data/861838/000104746918002331/a2235136zdefm14a.htm"", ""https://www.sec.gov/Archives/edgar/data/861838/000104746918004164/a2235897zdefm14a.htm""]",2,"DEFM14A indicates merger-related proxy material, but the filer may be a target, buyer, SPAC, or reverse-merger participant. Manual review required."
82f08ac3a7ebe20bd04e,882796,BIOCRYST PHARMACEUTICALS INC,"[""BCRX""]","[""2836""]",2018-03-29,2018-05-30,merger_proxy_filer,review_required,pending_review,False,"[""DEFM14A""]","[""0001047469-18-002332"", ""0001047469-18-004165""]","[""https://www.sec.gov/Archives/edgar/data/882796/000104746918002332/a2235143zdefm14a.htm"", ""https://www.sec.gov/Archives/edgar/data/882796/000104746918004165/a2235899zdefm14a.htm""]",2,"DEFM14A indicates merger-related proxy material, but the filer may be a target, buyer, SPAC, or reverse-merger participant. Manual review required."
70b455548e9af8f5375e,1617582,Ablynx NV,[],"[""2836""]",2018-04-04,2018-05-14,tender_offer_target,high,provisional_primary_source,False,"[""SC 14D9"", ""SC 14D9/A""]","[""0001193125-18-106848"", ""0001193125-18-154372"", ""0001193125-18-162626""]","[""https://www.sec.gov/Archives/edgar/data/1617582/000119312518106848/d535295dsc14d9.htm"", ""https://www.sec.gov/Archives/edgar/data/1617582/000119312518154372/d563474dsc14d9a.htm"", ""https://www.sec.gov/Archives/edgar/data/1617582/000119312518162626/d580749dsc14d9a.htm""]",3,Schedule 14D-9 identifies the tender-offer subject company. Verify the first public announcement date and exclude non-control offers before promoting this candidate to a training label.
2e452227fb747b577bf6,1652923,"AveXis, Inc.",[],"[""2836""]",2018-04-17,2018-05-15,tender_offer_target,high,provisional_primary_source,False,"[""SC 14D9"", ""SC 14D9/A""]","[""0000950157-18-000452"", ""0000950157-18-000492"", ""0000950157-18-000533"", ""0001047469-18-002890""]","[""https://www.sec.gov/Archives/edgar/data/1652923/000095015718000452/sc14d9a.htm"", ""https://www.sec.gov/Archives/edgar/data/1652923/000095015718000492/sc14d9a.htm"", ""https://www.sec.gov/Archives/edgar/data/1652923/000095015718000533/sc14d9a.htm"", ""https://www.sec.gov/Archives/edgar/data/1652923/000104746918002890/a2235337zsc14d9.htm""]",4,Schedule 14D-9 identifies the tender-offer subject company. Verify the first public announcement date and exclude non-control offers before promoting this candidate to a training label.
74e33203d7dea1794a81,1581987,TiGenix NV,[],"[""2834""]",2018-04-30,2018-07-31,tender_offer_target,high,provisional_primary_source,False,"[""SC 14D9"", ""SC 14D9/A""]","[""0001193125-18-140662"", ""0001193125-18-161105"", ""0001193125-18-168265"", ""0001193125-18-171347"", ""0001193125-18-180473"", ""0001193125-18-185773"", ""0001193125-18-191708"", ""0001193125-18-198012"", ""0001193125-18-212531"", ""0001193125-18-213884"", ""0001193125-18-217892"", ""0001193125-18-227918"", ""0001193125-18-233479""]","[""https://www.sec.gov/Archives/edgar/data/1581987/000119312518140662/d573944dsc14d9.htm"", ""https://www.sec.gov/Archives/edgar/data/1581987/000119312518161105/d573944dsc14d9a.htm"", ""https://www.sec.gov/Archives/edgar/data/1581987/000119312518168265/d588581dsc14d9a.htm"", ""https://www.sec.gov/Archives/edgar/data/1581987/000119312518171347/d759710dsc14d9a.htm"", ""https://www.sec.gov/Archives/edgar/data/1581987/000119312518180473/d597279dsc14d9a.htm"", ""https://www.sec.gov/Archives/edgar/data/1581987/000119312518185773/d575212dsc14d9a.htm"", ""https://www.sec.gov/Archives/edgar/data/1581987/000119312518191708/d608067dsc14d9a.htm"", ""https://www.sec.gov/Archives/edgar/data/1581987/000119312518198012/d770980dsc14d9a.htm"", ""https://www.sec.gov/Archives/edgar/data/1581987/000119312518212531/d850773dsc14d9a.htm"", ""https://www.sec.gov/Archives/edgar/data/1581987/000119312518213884/d909624dsc14d9a.htm"", ""https://www.sec.gov/Archives/edgar/data/1581987/000119312518217892/d499826dsc14d9a.htm"", ""https://www.sec.gov/Archives/edgar/data/1581987/000119312518227918/d553877dsc14d9a.htm"", ""https://www.sec.gov/Archives/edgar/data/1581987/000119312518233479/d561580dsc14d9a.htm""]",13,Schedule 14D-9 identifies the tender-offer subject company. Verify the first public announcement date and exclude non-control offers before promoting this candidate to a training label.
fba0161264e48891a521,1693664,"ARMO BioSciences, Inc.",[],"[""2834""]",2018-05-23,2018-06-22,tender_offer_target,high,provisional_primary_source,False,"[""SC 14D9"", ""SC 14D9/A""]","[""0001193125-18-171498"", ""0001193125-18-178667"", ""0001193125-18-188771"", ""0001193125-18-194629"", ""0001193125-18-195759"", ""0001193125-18-200275""]","[""https://www.sec.gov/Archives/edgar/data/1693664/000119312518171498/d586082dsc14d9.htm"", ""https://www.sec.gov/Archives/edgar/data/1693664/000119312518178667/d597315dsc14d9a.htm"", ""https://www.sec.gov/Archives/edgar/data/1693664/000119312518188771/d604985dsc14d9a.htm"", ""https://www.sec.gov/Archives/edgar/data/1693664/000119312518194629/d611044dsc14d9a.htm"", ""https://www.sec.gov/Archives/edgar/data/1693664/000119312518195759/d612695dsc14d9a.htm"", ""https://www.sec.gov/Archives/edgar/data/1693664/000119312518200275/d617402dsc14d9a.htm""]",6,Schedule 14D-9 identifies the tender-offer subject company. Verify the first public announcement date and exclude non-control offers before promoting this candidate to a training label.
64506aaf93dcf822369d,1619087,SteadyMed Ltd.,[],"[""2834""]",2018-06-25,2018-06-25,merger_proxy_filer,review_required,pending_review,False,"[""DEFM14A""]","[""0001047469-18-004737""]","[""https://www.sec.gov/Archives/edgar/data/1619087/000104746918004737/a2236095zdefm14a.htm""]",1,"DEFM14A indicates merger-related proxy material, but the filer may be a target, buyer, SPAC, or reverse-merger participant. Manual review required."
59b8cc0b3f426532a04e,821995,JUNIPER PHARMACEUTICALS INC,[],"[""2834""]",2018-07-17,2018-08-14,tender_offer_target,high,provisional_primary_source,False,"[""SC 14D9"", ""SC 14D9/A""]","[""0001193125-18-219280"", ""0001193125-18-232321"", ""0001193125-18-247763""]","[""https://www.sec.gov/Archives/edgar/data/821995/000119312518219280/d512395dsc14d9.htm"", ""https://www.sec.gov/Archives/edgar/data/821995/000119312518232321/d568672dsc14d9a.htm"", ""https://www.sec.gov/Archives/edgar/data/821995/000119312518247763/d583977dsc14d9a.htm""]",3,Schedule 14D-9 identifies the tender-offer subject company. Verify the first public announcement date and exclude non-control offers before promoting this candidate to a training label.
e2e7d96bc254fadd94e5,1094038,TAPIMMUNE INC.,"[""MRKR""]","[""2834""]",2018-09-14,2018-09-14,merger_proxy_filer,review_required,pending_review,False,"[""DEFM14A""]","[""0001144204-18-049481""]","[""https://www.sec.gov/Archives/edgar/data/1094038/000114420418049481/tv502603-defm14a.htm""]",1,"DEFM14A indicates merger-related proxy material, but the filer may be a target, buyer, SPAC, or reverse-merger participant. Manual review required."
44afeb682fc2800d52c1,1123979,SENOMYX INC,[],"[""8731""]",2018-10-04,2018-11-02,tender_offer_target,high,provisional_primary_source,False,"[""SC 14D9"", ""SC 14D9/A""]","[""0001193125-18-292750"", ""0001193125-18-298459"", ""0001193125-18-306450"", ""0001193125-18-307809"", ""0001193125-18-316328""]","[""https://www.sec.gov/Archives/edgar/data/1123979/000119312518292750/d632042dsc14d9.htm"", ""https://www.sec.gov/Archives/edgar/data/1123979/000119312518298459/d637638dsc14d9a.htm"", ""https://www.sec.gov/Archives/edgar/data/1123979/000119312518306450/d640780dsc14d9a.htm"", ""https://www.sec.gov/Archives/edgar/data/1123979/000119312518307809/d644107dsc14d9a.htm"", ""https://www.sec.gov/Archives/edgar/data/1123979/000119312518316328/d648300dsc14d9a.htm""]",5,Schedule 14D-9 identifies the tender-offer subject company. Verify the first public announcement date and exclude non-control offers before promoting this candidate to a training label.
92c160a95307f69d494a,1594337,"Corium International, Inc.",[],"[""2834""]",2018-10-26,2018-11-27,tender_offer_target,high,provisional_primary_source,False,"[""SC 14D9"", ""SC 14D9/A""]","[""0001047469-18-006880"", ""0001104659-18-066019"", ""0001104659-18-066995"", ""0001104659-18-067683"", ""0001104659-18-068766"", ""0001104659-18-070002""]","[""https://www.sec.gov/Archives/edgar/data/1594337/000104746918006880/a2236985zsc14d9.htm"", ""https://www.sec.gov/Archives/edgar/data/1594337/000110465918066019/a18-36617_4sc14d9a.htm"", ""https://www.sec.gov/Archives/edgar/data/1594337/000110465918066995/a18-36617_5sc14d9a.htm"", ""https://www.sec.gov/Archives/edgar/data/1594337/000110465918067683/a18-36617_6sc14d9a.htm"", ""https://www.sec.gov/Archives/edgar/data/1594337/000110465918068766/a18-36617_8sc14d9a.htm"", ""https://www.sec.gov/Archives/edgar/data/1594337/000110465918070002/a18-40488_1sc14d9a.htm""]",6,Schedule 14D-9 identifies the tender-offer subject company. Verify the first public announcement date and exclude non-control offers before promoting this candidate to a training label.
c4e22fb17b914f86d149,1114220,KERYX BIOPHARMACEUTICALS INC,[],"[""2834""]",2018-10-30,2018-10-30,merger_proxy_filer,review_required,pending_review,False,"[""DEFM14A""]","[""0001193125-18-312428""]","[""https://www.sec.gov/Archives/edgar/data/1114220/000119312518312428/d592610ddefm14a.htm""]",1,"DEFM14A indicates merger-related proxy material, but the filer may be a target, buyer, SPAC, or reverse-merger participant. Manual review required."
3b629fdd497cb70a259b,1544227,"OvaScience, Inc.","[""TPST""]","[""2834""]",2018-11-06,2018-11-06,merger_proxy_filer,review_required,pending_review,False,"[""DEFM14A""]","[""0001047469-18-007059""]","[""https://www.sec.gov/Archives/edgar/data/1544227/000104746918007059/a2237055zdefm14a.htm""]",1,"DEFM14A indicates merger-related proxy material, but the filer may be a target, buyer, SPAC, or reverse-merger participant. Manual review required."
6caf3165110b98f3102d,1235007,ENDOCYTE INC,[],"[""2834""]",2018-11-16,2018-11-16,merger_proxy_filer,review_required,pending_review,False,"[""DEFM14A""]","[""0001047469-18-007270""]","[""https://www.sec.gov/Archives/edgar/data/1235007/000104746918007270/a2237105zdefm14a.htm""]",1,"DEFM14A indicates merger-related proxy material, but the filer may be a target, buyer, SPAC, or reverse-merger participant. Manual review required."
aafbd9d78eab19226b90,1491576,"TESARO, Inc.",[],"[""2834""]",2018-12-14,2019-01-22,tender_offer_target,high,provisional_primary_source,False,"[""SC 14D9"", ""SC 14D9/A""]","[""0001047469-18-007661"", ""0001104659-18-073364"", ""0001104659-18-073589"", ""0001104659-19-000197"", ""0001104659-19-001150"", ""0001104659-19-001917"", ""0001104659-19-002160"", ""0001104659-19-002639""]","[""https://www.sec.gov/Archives/edgar/data/1491576/000104746918007661/a2237269zsc14d9.htm"", ""https://www.sec.gov/Archives/edgar/data/1491576/000110465918073364/a18-41016_8sc14d9a.htm"", ""https://www.sec.gov/Archives/edgar/data/1491576/000110465918073589/a18-41016_9sc14d9a.htm"", ""https://www.sec.gov/Archives/edgar/data/1491576/000110465919000197/a19-1062_1sc14d9a.htm"", ""https://www.sec.gov/Archives/edgar/data/1491576/000110465919001150/a19-1062_2sc14d9a.htm"", ""https://www.sec.gov/Archives/edgar/data/1491576/000110465919001917/a19-1062_3sc14d9a.htm"", ""https://www.sec.gov/Archives/edgar/data/1491576/000110465919002160/a19-1062_4sc14d9a.htm"", ""https://www.sec.gov/Archives/edgar/data/1491576/000110465919002639/a19-1062_7sc14d9a.htm""]",8,Schedule 14D-9 identifies the tender-offer subject company. Verify the first public announcement date and exclude non-control offers before promoting this candidate to a training label.
41a057053ec16d332f71,1644963,"AVENUE THERAPEUTICS, INC.","[""ATXI""]","[""2834""]",2018-12-21,2018-12-21,merger_proxy_filer,review_required,pending_review,False,"[""DEFM14A""]","[""0001144204-18-065906""]","[""https://www.sec.gov/Archives/edgar/data/1644963/000114420418065906/tv509010-defm14a.htm""]",1,"DEFM14A indicates merger-related proxy material, but the filer may be a target, buyer, SPAC, or reverse-merger participant. Manual review required."
af5940c6039f130189c1,1733418,Aphria Inc.,[],"[""2833""]",2018-12-28,2018-12-28,tender_offer_target,high,provisional_primary_source,False,"[""SC 14D9""]","[""0001279569-18-002536""]","[""https://www.sec.gov/Archives/edgar/data/1733418/000127956918002536/tv510034_sc14d9.htm""]",1,Schedule 14D-9 identifies the tender-offer subject company. Verify the first public announcement date and exclude non-control offers before promoting this candidate to a training label.
4cb9fd79cb439bde776a,1581720,"Loxo Oncology, Inc.",[],"[""2834""]",2019-01-17,2019-02-15,tender_offer_target,high,provisional_primary_source,False,"[""SC 14D9"", ""SC 14D9/A""]","[""0001193125-19-010967"", ""0001193125-19-024670"", ""0001193125-19-028263"", ""0001193125-19-041759""]","[""https://www.sec.gov/Archives/edgar/data/1581720/000119312519010967/d632967dsc14d9.htm"", ""https://www.sec.gov/Archives/edgar/data/1581720/000119312519024670/d621963dsc14d9a.htm"", ""https://www.sec.gov/Archives/edgar/data/1581720/000119312519028263/d702261dsc14d9a.htm"", ""https://www.sec.gov/Archives/edgar/data/1581720/000119312519041759/d716395dsc14d9a.htm""]",4,Schedule 14D-9 identifies the tender-offer subject company. Verify the first public announcement date and exclude non-control offers before promoting this candidate to a training label.
9b58e01887d6d9bcebbf,1572552,"Asterias Biotherapeutics, Inc.",[],"[""2836""]",2019-02-04,2019-02-04,merger_proxy_filer,review_required,pending_review,False,"[""DEFM14A""]","[""0001493152-19-001349""]","[""https://www.sec.gov/Archives/edgar/data/1572552/000149315219001349/defm14a.htm""]",1,"DEFM14A indicates merger-related proxy material, but the filer may be a target, buyer, SPAC, or reverse-merger participant. Manual review required."
ef18db548786ad4b9db4,816284,CELGENE CORP /DE/,[],"[""2834""]",2019-02-22,2019-02-22,merger_proxy_filer,review_required,pending_review,False,"[""DEFM14A""]","[""0001140361-19-003696""]","[""https://www.sec.gov/Archives/edgar/data/816284/000114036119003696/s002620x7_defm14a.htm""]",1,"DEFM14A indicates merger-related proxy material, but the filer may be a target, buyer, SPAC, or reverse-merger participant. Manual review required."
b2eecc683d683cb682e3,1437786,IMMUNE DESIGN CORP.,[],"[""2834""]",2019-03-05,2019-04-02,tender_offer_target,high,provisional_primary_source,False,"[""SC 14D9"", ""SC 14D9/A""]","[""0001193125-19-063377"", ""0001193125-19-076938"", ""0001193125-19-083838"", ""0001193125-19-095235""]","[""https://www.sec.gov/Archives/edgar/data/1437786/000119312519063377/d680204dsc14d9.htm"", ""https://www.sec.gov/Archives/edgar/data/1437786/000119312519076938/d686831dsc14d9a.htm"", ""https://www.sec.gov/Archives/edgar/data/1437786/000119312519083838/d727572dsc14d9a.htm"", ""https://www.sec.gov/Archives/edgar/data/1437786/000119312519095235/d730059dsc14d9a.htm""]",4,Schedule 14D-9 identifies the tender-offer subject company. Verify the first public announcement date and exclude non-control offers before promoting this candidate to a training label.
2a8e6cb3e0f728913216,1609351,"Spark Therapeutics, Inc.",[],"[""2836""]",2019-03-07,2019-12-17,tender_offer_target,high,provisional_primary_source,False,"[""SC 14D9"", ""SC 14D9/A""]","[""0001193125-19-066393"", ""0001193125-19-078377"", ""0001193125-19-096119"", ""0001193125-19-122456"", ""0001193125-19-146711"", ""0001193125-19-169341"", ""0001193125-19-190154"", ""0001193125-19-207945"", ""0001193125-19-235891"", ""0001193125-19-258169"", ""0001193125-19-271236"", ""0001193125-19-276938"", ""0001193125-19-298039"", ""0001193125-19-308714"", ""0001193125-19-314717"", ""0001193125-19-315459"", ""0001193125-19-315693""]","[""https://www.sec.gov/Archives/edgar/data/1609351/000119312519066393/d720810dsc14d9.htm"", ""https://www.sec.gov/Archives/edgar/data/1609351/000119312519078377/d657950dsc14d9a.htm"", ""https://www.sec.gov/Archives/edgar/data/1609351/000119312519096119/d870787dsc14d9a.htm"", ""https://www.sec.gov/Archives/edgar/data/1609351/000119312519122456/d739192dsc14d9a.htm"", ""https://www.sec.gov/Archives/edgar/data/1609351/000119312519146711/d701737dsc14d9a.htm"", ""https://www.sec.gov/Archives/edgar/data/1609351/000119312519169341/d761319dsc14d9a.htm"", ""https://www.sec.gov/Archives/edgar/data/1609351/000119312519190154/d769927dsc14d9a.htm"", ""https://www.sec.gov/Archives/edgar/data/1609351/000119312519207945/d741319dsc14d9a.htm"", ""https://www.sec.gov/Archives/edgar/data/1609351/000119312519235891/d783254dsc14d9a.htm"", ""https://www.sec.gov/Archives/edgar/data/1609351/000119312519258169/d811895dsc14d9a.htm"", ""https://www.sec.gov/Archives/edgar/data/1609351/000119312519271236/d792276dsc14d9a.htm"", ""https://www.sec.gov/Archives/edgar/data/1609351/000119312519276938/d806266dsc14d9a.htm"", ""https://www.sec.gov/Archives/edgar/data/1609351/000119312519298039/d838348dsc14d9a.htm"", ""https://www.sec.gov/Archives/edgar/data/1609351/000119312519308714/d837973dsc14d9a.htm"", ""https://www.sec.gov/Archives/edgar/data/1609351/000119312519314717/d842042dsc14d9a.htm"", ""https://www.sec.gov/Archives/edgar/data/1609351/000119312519315459/d835335dsc14d9a.htm"", ""https://www.sec.gov/Archives/edgar/data/1609351/000119312519315693/d830000dsc14d9a.htm""]",17,Schedule 14D-9 identifies the tender-offer subject company. Verify the first public announcement date and exclude non-control offers before promoting this candidate to a training label.
e4ef58aba61055e0d4ce,1302573,OncoMed Pharmaceuticals Inc,[],"[""2834""]",2019-03-20,2019-03-20,merger_proxy_filer,review_required,pending_review,False,"[""DEFM14A""]","[""0001193125-19-080933""]","[""https://www.sec.gov/Archives/edgar/data/1302573/000119312519080933/d680874ddefm14a.htm""]",1,"DEFM14A indicates merger-related proxy material, but the filer may be a target, buyer, SPAC, or reverse-merger participant. Manual review required."
c568d44e0b36b37b3f2c,1360886,"OSIRIS THERAPEUTICS, INC.",[],"[""2836""]",2019-03-20,2019-04-17,tender_offer_target,high,provisional_primary_source,False,"[""SC 14D9"", ""SC 14D9/A""]","[""0001047469-19-001440"", ""0001104659-19-017865"", ""0001104659-19-020577"", ""0001104659-19-021494"", ""0001104659-19-021765""]","[""https://www.sec.gov/Archives/edgar/data/1360886/000104746919001440/a2238152zsc14d9.htm"", ""https://www.sec.gov/Archives/edgar/data/1360886/000110465919017865/a19-6241_7sc14d9a.htm"", ""https://www.sec.gov/Archives/edgar/data/1360886/000110465919020577/a19-8147_1sc14d9a.htm"", ""https://www.sec.gov/Archives/edgar/data/1360886/000110465919021494/a19-8251_1sc14d9a.htm"", ""https://www.sec.gov/Archives/edgar/data/1360886/000110465919021765/a19-8251_3sc14d9a.htm""]",5,Schedule 14D-9 identifies the tender-offer subject company. Verify the first public announcement date and exclude non-control offers before promoting this candidate to a training label.
f73b22ef8c2932ac7973,921114,AmpliPhi Biosciences Corp,"[""ARMP""]","[""2836""]",2019-04-04,2019-04-04,merger_proxy_filer,review_required,pending_review,False,"[""DEFM14A""]","[""0001144204-19-018110""]","[""https://www.sec.gov/Archives/edgar/data/921114/000114420419018110/tv517046-defm14a.htm""]",1,"DEFM14A indicates merger-related proxy material, but the filer may be a target, buyer, SPAC, or reverse-merger participant. Manual review required."
b4586231f8ba8e9427b8,1711675,Nightstar Therapeutics plc,[],"[""2836""]",2019-04-09,2019-04-09,merger_proxy_filer,review_required,pending_review,False,"[""DEFM14A""]","[""0001193125-19-101320""]","[""https://www.sec.gov/Archives/edgar/data/1711675/000119312519101320/d629545ddefm14a.htm""]",1,"DEFM14A indicates merger-related proxy material, but the filer may be a target, buyer, SPAC, or reverse-merger participant. Manual review required."
657e35910a4479b911f5,1540159,"Stellar Biotechnologies, Inc.","[""EDSA""]","[""2834""]",2019-04-18,2019-04-18,merger_proxy_filer,review_required,pending_review,False,"[""DEFM14A""]","[""0001144204-19-020301""]","[""https://www.sec.gov/Archives/edgar/data/1540159/000114420419020301/tv518980_defm14a.htm""]",1,"DEFM14A indicates merger-related proxy material, but the filer may be a target, buyer, SPAC, or reverse-merger participant. Manual review required."
566b012e9d87cad1e110,1509190,"ARATANA THERAPEUTICS, INC.",[],"[""2834""]",2019-06-17,2019-06-17,merger_proxy_filer,review_required,pending_review,False,"[""DEFM14A""]","[""0001047469-19-003663""]","[""https://www.sec.gov/Archives/edgar/data/1509190/000104746919003663/a2239048zdefm14a.htm""]",1,"DEFM14A indicates merger-related proxy material, but the filer may be a target, buyer, SPAC, or reverse-merger participant. Manual review required."
f32d56addd0fb2c0c2d1,1100412,ARRAY BIOPHARMA INC,[],"[""2834""]",2019-06-28,2019-07-30,tender_offer_target,high,provisional_primary_source,False,"[""SC 14D9"", ""SC 14D9/A""]","[""0001193125-19-185664"", ""0001193125-19-189199"", ""0001193125-19-190630"", ""0001193125-19-192485"", ""0001193125-19-193298"", ""0001193125-19-195729"", ""0001193125-19-202663"", ""0001193125-19-204822"", ""0001193125-19-206253""]","[""https://www.sec.gov/Archives/edgar/data/1100412/000119312519185664/d614423dsc14d9.htm"", ""https://www.sec.gov/Archives/edgar/data/1100412/000119312519189199/d753013dsc14d9a.htm"", ""https://www.sec.gov/Archives/edgar/data/1100412/000119312519190630/d772945dsc14d9a.htm"", ""https://www.sec.gov/Archives/edgar/data/1100412/000119312519192485/d764620dsc14d9a.htm"", ""https://www.sec.gov/Archives/edgar/data/1100412/000119312519193298/d767805dsc14d9a.htm"", ""https://www.sec.gov/Archives/edgar/data/1100412/000119312519195729/d777688dsc14d9a.htm"", ""https://www.sec.gov/Archives/edgar/data/1100412/000119312519202663/d760294dsc14d9a.htm"", ""https://www.sec.gov/Archives/edgar/data/1100412/000119312519204822/d774572dsc14d9a.htm"", ""https://www.sec.gov/Archives/edgar/data/1100412/000119312519206253/d782701dsc14d9a.htm""]",9,Schedule 14D-9 identifies the tender-offer subject company. Verify the first public announcement date and exclude non-control offers before promoting this candidate to a training label.
a0c890c83c02aa25f285,819050,VICAL INC,"[""FRTX""]","[""2836""]",2019-07-12,2019-07-12,merger_proxy_filer,review_required,pending_review,False,"[""DEFM14A""]","[""0001193125-19-193297""]","[""https://www.sec.gov/Archives/edgar/data/819050/000119312519193297/d772078ddefm14a.htm""]",1,"DEFM14A indicates merger-related proxy material, but the filer may be a target, buyer, SPAC, or reverse-merger participant. Manual review required."
222298e4d8828ffda2a3,1668397,"Medpace Holdings, Inc.","[""MEDP""]","[""8731""]",2019-08-08,2019-08-20,tender_offer_target,high,provisional_primary_source,False,"[""SC 14D9"", ""SC 14D9/A""]","[""0001193125-19-216937"", ""0001193125-19-224959""]","[""https://www.sec.gov/Archives/edgar/data/1668397/000119312519216937/d746736dsc14d9.htm"", ""https://www.sec.gov/Archives/edgar/data/1668397/000119312519224959/d746736dsc14d9a.htm""]",2,Schedule 14D-9 identifies the tender-offer subject company. Verify the first public announcement date and exclude non-control offers before promoting this candidate to a training label.
c1899dc9d0de44c14bb2,1578845,Allergan plc,[],"[""2834""]",2019-09-16,2019-09-16,merger_proxy_filer,review_required,pending_review,False,"[""DEFM14A""]","[""0001193125-19-245800""]","[""https://www.sec.gov/Archives/edgar/data/1578845/000119312519245800/d788814ddefm14a.htm""]",1,"DEFM14A indicates merger-related proxy material, but the filer may be a target, buyer, SPAC, or reverse-merger participant. Manual review required."
5d6146cfb834da537fe3,820081,CAMBREX CORP,[],"[""2834""]",2019-09-23,2019-09-23,merger_proxy_filer,review_required,pending_review,False,"[""DEFM14A""]","[""0001193125-19-252275""]","[""https://www.sec.gov/Archives/edgar/data/820081/000119312519252275/d608946ddefm14a.htm""]",1,"DEFM14A indicates merger-related proxy material, but the filer may be a target, buyer, SPAC, or reverse-merger participant. Manual review required."
14355e7da2b6860bb5da,1423824,ALDER BIOPHARMACEUTICALS INC,[],"[""2834""]",2019-09-23,2019-10-22,tender_offer_target,high,provisional_primary_source,False,"[""SC 14D9"", ""SC 14D9/A""]","[""0001193125-19-252175"", ""0001193125-19-256072"", ""0001193125-19-259915"", ""0001193125-19-262797"", ""0001193125-19-265962"", ""0001193125-19-266838"", ""0001193125-19-268569"", ""0001193125-19-271326""]","[""https://www.sec.gov/Archives/edgar/data/1423824/000119312519252175/d802332dsc14d9.htm"", ""https://www.sec.gov/Archives/edgar/data/1423824/000119312519256072/d802332dsc14d9a.htm"", ""https://www.sec.gov/Archives/edgar/data/1423824/000119312519259915/d802332dsc14d9a.htm"", ""https://www.sec.gov/Archives/edgar/data/1423824/000119312519262797/d802332dsc14d9a.htm"", ""https://www.sec.gov/Archives/edgar/data/1423824/000119312519265962/d802332dsc14d9a.htm"", ""https://www.sec.gov/Archives/edgar/data/1423824/000119312519266838/d802332dsc14d9a.htm"", ""https://www.sec.gov/Archives/edgar/data/1423824/000119312519268569/d802332dsc14d9a.htm"", ""https://www.sec.gov/Archives/edgar/data/1423824/000119312519271326/d769887dsc14d9a.htm""]",8,Schedule 14D-9 identifies the tender-offer subject company. Verify the first public announcement date and exclude non-control offers before promoting this candidate to a training label.
80afa13946bc0eed8a18,1685071,Dova Pharmaceuticals Inc.,[],"[""2834""]",2019-10-11,2019-11-12,tender_offer_target,high,provisional_primary_source,False,"[""SC 14D9"", ""SC 14D9/A""]","[""0000950157-19-001300"", ""0001047469-19-005719"", ""0001104659-19-059029""]","[""https://www.sec.gov/Archives/edgar/data/1685071/000095015719001300/sc14d9-a.htm"", ""https://www.sec.gov/Archives/edgar/data/1685071/000104746919005719/a2239855zsc14d9.htm"", ""https://www.sec.gov/Archives/edgar/data/1685071/000110465919059029/a19-19894_2sc14d9a.htm""]",3,Schedule 14D-9 identifies the tender-offer subject company. Verify the first public announcement date and exclude non-control offers before promoting this candidate to a training label.
4071b1d6896f1da812d7,1343304,AVEDRO INC,[],"[""2834""]",2019-10-17,2019-10-17,merger_proxy_filer,review_required,pending_review,False,"[""DEFM14A""]","[""0001047469-19-005789""]","[""https://www.sec.gov/Archives/edgar/data/1343304/000104746919005789/a2239873zdefm14a.htm""]",1,"DEFM14A indicates merger-related proxy material, but the filer may be a target, buyer, SPAC, or reverse-merger participant. Manual review required."
3785ada8330a1e0a297d,357097,"Fibrocell Science, Inc.",[],"[""2834""]",2019-10-28,2019-10-28,merger_proxy_filer,review_required,pending_review,False,"[""DEFM14A""]","[""0001047469-19-005930""]","[""https://www.sec.gov/Archives/edgar/data/357097/000104746919005930/a2239897zdefm14a.htm""]",1,"DEFM14A indicates merger-related proxy material, but the filer may be a target, buyer, SPAC, or reverse-merger participant. Manual review required."
99aee86afc34ac2e03e7,1481512,"Ra Pharmaceuticals, Inc.",[],"[""2834""]",2019-11-15,2019-11-15,merger_proxy_filer,review_required,pending_review,False,"[""DEFM14A""]","[""0001047469-19-006321""]","[""https://www.sec.gov/Archives/edgar/data/1481512/000104746919006321/a2240095zdefm14a.htm""]",1,"DEFM14A indicates merger-related proxy material, but the filer may be a target, buyer, SPAC, or reverse-merger participant. Manual review required."
9808302131c3787e0458,1070336,ACHILLION PHARMACEUTICALS INC,[],"[""2834""]",2019-11-21,2019-11-21,merger_proxy_filer,review_required,pending_review,False,"[""DEFM14A""]","[""0001193125-19-297694""]","[""https://www.sec.gov/Archives/edgar/data/1070336/000119312519297694/d819924ddefm14a.htm""]",1,"DEFM14A indicates merger-related proxy material, but the filer may be a target, buyer, SPAC, or reverse-merger participant. Manual review required."
2cde08601f3197d7e300,1113481,MEDICINES CO /DE,[],"[""2834""]",2019-11-25,2020-01-06,tender_offer_target,high,provisional_primary_source,False,"[""SC 14D9"", ""SC 14D9/A""]","[""0000950142-19-002354"", ""0001047469-19-006661"", ""0001104659-19-074078"", ""0001104659-19-075310"", ""0001104659-20-001228""]","[""https://www.sec.gov/Archives/edgar/data/1113481/000095014219002354/eh1901278_14d9.htm"", ""https://www.sec.gov/Archives/edgar/data/1113481/000104746919006661/a2240222zsc14d9.htm"", ""https://www.sec.gov/Archives/edgar/data/1113481/000110465919074078/a19-26585_1sc14d9a.htm"", ""https://www.sec.gov/Archives/edgar/data/1113481/000110465919075310/a19-26585_3sc14d9a.htm"", ""https://www.sec.gov/Archives/edgar/data/1113481/000110465920001228/a19-26585_4sc14d9a.htm""]",5,Schedule 14D-9 identifies the tender-offer subject company. Verify the first public announcement date and exclude non-control offers before promoting this candidate to a training label.
3c8a29fb7cb948712212,1628738,"Audentes Therapeutics, Inc.",[],"[""2836""]",2019-12-16,2020-01-15,tender_offer_target,high,provisional_primary_source,False,"[""SC 14D9"", ""SC 14D9/A""]","[""0001193125-19-314312"", ""0001193125-19-325174"", ""0001193125-20-003112"", ""0001193125-20-007558""]","[""https://www.sec.gov/Archives/edgar/data/1628738/000119312519314312/d837991dsc14d9.htm"", ""https://www.sec.gov/Archives/edgar/data/1628738/000119312519325174/d860266dsc14d9a.htm"", ""https://www.sec.gov/Archives/edgar/data/1628738/000119312520003112/d863852dsc14d9a.htm"", ""https://www.sec.gov/Archives/edgar/data/1628738/000119312520007558/d871265dsc14d9a.htm""]",4,Schedule 14D-9 identifies the tender-offer subject company. Verify the first public announcement date and exclude non-control offers before promoting this candidate to a training label.
c8efa94de60e1314cced,1019695,ARQULE INC,[],"[""2834""]",2019-12-17,2020-01-16,tender_offer_target,high,provisional_primary_source,False,"[""SC 14D9"", ""SC 14D9/A""]","[""0001104659-19-073484"", ""0001104659-19-076765"", ""0001104659-20-000326"", ""0001104659-20-000954"", ""0001104659-20-001625"", ""0001104659-20-004498""]","[""https://www.sec.gov/Archives/edgar/data/1019695/000110465919073484/tv534682-sc14d9.htm"", ""https://www.sec.gov/Archives/edgar/data/1019695/000110465919076765/tm1928302d1_sc14d9a.htm"", ""https://www.sec.gov/Archives/edgar/data/1019695/000110465920000326/tm201065-1_sc14d9a.htm"", ""https://www.sec.gov/Archives/edgar/data/1019695/000110465920000954/tm201185d1_sc14d9a.htm"", ""https://www.sec.gov/Archives/edgar/data/1019695/000110465920001625/tm201349d1_sc14d9a.htm"", ""https://www.sec.gov/Archives/edgar/data/1019695/000110465920004498/tm203495d2_sc14d9a.htm""]",6,Schedule 14D-9 identifies the tender-offer subject company. Verify the first public announcement date and exclude non-control offers before promoting this candidate to a training label.
ae3162c261da92721673,1609727,"Synthorx, Inc.",[],"[""2834""]",2019-12-23,2020-01-23,tender_offer_target,high,provisional_primary_source,False,"[""SC 14D9"", ""SC 14D9/A""]","[""0001193125-19-322708"", ""0001193125-20-002603"", ""0001193125-20-008165"", ""0001193125-20-010586"", ""0001193125-20-012455""]","[""https://www.sec.gov/Archives/edgar/data/1609727/000119312519322708/d855631dsc14d9.htm"", ""https://www.sec.gov/Archives/edgar/data/1609727/000119312520002603/d836635dsc14d9a.htm"", ""https://www.sec.gov/Archives/edgar/data/1609727/000119312520008165/d872806dsc14d9a.htm"", ""https://www.sec.gov/Archives/edgar/data/1609727/000119312520010586/d852233dsc14d9a.htm"", ""https://www.sec.gov/Archives/edgar/data/1609727/000119312520012455/d846085dsc14d9a.htm""]",5,Schedule 14D-9 identifies the tender-offer subject company. Verify the first public announcement date and exclude non-control offers before promoting this candidate to a training label.
b1359d1f26a40da7210f,1138776,"Aevi Genomic Medicine, Inc.",[],"[""2836""]",2019-12-31,2019-12-31,merger_proxy_filer,review_required,pending_review,False,"[""DEFM14A""]","[""0001047469-19-006979""]","[""https://www.sec.gov/Archives/edgar/data/1138776/000104746919006979/a2240376zdefm14a.htm""]",1,"DEFM14A indicates merger-related proxy material, but the filer may be a target, buyer, SPAC, or reverse-merger participant. Manual review required."
5aa5957098b67fa52958,1606645,Foamix Pharmaceuticals Ltd.,[],"[""2833""]",2020-01-07,2020-01-07,merger_proxy_filer,review_required,pending_review,False,"[""DEFM14A""]","[""0001193125-20-003085""]","[""https://www.sec.gov/Archives/edgar/data/1606645/000119312520003085/d834396ddefm14a.htm""]",1,"DEFM14A indicates merger-related proxy material, but the filer may be a target, buyer, SPAC, or reverse-merger participant. Manual review required."
536b6d92c91f369bba0a,1557883,"Dermira, Inc.",[],"[""2834""]",2020-01-22,2020-02-20,tender_offer_target,high,provisional_primary_source,False,"[""SC 14D9"", ""SC 14D9/A""]","[""0001628280-20-000450"", ""0001628280-20-001243"", ""0001628280-20-001369"", ""0001628280-20-001840""]","[""https://www.sec.gov/Archives/edgar/data/1557883/000162828020000450/dermirasc14d9.htm"", ""https://www.sec.gov/Archives/edgar/data/1557883/000162828020001243/dermirasc14d9a1.htm"", ""https://www.sec.gov/Archives/edgar/data/1557883/000162828020001369/dermirasc14d9a2.htm"", ""https://www.sec.gov/Archives/edgar/data/1557883/000162828020001840/dermirasc14d9a3.htm""]",4,Schedule 14D-9 identifies the tender-offer subject company. Verify the first public announcement date and exclude non-control offers before promoting this candidate to a training label.
d930d6161f85509c8cbd,1126234,NEWLINK GENETICS CORP,"[""LUMO""]","[""2834""]",2020-02-10,2020-02-10,merger_proxy_filer,review_required,pending_review,False,"[""DEFM14A""]","[""0001140361-20-002644""]","[""https://www.sec.gov/Archives/edgar/data/1126234/000114036120002644/nt10005201x10_defm14a.htm""]",1,"DEFM14A indicates merger-related proxy material, but the filer may be a target, buyer, SPAC, or reverse-merger participant. Manual review required."
f45ced988601dffa81de,1623613,Mylan N.V.,[],"[""2834""]",2020-02-13,2020-02-13,merger_proxy_filer,review_required,pending_review,False,"[""DEFM14A""]","[""0001193125-20-035762""]","[""https://www.sec.gov/Archives/edgar/data/1623613/000119312520035762/d801850ddefm14a.htm""]",1,"DEFM14A indicates merger-related proxy material, but the filer may be a target, buyer, SPAC, or reverse-merger participant. Manual review required."
abd186656d91339c7d4b,1667633,"Forty Seven, Inc.",[],"[""2834""]",2020-03-10,2020-04-07,tender_offer_target,high,provisional_primary_source,False,"[""SC 14D9"", ""SC 14D9/A""]","[""0001047469-20-001349"", ""0001104659-20-032583"", ""0001104659-20-034830"", ""0001104659-20-037416"", ""0001104659-20-040021"", ""0001104659-20-042532"", ""0001104659-20-043964""]","[""https://www.sec.gov/Archives/edgar/data/1667633/000104746920001349/a2240913zsc14d9.htm"", ""https://www.sec.gov/Archives/edgar/data/1667633/000110465920032583/a20-11627_4sc14d9a.htm"", ""https://www.sec.gov/Archives/edgar/data/1667633/000110465920034830/a20-11627_5sc14d9a.htm"", ""https://www.sec.gov/Archives/edgar/data/1667633/000110465920037416/a20-11627_6sc14d9a.htm"", ""https://www.sec.gov/Archives/edgar/data/1667633/000110465920040021/a20-11627_7sc14d9a.htm"", ""https://www.sec.gov/Archives/edgar/data/1667633/000110465920042532/a20-11627_8sc14d9a.htm"", ""https://www.sec.gov/Archives/edgar/data/1667633/000110465920043964/a20-11627_9sc14d9a.htm""]",7,Schedule 14D-9 identifies the tender-offer subject company. Verify the first public announcement date and exclude non-control offers before promoting this candidate to a training label.
87ed38a10fbeebdab713,835887,PROGENICS PHARMACEUTICALS INC,[],"[""2834""]",2020-03-19,2020-03-19,merger_proxy_filer,review_required,pending_review,False,"[""DEFM14A""]","[""0001193125-20-078399""]","[""https://www.sec.gov/Archives/edgar/data/835887/000119312520078399/d867472ddefm14a.htm""]",1,"DEFM14A indicates merger-related proxy material, but the filer may be a target, buyer, SPAC, or reverse-merger participant. Manual review required."
eb9897491b43fd54569e,1694187,"Neon Therapeutics, Inc.",[],"[""2836""]",2020-04-02,2020-04-02,merger_proxy_filer,review_required,pending_review,False,"[""DEFM14A""]","[""0001193125-20-096119""]","[""https://www.sec.gov/Archives/edgar/data/1694187/000119312520096119/d908963ddefm14a.htm""]",1,"DEFM14A indicates merger-related proxy material, but the filer may be a target, buyer, SPAC, or reverse-merger participant. Manual review required."
ad5d4b52138d440d1e7a,1373707,TETRAPHASE PHARMACEUTICALS INC,[],"[""2834""]",2020-04-24,2020-07-29,tender_offer_target,high,provisional_primary_source,False,"[""DEFM14A"", ""SC 14D9"", ""SC 14D9/A""]","[""0000950123-20-006482"", ""0001193125-20-119057"", ""0001193125-20-167749"", ""0001193125-20-174648"", ""0001193125-20-177712"", ""0001193125-20-195519"", ""0001193125-20-201204""]","[""https://www.sec.gov/Archives/edgar/data/1373707/000095012320006482/d944336dsc14d9.htm"", ""https://www.sec.gov/Archives/edgar/data/1373707/000119312520119057/d873681ddefm14a.htm"", ""https://www.sec.gov/Archives/edgar/data/1373707/000119312520167749/d883693dsc14d9.htm"", ""https://www.sec.gov/Archives/edgar/data/1373707/000119312520174648/d883693dsc14d9a.htm"", ""https://www.sec.gov/Archives/edgar/data/1373707/000119312520177712/d948186dsc14d9a.htm"", ""https://www.sec.gov/Archives/edgar/data/1373707/000119312520195519/d938152dsc14d9a.htm"", ""https://www.sec.gov/Archives/edgar/data/1373707/000119312520201204/d944336dsc14d9a.htm""]",7,Schedule 14D-9 identifies the tender-offer subject company. Verify the first public announcement date and exclude non-control offers before promoting this candidate to a training label.
4841a0ff798465e0882b,1374690,"ZAFGEN, INC.","[""LRMR""]","[""2834""]",2020-04-29,2020-04-29,merger_proxy_filer,review_required,pending_review,False,"[""DEFM14A""]","[""0001193125-20-125890""]","[""https://www.sec.gov/Archives/edgar/data/1374690/000119312520125890/d853876ddefm14a.htm""]",1,"DEFM14A indicates merger-related proxy material, but the filer may be a target, buyer, SPAC, or reverse-merger participant. Manual review required."
a661706e069d4ca463d0,1264587,STEMLINE THERAPEUTICS INC,[],"[""2834""]",2020-05-12,2020-06-10,tender_offer_target,high,provisional_primary_source,False,"[""SC 14D9"", ""SC 14D9/A""]","[""0001047469-20-003012"", ""0001104659-20-062442"", ""0001104659-20-063623"", ""0001104659-20-064639"", ""0001104659-20-066497"", ""0001104659-20-067976"", ""0001104659-20-068691"", ""0001104659-20-069868"", ""0001104659-20-071781""]","[""https://www.sec.gov/Archives/edgar/data/1264587/000104746920003012/a2241568zsc14d9.htm"", ""https://www.sec.gov/Archives/edgar/data/1264587/000110465920062442/a20-18772_3sc14d9a.htm"", ""https://www.sec.gov/Archives/edgar/data/1264587/000110465920063623/a20-18772_4sc14d9a.htm"", ""https://www.sec.gov/Archives/edgar/data/1264587/000110465920064639/a20-20608_1sc14d9a.htm"", ""https://www.sec.gov/Archives/edgar/data/1264587/000110465920066497/a20-21091_1sc14d9a.htm"", ""https://www.sec.gov/Archives/edgar/data/1264587/000110465920067976/tm2021445d1_sc14d9a.htm"", ""https://www.sec.gov/Archives/edgar/data/1264587/000110465920068691/tm2021445-2_sc14d9a.htm"", ""https://www.sec.gov/Archives/edgar/data/1264587/000110465920069868/tm2021445d3_sc14d9a.htm"", ""https://www.sec.gov/Archives/edgar/data/1264587/000110465920071781/tm2021445d4_sc14d9a.htm""]",9,Schedule 14D-9 identifies the tender-offer subject company. Verify the first public announcement date and exclude non-control offers before promoting this candidate to a training label.
fe871fff4da61064e45d,1015820,QIAGEN N.V.,"[""QGEN""]","[""2836""]",2020-05-18,2020-08-13,tender_offer_target,high,provisional_primary_source,False,"[""SC 14D9"", ""SC 14D9/A""]","[""0001193125-20-144434"", ""0001193125-20-169336"", ""0001193125-20-193772"", ""0001193125-20-196750"", ""0001193125-20-209618"", ""0001193125-20-219265""]","[""https://www.sec.gov/Archives/edgar/data/1015820/000119312520144434/d916114dsc14d9.htm"", ""https://www.sec.gov/Archives/edgar/data/1015820/000119312520169336/d937302dsc14d9a.htm"", ""https://www.sec.gov/Archives/edgar/data/1015820/000119312520193772/d96714dsc14d9a.htm"", ""https://www.sec.gov/Archives/edgar/data/1015820/000119312520196750/d941262dsc14d9a.htm"", ""https://www.sec.gov/Archives/edgar/data/1015820/000119312520209618/d79929dsc14d9a.htm"", ""https://www.sec.gov/Archives/edgar/data/1015820/000119312520219265/d946588dsc14d9a.htm""]",6,Schedule 14D-9 identifies the tender-offer subject company. Verify the first public announcement date and exclude non-control offers before promoting this candidate to a training label.
016765da728d01b67146,1269021,PORTOLA PHARMACEUTICALS INC,[],"[""2834""]",2020-05-27,2020-07-02,tender_offer_target,high,provisional_primary_source,False,"[""SC 14D9"", ""SC 14D9/A""]","[""0001047469-20-003216"", ""0001104659-20-068330"", ""0001104659-20-071021"", ""0001104659-20-073167"", ""0001104659-20-075379"", ""0001104659-20-076667"", ""0001104659-20-080093""]","[""https://www.sec.gov/Archives/edgar/data/1269021/000104746920003216/a2241700zsc14d9.htm"", ""https://www.sec.gov/Archives/edgar/data/1269021/000110465920068330/tm2018626d10_sc14d9a.htm"", ""https://www.sec.gov/Archives/edgar/data/1269021/000110465920071021/tm2018626d11_sc14d9a.htm"", ""https://www.sec.gov/Archives/edgar/data/1269021/000110465920073167/tm2018626d13_sc14d9c.htm"", ""https://www.sec.gov/Archives/edgar/data/1269021/000110465920075379/tm2018626-14_sc14d9a.htm"", ""https://www.sec.gov/Archives/edgar/data/1269021/000110465920076667/tm2018626d25_sc14d9a.htm"", ""https://www.sec.gov/Archives/edgar/data/1269021/000110465920080093/tm2018626d26_sc14d9a.htm""]",7,Schedule 14D-9 identifies the tender-offer subject company. Verify the first public announcement date and exclude non-control offers before promoting this candidate to a training label.
ad719b72d6d9c8b98fa2,1510487,Principia Biopharma Inc.,[],"[""2834""]",2020-08-28,2020-09-28,tender_offer_target,high,provisional_primary_source,False,"[""SC 14D9"", ""SC 14D9/A""]","[""0001193125-20-233615"", ""0001193125-20-245183"", ""0001193125-20-248039"", ""0001193125-20-250608"", ""0001193125-20-255134""]","[""https://www.sec.gov/Archives/edgar/data/1510487/000119312520233615/d161225dsc14d9.htm"", ""https://www.sec.gov/Archives/edgar/data/1510487/000119312520245183/d11728dsc14d9a.htm"", ""https://www.sec.gov/Archives/edgar/data/1510487/000119312520248039/d44707dsc14d9a.htm"", ""https://www.sec.gov/Archives/edgar/data/1510487/000119312520250608/d44289dsc14d9a.htm"", ""https://www.sec.gov/Archives/edgar/data/1510487/000119312520255134/d54405dsc14d9a.htm""]",5,Schedule 14D-9 identifies the tender-offer subject company. Verify the first public announcement date and exclude non-control offers before promoting this candidate to a training label.
f0296384983fac0b9a6b,1478121,Pfenex Inc.,[],"[""2834""]",2020-08-31,2020-09-30,tender_offer_target,high,provisional_primary_source,False,"[""SC 14D9"", ""SC 14D9/A""]","[""0001193125-20-235614"", ""0001193125-20-243533"", ""0001193125-20-246631"", ""0001193125-20-249208"", ""0001193125-20-258666""]","[""https://www.sec.gov/Archives/edgar/data/1478121/000119312520235614/d921922dsc14d9.htm"", ""https://www.sec.gov/Archives/edgar/data/1478121/000119312520243533/d85633dsc14d9a.htm"", ""https://www.sec.gov/Archives/edgar/data/1478121/000119312520246631/d802743dsc14d9a.htm"", ""https://www.sec.gov/Archives/edgar/data/1478121/000119312520249208/d59697dsc14d9a.htm"", ""https://www.sec.gov/Archives/edgar/data/1478121/000119312520258666/d939288dsc14d9a.htm""]",5,Schedule 14D-9 identifies the tender-offer subject company. Verify the first public announcement date and exclude non-control offers before promoting this candidate to a training label.
566e3809eb6da2d6fcd4,1235010,MOMENTA PHARMACEUTICALS INC,[],"[""2836""]",2020-09-02,2020-10-01,tender_offer_target,high,provisional_primary_source,False,"[""SC 14D9"", ""SC 14D9/A""]","[""0001193125-20-237583"", ""0001193125-20-240174"", ""0001193125-20-246217"", ""0001193125-20-252372"", ""0001193125-20-260641""]","[""https://www.sec.gov/Archives/edgar/data/1235010/000119312520237583/d65757dsc14d9.htm"", ""https://www.sec.gov/Archives/edgar/data/1235010/000119312520240174/d82994dsc14d9a.htm"", ""https://www.sec.gov/Archives/edgar/data/1235010/000119312520246217/d831642dsc14d9a.htm"", ""https://www.sec.gov/Archives/edgar/data/1235010/000119312520252372/d67246dsc14d9a.htm"", ""https://www.sec.gov/Archives/edgar/data/1235010/000119312520260641/d56603dsc14d9a.htm""]",5,Schedule 14D-9 identifies the tender-offer subject company. Verify the first public announcement date and exclude non-control offers before promoting this candidate to a training label.
6d6df0ab6491c35531ab,771856,"CHAMPIONS ONCOLOGY, INC.","[""CSBR""]","[""2836""]",2020-09-11,2020-09-11,merger_proxy_filer,review_required,pending_review,False,"[""DEFM14A""]","[""0001628280-20-013464""]","[""https://www.sec.gov/Archives/edgar/data/771856/000162828020013464/scheduledefm14aproxy2020am.htm""]",1,"DEFM14A indicates merger-related proxy material, but the filer may be a target, buyer, SPAC, or reverse-merger participant. Manual review required."
227440a04f14c4f1b475,1631650,"Aimmune Therapeutics, Inc.",[],"[""2834""]",2020-09-14,2020-10-13,tender_offer_target,high,provisional_primary_source,False,"[""SC 14D9"", ""SC 14D9/A""]","[""0001193125-20-245325"", ""0001193125-20-249724"", ""0001193125-20-253505"", ""0001193125-20-257119"", ""0001193125-20-262502"", ""0001193125-20-264022"", ""0001193125-20-266415"", ""0001193125-20-268136""]","[""https://www.sec.gov/Archives/edgar/data/1631650/000119312520245325/d35008dsc14d9.htm"", ""https://www.sec.gov/Archives/edgar/data/1631650/000119312520249724/d70286dsc14d9a.htm"", ""https://www.sec.gov/Archives/edgar/data/1631650/000119312520253505/d18115dsc14d9a.htm"", ""https://www.sec.gov/Archives/edgar/data/1631650/000119312520257119/d74751dsc14d9a.htm"", ""https://www.sec.gov/Archives/edgar/data/1631650/000119312520262502/d11677dsc14d9a.htm"", ""https://www.sec.gov/Archives/edgar/data/1631650/000119312520264022/d41084dsc14d9a.htm"", ""https://www.sec.gov/Archives/edgar/data/1631650/000119312520266415/d69015dsc14d9a.htm"", ""https://www.sec.gov/Archives/edgar/data/1631650/000119312520268136/d23093dsc14d9a.htm""]",8,Schedule 14D-9 identifies the tender-offer subject company. Verify the first public announcement date and exclude non-control offers before promoting this candidate to a training label.
d3ba6dac22df9ff65d4b,1662524,"AKCEA THERAPEUTICS, INC.",[],"[""2834""]",2020-09-14,2020-10-13,tender_offer_target,high,provisional_primary_source,False,"[""SC 14D9"", ""SC 14D9/A""]","[""0001193125-20-245314"", ""0001193125-20-246309"", ""0001193125-20-253525"", ""0001193125-20-257975"", ""0001193125-20-259817"", ""0001193125-20-262654"", ""0001193125-20-268015""]","[""https://www.sec.gov/Archives/edgar/data/1662524/000119312520245314/d11782dsc14d9.htm"", ""https://www.sec.gov/Archives/edgar/data/1662524/000119312520246309/d11782dsc14d9a.htm"", ""https://www.sec.gov/Archives/edgar/data/1662524/000119312520253525/d11782dsc14d9a.htm"", ""https://www.sec.gov/Archives/edgar/data/1662524/000119312520257975/d11782dsc14d9a.htm"", ""https://www.sec.gov/Archives/edgar/data/1662524/000119312520259817/d11782dsc14d9a.htm"", ""https://www.sec.gov/Archives/edgar/data/1662524/000119312520262654/d11782dsc14d9a.htm"", ""https://www.sec.gov/Archives/edgar/data/1662524/000119312520268015/d32459dsc14d9a.htm""]",7,Schedule 14D-9 identifies the tender-offer subject company. Verify the first public announcement date and exclude non-control offers before promoting this candidate to a training label.
f4271df2d7f6b9b16e9c,722830,IMMUNOMEDICS INC,[],"[""2835""]",2020-09-24,2020-10-23,tender_offer_target,high,provisional_primary_source,False,"[""SC 14D9"", ""SC 14D9/A""]","[""0001104659-20-108121"", ""0001104659-20-108948"", ""0001104659-20-111777"", ""0001104659-20-114566"", ""0001104659-20-114725"", ""0001104659-20-117414""]","[""https://www.sec.gov/Archives/edgar/data/722830/000110465920108121/tm2030753-2_sc14d9.htm"", ""https://www.sec.gov/Archives/edgar/data/722830/000110465920108948/tm2030753d6_sc14d9a.htm"", ""https://www.sec.gov/Archives/edgar/data/722830/000110465920111777/tm2032316d1_sc14d9a.htm"", ""https://www.sec.gov/Archives/edgar/data/722830/000110465920114566/tm2033080d1_sc14d9a.htm"", ""https://www.sec.gov/Archives/edgar/data/722830/000110465920114725/tm2033080d2_sc14d9a.htm"", ""https://www.sec.gov/Archives/edgar/data/722830/000110465920117414/tm2034060-2_sc14d9a.htm""]",6,Schedule 14D-9 identifies the tender-offer subject company. Verify the first public announcement date and exclude non-control offers before promoting this candidate to a training label.
3ddc9ca1e131cbbca327,1622229,"Cogent Biosciences, Inc.","[""COGT""]","[""2834""]",2020-10-09,2020-10-09,merger_proxy_filer,review_required,pending_review,False,"[""DEFM14A""]","[""0001193125-20-267267""]","[""https://www.sec.gov/Archives/edgar/data/1622229/000119312520267267/d63221ddefm14a.htm""]",1,"DEFM14A indicates merger-related proxy material, but the filer may be a target, buyer, SPAC, or reverse-merger participant. Manual review required."
bafadd0c86e941a72373,792977,"AMAG PHARMACEUTICALS, INC.",[],"[""2834""]",2020-10-15,2020-11-13,tender_offer_target,high,provisional_primary_source,False,"[""SC 14D9"", ""SC 14D9/A""]","[""0001104659-20-115117"", ""0001104659-20-117995"", ""0001104659-20-122184"", ""0001104659-20-124710""]","[""https://www.sec.gov/Archives/edgar/data/792977/000110465920115117/tm2033066-2_sc14d9.htm"", ""https://www.sec.gov/Archives/edgar/data/792977/000110465920117995/tm2033066d4_sc14d9a.htm"", ""https://www.sec.gov/Archives/edgar/data/792977/000110465920122184/tm2033066-5_sc14d9a.htm"", ""https://www.sec.gov/Archives/edgar/data/792977/000110465920124710/tm2035896d1_sc14d9a.htm""]",4,Schedule 14D-9 identifies the tender-offer subject company. Verify the first public announcement date and exclude non-control offers before promoting this candidate to a training label.
aec80d20f651f5da2f44,1552451,"MyoKardia, Inc.",[],"[""2834""]",2020-10-19,2020-11-17,tender_offer_target,high,provisional_primary_source,False,"[""SC 14D9"", ""SC 14D9/A""]","[""0001193125-20-271661"", ""0001193125-20-279942"", ""0001193125-20-285661"", ""0001193125-20-286881"", ""0001193125-20-295547""]","[""https://www.sec.gov/Archives/edgar/data/1552451/000119312520271661/d82229dsc14d9.htm"", ""https://www.sec.gov/Archives/edgar/data/1552451/000119312520279942/d10626dsc14d9a.htm"", ""https://www.sec.gov/Archives/edgar/data/1552451/000119312520285661/d54062dsc14d9a.htm"", ""https://www.sec.gov/Archives/edgar/data/1552451/000119312520286881/d41110dsc14d9a.htm"", ""https://www.sec.gov/Archives/edgar/data/1552451/000119312520295547/d96566dsc14d9a.htm""]",5,Schedule 14D-9 identifies the tender-offer subject company. Verify the first public announcement date and exclude non-control offers before promoting this candidate to a training label.
272ea24b8477a044255c,875622,BIOSPECIFICS TECHNOLOGIES CORP,[],"[""2834""]",2020-11-02,2020-12-02,tender_offer_target,high,provisional_primary_source,False,"[""SC 14D9"", ""SC 14D9/A""]","[""0001193125-20-283461"", ""0001193125-20-287479"", ""0001193125-20-296586"", ""0001193125-20-299551"", ""0001193125-20-307950""]","[""https://www.sec.gov/Archives/edgar/data/875622/000119312520283461/d68209dsc14d9.htm"", ""https://www.sec.gov/Archives/edgar/data/875622/000119312520287479/d45689dsc14d9a.htm"", ""https://www.sec.gov/Archives/edgar/data/875622/000119312520296586/d18500dsc14d9a.htm"", ""https://www.sec.gov/Archives/edgar/data/875622/000119312520299551/d925809dsc14d9a.htm"", ""https://www.sec.gov/Archives/edgar/data/875622/000119312520307950/d90208dsc14d9a.htm""]",5,Schedule 14D-9 identifies the tender-offer subject company. Verify the first public announcement date and exclude non-control offers before promoting this candidate to a training label.
7f9d9ae96a44c70dc2fe,1513856,"Neurotrope, Inc.",[],"[""2834""]",2020-11-02,2020-11-02,merger_proxy_filer,review_required,pending_review,False,"[""DEFM14A""]","[""0001104659-20-120571""]","[""https://www.sec.gov/Archives/edgar/data/1513856/000110465920120571/tm2023267-15_defm14a.htm""]",1,"DEFM14A indicates merger-related proxy material, but the filer may be a target, buyer, SPAC, or reverse-merger participant. Manual review required."
7930fc60e84fbe174997,1796129,LifeSci Acquisition Corp.,"[""VINC""]","[""2834""]",2020-12-07,2020-12-07,merger_proxy_filer,review_required,pending_review,False,"[""DEFM14A""]","[""0001193125-20-310869""]","[""https://www.sec.gov/Archives/edgar/data/1796129/000119312520310869/d939466ddefm14a.htm""]",1,"DEFM14A indicates merger-related proxy material, but the filer may be a target, buyer, SPAC, or reverse-merger participant. Manual review required."
5d151c55b3b41e65401c,1731831,"Eidos Therapeutics, Inc.",[],"[""2834""]",2020-12-15,2020-12-15,merger_proxy_filer,review_required,pending_review,False,"[""DEFM14A""]","[""0001193125-20-317643""]","[""https://www.sec.gov/Archives/edgar/data/1731831/000119312520317643/d87012ddefm14a.htm""]",1,"DEFM14A indicates merger-related proxy material, but the filer may be a target, buyer, SPAC, or reverse-merger participant. Manual review required."
3cdc9501926ffd4f6a58,1743881,"BridgeBio Pharma, Inc.","[""BBIO""]","[""2834""]",2020-12-15,2020-12-15,merger_proxy_filer,review_required,pending_review,False,"[""DEFM14A""]","[""0001193125-20-317638""]","[""https://www.sec.gov/Archives/edgar/data/1743881/000119312520317638/d87012ddefm14a.htm""]",1,"DEFM14A indicates merger-related proxy material, but the filer may be a target, buyer, SPAC, or reverse-merger participant. Manual review required."
73003166b4d6e1417f2f,1731176,Tottenham Acquisition I Ltd,[],"[""2834""]",2020-12-18,2020-12-18,merger_proxy_filer,review_required,pending_review,False,"[""DEFM14A""]","[""0001213900-20-043453""]","[""https://www.sec.gov/Archives/edgar/data/1731176/000121390020043453/defm14a1220_tottenhamacqui.htm""]",1,"DEFM14A indicates merger-related proxy material, but the filer may be a target, buyer, SPAC, or reverse-merger participant. Manual review required."
fffeb3f31514fba47b56,1714798,Prevail Therapeutics Inc.,[],"[""2836""]",2020-12-22,2021-01-22,tender_offer_target,high,provisional_primary_source,False,"[""SC 14D9"", ""SC 14D9/A""]","[""0001193125-20-323922"", ""0001193125-21-001547"", ""0001193125-21-009102"", ""0001193125-21-011889"", ""0001193125-21-014272""]","[""https://www.sec.gov/Archives/edgar/data/1714798/000119312520323922/d21517dsc14d9.htm"", ""https://www.sec.gov/Archives/edgar/data/1714798/000119312521001547/d292793dsc14d9a.htm"", ""https://www.sec.gov/Archives/edgar/data/1714798/000119312521009102/d112561dsc14d9a.htm"", ""https://www.sec.gov/Archives/edgar/data/1714798/000119312521011889/d107971dsc14d9a.htm"", ""https://www.sec.gov/Archives/edgar/data/1714798/000119312521014272/d115065dsc14d9a.htm""]",5,Schedule 14D-9 identifies the tender-offer subject company. Verify the first public announcement date and exclude non-control offers before promoting this candidate to a training label.
7d1f5840898f8939a5c6,1378624,"Cellular Biomedicine Group, Inc.",[],"[""2836""]",2020-12-29,2020-12-29,merger_proxy_filer,review_required,pending_review,False,"[""DEFM14A""]","[""0001193125-20-328697""]","[""https://www.sec.gov/Archives/edgar/data/1378624/000119312520328697/d55648ddefm14a.htm""]",1,"DEFM14A indicates merger-related proxy material, but the filer may be a target, buyer, SPAC, or reverse-merger participant. Manual review required."
b47a03020c0900829e6c,1586049,Oxford Immunotec Global PLC,[],"[""2835""]",2021-01-29,2021-01-29,merger_proxy_filer,review_required,pending_review,False,"[""DEFM14A""]","[""0001140361-21-002606""]","[""https://www.sec.gov/Archives/edgar/data/1586049/000114036121002606/nc10018681x4_defm14a.htm""]",1,"DEFM14A indicates merger-related proxy material, but the filer may be a target, buyer, SPAC, or reverse-merger participant. Manual review required."
c74ece601619826181de,1326110,"NantKwest, Inc.","[""IBRX""]","[""2836""]",2021-02-02,2021-02-02,merger_proxy_filer,review_required,pending_review,False,"[""DEFM14A""]","[""0001193125-21-025220""]","[""https://www.sec.gov/Archives/edgar/data/1326110/000119312521025220/d121587ddefm14a.htm""]",1,"DEFM14A indicates merger-related proxy material, but the filer may be a target, buyer, SPAC, or reverse-merger participant. Manual review required."
925676497e6d22f2aadc,1467652,"Neos Therapeutics, Inc.",[],"[""2834""]",2021-02-09,2021-02-09,merger_proxy_filer,review_required,pending_review,False,"[""DEFM14A""]","[""0001213900-21-007770""]","[""https://www.sec.gov/Archives/edgar/data/1467652/000121390021007770/fdefm14a2021_neostherapeutic.htm""]",1,"DEFM14A indicates merger-related proxy material, but the filer may be a target, buyer, SPAC, or reverse-merger participant. Manual review required."
eb8ac53a9d17030cbd0c,1439222,"AGIOS PHARMACEUTICALS, INC.","[""AGIO""]","[""2834""]",2021-02-11,2021-02-11,merger_proxy_filer,review_required,pending_review,False,"[""DEFM14A""]","[""0001193125-21-038486""]","[""https://www.sec.gov/Archives/edgar/data/1439222/000119312521038486/d108944ddefm14a.htm""]",1,"DEFM14A indicates merger-related proxy material, but the filer may be a target, buyer, SPAC, or reverse-merger participant. Manual review required."
0b9ee9435fb42ac3557a,1734517,"Viela Bio, Inc.",[],"[""2834""]",2021-02-12,2021-03-15,tender_offer_target,high,provisional_primary_source,False,"[""SC 14D9"", ""SC 14D9/A""]","[""0001193125-21-040169"", ""0001193125-21-053298"", ""0001193125-21-067138"", ""0001193125-21-073398"", ""0001193125-21-079852"", ""0001193125-21-080630""]","[""https://www.sec.gov/Archives/edgar/data/1734517/000119312521040169/d130262dsc14d9.htm"", ""https://www.sec.gov/Archives/edgar/data/1734517/000119312521053298/d54386dsc14d9a.htm"", ""https://www.sec.gov/Archives/edgar/data/1734517/000119312521067138/d95859dsc14d9a.htm"", ""https://www.sec.gov/Archives/edgar/data/1734517/000119312521073398/d138857dsc14d9a.htm"", ""https://www.sec.gov/Archives/edgar/data/1734517/000119312521079852/d154787dsc14d9a.htm"", ""https://www.sec.gov/Archives/edgar/data/1734517/000119312521080630/d112037dsc14d9a.htm""]",6,Schedule 14D-9 identifies the tender-offer subject company. Verify the first public announcement date and exclude non-control offers before promoting this candidate to a training label.
a49b75cf48718f941d05,1740547,Urovant Sciences Ltd.,[],"[""2834""]",2021-02-19,2021-02-19,merger_proxy_filer,review_required,pending_review,False,"[""DEFM14A""]","[""0001193125-21-048255""]","[""https://www.sec.gov/Archives/edgar/data/1740547/000119312521048255/d38874ddefm14a.htm""]",1,"DEFM14A indicates merger-related proxy material, but the filer may be a target, buyer, SPAC, or reverse-merger participant. Manual review required."
93e780a5fa3f8209e539,1807901,"Pandion Therapeutics, Inc.",[],"[""2834""]",2021-03-04,2021-04-01,tender_offer_target,high,provisional_primary_source,False,"[""SC 14D9"", ""SC 14D9/A""]","[""0001193125-21-069722"", ""0001193125-21-089570"", ""0001193125-21-103342""]","[""https://www.sec.gov/Archives/edgar/data/1807901/000119312521069722/d112288dsc14d9.htm"", ""https://www.sec.gov/Archives/edgar/data/1807901/000119312521089570/d112288dsc14d9a.htm"", ""https://www.sec.gov/Archives/edgar/data/1807901/000119312521103342/d166809dsc14d9a.htm""]",3,Schedule 14D-9 identifies the tender-offer subject company. Verify the first public announcement date and exclude non-control offers before promoting this candidate to a training label.
9d3fc483bb95f0c712cd,1731348,"Tilray, Inc.","[""TLRY""]","[""2833""]",2021-03-12,2021-03-12,merger_proxy_filer,review_required,pending_review,False,"[""DEFM14A""]","[""0001140361-21-008386""]","[""https://www.sec.gov/Archives/edgar/data/1731348/000114036121008386/nt10018953x3_defm14a.htm""]",1,"DEFM14A indicates merger-related proxy material, but the filer may be a target, buyer, SPAC, or reverse-merger participant. Manual review required."
fa65c5740cc2fbc3383f,1351288,GW PHARMACEUTICALS PLC,[],"[""2834""]",2021-03-15,2021-03-15,merger_proxy_filer,review_required,pending_review,False,"[""DEFM14A""]","[""0001193125-21-081425""]","[""https://www.sec.gov/Archives/edgar/data/1351288/000119312521081425/d320586ddefm14a.htm""]",1,"DEFM14A indicates merger-related proxy material, but the filer may be a target, buyer, SPAC, or reverse-merger participant. Manual review required."
1dbbd5563e1fc3c82d94,1175505,"FIVE PRIME THERAPEUTICS, INC.",[],"[""2834""]",2021-03-18,2021-04-16,tender_offer_target,high,provisional_primary_source,False,"[""SC 14D9"", ""SC 14D9/A""]","[""0001193125-21-085017"", ""0001193125-21-089636"", ""0001193125-21-106872"", ""0001193125-21-109458"", ""0001193125-21-118574""]","[""https://www.sec.gov/Archives/edgar/data/1175505/000119312521085017/d150014dsc14d9.htm"", ""https://www.sec.gov/Archives/edgar/data/1175505/000119312521089636/d114693dsc14d9a.htm"", ""https://www.sec.gov/Archives/edgar/data/1175505/000119312521106872/d163883dsc14d9a.htm"", ""https://www.sec.gov/Archives/edgar/data/1175505/000119312521109458/d115742dsc14d9a.htm"", ""https://www.sec.gov/Archives/edgar/data/1175505/000119312521118574/d173894dsc14d9a.htm""]",5,Schedule 14D-9 identifies the tender-offer subject company. Verify the first public announcement date and exclude non-control offers before promoting this candidate to a training label.
43e93623b39f9f7f33ef,899866,"ALEXION PHARMACEUTICALS, INC.",[],"[""2834""]",2021-04-13,2021-04-13,merger_proxy_filer,review_required,pending_review,False,"[""DEFM14A""]","[""0001047469-21-000931""]","[""https://www.sec.gov/Archives/edgar/data/899866/000104746921000931/a2243190zdefm14a.htm""]",1,"DEFM14A indicates merger-related proxy material, but the filer may be a target, buyer, SPAC, or reverse-merger participant. Manual review required."
e67d16e3c2d5e10f6cc6,1613859,"PRA Health Sciences, Inc.",[],"[""8731""]",2021-04-28,2021-04-28,merger_proxy_filer,review_required,pending_review,False,"[""DEFM14A""]","[""0001140361-21-014639""]","[""https://www.sec.gov/Archives/edgar/data/1613859/000114036121014639/nt10020839x4_dem14a.htm""]",1,"DEFM14A indicates merger-related proxy material, but the filer may be a target, buyer, SPAC, or reverse-merger participant. Manual review required."
4d5f2b3d4dd3284c833c,1638381,Intec Pharma Ltd.,[],"[""2834""]",2021-05-14,2021-05-14,merger_proxy_filer,review_required,pending_review,False,"[""DEFM14A""]","[""0001493152-21-011550""]","[""https://www.sec.gov/Archives/edgar/data/1638381/000149315221011550/formdefm14a.htm""]",1,"DEFM14A indicates merger-related proxy material, but the filer may be a target, buyer, SPAC, or reverse-merger participant. Manual review required."
6a5a1e6d99e311985717,1434418,CONSTELLATION PHARMACEUTICALS INC,[],"[""2834""]",2021-06-16,2021-07-15,tender_offer_target,high,provisional_primary_source,False,"[""SC 14D9"", ""SC 14D9/A""]","[""0001193125-21-192262"", ""0001193125-21-205588"", ""0001193125-21-206285"", ""0001193125-21-208730"", ""0001193125-21-215880""]","[""https://www.sec.gov/Archives/edgar/data/1434418/000119312521192262/d148389dsc14d9.htm"", ""https://www.sec.gov/Archives/edgar/data/1434418/000119312521205588/d148389dsc14d9a.htm"", ""https://www.sec.gov/Archives/edgar/data/1434418/000119312521206285/d148389dsc14d9a.htm"", ""https://www.sec.gov/Archives/edgar/data/1434418/000119312521208730/d148389dsc14d9a.htm"", ""https://www.sec.gov/Archives/edgar/data/1434418/000119312521215880/d196520dsc14d9a.htm""]",5,Schedule 14D-9 identifies the tender-offer subject company. Verify the first public announcement date and exclude non-control offers before promoting this candidate to a training label.
50e3eeb1cb584cda3a2a,1339469,"CHIASMA, INC",[],"[""2834""]",2021-07-02,2021-07-02,merger_proxy_filer,review_required,pending_review,False,"[""DEFM14A""]","[""0001193125-21-207026""]","[""https://www.sec.gov/Archives/edgar/data/1339469/000119312521207026/d157032ddefm14a.htm""]",1,"DEFM14A indicates merger-related proxy material, but the filer may be a target, buyer, SPAC, or reverse-merger participant. Manual review required."
a288d08fb06b44494baf,1422142,"Aerpio Pharmaceuticals, Inc.","[""AADI""]","[""2834""]",2021-07-08,2021-07-08,merger_proxy_filer,review_required,pending_review,False,"[""DEFM14A""]","[""0001193125-21-210402""]","[""https://www.sec.gov/Archives/edgar/data/1422142/000119312521210402/d187261ddefm14a.htm""]",1,"DEFM14A indicates merger-related proxy material, but the filer may be a target, buyer, SPAC, or reverse-merger participant. Manual review required."
b4f1f0064324f11b97a4,1824893,Consonance-HFW Acquisition Corp.,"[""SRZN"", ""SRZNW""]","[""2836""]",2021-07-15,2021-07-15,merger_proxy_filer,review_required,pending_review,False,"[""DEFM14A""]","[""0001193125-21-216484""]","[""https://www.sec.gov/Archives/edgar/data/1824893/000119312521216484/d40894ddefm14a.htm""]",1,"DEFM14A indicates merger-related proxy material, but the filer may be a target, buyer, SPAC, or reverse-merger participant. Manual review required."
90a0383386b5e4735a57,1561743,"Kindred Biosciences, Inc.",[],"[""2834""]",2021-07-21,2021-07-21,merger_proxy_filer,review_required,pending_review,False,"[""DEFM14A""]","[""0001561743-21-000060""]","[""https://www.sec.gov/Archives/edgar/data/1561743/000156174321000060/k9-knightdefinitiveproxyst.htm""]",1,"DEFM14A indicates merger-related proxy material, but the filer may be a target, buyer, SPAC, or reverse-merger participant. Manual review required."
11adff52fa04833aec0a,1346302,XERIS PHARMACEUTICALS INC,[],"[""2834""]",2021-07-29,2021-07-29,merger_proxy_filer,review_required,pending_review,False,"[""DEFM14A""]","[""0001193125-21-229354""]","[""https://www.sec.gov/Archives/edgar/data/1346302/000119312521229354/d182848ddefm14a.htm""]",1,"DEFM14A indicates merger-related proxy material, but the filer may be a target, buyer, SPAC, or reverse-merger participant. Manual review required."
9bde7933d1324b0b3295,1634432,Strongbridge Biopharma plc,[],"[""2834""]",2021-07-29,2021-07-29,merger_proxy_filer,review_required,pending_review,False,"[""DEFM14A""]","[""0001193125-21-229343""]","[""https://www.sec.gov/Archives/edgar/data/1634432/000119312521229343/d182848ddefm14a.htm""]",1,"DEFM14A indicates merger-related proxy material, but the filer may be a target, buyer, SPAC, or reverse-merger participant. Manual review required."
3c0bfe2d2970290c1f67,1799850,Chardan Healthcare Acquisition 2 Corp.,[],"[""2836""]",2021-08-05,2021-08-05,merger_proxy_filer,review_required,pending_review,False,"[""DEFM14A""]","[""0001193125-21-236673""]","[""https://www.sec.gov/Archives/edgar/data/1799850/000119312521236673/d174118ddefm14a.htm""]",1,"DEFM14A indicates merger-related proxy material, but the filer may be a target, buyer, SPAC, or reverse-merger participant. Manual review required."
af6291dd827fb2f433f6,1693415,"Translate Bio, Inc.",[],"[""2836""]",2021-08-16,2021-09-14,tender_offer_target,high,provisional_primary_source,False,"[""SC 14D9"", ""SC 14D9/A""]","[""0001193125-21-247021"", ""0001193125-21-259527"", ""0001193125-21-266768"", ""0001193125-21-272109""]","[""https://www.sec.gov/Archives/edgar/data/1693415/000119312521247021/d117934dsc14d9.htm"", ""https://www.sec.gov/Archives/edgar/data/1693415/000119312521259527/d117934dsc14d9a.htm"", ""https://www.sec.gov/Archives/edgar/data/1693415/000119312521266768/d117934dsc14d9a.htm"", ""https://www.sec.gov/Archives/edgar/data/1693415/000119312521272109/d117934dsc14d9a.htm""]",4,Schedule 14D-9 identifies the tender-offer subject company. Verify the first public announcement date and exclude non-control offers before promoting this candidate to a training label.
89bc1c29a436df09e29b,1616212,Trillium Therapeutics Inc.,[],"[""2834""]",2021-09-27,2021-09-27,merger_proxy_filer,review_required,pending_review,False,"[""DEFM14A""]","[""0001104659-21-119525""]","[""https://www.sec.gov/Archives/edgar/data/1616212/000110465921119525/tm2127203-2_defm14a.htm""]",1,"DEFM14A indicates merger-related proxy material, but the filer may be a target, buyer, SPAC, or reverse-merger participant. Manual review required."
5a89615f983a03665b04,1557142,"Kadmon Holdings, Inc.",[],"[""2834""]",2021-10-04,2021-10-04,merger_proxy_filer,review_required,pending_review,False,"[""DEFM14A""]","[""0001140361-21-033457""]","[""https://www.sec.gov/Archives/edgar/data/1557142/000114036121033457/ny20000668x2_defm14a.htm""]",1,"DEFM14A indicates merger-related proxy material, but the filer may be a target, buyer, SPAC, or reverse-merger participant. Manual review required."
a0ed48971431a633b586,720154,"Inotiv, Inc.","[""NOTV""]","[""8731""]",2021-10-05,2021-10-05,merger_proxy_filer,review_required,pending_review,False,"[""DEFM14A""]","[""0001104659-21-122852""]","[""https://www.sec.gov/Archives/edgar/data/720154/000110465921122852/tm2128376-2_defm14a.htm""]",1,"DEFM14A indicates merger-related proxy material, but the filer may be a target, buyer, SPAC, or reverse-merger participant. Manual review required."
f4ee39bac6223c55988e,1280600,ACCELERON PHARMA INC,[],"[""2836""]",2021-10-12,2021-11-22,tender_offer_target,high,provisional_primary_source,False,"[""SC 14D9"", ""SC 14D9/A""]","[""0000902664-21-004561"", ""0000902664-21-004645"", ""0000902664-21-004833"", ""0000902664-21-005026"", ""0001104659-21-125120"", ""0001104659-21-131967"", ""0001104659-21-135764"", ""0001104659-21-137430"", ""0001104659-21-140301"", ""0001104659-21-142200"", ""0001214659-21-010449""]","[""https://www.sec.gov/Archives/edgar/data/1280600/000090266421004561/p21-2315sc13d9.htm"", ""https://www.sec.gov/Archives/edgar/data/1280600/000090266421004645/p21-2298sc14d9.htm"", ""https://www.sec.gov/Archives/edgar/data/1280600/000090266421004833/p21-2460sc14d9a.htm"", ""https://www.sec.gov/Archives/edgar/data/1280600/000090266421005026/p21-2570sc14d9a.htm"", ""https://www.sec.gov/Archives/edgar/data/1280600/000110465921125120/tm2128840-3_sc14d9.htm"", ""https://www.sec.gov/Archives/edgar/data/1280600/000110465921131967/tm2131450d1_sc14d9a.htm"", ""https://www.sec.gov/Archives/edgar/data/1280600/000110465921135764/tm2132291d1_sc14d9a.htm"", ""https://www.sec.gov/Archives/edgar/data/1280600/000110465921137430/tm2132732d1_sc14d9a.htm"", ""https://www.sec.gov/Archives/edgar/data/1280600/000110465921140301/tm2133216d1_sc14d9a.htm"", ""https://www.sec.gov/Archives/edgar/data/1280600/000110465921142200/tm2133216d2_sc14d9a.htm"", ""https://www.sec.gov/Archives/edgar/data/1280600/000121465921010449/p21-2306sc14dn.htm""]",11,Schedule 14D-9 identifies the tender-offer subject company. Verify the first public announcement date and exclude non-control offers before promoting this candidate to a training label.
f24f12c8e688e6041d1c,1328143,Adamas Pharmaceuticals Inc,[],"[""2834""]",2021-10-12,2021-11-24,tender_offer_target,high,provisional_primary_source,False,"[""SC 14D9"", ""SC 14D9/A""]","[""0001104659-21-124984"", ""0001104659-21-124987"", ""0001104659-21-129362"", ""0001104659-21-129580"", ""0001104659-21-140932"", ""0001104659-21-142724"", ""0001104659-21-143337""]","[""https://www.sec.gov/Archives/edgar/data/1328143/000110465921124984/tm2129361d3_sc14d9.htm"", ""https://www.sec.gov/Archives/edgar/data/1328143/000110465921124987/tm2129361d2_sc14d9.htm"", ""https://www.sec.gov/Archives/edgar/data/1328143/000110465921129362/tm2129361-8_sc14d9.htm"", ""https://www.sec.gov/Archives/edgar/data/1328143/000110465921129580/tm2129361d9_sc14d9c.htm"", ""https://www.sec.gov/Archives/edgar/data/1328143/000110465921140932/tm2129361d11_sc14d9a.htm"", ""https://www.sec.gov/Archives/edgar/data/1328143/000110465921142724/tm2129361d12_sc14d9a.htm"", ""https://www.sec.gov/Archives/edgar/data/1328143/000110465921143337/tm2129361d13_sc14d9a.htm""]",7,Schedule 14D-9 identifies the tender-offer subject company. Verify the first public announcement date and exclude non-control offers before promoting this candidate to a training label.
b2e943c0dddafdfa9dfe,1100397,"Advaxis, Inc.","[""ADXS""]","[""2834""]",2021-10-21,2021-10-21,merger_proxy_filer,review_required,pending_review,False,"[""DEFM14A""]","[""0001493152-21-025974""]","[""https://www.sec.gov/Archives/edgar/data/1100397/000149315221025974/defm14a.htm""]",1,"DEFM14A indicates merger-related proxy material, but the filer may be a target, buyer, SPAC, or reverse-merger participant. Manual review required."
99b542235ad9508c8916,1419600,Flexion Therapeutics Inc,[],"[""2834""]",2021-10-22,2021-11-19,tender_offer_target,high,provisional_primary_source,False,"[""SC 14D9"", ""SC 14D9/A""]","[""0001104659-21-128735"", ""0001104659-21-132387"", ""0001104659-21-137250"", ""0001104659-21-140621"", ""0001104659-21-140815"", ""0001104659-21-141649""]","[""https://www.sec.gov/Archives/edgar/data/1419600/000110465921128735/tm2129667-6_sc14d9.htm"", ""https://www.sec.gov/Archives/edgar/data/1419600/000110465921132387/tm2129667d8_sc14d9a.htm"", ""https://www.sec.gov/Archives/edgar/data/1419600/000110465921137250/tm2132680d1_sc14d9a.htm"", ""https://www.sec.gov/Archives/edgar/data/1419600/000110465921140621/tm2133309d1_sc14d9a.htm"", ""https://www.sec.gov/Archives/edgar/data/1419600/000110465921140815/tm2133379d1_sc14d9a.htm"", ""https://www.sec.gov/Archives/edgar/data/1419600/000110465921141649/tm2133406d1_sc14d9a.htm""]",6,Schedule 14D-9 identifies the tender-offer subject company. Verify the first public announcement date and exclude non-control offers before promoting this candidate to a training label.
b134354b7923c92728b2,1399529,Dicerna Pharmaceuticals Inc,[],"[""2834""]",2021-11-24,2021-12-28,tender_offer_target,high,provisional_primary_source,False,"[""SC 14D9"", ""SC 14D9/A""]","[""0001193125-21-340461"", ""0001193125-21-350841"", ""0001193125-21-357455"", ""0001193125-21-366685"", ""0001193125-21-367517""]","[""https://www.sec.gov/Archives/edgar/data/1399529/000119312521340461/d262144dsc14d9.htm"", ""https://www.sec.gov/Archives/edgar/data/1399529/000119312521350841/d262144dsc14d9a.htm"", ""https://www.sec.gov/Archives/edgar/data/1399529/000119312521357455/d262144dsc14d9a.htm"", ""https://www.sec.gov/Archives/edgar/data/1399529/000119312521366685/d262144dsc14d9a.htm"", ""https://www.sec.gov/Archives/edgar/data/1399529/000119312521367517/d262144dsc14d9a.htm""]",5,Schedule 14D-9 identifies the tender-offer subject company. Verify the first public announcement date and exclude non-control offers before promoting this candidate to a training label.
222e11bb6aea8ad4b996,1080709,ARENA PHARMACEUTICALS INC,[],"[""2834""]",2022-01-03,2022-01-03,merger_proxy_filer,review_required,pending_review,False,"[""DEFM14A""]","[""0001140361-22-000190""]","[""https://www.sec.gov/Archives/edgar/data/1080709/000114036122000190/ny20001688x2_defm14a.htm""]",1,"DEFM14A indicates merger-related proxy material, but the filer may be a target, buyer, SPAC, or reverse-merger participant. Manual review required."
1cf9f4eb25ca4a90bff6,1375151,"ZOGENIX, INC.",[],"[""2834""]",2022-02-01,2022-03-07,tender_offer_target,high,provisional_primary_source,False,"[""SC 14D9"", ""SC 14D9/A""]","[""0001193125-22-024104"", ""0001193125-22-024699"", ""0001193125-22-049936"", ""0001193125-22-054441"", ""0001193125-22-061403"", ""0001193125-22-062327"", ""0001193125-22-065159"", ""0001193125-22-067360""]","[""https://www.sec.gov/Archives/edgar/data/1375151/000119312522024104/d296753dsc14d9.htm"", ""https://www.sec.gov/Archives/edgar/data/1375151/000119312522024699/d302468dsc14d9a.htm"", ""https://www.sec.gov/Archives/edgar/data/1375151/000119312522049936/d272382dsc14d9a.htm"", ""https://www.sec.gov/Archives/edgar/data/1375151/000119312522054441/d121282dsc14d9a.htm"", ""https://www.sec.gov/Archives/edgar/data/1375151/000119312522061403/d116664dsc14d9a.htm"", ""https://www.sec.gov/Archives/edgar/data/1375151/000119312522062327/d689032dsc14d9a.htm"", ""https://www.sec.gov/Archives/edgar/data/1375151/000119312522065159/d641681dsc14d9a.htm"", ""https://www.sec.gov/Archives/edgar/data/1375151/000119312522067360/d628995dsc14d9a.htm""]",8,Schedule 14D-9 identifies the tender-offer subject company. Verify the first public announcement date and exclude non-control offers before promoting this candidate to a training label.
590309d813c7bcebf9f3,1103021,BIODELIVERY SCIENCES INTERNATIONAL INC,[],"[""2834""]",2022-02-14,2022-03-21,tender_offer_target,high,provisional_primary_source,False,"[""SC 14D9"", ""SC 14D9/A""]","[""0001103021-22-000037"", ""0001104659-22-025240"", ""0001104659-22-030364"", ""0001104659-22-032915"", ""0001104659-22-035849""]","[""https://www.sec.gov/Archives/edgar/data/1103021/000110302122000037/projectbristol-14dx9c21322.htm"", ""https://www.sec.gov/Archives/edgar/data/1103021/000110465922025240/tm226828-3_sc14d9.htm"", ""https://www.sec.gov/Archives/edgar/data/1103021/000110465922030364/tm228425d1_sc14d9a.htm"", ""https://www.sec.gov/Archives/edgar/data/1103021/000110465922032915/tm228425d2_sc14d9a.htm"", ""https://www.sec.gov/Archives/edgar/data/1103021/000110465922035849/tm228425d3_sc14d9a.htm""]",5,Schedule 14D-9 identifies the tender-offer subject company. Verify the first public announcement date and exclude non-control offers before promoting this candidate to a training label.
bfccaadcd10e8249fd2c,1821586,Helix Acquisition Corp,"[""MLTX""]","[""2834""]",2022-02-14,2022-02-14,merger_proxy_filer,review_required,pending_review,False,"[""DEFM14A""]","[""0001213900-22-007163""]","[""https://www.sec.gov/Archives/edgar/data/1821586/000121390022007163/defm14a4_helixacq.htm""]",1,"DEFM14A indicates merger-related proxy material, but the filer may be a target, buyer, SPAC, or reverse-merger participant. Manual review required."
f0e0f7f36ea20e062443,353569,QUIDEL CORP /DE/,[],"[""2835""]",2022-04-11,2022-04-11,merger_proxy_filer,review_required,pending_review,False,"[""DEFM14A""]","[""0001193125-22-101780""]","[""https://www.sec.gov/Archives/edgar/data/353569/000119312522101780/d273090ddefm14a.htm""]",1,"DEFM14A indicates merger-related proxy material, but the filer may be a target, buyer, SPAC, or reverse-merger participant. Manual review required."
126c8b0a7c9f4eeafa3f,1828443,Ortho Clinical Diagnostics Holdings plc,[],"[""2835""]",2022-04-11,2022-04-11,merger_proxy_filer,review_required,pending_review,False,"[""DEFM14A""]","[""0001193125-22-101781""]","[""https://www.sec.gov/Archives/edgar/data/1828443/000119312522101781/d273090ddefm14a.htm""]",1,"DEFM14A indicates merger-related proxy material, but the filer may be a target, buyer, SPAC, or reverse-merger participant. Manual review required."
07a2defcd45dcadeab78,1821318,OTR Acquisition Corp.,[],"[""2834""]",2022-04-15,2022-04-15,merger_proxy_filer,review_required,pending_review,False,"[""DEFM14A""]","[""0001193125-22-106541""]","[""https://www.sec.gov/Archives/edgar/data/1821318/000119312522106541/d299220ddefm14a.htm""]",1,"DEFM14A indicates merger-related proxy material, but the filer may be a target, buyer, SPAC, or reverse-merger participant. Manual review required."
7fffc70f5fe46d2cb037,1651431,"Checkmate Pharmaceuticals, Inc.",[],"[""2836""]",2022-05-02,2022-05-31,tender_offer_target,high,provisional_primary_source,False,"[""SC 14D9"", ""SC 14D9/A""]","[""0001193125-22-135583"", ""0001193125-22-147624"", ""0001193125-22-156180"", ""0001193125-22-163200""]","[""https://www.sec.gov/Archives/edgar/data/1651431/000119312522135583/d212034dsc14d9.htm"", ""https://www.sec.gov/Archives/edgar/data/1651431/000119312522147624/d212034dsc14d9a.htm"", ""https://www.sec.gov/Archives/edgar/data/1651431/000119312522156180/d212034dsc14d9a.htm"", ""https://www.sec.gov/Archives/edgar/data/1651431/000119312522163200/d212034dsc14d9a.htm""]",4,Schedule 14D-9 identifies the tender-offer subject company. Verify the first public announcement date and exclude non-control offers before promoting this candidate to a training label.
bc010704f11c18e5000e,1819253,Haymaker Acquisition Corp. III,"[""BTMD""]","[""2833""]",2022-05-05,2022-05-05,merger_proxy_filer,review_required,pending_review,False,"[""DEFM14A""]","[""0001193125-22-141202""]","[""https://www.sec.gov/Archives/edgar/data/1819253/000119312522141202/d229585ddefm14a.htm""]",1,"DEFM14A indicates merger-related proxy material, but the filer may be a target, buyer, SPAC, or reverse-merger participant. Manual review required."
7888330a5d22a0a7a80e,1854270,Dynamics Special Purpose Corp.,"[""SNTI""]","[""2836""]",2022-05-13,2022-05-13,merger_proxy_filer,review_required,pending_review,False,"[""DEFM14A""]","[""0001193125-22-150141""]","[""https://www.sec.gov/Archives/edgar/data/1854270/000119312522150141/d189920ddefm14a.htm""]",1,"DEFM14A indicates merger-related proxy material, but the filer may be a target, buyer, SPAC, or reverse-merger participant. Manual review required."
ef1d9e40cc12c092058e,1290149,"Sierra Oncology, Inc.",[],"[""2834""]",2022-05-16,2022-05-16,merger_proxy_filer,review_required,pending_review,False,"[""DEFM14A""]","[""0001193125-22-151699""]","[""https://www.sec.gov/Archives/edgar/data/1290149/000119312522151699/d571460ddefm14a.htm""]",1,"DEFM14A indicates merger-related proxy material, but the filer may be a target, buyer, SPAC, or reverse-merger participant. Manual review required."
6e052ba417facd77d0b4,1724344,Entasis Therapeutics Holdings Inc.,[],"[""2834""]",2022-06-07,2022-07-08,tender_offer_target,high,provisional_primary_source,False,"[""SC 14D9"", ""SC 14D9/A""]","[""0001140361-22-022096"", ""0001140361-22-023373"", ""0001140361-22-024660"", ""0001140361-22-025614""]","[""https://www.sec.gov/Archives/edgar/data/1724344/000114036122022096/ny20004448x1_sc14d9.htm"", ""https://www.sec.gov/Archives/edgar/data/1724344/000114036122023373/ny20004448x3_sc14d9a.htm"", ""https://www.sec.gov/Archives/edgar/data/1724344/000114036122024660/ny20004448x6_sc14d9a.htm"", ""https://www.sec.gov/Archives/edgar/data/1724344/000114036122025614/ny20004306x4_sc14d9a.htm""]",4,Schedule 14D-9 identifies the tender-offer subject company. Verify the first public announcement date and exclude non-control offers before promoting this candidate to a training label.
aee3c940cbe5977d525e,1850270,Social Capital Suvretta Holdings Corp. III,"[""PROK""]","[""2836""]",2022-06-10,2022-06-10,merger_proxy_filer,review_required,pending_review,False,"[""DEFM14A""]","[""0001193125-22-172036""]","[""https://www.sec.gov/Archives/edgar/data/1850270/000119312522172036/d546367ddefm14a.htm""]",1,"DEFM14A indicates merger-related proxy material, but the filer may be a target, buyer, SPAC, or reverse-merger participant. Manual review required."
520029b12f1a295409f3,25743,"TherapeuticsMD, Inc.","[""TXMD""]","[""2834""]",2022-06-13,2022-07-13,tender_offer_target,high,provisional_primary_source,False,"[""SC 14D9"", ""SC 14D9/A""]","[""0001193125-22-172146"", ""0001193125-22-183959"", ""0001193125-22-188208"", ""0001193125-22-192325""]","[""https://www.sec.gov/Archives/edgar/data/25743/000119312522172146/d335475dsc14d9.htm"", ""https://www.sec.gov/Archives/edgar/data/25743/000119312522183959/d323862dsc14d9a.htm"", ""https://www.sec.gov/Archives/edgar/data/25743/000119312522188208/d374479dsc14d9a.htm"", ""https://www.sec.gov/Archives/edgar/data/25743/000119312522192325/d324523dsc14d9a.htm""]",4,Schedule 14D-9 identifies the tender-offer subject company. Verify the first public announcement date and exclude non-control offers before promoting this candidate to a training label.
73a8c2b1e6498ead30ec,1595893,"Turning Point Therapeutics, Inc.",[],"[""2834""]",2022-06-17,2022-08-16,tender_offer_target,high,provisional_primary_source,False,"[""SC 14D9"", ""SC 14D9/A""]","[""0001140361-22-023489"", ""0001140361-22-024774"", ""0001140361-22-026306"", ""0001140361-22-028805"", ""0001140361-22-029752""]","[""https://www.sec.gov/Archives/edgar/data/1595893/000114036122023489/ny20004535x1_sc14d9.htm"", ""https://www.sec.gov/Archives/edgar/data/1595893/000114036122024774/brhc10039322_sc14d9a.htm"", ""https://www.sec.gov/Archives/edgar/data/1595893/000114036122026306/brhc10039762_sc14d9a.htm"", ""https://www.sec.gov/Archives/edgar/data/1595893/000114036122028805/brhc10040553_sc14d9a.htm"", ""https://www.sec.gov/Archives/edgar/data/1595893/000114036122029752/brhc10040808_sc14d9a.htm""]",5,Schedule 14D-9 identifies the tender-offer subject company. Verify the first public announcement date and exclude non-control offers before promoting this candidate to a training label.
2a68b1c6e56d848e74bd,1566373,"F-star Therapeutics, Inc.",[],"[""2834""]",2022-07-07,2023-03-09,tender_offer_target,high,provisional_primary_source,False,"[""SC 14D9"", ""SC 14D9/A""]","[""0001193125-22-189234"", ""0001193125-22-201000"", ""0001193125-22-211940"", ""0001193125-22-245608"", ""0001193125-22-256209"", ""0001193125-22-267683"", ""0001193125-22-274548"", ""0001193125-22-289467"", ""0001193125-22-298033"", ""0001193125-22-308071"", ""0001193125-22-309497"", ""0001193125-22-314220"", ""0001193125-22-315171"", ""0001193125-23-009892"", ""0001193125-23-020891"", ""0001193125-23-029315"", ""0001193125-23-045707"", ""0001193125-23-060847"", ""0001193125-23-062284"", ""0001193125-23-065369""]","[""https://www.sec.gov/Archives/edgar/data/1566373/000119312522189234/d252527dsc14d9.htm"", ""https://www.sec.gov/Archives/edgar/data/1566373/000119312522201000/d332086dsc14d9a.htm"", ""https://www.sec.gov/Archives/edgar/data/1566373/000119312522211940/d348245dsc14d9a.htm"", ""https://www.sec.gov/Archives/edgar/data/1566373/000119312522245608/d372390dsc14d9a.htm"", ""https://www.sec.gov/Archives/edgar/data/1566373/000119312522256209/d372390dsc14d9a.htm"", ""https://www.sec.gov/Archives/edgar/data/1566373/000119312522267683/d415874dsc14d9a.htm"", ""https://www.sec.gov/Archives/edgar/data/1566373/000119312522274548/d415874dsc14d9a.htm"", ""https://www.sec.gov/Archives/edgar/data/1566373/000119312522289467/d360231dsc14d9a.htm"", ""https://www.sec.gov/Archives/edgar/data/1566373/000119312522298033/d265831dsc14d9a.htm"", ""https://www.sec.gov/Archives/edgar/data/1566373/000119312522308071/d430473dsc14d9a.htm"", ""https://www.sec.gov/Archives/edgar/data/1566373/000119312522309497/d427731dsc14d9a.htm"", ""https://www.sec.gov/Archives/edgar/data/1566373/000119312522314220/d268339dsc14d9a.htm"", ""https://www.sec.gov/Archives/edgar/data/1566373/000119312522315171/d440494dsc14d9a.htm"", ""https://www.sec.gov/Archives/edgar/data/1566373/000119312523009892/d429930dsc14d9a.htm"", ""https://www.sec.gov/Archives/edgar/data/1566373/000119312523020891/d426174dsc14d9a.htm"", ""https://www.sec.gov/Archives/edgar/data/1566373/000119312523029315/d367960dsc14d9a.htm"", ""https://www.sec.gov/Archives/edgar/data/1566373/000119312523045707/d468906dsc14d9a.htm"", ""https://www.sec.gov/Archives/edgar/data/1566373/000119312523060847/d444958dsc14d9a.htm"", ""https://www.sec.gov/Archives/edgar/data/1566373/000119312523062284/d367960dsc14d9a.htm"", ""https://www.sec.gov/Archives/edgar/data/1566373/000119312523065369/d438759dsc14d9a.htm""]",20,Schedule 14D-9 identifies the tender-offer subject company. Verify the first public announcement date and exclude non-control offers before promoting this candidate to a training label.
5c911a699ab8a9fe3a5d,1571498,"Epizyme, Inc.",[],"[""2834""]",2022-07-12,2022-08-12,tender_offer_target,high,provisional_primary_source,False,"[""SC 14D9"", ""SC 14D9/A""]","[""0001193125-22-191776"", ""0001193125-22-208857"", ""0001193125-22-213157"", ""0001193125-22-219366""]","[""https://www.sec.gov/Archives/edgar/data/1571498/000119312522191776/d738141dsc14d9.htm"", ""https://www.sec.gov/Archives/edgar/data/1571498/000119312522208857/d738141dsc14d9a.htm"", ""https://www.sec.gov/Archives/edgar/data/1571498/000119312522213157/d336514dsc14d9a.htm"", ""https://www.sec.gov/Archives/edgar/data/1571498/000119312522219366/d392613dsc14d9a.htm""]",4,Schedule 14D-9 identifies the tender-offer subject company. Verify the first public announcement date and exclude non-control offers before promoting this candidate to a training label.
eadabd492158adb79b06,1428522,"Radius Health, Inc.",[],"[""2834""]",2022-07-13,2022-08-11,tender_offer_target,high,provisional_primary_source,False,"[""SC 14D9"", ""SC 14D9/A""]","[""0001193125-22-192402"", ""0001193125-22-210620"", ""0001193125-22-215655"", ""0001193125-22-218060""]","[""https://www.sec.gov/Archives/edgar/data/1428522/000119312522192402/d262132dsc14d9.htm"", ""https://www.sec.gov/Archives/edgar/data/1428522/000119312522210620/d358724dsc14d9a.htm"", ""https://www.sec.gov/Archives/edgar/data/1428522/000119312522215655/d358724dsc14d9a.htm"", ""https://www.sec.gov/Archives/edgar/data/1428522/000119312522218060/d358724dsc14d9a.htm""]",4,Schedule 14D-9 identifies the tender-offer subject company. Verify the first public announcement date and exclude non-control offers before promoting this candidate to a training label.
72794ae83c1a577ca6b1,711377,NEOGEN CORP,"[""NEOG""]","[""2835""]",2022-07-18,2022-07-18,merger_proxy_filer,review_required,pending_review,False,"[""DEFM14A""]","[""0001140361-22-026189""]","[""https://www.sec.gov/Archives/edgar/data/711377/000114036122026189/ny20004078x15_defm14a.htm""]",1,"DEFM14A indicates merger-related proxy material, but the filer may be a target, buyer, SPAC, or reverse-merger participant. Manual review required."
acc638866fb11450bcb3,920465,LA JOLLA PHARMACEUTICAL CO,[],"[""2836""]",2022-07-25,2022-08-22,tender_offer_target,high,provisional_primary_source,False,"[""SC 14D9"", ""SC 14D9/A""]","[""0001193125-22-200492"", ""0001193125-22-220630"", ""0001193125-22-226104""]","[""https://www.sec.gov/Archives/edgar/data/920465/000119312522200492/d346919dsc14d9.htm"", ""https://www.sec.gov/Archives/edgar/data/920465/000119312522220630/d381179dsc14d9a.htm"", ""https://www.sec.gov/Archives/edgar/data/920465/000119312522226104/d290984dsc14d9a.htm""]",3,Schedule 14D-9 identifies the tender-offer subject company. Verify the first public announcement date and exclude non-control offers before promoting this candidate to a training label.
001c8b47a50390877ece,1537917,"TYME TECHNOLOGIES, INC.",[],"[""2834""]",2022-08-09,2022-08-09,merger_proxy_filer,review_required,pending_review,False,"[""DEFM14A""]","[""0001193125-22-215131""]","[""https://www.sec.gov/Archives/edgar/data/1537917/000119312522215131/d385755ddefm14a.htm""]",1,"DEFM14A indicates merger-related proxy material, but the filer may be a target, buyer, SPAC, or reverse-merger participant. Manual review required."
e5f920d89c2dc143c857,1629137,"Global Blood Therapeutics, Inc.",[],"[""2834""]",2022-08-29,2022-08-29,merger_proxy_filer,review_required,pending_review,False,"[""DEFM14A""]","[""0001140361-22-031170""]","[""https://www.sec.gov/Archives/edgar/data/1629137/000114036122031170/ny20005024x2_defm14a.htm""]",1,"DEFM14A indicates merger-related proxy material, but the filer may be a target, buyer, SPAC, or reverse-merger participant. Manual review required."
2a4abfcf9d2d57a394fa,1689813,Biohaven Pharmaceutical Holding Co Ltd.,[],"[""2834""]",2022-08-30,2022-08-30,merger_proxy_filer,review_required,pending_review,False,"[""DEFM14A""]","[""0001628280-22-023926""]","[""https://www.sec.gov/Archives/edgar/data/1689813/000162828022023926/a2022bhvnproxystatement-de.htm""]",1,"DEFM14A indicates merger-related proxy material, but the filer may be a target, buyer, SPAC, or reverse-merger participant. Manual review required."
ba7cfd61520ee88fe4c9,1516551,"Skye Bioscience, Inc.","[""SKYE""]","[""2834""]",2022-08-31,2022-08-31,merger_proxy_filer,review_required,pending_review,False,"[""DEFM14A""]","[""0001516551-22-000028""]","[""https://www.sec.gov/Archives/edgar/data/1516551/000151655122000028/skyebioscienceincproxydef.htm""]",1,"DEFM14A indicates merger-related proxy material, but the filer may be a target, buyer, SPAC, or reverse-merger participant. Manual review required."
6eb004060197d8798de0,1403752,Zymeworks Inc.,[],"[""2834""]",2022-09-02,2022-09-02,merger_proxy_filer,review_required,pending_review,False,"[""DEFM14A""]","[""0001193125-22-237912""]","[""https://www.sec.gov/Archives/edgar/data/1403752/000119312522237912/d722206ddefm14a.htm""]",1,"DEFM14A indicates merger-related proxy material, but the filer may be a target, buyer, SPAC, or reverse-merger participant. Manual review required."
274a1519d6fda8bcae4f,794172,MERIDIAN BIOSCIENCE INC,[],"[""2835""]",2022-09-08,2022-09-08,merger_proxy_filer,review_required,pending_review,False,"[""DEFM14A""]","[""0001193125-22-240989""]","[""https://www.sec.gov/Archives/edgar/data/794172/000119312522240989/d312295ddefm14a.htm""]",1,"DEFM14A indicates merger-related proxy material, but the filer may be a target, buyer, SPAC, or reverse-merger participant. Manual review required."
ebb7e458002c72a2f8d3,1340652,"ChemoCentryx, Inc.",[],"[""2834""]",2022-09-14,2022-09-14,merger_proxy_filer,review_required,pending_review,False,"[""DEFM14A""]","[""0001193125-22-244850""]","[""https://www.sec.gov/Archives/edgar/data/1340652/000119312522244850/d359803ddefm14a.htm""]",1,"DEFM14A indicates merger-related proxy material, but the filer may be a target, buyer, SPAC, or reverse-merger participant. Manual review required."
df833bb1bb21cc7b0b4b,1645842,Zymergen Inc.,[],"[""8731""]",2022-09-14,2022-09-14,merger_proxy_filer,review_required,pending_review,False,"[""DEFM14A""]","[""0001193125-22-244829""]","[""https://www.sec.gov/Archives/edgar/data/1645842/000119312522244829/d366609ddefm14a.htm""]",1,"DEFM14A indicates merger-related proxy material, but the filer may be a target, buyer, SPAC, or reverse-merger participant. Manual review required."
4879c93e7039c967cc37,1538927,"Forma Therapeutics Holdings, Inc.",[],"[""2836""]",2022-09-15,2022-10-14,tender_offer_target,high,provisional_primary_source,False,"[""SC 14D9"", ""SC 14D9/A""]","[""0001193125-22-245733"", ""0001193125-22-252708"", ""0001193125-22-259258"", ""0001193125-22-262659""]","[""https://www.sec.gov/Archives/edgar/data/1538927/000119312522245733/d394912dsc14d9.htm"", ""https://www.sec.gov/Archives/edgar/data/1538927/000119312522252708/d394912dsc14d9a.htm"", ""https://www.sec.gov/Archives/edgar/data/1538927/000119312522259258/d394912dsc14d9a.htm"", ""https://www.sec.gov/Archives/edgar/data/1538927/000119312522262659/d394912dsc14d9a.htm""]",4,Schedule 14D-9 identifies the tender-offer subject company. Verify the first public announcement date and exclude non-control offers before promoting this candidate to a training label.
96acf0d3dcd51b7b573d,1819663,Coeptis Therapeutics Inc.,[],"[""2834""]",2022-09-30,2022-09-30,merger_proxy_filer,review_required,pending_review,False,"[""DEFM14A""]","[""0001683168-22-006695""]","[""https://www.sec.gov/Archives/edgar/data/1819663/000168316822006695/coeptis_defm14a.htm""]",1,"DEFM14A indicates merger-related proxy material, but the filer may be a target, buyer, SPAC, or reverse-merger participant. Manual review required."
75e0b98bf558f99018e8,1671858,"Silverback Therapeutics, Inc.","[""SPRY""]","[""2834""]",2022-10-06,2022-10-06,merger_proxy_filer,review_required,pending_review,False,"[""DEFM14A""]","[""0001193125-22-258871""]","[""https://www.sec.gov/Archives/edgar/data/1671858/000119312522258871/d258714ddefm14a.htm""]",1,"DEFM14A indicates merger-related proxy material, but the filer may be a target, buyer, SPAC, or reverse-merger participant. Manual review required."
25270b0a93a9a194b2e7,1337553,AERIE PHARMACEUTICALS INC,[],"[""2836""]",2022-10-07,2022-10-07,merger_proxy_filer,review_required,pending_review,False,"[""DEFM14A""]","[""0001140361-22-036516""]","[""https://www.sec.gov/Archives/edgar/data/1337553/000114036122036516/ny20005242x2_defm14a.htm""]",1,"DEFM14A indicates merger-related proxy material, but the filer may be a target, buyer, SPAC, or reverse-merger participant. Manual review required."
a92772ad2a21d8b1c47f,1672619,IMARA Inc.,"[""ELVN""]","[""2834""]",2022-10-07,2022-10-07,merger_proxy_filer,review_required,pending_review,False,"[""DEFM14A""]","[""0001193125-22-259683""]","[""https://www.sec.gov/Archives/edgar/data/1672619/000119312522259683/d370237ddefm14a.htm""]",1,"DEFM14A indicates merger-related proxy material, but the filer may be a target, buyer, SPAC, or reverse-merger participant. Manual review required."
a0a2f4146ac6d5437e4b,1834645,Ignyte Acquisition Corp.,"[""PKBO"", ""PKBOW""]","[""2836""]",2022-10-07,2022-10-07,merger_proxy_filer,review_required,pending_review,False,"[""DEFM14A""]","[""0001193125-22-259018""]","[""https://www.sec.gov/Archives/edgar/data/1834645/000119312522259018/d353377ddefm14a.htm""]",1,"DEFM14A indicates merger-related proxy material, but the filer may be a target, buyer, SPAC, or reverse-merger participant. Manual review required."
59c69b2f0ca9c6039c1a,1664106,"LogicBio Therapeutics, Inc.",[],"[""2836""]",2022-10-18,2022-11-16,tender_offer_target,high,provisional_primary_source,False,"[""SC 14D9"", ""SC 14D9/A""]","[""0001193125-22-264457"", ""0001193125-22-286319""]","[""https://www.sec.gov/Archives/edgar/data/1664106/000119312522264457/d412521dsc14d9.htm"", ""https://www.sec.gov/Archives/edgar/data/1664106/000119312522286319/d404415dsc14d9a.htm""]",2,Schedule 14D-9 identifies the tender-offer subject company. Verify the first public announcement date and exclude non-control offers before promoting this candidate to a training label.
23d609a41c048e753ee5,1273636,APPLIED GENETIC TECHNOLOGIES CORP,[],"[""2836""]",2022-10-26,2022-12-01,tender_offer_target,high,provisional_primary_source,False,"[""SC 14D9"", ""SC 14D9/A""]","[""0001193125-22-269728"", ""0001193125-22-276896"", ""0001193125-22-284818"", ""0001193125-22-288961"", ""0001193125-22-291120"", ""0001193125-22-292998"", ""0001193125-22-293929"", ""0001193125-22-295974""]","[""https://www.sec.gov/Archives/edgar/data/1273636/000119312522269728/d384239dsc14d9.htm"", ""https://www.sec.gov/Archives/edgar/data/1273636/000119312522276896/d404418dsc14d9a.htm"", ""https://www.sec.gov/Archives/edgar/data/1273636/000119312522284818/d404418dsc14d9a.htm"", ""https://www.sec.gov/Archives/edgar/data/1273636/000119312522288961/d404418dsc14d9a.htm"", ""https://www.sec.gov/Archives/edgar/data/1273636/000119312522291120/d418587dsc14d9a.htm"", ""https://www.sec.gov/Archives/edgar/data/1273636/000119312522292998/d418587dsc14d9a.htm"", ""https://www.sec.gov/Archives/edgar/data/1273636/000119312522293929/d404507dsc14d9a.htm"", ""https://www.sec.gov/Archives/edgar/data/1273636/000119312522295974/d405307dsc14d9a.htm""]",8,Schedule 14D-9 identifies the tender-offer subject company. Verify the first public announcement date and exclude non-control offers before promoting this candidate to a training label.
534764babbb24bde76d0,1722271,"Akouos, Inc.",[],"[""2834""]",2022-10-31,2022-11-30,tender_offer_target,high,provisional_primary_source,False,"[""SC 14D9"", ""SC 14D9/A""]","[""0001193125-22-273114"", ""0001193125-22-283633"", ""0001193125-22-288973"", ""0001193125-22-292873"", ""0001193125-22-294904""]","[""https://www.sec.gov/Archives/edgar/data/1722271/000119312522273114/d414817dsc14d9.htm"", ""https://www.sec.gov/Archives/edgar/data/1722271/000119312522283633/d414817dsc14d9a.htm"", ""https://www.sec.gov/Archives/edgar/data/1722271/000119312522288973/d414817dsc14d9a.htm"", ""https://www.sec.gov/Archives/edgar/data/1722271/000119312522292873/d414817dsc14d9a.htm"", ""https://www.sec.gov/Archives/edgar/data/1722271/000119312522294904/d414817dsc14d9a.htm""]",5,Schedule 14D-9 identifies the tender-offer subject company. Verify the first public announcement date and exclude non-control offers before promoting this candidate to a training label.
7cdb2a55d99391926a83,1799850,"Renovacor, Inc.",[],"[""2836""]",2022-10-31,2022-10-31,merger_proxy_filer,review_required,pending_review,False,"[""DEFM14A""]","[""0001140361-22-039152""]","[""https://www.sec.gov/Archives/edgar/data/1799850/000114036122039152/ny20005658x1_defm14a.htm""]",1,"DEFM14A indicates merger-related proxy material, but the filer may be a target, buyer, SPAC, or reverse-merger participant. Manual review required."
24476d6dbd4b9b6d1b99,1707502,Solid Biosciences Inc.,"[""SLDB""]","[""2836""]",2022-11-07,2022-11-07,merger_proxy_filer,review_required,pending_review,False,"[""DEFM14A""]","[""0001140361-22-040359""]","[""https://www.sec.gov/Archives/edgar/data/1707502/000114036122040359/ny20005599x2_defm14a.htm""]",1,"DEFM14A indicates merger-related proxy material, but the filer may be a target, buyer, SPAC, or reverse-merger participant. Manual review required."
513f790f3928d7316799,1634379,"Metacrine, Inc.",[],"[""2834""]",2022-11-10,2022-11-10,merger_proxy_filer,review_required,pending_review,False,"[""DEFM14A""]","[""0001140361-22-040942""]","[""https://www.sec.gov/Archives/edgar/data/1634379/000114036122040942/ny20005542x1_defm14a.htm""]",1,"DEFM14A indicates merger-related proxy material, but the filer may be a target, buyer, SPAC, or reverse-merger participant. Manual review required."
8b03ee1c84094ea87051,1325879,"AVEO PHARMACEUTICALS, INC.",[],"[""2834""]",2022-11-25,2022-11-25,merger_proxy_filer,review_required,pending_review,False,"[""DEFM14A""]","[""0001193125-22-292358""]","[""https://www.sec.gov/Archives/edgar/data/1325879/000119312522292358/d407975ddefm14a.htm""]",1,"DEFM14A indicates merger-related proxy material, but the filer may be a target, buyer, SPAC, or reverse-merger participant. Manual review required."
70b6378b0f9c0039e44e,1720725,"Oyster Point Pharma, Inc.",[],"[""2836""]",2022-12-01,2023-01-03,tender_offer_target,high,provisional_primary_source,False,"[""SC 14D9"", ""SC 14D9/A""]","[""0001193125-22-295926"", ""0001193125-22-301385"", ""0001193125-22-311180"", ""0001193125-22-311530"", ""0001193125-23-000322""]","[""https://www.sec.gov/Archives/edgar/data/1720725/000119312522295926/d212100dsc14d9.htm"", ""https://www.sec.gov/Archives/edgar/data/1720725/000119312522301385/d433804dsc14d9a.htm"", ""https://www.sec.gov/Archives/edgar/data/1720725/000119312522311180/d396645dsc14d9.htm"", ""https://www.sec.gov/Archives/edgar/data/1720725/000119312522311530/d444567dsc14d9a.htm"", ""https://www.sec.gov/Archives/edgar/data/1720725/000119312523000322/d403208dsc14d9a.htm""]",5,Schedule 14D-9 identifies the tender-offer subject company. Verify the first public announcement date and exclude non-control offers before promoting this candidate to a training label.
696cbe77a4819c73fd44,1623715,"Imago BioSciences, Inc.",[],"[""2834""]",2022-12-12,2023-01-11,tender_offer_target,high,provisional_primary_source,False,"[""SC 14D9"", ""SC 14D9/A""]","[""0001193125-22-302314"", ""0001193125-22-309600"", ""0001193125-23-000819"", ""0001193125-23-006134""]","[""https://www.sec.gov/Archives/edgar/data/1623715/000119312522302314/d376992dsc14d9.htm"", ""https://www.sec.gov/Archives/edgar/data/1623715/000119312522309600/d445470dsc14d9a.htm"", ""https://www.sec.gov/Archives/edgar/data/1623715/000119312523000819/d419407dsc14d9a.htm"", ""https://www.sec.gov/Archives/edgar/data/1623715/000119312523006134/d447994dsc14d9a.htm""]",4,Schedule 14D-9 identifies the tender-offer subject company. Verify the first public announcement date and exclude non-control offers before promoting this candidate to a training label.
cf806e51f2463f8eacc4,1797336,"Ayala Pharmaceuticals, Inc.",[],"[""2836""]",2022-12-12,2022-12-12,merger_proxy_filer,review_required,pending_review,False,"[""DEFM14A""]","[""0001493152-22-035196""]","[""https://www.sec.gov/Archives/edgar/data/1797336/000149315222035196/formdefm14a.htm""]",1,"DEFM14A indicates merger-related proxy material, but the filer may be a target, buyer, SPAC, or reverse-merger participant. Manual review required."
0259f98efd136c060986,1385508,"OPIANT PHARMACEUTICALS, INC.",[],"[""2834""]",2023-01-04,2023-01-04,merger_proxy_filer,review_required,pending_review,False,"[""DEFM14A""]","[""0001385508-23-000003""]","[""https://www.sec.gov/Archives/edgar/data/1385508/000138550823000003/projectrainbow-definitivep.htm""]",1,"DEFM14A indicates merger-related proxy material, but the filer may be a target, buyer, SPAC, or reverse-merger participant. Manual review required."
d7b025330d2d8e0ed401,1322505,"ALBIREO PHARMA, INC.",[],"[""2834""]",2023-01-23,2023-03-02,tender_offer_target,high,provisional_primary_source,False,"[""SC 14D9"", ""SC 14D9/A""]","[""0001104659-23-005613"", ""0001104659-23-008110"", ""0001104659-23-024007"", ""0001104659-23-027755""]","[""https://www.sec.gov/Archives/edgar/data/1322505/000110465923005613/tm233929-3_sc14d9.htm"", ""https://www.sec.gov/Archives/edgar/data/1322505/000110465923008110/tm234923d1_sc14d9a.htm"", ""https://www.sec.gov/Archives/edgar/data/1322505/000110465923024007/tm237515d1_sc14d9a.htm"", ""https://www.sec.gov/Archives/edgar/data/1322505/000110465923027755/tm238312d1_sc14d9a.htm""]",4,Schedule 14D-9 identifies the tender-offer subject company. Verify the first public announcement date and exclude non-control offers before promoting this candidate to a training label.
c937ed8052ee3490403e,1492426,Horizon Therapeutics Public Ltd Co,[],"[""2834""]",2023-01-23,2023-01-23,merger_proxy_filer,review_required,pending_review,False,"[""DEFM14A""]","[""0001193125-23-012549""]","[""https://www.sec.gov/Archives/edgar/data/1492426/000119312523012549/d418961ddefm14a.htm""]",1,"DEFM14A indicates merger-related proxy material, but the filer may be a target, buyer, SPAC, or reverse-merger participant. Manual review required."
d7cf4c0d85e92f90ffac,1679082,Myovant Sciences Ltd.,[],"[""2834""]",2023-01-23,2023-01-23,merger_proxy_filer,review_required,pending_review,False,"[""DEFM14A""]","[""0001140361-23-002428""]","[""https://www.sec.gov/Archives/edgar/data/1679082/000114036123002428/ny20005635x10_defm14a.htm""]",1,"DEFM14A indicates merger-related proxy material, but the filer may be a target, buyer, SPAC, or reverse-merger participant. Manual review required."
5f40eb65849ab8e59926,1868734,"CinCor Pharma, Inc.",[],"[""2834""]",2023-01-23,2023-02-24,tender_offer_target,high,provisional_primary_source,False,"[""SC 14D9"", ""SC 14D9/A""]","[""0001193125-23-012744"", ""0001193125-23-024248"", ""0001193125-23-035901"", ""0001193125-23-040287"", ""0001193125-23-045540"", ""0001193125-23-047405""]","[""https://www.sec.gov/Archives/edgar/data/1868734/000119312523012744/d779598dsc14d9.htm"", ""https://www.sec.gov/Archives/edgar/data/1868734/000119312523024248/d266660dsc14d9a.htm"", ""https://www.sec.gov/Archives/edgar/data/1868734/000119312523035901/d419572dsc14d9a.htm"", ""https://www.sec.gov/Archives/edgar/data/1868734/000119312523040287/d466753dsc14d9a.htm"", ""https://www.sec.gov/Archives/edgar/data/1868734/000119312523045540/d470275dsc14d9a.htm"", ""https://www.sec.gov/Archives/edgar/data/1868734/000119312523047405/d474334dsc14d9a.htm""]",6,Schedule 14D-9 identifies the tender-offer subject company. Verify the first public announcement date and exclude non-control offers before promoting this candidate to a training label.
bc6bd48ec7b7000c08d5,1367920,"CONCERT PHARMACEUTICALS, INC.",[],"[""2834""]",2023-02-02,2023-03-06,tender_offer_target,high,provisional_primary_source,False,"[""SC 14D9"", ""SC 14D9/A""]","[""0001193125-23-022165"", ""0001193125-23-048726"", ""0001193125-23-060809""]","[""https://www.sec.gov/Archives/edgar/data/1367920/000119312523022165/d360970dsc14d9.htm"", ""https://www.sec.gov/Archives/edgar/data/1367920/000119312523048726/d448602dsc14d9a.htm"", ""https://www.sec.gov/Archives/edgar/data/1367920/000119312523060809/d398848dsc14d9a.htm""]",3,Schedule 14D-9 identifies the tender-offer subject company. Verify the first public announcement date and exclude non-control offers before promoting this candidate to a training label.
b33534019fc79c76334f,1534133,"GRAYBUG VISION, INC.","[""CALC""]","[""2834""]",2023-02-09,2023-02-09,merger_proxy_filer,review_required,pending_review,False,"[""DEFM14A""]","[""0001193125-23-030343""]","[""https://www.sec.gov/Archives/edgar/data/1534133/000119312523030343/d192607ddefm14a.htm""]",1,"DEFM14A indicates merger-related proxy material, but the filer may be a target, buyer, SPAC, or reverse-merger participant. Manual review required."
9c68ddfe3cb9f6d2457c,1092662,"CHEMBIO DIAGNOSTICS, INC.",[],"[""2834""]",2023-02-14,2023-04-27,tender_offer_target,high,provisional_primary_source,False,"[""SC 14D9"", ""SC 14D9/A""]","[""0001140361-23-006991"", ""0001140361-23-009452"", ""0001140361-23-010231"", ""0001140361-23-011731"", ""0001140361-23-012679"", ""0001140361-23-014421"", ""0001140361-23-015860"", ""0001140361-23-017427"", ""0001140361-23-018121"", ""0001140361-23-019020"", ""0001140361-23-020727""]","[""https://www.sec.gov/Archives/edgar/data/1092662/000114036123006991/ny20007154x3_sc14d9.htm"", ""https://www.sec.gov/Archives/edgar/data/1092662/000114036123009452/brhc10049106_sc14d9a.htm"", ""https://www.sec.gov/Archives/edgar/data/1092662/000114036123010231/brhc10049350_sc14d9a.htm"", ""https://www.sec.gov/Archives/edgar/data/1092662/000114036123011731/brhc10049737_sc14d9a.htm"", ""https://www.sec.gov/Archives/edgar/data/1092662/000114036123012679/brhc10049969_sc14d9a.htm"", ""https://www.sec.gov/Archives/edgar/data/1092662/000114036123014421/brhc10050314_sc14d9a.htm"", ""https://www.sec.gov/Archives/edgar/data/1092662/000114036123015860/brhc10050792_sc14d9a.htm"", ""https://www.sec.gov/Archives/edgar/data/1092662/000114036123017427/brhc10051156_sc14d9a.htm"", ""https://www.sec.gov/Archives/edgar/data/1092662/000114036123018121/brhc20051337_sc14d9a.htm"", ""https://www.sec.gov/Archives/edgar/data/1092662/000114036123019020/brhc20051550_sc14d9a.htm"", ""https://www.sec.gov/Archives/edgar/data/1092662/000114036123020727/brhc20052009_sc14d9a.htm""]",11,Schedule 14D-9 identifies the tender-offer subject company. Verify the first public announcement date and exclude non-control offers before promoting this candidate to a training label.
ded3ec318051082f4aac,1636050,Sio Gene Therapies Inc.,[],"[""2834""]",2023-02-21,2023-02-21,merger_proxy_filer,review_required,pending_review,False,"[""DEFM14A""]","[""0001140361-23-007830""]","[""https://www.sec.gov/Archives/edgar/data/1636050/000114036123007830/ny20007218x2_defm14a.htm""]",1,"DEFM14A indicates merger-related proxy material, but the filer may be a target, buyer, SPAC, or reverse-merger participant. Manual review required."
34d363dee2dc92c78772,1596946,Quotient Ltd,[],"[""2835""]",2023-03-06,2023-03-06,merger_proxy_filer,review_required,pending_review,False,"[""DEFM14A""]","[""0000950170-23-006101""]","[""https://www.sec.gov/Archives/edgar/data/1596946/000095017023006101/qtnt_defm_14a.htm""]",1,"DEFM14A indicates merger-related proxy material, but the filer may be a target, buyer, SPAC, or reverse-merger participant. Manual review required."
9ad4cc25e845241a16af,1695357,"Provention Bio, Inc.",[],"[""2834""]",2023-03-24,2023-04-27,tender_offer_target,high,provisional_primary_source,False,"[""SC 14D9"", ""SC 14D9/A""]","[""0001493152-23-008777"", ""0001493152-23-011769"", ""0001493152-23-012954"", ""0001493152-23-013621"", ""0001493152-23-013771""]","[""https://www.sec.gov/Archives/edgar/data/1695357/000149315223008777/formsc14d9.htm"", ""https://www.sec.gov/Archives/edgar/data/1695357/000149315223011769/formsc14d-9a.htm"", ""https://www.sec.gov/Archives/edgar/data/1695357/000149315223012954/formsc14d9a.htm"", ""https://www.sec.gov/Archives/edgar/data/1695357/000149315223013621/formsc14d9a.htm"", ""https://www.sec.gov/Archives/edgar/data/1695357/000149315223013771/formsc14d-9a.htm""]",5,Schedule 14D-9 identifies the tender-offer subject company. Verify the first public announcement date and exclude non-control offers before promoting this candidate to a training label.
97fb3f8fbb92b761a0e7,1640455,"Jounce Therapeutics, Inc.",[],"[""2836""]",2023-03-27,2023-05-04,tender_offer_target,high,provisional_primary_source,False,"[""SC 14D9"", ""SC 14D9/A""]","[""0001640455-23-000042"", ""0001640455-23-000051"", ""0001640455-23-000064"", ""0001640455-23-000084""]","[""https://www.sec.gov/Archives/edgar/data/1640455/000164045523000042/sc14d-9c03272023.htm"", ""https://www.sec.gov/Archives/edgar/data/1640455/000164045523000051/jnce04052023schedule14d-9.htm"", ""https://www.sec.gov/Archives/edgar/data/1640455/000164045523000064/jnce0424202314d-9_a.htm"", ""https://www.sec.gov/Archives/edgar/data/1640455/000164045523000084/jnce05032023sc14d-9a.htm""]",4,Schedule 14D-9 identifies the tender-offer subject company. Verify the first public announcement date and exclude non-control offers before promoting this candidate to a training label.
004d1b5d4cb957a8e7da,887247,Adamis Pharmaceuticals Corp,"[""DMKPQ""]","[""2834""]",2023-04-13,2023-04-13,merger_proxy_filer,review_required,pending_review,False,"[""DEFM14A""]","[""0001839882-23-009537""]","[""https://www.sec.gov/Archives/edgar/data/887247/000183988223009537/admp-defm14a_051523.htm""]",1,"DEFM14A indicates merger-related proxy material, but the filer may be a target, buyer, SPAC, or reverse-merger participant. Manual review required."
12da705e859c126b8b62,1750019,TCR2 THERAPEUTICS INC.,[],"[""2836""]",2023-04-20,2023-04-20,merger_proxy_filer,review_required,pending_review,False,"[""DEFM14A""]","[""0001104659-23-047840""]","[""https://www.sec.gov/Archives/edgar/data/1750019/000110465923047840/tm2313261-1_defm14a.htm""]",1,"DEFM14A indicates merger-related proxy material, but the filer may be a target, buyer, SPAC, or reverse-merger participant. Manual review required."
e554788ef1dd19640cc1,1060736,Seagen Inc.,[],"[""2836""]",2023-04-24,2023-04-24,merger_proxy_filer,review_required,pending_review,False,"[""DEFM14A""]","[""0001193125-23-112984""]","[""https://www.sec.gov/Archives/edgar/data/1060736/000119312523112984/d484035ddefm14a.htm""]",1,"DEFM14A indicates merger-related proxy material, but the filer may be a target, buyer, SPAC, or reverse-merger participant. Manual review required."
b27e416a0dd83cdc39ad,1692830,"Satsuma Pharmaceuticals, Inc.",[],"[""2834""]",2023-05-05,2023-06-08,tender_offer_target,high,provisional_primary_source,False,"[""SC 14D9"", ""SC 14D9/A""]","[""0001193125-23-136606"", ""0001193125-23-148286"", ""0001193125-23-153236"", ""0001193125-23-156942"", ""0001193125-23-163081""]","[""https://www.sec.gov/Archives/edgar/data/1692830/000119312523136606/d447227dsc14d9.htm"", ""https://www.sec.gov/Archives/edgar/data/1692830/000119312523148286/d505593dsc14d9a.htm"", ""https://www.sec.gov/Archives/edgar/data/1692830/000119312523153236/d513040dsc14d9a.htm"", ""https://www.sec.gov/Archives/edgar/data/1692830/000119312523156942/d514878dsc14d9a.htm"", ""https://www.sec.gov/Archives/edgar/data/1692830/000119312523163081/d515933dsc14d9a.htm""]",5,Schedule 14D-9 identifies the tender-offer subject company. Verify the first public announcement date and exclude non-control offers before promoting this candidate to a training label.
6f109d0f7e688ad6ae40,1038133,HESKA CORP,[],"[""2835""]",2023-05-08,2023-05-08,merger_proxy_filer,review_required,pending_review,False,"[""DEFM14A""]","[""0001140361-23-023334""]","[""https://www.sec.gov/Archives/edgar/data/1038133/000114036123023334/ny20008545x3_defm14a.htm""]",1,"DEFM14A indicates merger-related proxy material, but the filer may be a target, buyer, SPAC, or reverse-merger participant. Manual review required."
edca86245722b33ead14,1837607,Priveterra Acquisition Corp.,"[""AEON""]","[""2834""]",2023-05-12,2023-05-12,merger_proxy_filer,review_required,pending_review,False,"[""DEFM14A""]","[""0001104659-23-059839""]","[""https://www.sec.gov/Archives/edgar/data/1837607/000110465923059839/tm2229000-22_defm14a.htm""]",1,"DEFM14A indicates merger-related proxy material, but the filer may be a target, buyer, SPAC, or reverse-merger participant. Manual review required."
dd0ae7a2ea1a933eaf9c,1718852,"Prometheus Biosciences, Inc.",[],"[""2834""]",2023-05-16,2023-05-16,merger_proxy_filer,review_required,pending_review,False,"[""DEFM14A""]","[""0001193125-23-146068""]","[""https://www.sec.gov/Archives/edgar/data/1718852/000119312523146068/d489453ddefm14a.htm""]",1,"DEFM14A indicates merger-related proxy material, but the filer may be a target, buyer, SPAC, or reverse-merger participant. Manual review required."
8be3fc371b452ea7e23c,891293,CTI BIOPHARMA CORP,[],"[""2834""]",2023-05-25,2023-06-26,tender_offer_target,high,provisional_primary_source,False,"[""SC 14D9"", ""SC 14D9/A""]","[""0001193125-23-153474"", ""0001193125-23-158945"", ""0001193125-23-163521"", ""0001193125-23-164834"", ""0001193125-23-165402"", ""0001193125-23-174363""]","[""https://www.sec.gov/Archives/edgar/data/891293/000119312523153474/d489239dsc14d9.htm"", ""https://www.sec.gov/Archives/edgar/data/891293/000119312523158945/d489801dsc14d9a.htm"", ""https://www.sec.gov/Archives/edgar/data/891293/000119312523163521/d503403dsc14d9a.htm"", ""https://www.sec.gov/Archives/edgar/data/891293/000119312523164834/d444254dsc14d9a.htm"", ""https://www.sec.gov/Archives/edgar/data/891293/000119312523165402/d508377dsc14d9a.htm"", ""https://www.sec.gov/Archives/edgar/data/891293/000119312523174363/d453413dsc14d9a.htm""]",6,Schedule 14D-9 identifies the tender-offer subject company. Verify the first public announcement date and exclude non-control offers before promoting this candidate to a training label.
1a0f414aeab293c0fb11,1836379,VectivBio Holding AG,[],"[""2836""]",2023-05-31,2023-06-29,tender_offer_target,high,provisional_primary_source,False,"[""SC 14D9"", ""SC 14D9/A""]","[""0001193125-23-157211"", ""0001193125-23-168452"", ""0001193125-23-169599"", ""0001193125-23-175054"", ""0001193125-23-178079""]","[""https://www.sec.gov/Archives/edgar/data/1836379/000119312523157211/d490576dsc14d9.htm"", ""https://www.sec.gov/Archives/edgar/data/1836379/000119312523168452/d481424dsc14d9a.htm"", ""https://www.sec.gov/Archives/edgar/data/1836379/000119312523169599/d501459dsc14d9a.htm"", ""https://www.sec.gov/Archives/edgar/data/1836379/000119312523175054/d480309dsc14d9a.htm"", ""https://www.sec.gov/Archives/edgar/data/1836379/000119312523178079/d527160dsc14d9a.htm""]",5,Schedule 14D-9 identifies the tender-offer subject company. Verify the first public announcement date and exclude non-control offers before promoting this candidate to a training label.
00c2f2b3fd51ec03d1e3,1410939,"IVERIC bio, Inc.",[],"[""2834""]",2023-06-05,2023-06-05,merger_proxy_filer,review_required,pending_review,False,"[""DEFM14A""]","[""0001104659-23-067886""]","[""https://www.sec.gov/Archives/edgar/data/1410939/000110465923067886/tm2316342-3_defm14a.htm""]",1,"DEFM14A indicates merger-related proxy material, but the filer may be a target, buyer, SPAC, or reverse-merger participant. Manual review required."
9273ad5779622f0b7f7b,1496671,"Calithera Biosciences, Inc.","[""CALA""]","[""2834""]",2023-06-05,2023-06-05,merger_proxy_filer,review_required,pending_review,False,"[""DEFM14A""]","[""0001140361-23-028417""]","[""https://www.sec.gov/Archives/edgar/data/1496671/000114036123028417/ny20009214x2_defm14a.htm""]",1,"DEFM14A indicates merger-related proxy material, but the filer may be a target, buyer, SPAC, or reverse-merger participant. Manual review required."
1ef89a89f8806630a0de,1113148,"INFINITY PHARMACEUTICALS, INC.","[""INFIQ""]","[""2834""]",2023-06-06,2023-06-06,merger_proxy_filer,review_required,pending_review,False,"[""DEFM14A""]","[""0001193125-23-161659""]","[""https://www.sec.gov/Archives/edgar/data/1113148/000119312523161659/d480137ddefm14a.htm""]",1,"DEFM14A indicates merger-related proxy material, but the filer may be a target, buyer, SPAC, or reverse-merger participant. Manual review required."
2c2ff546dec5450f8854,831547,SPECTRUM PHARMACEUTICALS INC,[],"[""2834""]",2023-06-15,2023-06-15,merger_proxy_filer,review_required,pending_review,False,"[""DEFM14A""]","[""0001104659-23-071627""]","[""https://www.sec.gov/Archives/edgar/data/831547/000110465923071627/tm2315184-9_defm14a.htm""]",1,"DEFM14A indicates merger-related proxy material, but the filer may be a target, buyer, SPAC, or reverse-merger participant. Manual review required."
30bc90d53ae7f803b5ad,1755237,"Cyclerion Therapeutics, Inc.","[""CYCN""]","[""2834""]",2023-06-20,2023-06-20,merger_proxy_filer,review_required,pending_review,False,"[""DEFM14A""]","[""0001140361-23-030510""]","[""https://www.sec.gov/Archives/edgar/data/1755237/000114036123030510/ny20009217x2_defm14a.htm""]",1,"DEFM14A indicates merger-related proxy material, but the filer may be a target, buyer, SPAC, or reverse-merger participant. Manual review required."
20a0cc179140720727d8,1822691,"GreenLight Biosciences Holdings, PBC",[],"[""2836""]",2023-06-21,2023-07-20,tender_offer_target,high,provisional_primary_source,False,"[""SC 14D9"", ""SC 14D9/A""]","[""0001193125-23-170765"", ""0001193125-23-171149"", ""0001193125-23-185055"", ""0001193125-23-186638"", ""0001193125-23-190548""]","[""https://www.sec.gov/Archives/edgar/data/1822691/000119312523170765/d502020dsc14d9.htm"", ""https://www.sec.gov/Archives/edgar/data/1822691/000119312523171149/d502020dsc14d9a.htm"", ""https://www.sec.gov/Archives/edgar/data/1822691/000119312523185055/d524357dsc14d9a.htm"", ""https://www.sec.gov/Archives/edgar/data/1822691/000119312523186638/d524357dsc14d9a.htm"", ""https://www.sec.gov/Archives/edgar/data/1822691/000119312523190548/d524357dsc14d9a.htm""]",5,Schedule 14D-9 identifies the tender-offer subject company. Verify the first public announcement date and exclude non-control offers before promoting this candidate to a training label.
a3c7a7e040a0e5f6f766,1610950,"Syneos Health, Inc.",[],"[""8731""]",2023-06-27,2023-06-27,merger_proxy_filer,review_required,pending_review,False,"[""DEFM14A""]","[""0001193125-23-176268""]","[""https://www.sec.gov/Archives/edgar/data/1610950/000119312523176268/d450417ddefm14a.htm""]",1,"DEFM14A indicates merger-related proxy material, but the filer may be a target, buyer, SPAC, or reverse-merger participant. Manual review required."
6443e54a16f70942c839,1645569,"DICE Therapeutics, Inc.",[],"[""2834""]",2023-06-30,2023-08-09,tender_offer_target,high,provisional_primary_source,False,"[""SC 14D9"", ""SC 14D9/A""]","[""0001193125-23-180453"", ""0001193125-23-188218"", ""0001193125-23-192743"", ""0001193125-23-206886""]","[""https://www.sec.gov/Archives/edgar/data/1645569/000119312523180453/d468173dsc14d9.htm"", ""https://www.sec.gov/Archives/edgar/data/1645569/000119312523188218/d468173dsc14d9a.htm"", ""https://www.sec.gov/Archives/edgar/data/1645569/000119312523192743/d468173dsc14d9a.htm"", ""https://www.sec.gov/Archives/edgar/data/1645569/000119312523206886/d511903dsc14d9a.htm""]",4,Schedule 14D-9 identifies the tender-offer subject company. Verify the first public announcement date and exclude non-control offers before promoting this candidate to a training label.
e689b2d6858caeecf583,1814140,"Apexigen, Inc.",[],"[""2834""]",2023-06-30,2023-06-30,merger_proxy_filer,review_required,pending_review,False,"[""DEFM14A""]","[""0001437749-23-019040""]","[""https://www.sec.gov/Archives/edgar/data/1814140/000143774923019040/apgn20230629_defm14a.htm""]",1,"DEFM14A indicates merger-related proxy material, but the filer may be a target, buyer, SPAC, or reverse-merger participant. Manual review required."
5582a0c07e30aa9055a5,1435049,"CHINOOK THERAPEUTICS, INC.",[],"[""2834""]",2023-07-10,2023-07-10,merger_proxy_filer,review_required,pending_review,False,"[""DEFM14A""]","[""0001193125-23-184575""]","[""https://www.sec.gov/Archives/edgar/data/1435049/000119312523184575/d518592ddefm14a.htm""]",1,"DEFM14A indicates merger-related proxy material, but the filer may be a target, buyer, SPAC, or reverse-merger participant. Manual review required."
4f9e8d2de44f300ea593,1821323,"Sigilon Therapeutics, Inc.",[],"[""2834""]",2023-07-13,2023-08-10,tender_offer_target,high,provisional_primary_source,False,"[""SC 14D9"", ""SC 14D9/A""]","[""0001193125-23-186301"", ""0001193125-23-188843"", ""0001193125-23-200539"", ""0001193125-23-208190""]","[""https://www.sec.gov/Archives/edgar/data/1821323/000119312523186301/d533839dsc14d9.htm"", ""https://www.sec.gov/Archives/edgar/data/1821323/000119312523188843/d532668dsc14d9a.htm"", ""https://www.sec.gov/Archives/edgar/data/1821323/000119312523200539/d541581dsc14d9a.htm"", ""https://www.sec.gov/Archives/edgar/data/1821323/000119312523208190/d538412dsc14d9a.htm""]",4,Schedule 14D-9 identifies the tender-offer subject company. Verify the first public announcement date and exclude non-control offers before promoting this candidate to a training label.
0cff7bf4e0e4705f7578,1124105,"CATALYST BIOSCIENCES, INC.","[""GYRE""]","[""2834""]",2023-07-20,2023-07-20,merger_proxy_filer,review_required,pending_review,False,"[""DEFM14A""]","[""0001140361-23-035323""]","[""https://www.sec.gov/Archives/edgar/data/1124105/000114036123035323/ny20006478x10_defm14a.htm""]",1,"DEFM14A indicates merger-related proxy material, but the filer may be a target, buyer, SPAC, or reverse-merger participant. Manual review required."
40e65e337d5f226f8969,1718108,"Surface Oncology, Inc.",[],"[""2836""]",2023-07-26,2023-07-26,merger_proxy_filer,review_required,pending_review,False,"[""DEFM14A""]","[""0001193125-23-194691""]","[""https://www.sec.gov/Archives/edgar/data/1718108/000119312523194691/d529654ddefm14a.htm""]",1,"DEFM14A indicates merger-related proxy material, but the filer may be a target, buyer, SPAC, or reverse-merger participant. Manual review required."
1060ea3ea20feab6fec5,1822711,"PARDES BIOSCIENCES, INC.",[],"[""2834""]",2023-07-28,2023-08-31,tender_offer_target,high,provisional_primary_source,False,"[""SC 14D9"", ""SC 14D9/A""]","[""0001193125-23-197795"", ""0001193125-23-215121"", ""0001193125-23-222408"", ""0001193125-23-225526""]","[""https://www.sec.gov/Archives/edgar/data/1822711/000119312523197795/d498131dsc14d9.htm"", ""https://www.sec.gov/Archives/edgar/data/1822711/000119312523215121/d536011dsc14d9a.htm"", ""https://www.sec.gov/Archives/edgar/data/1822711/000119312523222408/d538269dsc14d9a.htm"", ""https://www.sec.gov/Archives/edgar/data/1822711/000119312523225526/d531376dsc14d9a.htm""]",4,Schedule 14D-9 identifies the tender-offer subject company. Verify the first public announcement date and exclude non-control offers before promoting this candidate to a training label.
86f98c9533f599d7e85d,1178711,"Paratek Pharmaceuticals, Inc.",[],"[""2834""]",2023-08-02,2023-08-02,merger_proxy_filer,review_required,pending_review,False,"[""DEFM14A""]","[""0001193125-23-201788""]","[""https://www.sec.gov/Archives/edgar/data/1178711/000119312523201788/d468238ddefm14a.htm""]",1,"DEFM14A indicates merger-related proxy material, but the filer may be a target, buyer, SPAC, or reverse-merger participant. Manual review required."
4f654f63784bda324046,1358762,REATA PHARMACEUTICALS INC,[],"[""2834""]",2023-08-22,2023-08-22,merger_proxy_filer,review_required,pending_review,False,"[""DEFM14A""]","[""0001193125-23-217478""]","[""https://www.sec.gov/Archives/edgar/data/1358762/000119312523217478/d536160ddefm14a.htm""]",1,"DEFM14A indicates merger-related proxy material, but the filer may be a target, buyer, SPAC, or reverse-merger participant. Manual review required."
374cd551df51f0fa3c37,1656536,"Decibel Therapeutics, Inc.",[],"[""2834""]",2023-08-25,2023-09-25,tender_offer_target,high,provisional_primary_source,False,"[""SC 14D9"", ""SC 14D9/A""]","[""0001193125-23-220927"", ""0001193125-23-231574"", ""0001193125-23-233464"", ""0001193125-23-240970""]","[""https://www.sec.gov/Archives/edgar/data/1656536/000119312523220927/d543440dsc14d9.htm"", ""https://www.sec.gov/Archives/edgar/data/1656536/000119312523231574/d527698dsc14d9a.htm"", ""https://www.sec.gov/Archives/edgar/data/1656536/000119312523233464/d553465dsc14d9a.htm"", ""https://www.sec.gov/Archives/edgar/data/1656536/000119312523240970/d507462dsc14d9a.htm""]",4,Schedule 14D-9 identifies the tender-offer subject company. Verify the first public announcement date and exclude non-control offers before promoting this candidate to a training label.
893ea9dcf9dd69421575,1621443,"Zynerba Pharmaceuticals, Inc.",[],"[""2834""]",2023-08-28,2023-10-11,tender_offer_target,high,provisional_primary_source,False,"[""SC 14D9"", ""SC 14D9/A""]","[""0001140361-23-041392"", ""0001140361-23-043950"", ""0001140361-23-044059"", ""0001140361-23-045416"", ""0001140361-23-045870"", ""0001140361-23-046997"", ""0001140361-23-047695""]","[""https://www.sec.gov/Archives/edgar/data/1621443/000114036123041392/ny20010171x1_sc14d9.htm"", ""https://www.sec.gov/Archives/edgar/data/1621443/000114036123043950/ny20010171x7_sc14d9a.htm"", ""https://www.sec.gov/Archives/edgar/data/1621443/000114036123044059/ny20010171x9_sc14d9a.htm"", ""https://www.sec.gov/Archives/edgar/data/1621443/000114036123045416/ef20011374_sc14d9a.htm"", ""https://www.sec.gov/Archives/edgar/data/1621443/000114036123045870/ef20011463_sc14d9a.htm"", ""https://www.sec.gov/Archives/edgar/data/1621443/000114036123046997/ef20011984_sc14d9a.htm"", ""https://www.sec.gov/Archives/edgar/data/1621443/000114036123047695/ny20011256x1_sc14d9a.htm""]",7,Schedule 14D-9 identifies the tender-offer subject company. Verify the first public announcement date and exclude non-control offers before promoting this candidate to a training label.
598b5ebc7eb311549443,1084201,SINOVAC BIOTECH LTD,"[""SVA""]","[""2834""]",2023-09-05,2024-01-18,tender_offer_target,high,provisional_primary_source,False,"[""SC 14D9""]","[""0001104659-23-097975"", ""0001104659-24-004667""]","[""https://www.sec.gov/Archives/edgar/data/1084201/000110465923097975/tm2325464d1_sc14d9.htm"", ""https://www.sec.gov/Archives/edgar/data/1084201/000110465924004667/tm243584d1_sc14d9.htm""]",2,Schedule 14D-9 identifies the tender-offer subject company. Verify the first public announcement date and exclude non-control offers before promoting this candidate to a training label.
41647ebede55140cf629,1504167,"Timber Pharmaceuticals, Inc.",[],"[""2834""]",2023-09-12,2023-09-12,merger_proxy_filer,review_required,pending_review,False,"[""DEFM14A""]","[""0001437749-23-025712""]","[""https://www.sec.gov/Archives/edgar/data/1504167/000143774923025712/tmbr20230906_defm14a.htm""]",1,"DEFM14A indicates merger-related proxy material, but the filer may be a target, buyer, SPAC, or reverse-merger participant. Manual review required."
b52034f4a9cb666d9d72,1844280,"Thorne Healthtech, Inc.",[],"[""2834""]",2023-09-14,2023-10-13,tender_offer_target,high,provisional_primary_source,False,"[""SC 14D9"", ""SC 14D9/A""]","[""0001193125-23-235133"", ""0001193125-23-251140"", ""0001193125-23-255772""]","[""https://www.sec.gov/Archives/edgar/data/1844280/000119312523235133/d472624dsc14d9.htm"", ""https://www.sec.gov/Archives/edgar/data/1844280/000119312523251140/d472624dsc14d9a.htm"", ""https://www.sec.gov/Archives/edgar/data/1844280/000119312523255772/d427173dsc14d9a.htm""]",3,Schedule 14D-9 identifies the tender-offer subject company. Verify the first public announcement date and exclude non-control offers before promoting this candidate to a training label.
0c1baa2b083d57007ab7,1836056,Ambrx Biopharma Inc.,[],"[""2836""]",2023-09-15,2023-09-15,merger_proxy_filer,review_required,pending_review,False,"[""DEFM14A""]","[""0001193125-23-236205""]","[""https://www.sec.gov/Archives/edgar/data/1836056/000119312523236205/d548459ddefm14a.htm""]",1,"DEFM14A indicates merger-related proxy material, but the filer may be a target, buyer, SPAC, or reverse-merger participant. Manual review required."
40e8073f3d9c2af65e88,1628171,"Revolution Medicines, Inc.","[""RVMD"", ""RVMDW""]","[""2836""]",2023-09-29,2023-09-29,merger_proxy_filer,review_required,pending_review,False,"[""DEFM14A""]","[""0001193125-23-247425""]","[""https://www.sec.gov/Archives/edgar/data/1628171/000119312523247425/d508095ddefm14a.htm""]",1,"DEFM14A indicates merger-related proxy material, but the filer may be a target, buyer, SPAC, or reverse-merger participant. Manual review required."
7a88b9c9fcf8d1cc8bf2,1843762,"EQRx, Inc.",[],"[""2834""]",2023-09-29,2023-09-29,merger_proxy_filer,review_required,pending_review,False,"[""DEFM14A""]","[""0001193125-23-247498""]","[""https://www.sec.gov/Archives/edgar/data/1843762/000119312523247498/d508095ddefm14a.htm""]",1,"DEFM14A indicates merger-related proxy material, but the filer may be a target, buyer, SPAC, or reverse-merger participant. Manual review required."
920ac23734aa2570565a,1069308,Acer Therapeutics Inc.,[],"[""2834""]",2023-10-10,2023-10-10,merger_proxy_filer,review_required,pending_review,False,"[""DEFM14A""]","[""0001193125-23-253555""]","[""https://www.sec.gov/Archives/edgar/data/1069308/000119312523253555/d540258ddefm14a.htm""]",1,"DEFM14A indicates merger-related proxy material, but the filer may be a target, buyer, SPAC, or reverse-merger participant. Manual review required."
b94c0d80efe4d46e8d10,1270073,"INTERCEPT PHARMACEUTICALS, INC.",[],"[""2834""]",2023-10-11,2023-11-08,tender_offer_target,high,provisional_primary_source,False,"[""SC 14D9"", ""SC 14D9/A""]","[""0001104659-23-108583"", ""0001104659-23-109653"", ""0001104659-23-111612"", ""0001104659-23-112390"", ""0001104659-23-115519""]","[""https://www.sec.gov/Archives/edgar/data/1270073/000110465923108583/tm2327968-1_sc14d9.htm"", ""https://www.sec.gov/Archives/edgar/data/1270073/000110465923109653/tm2327968-2_sc14d9.htm"", ""https://www.sec.gov/Archives/edgar/data/1270073/000110465923111612/tm2329189-1_sc14d9a.htm"", ""https://www.sec.gov/Archives/edgar/data/1270073/000110465923112390/tm2329189-2_sc14d9a.htm"", ""https://www.sec.gov/Archives/edgar/data/1270073/000110465923115519/tm2330182d1_sc14d9a.htm""]",5,Schedule 14D-9 identifies the tender-offer subject company. Verify the first public announcement date and exclude non-control offers before promoting this candidate to a training label.
a76adad447825ce2de0e,1662244,"Cyteir Therapeutics, Inc.",[],"[""2834""]",2023-10-12,2023-10-12,merger_proxy_filer,review_required,pending_review,False,"[""DEFM14A""]","[""0001193125-23-255009""]","[""https://www.sec.gov/Archives/edgar/data/1662244/000119312523255009/d554900ddefm14a.htm""]",1,"DEFM14A indicates merger-related proxy material, but the filer may be a target, buyer, SPAC, or reverse-merger participant. Manual review required."
e10aa211479d2757861a,1811764,POINT Biopharma Global Inc.,[],"[""2834""]",2023-10-13,2023-12-26,tender_offer_target,high,provisional_primary_source,False,"[""SC 14D9"", ""SC 14D9/A""]","[""0001193125-23-255663"", ""0001193125-23-265152"", ""0001193125-23-268265"", ""0001193125-23-273665"", ""0001193125-23-277519"", ""0001193125-23-279308"", ""0001193125-23-287946"", ""0001193125-23-297130"", ""0001193125-23-302270""]","[""https://www.sec.gov/Archives/edgar/data/1811764/000119312523255663/d519703dsc14d9.htm"", ""https://www.sec.gov/Archives/edgar/data/1811764/000119312523265152/d563943dsc14d9a.htm"", ""https://www.sec.gov/Archives/edgar/data/1811764/000119312523268265/d474060dsc14d9a.htm"", ""https://www.sec.gov/Archives/edgar/data/1811764/000119312523273665/d583087dsc14d9a.htm"", ""https://www.sec.gov/Archives/edgar/data/1811764/000119312523277519/d394131dsc14d9a.htm"", ""https://www.sec.gov/Archives/edgar/data/1811764/000119312523279308/d478883dsc14d9a.htm"", ""https://www.sec.gov/Archives/edgar/data/1811764/000119312523287946/d53101dsc14d9a.htm"", ""https://www.sec.gov/Archives/edgar/data/1811764/000119312523297130/d575580dsc14d9a.htm"", ""https://www.sec.gov/Archives/edgar/data/1811764/000119312523302270/d631345dsc14d9a.htm""]",9,Schedule 14D-9 identifies the tender-offer subject company. Verify the first public announcement date and exclude non-control offers before promoting this candidate to a training label.
a402f1930d1e2b477f7e,1576263,"Mirati Therapeutics, Inc.",[],"[""2834""]",2023-11-02,2023-11-02,merger_proxy_filer,review_required,pending_review,False,"[""DEFM14A""]","[""0001140361-23-051002""]","[""https://www.sec.gov/Archives/edgar/data/1576263/000114036123051002/edge20012673x2_defm14a.htm""]",1,"DEFM14A indicates merger-related proxy material, but the filer may be a target, buyer, SPAC, or reverse-merger participant. Manual review required."
56cec21112ccab4286d9,1527096,Miromatrix Medical Inc.,[],"[""2836""]",2023-11-13,2023-12-13,tender_offer_target,high,provisional_primary_source,False,"[""SC 14D9"", ""SC 14D9/A""]","[""0001104659-23-116640"", ""0001104659-23-118293"", ""0001104659-23-122479"", ""0001104659-23-125234"", ""0001104659-23-125608""]","[""https://www.sec.gov/Archives/edgar/data/1527096/000110465923116640/tm2329345-3_sc14d9.htm"", ""https://www.sec.gov/Archives/edgar/data/1527096/000110465923118293/tm2329345d4_sc14d9a.htm"", ""https://www.sec.gov/Archives/edgar/data/1527096/000110465923122479/tm2331867d1_sc14d9a.htm"", ""https://www.sec.gov/Archives/edgar/data/1527096/000110465923125234/tm2332676d1_sc14d9a.htm"", ""https://www.sec.gov/Archives/edgar/data/1527096/000110465923125608/tm2332676d2_sc14d9a.htm""]",5,Schedule 14D-9 identifies the tender-offer subject company. Verify the first public announcement date and exclude non-control offers before promoting this candidate to a training label.
d0352d5519e2f6e35259,1748907,Orchard Therapeutics plc,[],"[""2836""]",2023-11-16,2023-11-16,merger_proxy_filer,review_required,pending_review,False,"[""DEFM14A""]","[""0001193125-23-278885""]","[""https://www.sec.gov/Archives/edgar/data/1748907/000119312523278885/d873327ddefm14a.htm""]",1,"DEFM14A indicates merger-related proxy material, but the filer may be a target, buyer, SPAC, or reverse-merger participant. Manual review required."
31aad72ad431bddc2a90,1801777,Applied Molecular Transport Inc.,[],"[""2834""]",2023-11-21,2023-11-21,merger_proxy_filer,review_required,pending_review,False,"[""DEFM14A""]","[""0001437749-23-032700""]","[""https://www.sec.gov/Archives/edgar/data/1801777/000143774923032700/amti20231115_defm14a.htm""]",1,"DEFM14A indicates merger-related proxy material, but the filer may be a target, buyer, SPAC, or reverse-merger participant. Manual review required."
fa0bc211f89e7228089a,1837412,"SomaLogic, Inc.",[],"[""8731""]",2023-12-01,2023-12-01,merger_proxy_filer,review_required,pending_review,False,"[""DEFM14A""]","[""0001104659-23-122894""]","[""https://www.sec.gov/Archives/edgar/data/1837412/000110465923122894/tm2331941-1_defm14a.htm""]",1,"DEFM14A indicates merger-related proxy material, but the filer may be a target, buyer, SPAC, or reverse-merger participant. Manual review required."
01b4e292a9f669824bbe,1724979,Rain Oncology Inc.,[],"[""2834""]",2023-12-14,2024-01-26,tender_offer_target,high,provisional_primary_source,False,"[""SC 14D9"", ""SC 14D9/A""]","[""0001839882-23-033686"", ""0001839882-23-034762"", ""0001999371-24-000447"", ""0001999371-24-000649"", ""0001999371-24-000884""]","[""https://www.sec.gov/Archives/edgar/data/1724979/000183988223033686/rain-sc14d9_121323.htm"", ""https://www.sec.gov/Archives/edgar/data/1724979/000183988223034762/rain-sc14d9_122223.htm"", ""https://www.sec.gov/Archives/edgar/data/1724979/000199937124000447/rain-sc14d9a_011624.htm"", ""https://www.sec.gov/Archives/edgar/data/1724979/000199937124000649/rain-sc14d9a_012224.htm"", ""https://www.sec.gov/Archives/edgar/data/1724979/000199937124000884/rain-sc14d9a_012624.htm""]",5,Schedule 14D-9 identifies the tender-offer subject company. Verify the first public announcement date and exclude non-control offers before promoting this candidate to a training label.
a244abc25872eaae2e02,1786255,"Icosavax, Inc.",[],"[""2836""]",2023-12-27,2024-02-20,tender_offer_target,high,provisional_primary_source,False,"[""SC 14D9"", ""SC 14D9/A""]","[""0001104659-23-129501"", ""0001193125-24-006125"", ""0001193125-24-010792"", ""0001193125-24-036663"", ""0001193125-24-039475""]","[""https://www.sec.gov/Archives/edgar/data/1786255/000110465923129501/tm2332933-7_sc14d9.htm"", ""https://www.sec.gov/Archives/edgar/data/1786255/000119312524006125/d92405dsc14d9a.htm"", ""https://www.sec.gov/Archives/edgar/data/1786255/000119312524010792/d92405dsc14d9a.htm"", ""https://www.sec.gov/Archives/edgar/data/1786255/000119312524036663/d754462dsc14d9a.htm"", ""https://www.sec.gov/Archives/edgar/data/1786255/000119312524039475/d775612dsc14d9a.htm""]",5,Schedule 14D-9 identifies the tender-offer subject company. Verify the first public announcement date and exclude non-control offers before promoting this candidate to a training label.
bc2995680b2e57d3840a,855654,"ImmunoGen, Inc.",[],"[""2834""]",2024-01-02,2024-01-02,merger_proxy_filer,review_required,pending_review,False,"[""DEFM14A""]","[""0001104659-24-000347""]","[""https://www.sec.gov/Archives/edgar/data/855654/000110465924000347/tm2332464-4_defm14a.htm""]",1,"DEFM14A indicates merger-related proxy material, but the filer may be a target, buyer, SPAC, or reverse-merger participant. Manual review required."
ca967615fc777d7d29c2,1527728,RENOVARO BIOSCIENCES INC.,"[""RENB""]","[""2834""]",2024-01-03,2024-01-03,merger_proxy_filer,review_required,pending_review,False,"[""DEFM14A""]","[""0001731122-24-000002""]","[""https://www.sec.gov/Archives/edgar/data/1527728/000173112224000002/e5304_defm14a.htm""]",1,"DEFM14A indicates merger-related proxy material, but the filer may be a target, buyer, SPAC, or reverse-merger participant. Manual review required."
d45b558811ae47c44bda,1745020,"Theseus Pharmaceuticals, Inc.",[],"[""2834""]",2024-01-10,2024-02-14,tender_offer_target,high,provisional_primary_source,False,"[""SC 14D9"", ""SC 14D9/A""]","[""0001104659-24-002840"", ""0001104659-24-007988"", ""0001104659-24-011690"", ""0001104659-24-023123""]","[""https://www.sec.gov/Archives/edgar/data/1745020/000110465924002840/tm242461-1_sc14d9.htm"", ""https://www.sec.gov/Archives/edgar/data/1745020/000110465924007988/tm244360d1_sc14d9a.htm"", ""https://www.sec.gov/Archives/edgar/data/1745020/000110465924011690/tm244360d3_sc14d9a.htm"", ""https://www.sec.gov/Archives/edgar/data/1745020/000110465924023123/tm244360d5_sc14d9a.htm""]",4,Schedule 14D-9 identifies the tender-offer subject company. Verify the first public announcement date and exclude non-control offers before promoting this candidate to a training label.
46b5d8b26ac3606edfb5,1805387,"Cerevel Therapeutics Holdings, Inc.",[],"[""2834""]",2024-01-18,2024-01-18,merger_proxy_filer,review_required,pending_review,False,"[""DEFM14A""]","[""0001193125-24-009698""]","[""https://www.sec.gov/Archives/edgar/data/1805387/000119312524009698/d649735ddefm14a.htm""]",1,"DEFM14A indicates merger-related proxy material, but the filer may be a target, buyer, SPAC, or reverse-merger participant. Manual review required."
9ed40a60034f95689955,1870404,PHOENIX BIOTECH ACQUISITION CORP.,"[""CERO"", ""CEROW""]","[""2836""]",2024-01-22,2024-01-22,merger_proxy_filer,review_required,pending_review,False,"[""DEFM14A""]","[""0001213900-24-005378""]","[""https://www.sec.gov/Archives/edgar/data/1870404/000121390024005378/defm14a0124_phoenix.htm""]",1,"DEFM14A indicates merger-related proxy material, but the filer may be a target, buyer, SPAC, or reverse-merger participant. Manual review required."
8155562bb91c4c926087,1604477,SQZ Biotechnologies Co,[],"[""2836""]",2024-01-23,2024-01-23,merger_proxy_filer,review_required,pending_review,False,"[""DEFM14A""]","[""0001193125-24-013016""]","[""https://www.sec.gov/Archives/edgar/data/1604477/000119312524013016/d813099ddefm14a.htm""]",1,"DEFM14A indicates merger-related proxy material, but the filer may be a target, buyer, SPAC, or reverse-merger participant. Manual review required."
1e9924282aaecd576246,1825367,"RayzeBio, Inc.",[],"[""2834""]",2024-01-25,2024-02-23,tender_offer_target,high,provisional_primary_source,False,"[""SC 14D9"", ""SC 14D9/A""]","[""0001140361-24-003763"", ""0001140361-24-006886"", ""0001140361-24-007741"", ""0001140361-24-009148""]","[""https://www.sec.gov/Archives/edgar/data/1825367/000114036124003763/ny20017656x1_sc14d9.htm"", ""https://www.sec.gov/Archives/edgar/data/1825367/000114036124006886/ny20021314x1_sc14d9a.htm"", ""https://www.sec.gov/Archives/edgar/data/1825367/000114036124007741/ny20021314x2_sc14d9a.htm"", ""https://www.sec.gov/Archives/edgar/data/1825367/000114036124009148/ny20021314x4_sc14d9a.htm""]",4,Schedule 14D-9 identifies the tender-offer subject company. Verify the first public announcement date and exclude non-control offers before promoting this candidate to a training label.
0de4c7f6686e4d998cd9,1990550,"Ambrx Biopharma, Inc.",[],"[""2836""]",2024-01-29,2024-01-29,merger_proxy_filer,review_required,pending_review,False,"[""DEFM14A""]","[""0001193125-24-017817""]","[""https://www.sec.gov/Archives/edgar/data/1990550/000119312524017817/d35957ddefm14a.htm""]",1,"DEFM14A indicates merger-related proxy material, but the filer may be a target, buyer, SPAC, or reverse-merger participant. Manual review required."
0920385c85e0c2b66ced,1771917,"Karuna Therapeutics, Inc.",[],"[""2834""]",2024-02-05,2024-02-05,merger_proxy_filer,review_required,pending_review,False,"[""DEFM14A""]","[""0001140361-24-005655""]","[""https://www.sec.gov/Archives/edgar/data/1771917/000114036124005655/ny20017467x2_defm14a.htm""]",1,"DEFM14A indicates merger-related proxy material, but the filer may be a target, buyer, SPAC, or reverse-merger participant. Manual review required."
1a63723bafe2a95ca3c8,1708493,"Harpoon Therapeutics, Inc.",[],"[""2836""]",2024-02-08,2024-02-08,merger_proxy_filer,review_required,pending_review,False,"[""DEFM14A""]","[""0001193125-24-027505""]","[""https://www.sec.gov/Archives/edgar/data/1708493/000119312524027505/d734477ddefm14a.htm""]",1,"DEFM14A indicates merger-related proxy material, but the filer may be a target, buyer, SPAC, or reverse-merger participant. Manual review required."
213db7d8c7bed19593df,1819113,"Science 37 Holdings, Inc.",[],"[""8731""]",2024-02-12,2024-03-12,tender_offer_target,high,provisional_primary_source,False,"[""SC 14D9"", ""SC 14D9/A""]","[""0001104659-24-013832"", ""0001104659-24-030189"", ""0001104659-24-033264""]","[""https://www.sec.gov/Archives/edgar/data/1819113/000110465924013832/tm245544-3_sc14d9.htm"", ""https://www.sec.gov/Archives/edgar/data/1819113/000110465924030189/tm247739d1_sc14d9a.htm"", ""https://www.sec.gov/Archives/edgar/data/1819113/000110465924033264/tm248411d1_sc14d9a.htm""]",3,Schedule 14D-9 identifies the tender-offer subject company. Verify the first public announcement date and exclude non-control offers before promoting this candidate to a training label.
b2146f14b938e9102e41,1907223,Redwoods Acquisition Corp.,"[""WENA"", ""WENAW""]","[""2836""]",2024-02-20,2024-02-20,merger_proxy_filer,review_required,pending_review,False,"[""DEFM14A""]","[""0001213900-24-014990""]","[""https://www.sec.gov/Archives/edgar/data/1907223/000121390024014990/defm14a0224_redwoods.htm""]",1,"DEFM14A indicates merger-related proxy material, but the filer may be a target, buyer, SPAC, or reverse-merger participant. Manual review required."
7ef843d60949dbaafdac,1042074,"CymaBay Therapeutics, Inc.",[],"[""2834""]",2024-02-23,2024-03-22,tender_offer_target,high,provisional_primary_source,False,"[""SC 14D9"", ""SC 14D9/A""]","[""0001193125-24-043474"", ""0001193125-24-050789"", ""0001193125-24-062250"", ""0001193125-24-064415"", ""0001193125-24-069145"", ""0001193125-24-072737"", ""0001193125-24-074582""]","[""https://www.sec.gov/Archives/edgar/data/1042074/000119312524043474/d790400dsc14d9.htm"", ""https://www.sec.gov/Archives/edgar/data/1042074/000119312524050789/d800901dsc14d9a.htm"", ""https://www.sec.gov/Archives/edgar/data/1042074/000119312524062250/d767099dsc14d9a.htm"", ""https://www.sec.gov/Archives/edgar/data/1042074/000119312524064415/d784960dsc14d9a.htm"", ""https://www.sec.gov/Archives/edgar/data/1042074/000119312524069145/d779091dsc14d9a.htm"", ""https://www.sec.gov/Archives/edgar/data/1042074/000119312524072737/d773920dsc14d9a.htm"", ""https://www.sec.gov/Archives/edgar/data/1042074/000119312524074582/d802240dsc14d9a.htm""]",7,Schedule 14D-9 identifies the tender-offer subject company. Verify the first public announcement date and exclude non-control offers before promoting this candidate to a training label.
b83930e02052e336594e,1532346,"Atreca, Inc.",[],"[""2834""]",2024-02-23,2024-04-22,merger_proxy_filer,review_required,pending_review,False,"[""DEFM14A""]","[""0001104659-24-027127"", ""0001104659-24-049728""]","[""https://www.sec.gov/Archives/edgar/data/1532346/000110465924027127/tm2332950-7_defm14a.htm"", ""https://www.sec.gov/Archives/edgar/data/1532346/000110465924049728/tm2411122-3_defm14a.htm""]",2,"DEFM14A indicates merger-related proxy material, but the filer may be a target, buyer, SPAC, or reverse-merger participant. Manual review required."
fe23a96fea7d2938ed6f,1797768,Kinnate Biopharma Inc.,[],"[""2834""]",2024-03-04,2024-04-03,tender_offer_target,high,provisional_primary_source,False,"[""SC 14D9"", ""SC 14D9/A""]","[""0001193125-24-058040"", ""0001193125-24-071438"", ""0001193125-24-075450"", ""0001193125-24-085521""]","[""https://www.sec.gov/Archives/edgar/data/1797768/000119312524058040/d614603dsc14d9.htm"", ""https://www.sec.gov/Archives/edgar/data/1797768/000119312524071438/d773986dsc14d9a.htm"", ""https://www.sec.gov/Archives/edgar/data/1797768/000119312524075450/d25197dsc14d9a.htm"", ""https://www.sec.gov/Archives/edgar/data/1797768/000119312524085521/d526540dsc14d9a.htm""]",4,Schedule 14D-9 identifies the tender-offer subject company. Verify the first public announcement date and exclude non-control offers before promoting this candidate to a training label.
abbefb4ab5309115d731,1426332,NGM BIOPHARMACEUTICALS INC,[],"[""2834""]",2024-03-08,2024-04-05,tender_offer_target,high,provisional_primary_source,False,"[""SC 14D9"", ""SC 14D9/A""]","[""0001193125-24-063802"", ""0001193125-24-075461"", ""0001193125-24-082146"", ""0001193125-24-088024""]","[""https://www.sec.gov/Archives/edgar/data/1426332/000119312524063802/d808981dsc14d9.htm"", ""https://www.sec.gov/Archives/edgar/data/1426332/000119312524075461/d45951dsc14d9a.htm"", ""https://www.sec.gov/Archives/edgar/data/1426332/000119312524082146/d489265dsc14d9a.htm"", ""https://www.sec.gov/Archives/edgar/data/1426332/000119312524088024/d811659dsc14d9a.htm""]",4,Schedule 14D-9 identifies the tender-offer subject company. Verify the first public announcement date and exclude non-control offers before promoting this candidate to a training label.
e7a9f5f8d16b191588b2,1588972,"Societal CDMO, Inc.",[],"[""2834""]",2024-03-11,2024-04-08,tender_offer_target,high,provisional_primary_source,False,"[""SC 14D9"", ""SC 14D9/A""]","[""0001104659-24-033070"", ""0001104659-24-035599"", ""0001104659-24-041522"", ""0001193125-24-089294""]","[""https://www.sec.gov/Archives/edgar/data/1588972/000110465924033070/tm248216-1_sc14d9.htm"", ""https://www.sec.gov/Archives/edgar/data/1588972/000110465924035599/tm248216d2_sc14d9a.htm"", ""https://www.sec.gov/Archives/edgar/data/1588972/000110465924041522/tm2410255d1_sc14d9a.htm"", ""https://www.sec.gov/Archives/edgar/data/1588972/000119312524089294/d823038dsc14d9a.htm""]",4,Schedule 14D-9 identifies the tender-offer subject company. Verify the first public announcement date and exclude non-control offers before promoting this candidate to a training label.
1fe988c219bf3eb62d23,1642375,"Guardion Health Sciences, Inc.","[""GHSI""]","[""2834""]",2024-04-08,2024-04-08,merger_proxy_filer,review_required,pending_review,False,"[""DEFM14A""]","[""0001493152-24-013787""]","[""https://www.sec.gov/Archives/edgar/data/1642375/000149315224013787/formdefm14a.htm""]",1,"DEFM14A indicates merger-related proxy material, but the filer may be a target, buyer, SPAC, or reverse-merger participant. Manual review required."
536dcf5a3eed08aea51b,1340243,MorphoSys AG,"[""MPSYF""]","[""2834""]",2024-04-11,2024-08-07,tender_offer_target,high,provisional_primary_source,False,"[""SC 14D9"", ""SC 14D9/A""]","[""0001193125-24-092779"", ""0001193125-24-099192"", ""0001193125-24-140651"", ""0001193125-24-145849"", ""0001193125-24-154241"", ""0001193125-24-175301"", ""0001193125-24-195987""]","[""https://www.sec.gov/Archives/edgar/data/1340243/000119312524092779/d737063dsc14d9.htm"", ""https://www.sec.gov/Archives/edgar/data/1340243/000119312524099192/d737063dsc14d9a.htm"", ""https://www.sec.gov/Archives/edgar/data/1340243/000119312524140651/d840328dsc14d9a.htm"", ""https://www.sec.gov/Archives/edgar/data/1340243/000119312524145849/d808519dsc14d9a.htm"", ""https://www.sec.gov/Archives/edgar/data/1340243/000119312524154241/d813954dsc14d9a.htm"", ""https://www.sec.gov/Archives/edgar/data/1340243/000119312524175301/d826653dsc14d9.htm"", ""https://www.sec.gov/Archives/edgar/data/1340243/000119312524195987/d884576dsc14d9a.htm""]",7,Schedule 14D-9 identifies the tender-offer subject company. Verify the first public announcement date and exclude non-control offers before promoting this candidate to a training label.
99d1d6622bb44f6d0e71,1596783,"Catalent, Inc.","[""CTLT""]","[""2834""]",2024-04-15,2024-04-15,merger_proxy_filer,review_required,pending_review,False,"[""DEFM14A""]","[""0001193125-24-095515""]","[""https://www.sec.gov/Archives/edgar/data/1596783/000119312524095515/d766260ddefm14a.htm""]",1,"DEFM14A indicates merger-related proxy material, but the filer may be a target, buyer, SPAC, or reverse-merger participant. Manual review required."
ad8ff11f51925f72784d,1626199,"ALPINE IMMUNE SCIENCES, INC.",[],"[""2834""]",2024-04-22,2024-05-20,tender_offer_target,high,provisional_primary_source,False,"[""SC 14D9"", ""SC 14D9/A""]","[""0001193125-24-104908"", ""0001193125-24-132632"", ""0001193125-24-135780"", ""0001193125-24-142270""]","[""https://www.sec.gov/Archives/edgar/data/1626199/000119312524104908/d828730dsc14d9.htm"", ""https://www.sec.gov/Archives/edgar/data/1626199/000119312524132632/d657769dsc14d9a.htm"", ""https://www.sec.gov/Archives/edgar/data/1626199/000119312524135780/d620728dsc14d9a.htm"", ""https://www.sec.gov/Archives/edgar/data/1626199/000119312524142270/d817511dsc14d9a.htm""]",4,Schedule 14D-9 identifies the tender-offer subject company. Verify the first public announcement date and exclude non-control offers before promoting this candidate to a training label.
f78f53fa1c834863bded,1785345,"Landos Biopharma, Inc.",[],"[""2834""]",2024-04-25,2024-04-25,merger_proxy_filer,review_required,pending_review,False,"[""DEFM14A""]","[""0001193125-24-114268""]","[""https://www.sec.gov/Archives/edgar/data/1785345/000119312524114268/d752872ddefm14a.htm""]",1,"DEFM14A indicates merger-related proxy material, but the filer may be a target, buyer, SPAC, or reverse-merger participant. Manual review required."
a7b9ed8e557924e5c6ae,1805890,Fusion Pharmaceuticals Inc.,[],"[""2836""]",2024-04-25,2024-04-25,merger_proxy_filer,review_required,pending_review,False,"[""DEFM14A""]","[""0001193125-24-113909""]","[""https://www.sec.gov/Archives/edgar/data/1805890/000119312524113909/d794805ddefm14a.htm""]",1,"DEFM14A indicates merger-related proxy material, but the filer may be a target, buyer, SPAC, or reverse-merger participant. Manual review required."
dca61a348237d47dd6f4,1739614,"Inhibrx, Inc.",[],"[""2836""]",2024-04-26,2024-04-26,merger_proxy_filer,review_required,pending_review,False,"[""DEFM14A""]","[""0001104659-24-052918""]","[""https://www.sec.gov/Archives/edgar/data/1739614/000110465924052918/tm247409-4_defm14a.htm""]",1,"DEFM14A indicates merger-related proxy material, but the filer may be a target, buyer, SPAC, or reverse-merger participant. Manual review required."
1fad96cf185d53c3e9e4,1654151,"Deciphera Pharmaceuticals, Inc.",[],"[""2834""]",2024-05-13,2024-06-11,tender_offer_target,high,provisional_primary_source,False,"[""SC 14D9"", ""SC 14D9/A""]","[""0001193125-24-136665"", ""0001193125-24-144504"", ""0001193125-24-152342"", ""0001193125-24-158767""]","[""https://www.sec.gov/Archives/edgar/data/1654151/000119312524136665/d813161dsc14d9.htm"", ""https://www.sec.gov/Archives/edgar/data/1654151/000119312524144504/d839467dsc14d9a.htm"", ""https://www.sec.gov/Archives/edgar/data/1654151/000119312524152342/d768328dsc14d9a.htm"", ""https://www.sec.gov/Archives/edgar/data/1654151/000119312524158767/d749600dsc14d9a.htm""]",4,Schedule 14D-9 identifies the tender-offer subject company. Verify the first public announcement date and exclude non-control offers before promoting this candidate to a training label.
f40b5609b0878311efb4,1768446,"Eliem Therapeutics, Inc.","[""ELYM""]","[""2834""]",2024-06-04,2024-06-04,merger_proxy_filer,review_required,pending_review,False,"[""DEFM14A""]","[""0001193125-24-153666""]","[""https://www.sec.gov/Archives/edgar/data/1768446/000119312524153666/d787069ddefm14a.htm""]",1,"DEFM14A indicates merger-related proxy material, but the filer may be a target, buyer, SPAC, or reverse-merger participant. Manual review required."
c59bb0682594152249ab,1679363,"Morphic Holding, Inc.",[],"[""2834""]",2024-07-19,2024-08-16,tender_offer_target,high,provisional_primary_source,False,"[""SC 14D9"", ""SC 14D9/A""]","[""0001193125-24-181273"", ""0001193125-24-190548"", ""0001193125-24-194060"", ""0001193125-24-201693""]","[""https://www.sec.gov/Archives/edgar/data/1679363/000119312524181273/d857689dsc14d9.htm"", ""https://www.sec.gov/Archives/edgar/data/1679363/000119312524190548/d878577dsc14d9a.htm"", ""https://www.sec.gov/Archives/edgar/data/1679363/000119312524194060/d877088dsc14d9a.htm"", ""https://www.sec.gov/Archives/edgar/data/1679363/000119312524201693/d820215dsc14d9a.htm""]",4,Schedule 14D-9 identifies the tender-offer subject company. Verify the first public announcement date and exclude non-control offers before promoting this candidate to a training label.
f42179245d3726c97ac9,1795579,Calliditas Therapeutics AB,"[""CALT""]","[""2834""]",2024-07-22,2024-09-18,tender_offer_target,high,provisional_primary_source,False,"[""SC 14D9"", ""SC 14D9/A""]","[""0001104659-24-081491"", ""0001104659-24-085386"", ""0001104659-24-096387"", ""0001104659-24-100737""]","[""https://www.sec.gov/Archives/edgar/data/1795579/000110465924081491/tm2419787d1_sc14d9.htm"", ""https://www.sec.gov/Archives/edgar/data/1795579/000110465924085386/tm2420619d1_sc14d9a.htm"", ""https://www.sec.gov/Archives/edgar/data/1795579/000110465924096387/tm2423167d1_sc14d9a.htm"", ""https://www.sec.gov/Archives/edgar/data/1795579/000110465924100737/tm2424245d1_sc14d9a.htm""]",4,Schedule 14D-9 identifies the tender-offer subject company. Verify the first public announcement date and exclude non-control offers before promoting this candidate to a training label.
29ba6ed3dfcd8753f6dd,1261249,AGILE THERAPEUTICS INC,"[""AGRX"", ""AGXRW""]","[""2834""]",2024-07-25,2024-07-25,merger_proxy_filer,review_required,pending_review,False,"[""DEFM14A""]","[""0001558370-24-010098""]","[""https://www.sec.gov/Archives/edgar/data/1261249/000155837024010098/tmb-20240731xdefm14a.htm""]",1,"DEFM14A indicates merger-related proxy material, but the filer may be a target, buyer, SPAC, or reverse-merger participant. Manual review required."
e9a7569942cd33812d6d,1267602,ALIMERA SCIENCES INC,"[""ALIM""]","[""2834""]",2024-08-08,2024-08-08,merger_proxy_filer,review_required,pending_review,False,"[""DEFM14A""]","[""0001104659-24-087307""]","[""https://www.sec.gov/Archives/edgar/data/1267602/000110465924087307/tm2419772-3_defm14a.htm""]",1,"DEFM14A indicates merger-related proxy material, but the filer may be a target, buyer, SPAC, or reverse-merger participant. Manual review required."
6f60f86a01c069c4fc93,1560241,"G1 Therapeutics, Inc.","[""GTHX""]","[""2834""]",2024-08-20,2024-09-18,tender_offer_target,high,provisional_primary_source,False,"[""SC 14D9"", ""SC 14D9/A""]","[""0001193125-24-203615"", ""0001193125-24-213708"", ""0001193125-24-216422"", ""0001193125-24-221112""]","[""https://www.sec.gov/Archives/edgar/data/1560241/000119312524203615/d856692dsc14d9.htm"", ""https://www.sec.gov/Archives/edgar/data/1560241/000119312524213708/d574746dsc14d9a.htm"", ""https://www.sec.gov/Archives/edgar/data/1560241/000119312524216422/d851180dsc14d9a.htm"", ""https://www.sec.gov/Archives/edgar/data/1560241/000119312524221112/d823822dsc14d9a.htm""]",4,Schedule 14D-9 identifies the tender-offer subject company. Verify the first public announcement date and exclude non-control offers before promoting this candidate to a training label.
f9ce693f0f5f89b00e66,1609809,"Seres Therapeutics, Inc.","[""MCRB""]","[""2834""]",2024-08-26,2024-08-26,merger_proxy_filer,review_required,pending_review,False,"[""DEFM14A""]","[""0001140361-24-038575""]","[""https://www.sec.gov/Archives/edgar/data/1609809/000114036124038575/ny20030749x10_defm14a.htm""]",1,"DEFM14A indicates merger-related proxy material, but the filer may be a target, buyer, SPAC, or reverse-merger participant. Manual review required."
28e703f07eef2874bf9e,1601830,"RECURSION PHARMACEUTICALS, INC.","[""RXRX""]","[""2836""]",2024-10-10,2024-10-10,merger_proxy_filer,review_required,pending_review,False,"[""DEFM14A""]","[""0001104659-24-107438""]","[""https://www.sec.gov/Archives/edgar/data/1601830/000110465924107438/tm2423587-2_defm14a.htm""]",1,"DEFM14A indicates merger-related proxy material, but the filer may be a target, buyer, SPAC, or reverse-merger participant. Manual review required."
f439678c5bfaf5eb9732,1834645,"Peak Bio, Inc.","[""PKBO"", ""PKBOW""]","[""2836""]",2024-10-11,2024-10-11,merger_proxy_filer,review_required,pending_review,False,"[""DEFM14A""]","[""0001193125-24-236786""]","[""https://www.sec.gov/Archives/edgar/data/1834645/000119312524236786/d872579ddefm14a.htm""]",1,"DEFM14A indicates merger-related proxy material, but the filer may be a target, buyer, SPAC, or reverse-merger participant. Manual review required."
0f2b06c701d884b571e7,1389545,"NovaBay Pharmaceuticals, Inc.","[""NBY""]","[""2834""]",2024-10-16,2024-10-16,merger_proxy_filer,review_required,pending_review,False,"[""DEFM14A""]","[""0001437749-24-031358""]","[""https://www.sec.gov/Archives/edgar/data/1389545/000143774924031358/nby20241012_defm14a.htm""]",1,"DEFM14A indicates merger-related proxy material, but the filer may be a target, buyer, SPAC, or reverse-merger participant. Manual review required."
eb36d968356d0e967eb2,1832168,"Longboard Pharmaceuticals, Inc.","[""LBPH""]","[""2834""]",2024-10-30,2024-11-29,tender_offer_target,high,provisional_primary_source,False,"[""SC 14D9"", ""SC 14D9/A""]","[""0001193125-24-247056"", ""0001193125-24-251636"", ""0001193125-24-262149"", ""0001193125-24-267720""]","[""https://www.sec.gov/Archives/edgar/data/1832168/000119312524247056/d755396dsc14d9.htm"", ""https://www.sec.gov/Archives/edgar/data/1832168/000119312524251636/d162286dsc14d9a.htm"", ""https://www.sec.gov/Archives/edgar/data/1832168/000119312524262149/d755396dsc14d9a.htm"", ""https://www.sec.gov/Archives/edgar/data/1832168/000119312524267720/d755396dsc14d9a.htm""]",4,Schedule 14D-9 identifies the tender-offer subject company. Verify the first public announcement date and exclude non-control offers before promoting this candidate to a training label.
902f5543ad67abaebdc4,1126234,"LUMOS PHARMA, INC.","[""LUMO""]","[""2834""]",2024-11-14,2024-12-12,tender_offer_target,high,provisional_primary_source,False,"[""SC 14D9"", ""SC 14D9/A""]","[""0001193125-24-258050"", ""0001193125-24-268141"", ""0001193125-24-276470""]","[""https://www.sec.gov/Archives/edgar/data/1126234/000119312524258050/d880311dsc14d9.htm"", ""https://www.sec.gov/Archives/edgar/data/1126234/000119312524268141/d880311dsc14d9a.htm"", ""https://www.sec.gov/Archives/edgar/data/1126234/000119312524276470/d880311dsc14d9a.htm""]",3,Schedule 14D-9 identifies the tender-offer subject company. Verify the first public announcement date and exclude non-control offers before promoting this candidate to a training label.
d634825e2491ed8a20cb,1661460,"Poseida Therapeutics, Inc.","[""PSTX""]","[""2836""]",2024-12-09,2025-01-08,tender_offer_target,high,provisional_primary_source,False,"[""SC 14D9"", ""SC 14D9/A""]","[""0001193125-24-273550"", ""0001193125-24-286056"", ""0001193125-25-002253"", ""0001193125-25-002581"", ""0001193125-25-003241""]","[""https://www.sec.gov/Archives/edgar/data/1661460/000119312524273550/d901928dsc14d9.htm"", ""https://www.sec.gov/Archives/edgar/data/1661460/000119312524286056/d871087dsc14d9a.htm"", ""https://www.sec.gov/Archives/edgar/data/1661460/000119312525002253/d884980dsc14d9a.htm"", ""https://www.sec.gov/Archives/edgar/data/1661460/000119312525002581/d856098dsc14d9a.htm"", ""https://www.sec.gov/Archives/edgar/data/1661460/000119312525003241/d914669dsc14d9a.htm""]",5,Schedule 14D-9 identifies the tender-offer subject company. Verify the first public announcement date and exclude non-control offers before promoting this candidate to a training label.
c27caf6cf1cfad4b3b48,1479290,"Revance Therapeutics, Inc.","[""RVNC""]","[""2834""]",2024-12-12,2025-02-05,tender_offer_target,high,provisional_primary_source,False,"[""SC 14D9"", ""SC 14D9/A""]","[""0001140361-24-049087"", ""0001140361-25-000082"", ""0001140361-25-000490"", ""0001140361-25-000934"", ""0001140361-25-001338"", ""0001140361-25-001466"", ""0001193125-25-017718"", ""0001193125-25-020472""]","[""https://www.sec.gov/Archives/edgar/data/1479290/000114036124049087/ny20039810x2_sc14d9.htm"", ""https://www.sec.gov/Archives/edgar/data/1479290/000114036125000082/ny20040698x1_sc14d9a.htm"", ""https://www.sec.gov/Archives/edgar/data/1479290/000114036125000490/ny20040698x3_sc14d9a.htm"", ""https://www.sec.gov/Archives/edgar/data/1479290/000114036125000934/ny20040698x4_sc14d9a.htm"", ""https://www.sec.gov/Archives/edgar/data/1479290/000114036125001338/ny20040698x5_sc14d9a.htm"", ""https://www.sec.gov/Archives/edgar/data/1479290/000114036125001466/ny20040698x6_sc14d9a.htm"", ""https://www.sec.gov/Archives/edgar/data/1479290/000119312525017718/d917985dsc14d9a.htm"", ""https://www.sec.gov/Archives/edgar/data/1479290/000119312525020472/d814461dsc14d9a.htm""]",8,Schedule 14D-9 identifies the tender-offer subject company. Verify the first public announcement date and exclude non-control offers before promoting this candidate to a training label.
b23ecbf7edc33f9e58ca,704562,"Avid Bioservices, Inc.","[""CDMO""]","[""2834""]",2024-12-18,2024-12-18,merger_proxy_filer,review_required,pending_review,False,"[""DEFM14A""]","[""0001140361-24-049823""]","[""https://www.sec.gov/Archives/edgar/data/704562/000114036124049823/ny20038150x5_defm14a.htm""]",1,"DEFM14A indicates merger-related proxy material, but the filer may be a target, buyer, SPAC, or reverse-merger participant. Manual review required."
0e1bfec6e0766a2ff19b,1267813,"MARINUS PHARMACEUTICALS, INC.","[""MRNS""]","[""2834""]",2025-01-10,2025-02-07,tender_offer_target,high,provisional_primary_source,False,"[""SC 14D9"", ""SC 14D9/A""]","[""0001104659-25-002120"", ""0001104659-25-007243"", ""0001104659-25-010316""]","[""https://www.sec.gov/Archives/edgar/data/1267813/000110465925002120/tm252270-1_sc14d9.htm"", ""https://www.sec.gov/Archives/edgar/data/1267813/000110465925007243/tm252270d2_sc14d9a.htm"", ""https://www.sec.gov/Archives/edgar/data/1267813/000110465925010316/tm252270d3_sc14d9a.htm""]",3,Schedule 14D-9 identifies the tender-offer subject company. Verify the first public announcement date and exclude non-control offers before promoting this candidate to a training label.
40e41585c7469cadac1d,1512762,"Coherus BioSciences, Inc.","[""CHRS""]","[""2836""]",2025-01-28,2025-01-28,merger_proxy_filer,review_required,pending_review,False,"[""DEFM14A""]","[""0001104659-25-006774""]","[""https://www.sec.gov/Archives/edgar/data/1512762/000110465925006774/tm2429853-9_defm14a.htm""]",1,"DEFM14A indicates merger-related proxy material, but the filer may be a target, buyer, SPAC, or reverse-merger participant. Manual review required."
d1651e83a52f34a96a84,1422142,"Aadi Bioscience, Inc.","[""AADI""]","[""2834""]",2025-01-31,2025-01-31,merger_proxy_filer,review_required,pending_review,False,"[""DEFM14A""]","[""0001193125-25-018470""]","[""https://www.sec.gov/Archives/edgar/data/1422142/000119312525018470/d923919ddefm14a.htm""]",1,"DEFM14A indicates merger-related proxy material, but the filer may be a target, buyer, SPAC, or reverse-merger participant. Manual review required."
211cf2bbd42e865993bb,1567514,"Intra-Cellular Therapies, Inc.","[""ITCI""]","[""2834""]",2025-02-18,2025-02-18,merger_proxy_filer,review_required,pending_review,False,"[""DEFM14A""]","[""0001193125-25-028672""]","[""https://www.sec.gov/Archives/edgar/data/1567514/000119312525028672/d921418ddefm14a.htm""]",1,"DEFM14A indicates merger-related proxy material, but the filer may be a target, buyer, SPAC, or reverse-merger participant. Manual review required."
12d75b69a4da0d7ba686,1293971,"bluebird bio, Inc.","[""BLUE""]","[""2836""]",2025-03-07,2025-05-30,tender_offer_target,high,provisional_primary_source,False,"[""SC 14D9"", ""SC 14D9/A""]","[""0001193125-25-049142"", ""0001193125-25-067187"", ""0001193125-25-067369"", ""0001193125-25-071865"", ""0001193125-25-078071"", ""0001193125-25-082108"", ""0001193125-25-110694"", ""0001193125-25-112889"", ""0001193125-25-113316"", ""0001193125-25-116496"", ""0001193125-25-118265"", ""0001193125-25-119441"", ""0001193125-25-121738"", ""0001193125-25-123190"", ""0001193125-25-127577"", ""0001193125-25-131558""]","[""https://www.sec.gov/Archives/edgar/data/1293971/000119312525049142/d924711dsc14d9.htm"", ""https://www.sec.gov/Archives/edgar/data/1293971/000119312525067187/d942006dsc14d9a.htm"", ""https://www.sec.gov/Archives/edgar/data/1293971/000119312525067369/d848932dsc14d9a.htm"", ""https://www.sec.gov/Archives/edgar/data/1293971/000119312525071865/d907579dsc14d9a.htm"", ""https://www.sec.gov/Archives/edgar/data/1293971/000119312525078071/d942006dsc14d9a.htm"", ""https://www.sec.gov/Archives/edgar/data/1293971/000119312525082108/d902969dsc14d9a.htm"", ""https://www.sec.gov/Archives/edgar/data/1293971/000119312525110694/d881921dsc14d9a.htm"", ""https://www.sec.gov/Archives/edgar/data/1293971/000119312525112889/d80106dsc14d9a.htm"", ""https://www.sec.gov/Archives/edgar/data/1293971/000119312525113316/d941692dsc14d9a.htm"", ""https://www.sec.gov/Archives/edgar/data/1293971/000119312525116496/d941692dsc14d9a.htm"", ""https://www.sec.gov/Archives/edgar/data/1293971/000119312525118265/d941692dsc14d9a.htm"", ""https://www.sec.gov/Archives/edgar/data/1293971/000119312525119441/d941692dsc14d9a.htm"", ""https://www.sec.gov/Archives/edgar/data/1293971/000119312525121738/d941692dsc14d9a.htm"", ""https://www.sec.gov/Archives/edgar/data/1293971/000119312525123190/d941692dsc14d9a.htm"", ""https://www.sec.gov/Archives/edgar/data/1293971/000119312525127577/d70326dsc14d9a.htm"", ""https://www.sec.gov/Archives/edgar/data/1293971/000119312525131558/d933391dsc14d9a.htm""]",16,Schedule 14D-9 identifies the tender-offer subject company. Verify the first public announcement date and exclude non-control offers before promoting this candidate to a training label.
31ae9c8d991880bd401b,1117480,CHIMERIX INC,"[""CMRX""]","[""2834""]",2025-03-21,2025-04-18,tender_offer_target,high,provisional_primary_source,False,"[""SC 14D9"", ""SC 14D9/A""]","[""0001104659-25-026402"", ""0001104659-25-030562"", ""0001104659-25-032423"", ""0001104659-25-036211""]","[""https://www.sec.gov/Archives/edgar/data/1117480/000110465925026402/tm259873d1_sc14d9.htm"", ""https://www.sec.gov/Archives/edgar/data/1117480/000110465925030562/tm258371d2_sc14d9a.htm"", ""https://www.sec.gov/Archives/edgar/data/1117480/000110465925032423/tm2511654d1_sc14d9a.htm"", ""https://www.sec.gov/Archives/edgar/data/1117480/000110465925036211/tm2512611-1_sc14d9a.htm""]",4,Schedule 14D-9 identifies the tender-offer subject company. Verify the first public announcement date and exclude non-control offers before promoting this candidate to a training label.
f2cff96d6e6db5cf4bbb,1962918,"ACELYRIN, Inc.","[""SLRN""]","[""2834""]",2025-04-04,2025-04-04,merger_proxy_filer,review_required,pending_review,False,"[""DEFM14A""]","[""0001104659-25-032228""]","[""https://www.sec.gov/Archives/edgar/data/1962918/000110465925032228/tm255940-11_defm14a.htm""]",1,"DEFM14A indicates merger-related proxy material, but the filer may be a target, buyer, SPAC, or reverse-merger participant. Manual review required."
5c145f5d28f74d52ad7a,1802768,Royalty Pharma plc,"[""RPRX""]","[""2834""]",2025-04-11,2025-04-11,merger_proxy_filer,review_required,pending_review,False,"[""DEFM14A""]","[""0001140361-25-013376""]","[""https://www.sec.gov/Archives/edgar/data/1802768/000114036125013376/ny20043200x2_defm14a.htm""]",1,"DEFM14A indicates merger-related proxy material, but the filer may be a target, buyer, SPAC, or reverse-merger participant. Manual review required."
02b9764d5c067a2a835a,1860782,"2seventy bio, Inc.","[""TSVT""]","[""2834""]",2025-04-14,2025-05-13,tender_offer_target,high,provisional_primary_source,False,"[""SC 14D9"", ""SC 14D9/A""]","[""0001140361-25-013644"", ""0001140361-25-014421"", ""0001140361-25-014961"", ""0001140361-25-017235"", ""0001140361-25-018512""]","[""https://www.sec.gov/Archives/edgar/data/1860782/000114036125013644/ny20046860x1_sc14d9.htm"", ""https://www.sec.gov/Archives/edgar/data/1860782/000114036125014421/ny20046860x2_sc14d9a.htm"", ""https://www.sec.gov/Archives/edgar/data/1860782/000114036125014961/ny20046860x3_sc14d9a.htm"", ""https://www.sec.gov/Archives/edgar/data/1860782/000114036125017235/ny20048433x1_sc14d9a.htm"", ""https://www.sec.gov/Archives/edgar/data/1860782/000114036125018512/ny20048433x2_sc14d9a.htm""]",5,Schedule 14D-9 identifies the tender-offer subject company. Verify the first public announcement date and exclude non-control offers before promoting this candidate to a training label.
e6c7606aaaf1474a3aef,1494650,"OptiNose, Inc.","[""OPTN""]","[""2834""]",2025-04-15,2025-04-15,merger_proxy_filer,review_required,pending_review,False,"[""DEFM14A""]","[""0001104659-25-034826""]","[""https://www.sec.gov/Archives/edgar/data/1494650/000110465925034826/tm2510818-3_defm14a.htm""]",1,"DEFM14A indicates merger-related proxy material, but the filer may be a target, buyer, SPAC, or reverse-merger participant. Manual review required."
7970936f9ad685acc037,1564824,Allakos Inc.,"[""ALLK""]","[""2834""]",2025-04-15,2025-05-15,tender_offer_target,high,provisional_primary_source,False,"[""SC 14D9"", ""SC 14D9/A""]","[""0001140361-25-013949"", ""0001140361-25-019155""]","[""https://www.sec.gov/Archives/edgar/data/1564824/000114036125013949/ny20047308x1_sc14d9.htm"", ""https://www.sec.gov/Archives/edgar/data/1564824/000114036125019155/ny20049047x2_sc14d9a.htm""]",2,Schedule 14D-9 identifies the tender-offer subject company. Verify the first public announcement date and exclude non-control offers before promoting this candidate to a training label.
0357b8b04db8ace803bd,1651407,"Checkpoint Therapeutics, Inc.","[""CKPT""]","[""2834""]",2025-04-23,2025-04-23,merger_proxy_filer,review_required,pending_review,False,"[""DEFM14A""]","[""0001104659-25-038082""]","[""https://www.sec.gov/Archives/edgar/data/1651407/000110465925038082/tm252489-4_defm14a.htm""]",1,"DEFM14A indicates merger-related proxy material, but the filer may be a target, buyer, SPAC, or reverse-merger participant. Manual review required."
b927badfe6ae85190636,2008861,"Endo, Inc.","[""NDOI""]","[""2834""]",2025-05-12,2025-05-12,merger_proxy_filer,review_required,pending_review,False,"[""DEFM14A""]","[""0001104659-25-047383""]","[""https://www.sec.gov/Archives/edgar/data/2008861/000110465925047383/tm2514691-1_defm14a.htm""]",1,"DEFM14A indicates merger-related proxy material, but the filer may be a target, buyer, SPAC, or reverse-merger participant. Manual review required."
f8d2f3520156b1907287,1741830,"Kronos Bio, Inc.","[""KRON""]","[""2834""]",2025-05-15,2025-06-20,tender_offer_target,high,provisional_primary_source,False,"[""SC 14D9"", ""SC 14D9/A""]","[""0001213900-25-043969"", ""0001213900-25-051356"", ""0001213900-25-055919""]","[""https://www.sec.gov/Archives/edgar/data/1741830/000121390025043969/ea0242090-sc14d9_kronos.htm"", ""https://www.sec.gov/Archives/edgar/data/1741830/000121390025051356/ea0242090-sc14d9a1_kronos.htm"", ""https://www.sec.gov/Archives/edgar/data/1741830/000121390025055919/ea0242090-03.htm""]",3,Schedule 14D-9 identifies the tender-offer subject company. Verify the first public announcement date and exclude non-control offers before promoting this candidate to a training label.
98f8f610571ccd3ff2d9,1445283,"KINETA, INC./DE","[""KANT""]","[""2834""]",2025-05-23,2025-05-23,merger_proxy_filer,review_required,pending_review,False,"[""DEFM14A""]","[""0001193125-25-125501""]","[""https://www.sec.gov/Archives/edgar/data/1445283/000119312525125501/d57922ddefm14a.htm""]",1,"DEFM14A indicates merger-related proxy material, but the filer may be a target, buyer, SPAC, or reverse-merger participant. Manual review required."
b1983ee3f73a13305cbb,1505512,Regulus Therapeutics Inc.,"[""RGLS""]","[""2834""]",2025-05-27,2025-06-25,tender_offer_target,high,provisional_primary_source,False,"[""SC 14D9"", ""SC 14D9/A""]","[""0001104659-25-052756"", ""0001104659-25-060054"", ""0001104659-25-061370"", ""0001104659-25-062427""]","[""https://www.sec.gov/Archives/edgar/data/1505512/000110465925052756/tm2515290-1_sc14d9.htm"", ""https://www.sec.gov/Archives/edgar/data/1505512/000110465925060054/tm2518151-1_sc14d9a.htm"", ""https://www.sec.gov/Archives/edgar/data/1505512/000110465925061370/tm2518614-1_sc14d9a.htm"", ""https://www.sec.gov/Archives/edgar/data/1505512/000110465925062427/tm2518614-31_sc14d9a.htm""]",4,Schedule 14D-9 identifies the tender-offer subject company. Verify the first public announcement date and exclude non-control offers before promoting this candidate to a training label.
da67b596de618839bde7,1773427,"SpringWorks Therapeutics, Inc.","[""SWTX""]","[""2836""]",2025-05-28,2025-05-28,merger_proxy_filer,review_required,pending_review,False,"[""DEFM14A""]","[""0001104659-25-053200""]","[""https://www.sec.gov/Archives/edgar/data/1773427/000110465925053200/tm2513796-2_defm14a.htm""]",1,"DEFM14A indicates merger-related proxy material, but the filer may be a target, buyer, SPAC, or reverse-merger participant. Manual review required."
923949f0178d41e6d4fc,1693011,"Inozyme Pharma, Inc.","[""INZY""]","[""2834""]",2025-06-02,2025-07-01,tender_offer_target,high,provisional_primary_source,False,"[""SC 14D9"", ""SC 14D9/A""]","[""0001193125-25-132769"", ""0001193125-25-134977"", ""0001193125-25-141714"", ""0001193125-25-153577""]","[""https://www.sec.gov/Archives/edgar/data/1693011/000119312525132769/d908188dsc14d9.htm"", ""https://www.sec.gov/Archives/edgar/data/1693011/000119312525134977/d908188dsc14d9a.htm"", ""https://www.sec.gov/Archives/edgar/data/1693011/000119312525141714/d71261dsc14d9a.htm"", ""https://www.sec.gov/Archives/edgar/data/1693011/000119312525153577/d842768dsc14d9a.htm""]",4,Schedule 14D-9 identifies the tender-offer subject company. Verify the first public announcement date and exclude non-control offers before promoting this candidate to a training label.
548641f45fec2c571914,1597264,Blueprint Medicines Corp,"[""BPMC""]","[""2834""]",2025-06-17,2025-07-18,tender_offer_target,high,provisional_primary_source,False,"[""SC 14D9"", ""SC 14D9/A""]","[""0001193125-25-141740"", ""0001193125-25-157306"", ""0001193125-25-160199"", ""0001193125-25-160643""]","[""https://www.sec.gov/Archives/edgar/data/1597264/000119312525141740/d934774dsc14d9.htm"", ""https://www.sec.gov/Archives/edgar/data/1597264/000119312525157306/d912303dsc14d9a.htm"", ""https://www.sec.gov/Archives/edgar/data/1597264/000119312525160199/d892886dsc14d9a.htm"", ""https://www.sec.gov/Archives/edgar/data/1597264/000119312525160643/d912303dsc14d9a.htm""]",4,Schedule 14D-9 identifies the tender-offer subject company. Verify the first public announcement date and exclude non-control offers before promoting this candidate to a training label.
fa8f038263eddf343700,1783032,"Elevation Oncology, Inc.","[""ELEV""]","[""2836""]",2025-06-23,2025-07-23,tender_offer_target,high,provisional_primary_source,False,"[""SC 14D9"", ""SC 14D9/A""]","[""0001140361-25-023351"", ""0001140361-25-026859""]","[""https://www.sec.gov/Archives/edgar/data/1783032/000114036125023351/ny20050732x1_sc14d9.htm"", ""https://www.sec.gov/Archives/edgar/data/1783032/000114036125026859/ef20052361_sc14d9a.htm""]",2,Schedule 14D-9 identifies the tender-offer subject company. Verify the first public announcement date and exclude non-control offers before promoting this candidate to a training label.
b2f48fe8f936077bb891,1840574,"Verve Therapeutics, Inc.","[""VERV""]","[""2834""]",2025-06-25,2025-07-24,tender_offer_target,high,provisional_primary_source,False,"[""SC 14D9"", ""SC 14D9/A""]","[""0001193125-25-146127"", ""0001193125-25-159002"", ""0001193125-25-162672"", ""0001193125-25-163918""]","[""https://www.sec.gov/Archives/edgar/data/1840574/000119312525146127/d917975dsc14d9.htm"", ""https://www.sec.gov/Archives/edgar/data/1840574/000119312525159002/d77762dsc14d9a.htm"", ""https://www.sec.gov/Archives/edgar/data/1840574/000119312525162672/d71497dsc14d9a.htm"", ""https://www.sec.gov/Archives/edgar/data/1840574/000119312525163918/d73897dsc14d9a.htm""]",4,Schedule 14D-9 identifies the tender-offer subject company. Verify the first public announcement date and exclude non-control offers before promoting this candidate to a training label.
370a39813aa0fd8f1f6f,1827087,"Vigil Neuroscience, Inc.","[""VIGL""]","[""2836""]",2025-06-30,2025-06-30,merger_proxy_filer,review_required,pending_review,False,"[""DEFM14A""]","[""0001193125-25-151902""]","[""https://www.sec.gov/Archives/edgar/data/1827087/000119312525151902/d928340ddefm14a.htm""]",1,"DEFM14A indicates merger-related proxy material, but the filer may be a target, buyer, SPAC, or reverse-merger participant. Manual review required."
9f4e25c13b17104b33f3,1597553,"Sage Therapeutics, Inc.","[""SAGE""]","[""2834""]",2025-07-02,2025-07-31,tender_offer_target,high,provisional_primary_source,False,"[""SC 14D9"", ""SC 14D9/A""]","[""0001193125-25-155020"", ""0001193125-25-161546"", ""0001193125-25-165933"", ""0001193125-25-170193""]","[""https://www.sec.gov/Archives/edgar/data/1597553/000119312525155020/d63256dsc14d9.htm"", ""https://www.sec.gov/Archives/edgar/data/1597553/000119312525161546/d859384dsc14d9a.htm"", ""https://www.sec.gov/Archives/edgar/data/1597553/000119312525165933/d859384dsc14d9a.htm"", ""https://www.sec.gov/Archives/edgar/data/1597553/000119312525170193/d859384dsc14d9a.htm""]",4,Schedule 14D-9 identifies the tender-offer subject company. Verify the first public announcement date and exclude non-control offers before promoting this candidate to a training label.
689da78a73e7a00ddf62,1760542,HOOKIPA Pharma Inc.,"[""HOOK""]","[""2834""]",2025-07-03,2025-07-03,merger_proxy_filer,review_required,pending_review,False,"[""DEFM14A""]","[""0001140361-25-024818""]","[""https://www.sec.gov/Archives/edgar/data/1760542/000114036125024818/ny20049278x4_defm14a.htm""]",1,"DEFM14A indicates merger-related proxy material, but the filer may be a target, buyer, SPAC, or reverse-merger participant. Manual review required."
2129a69a9a70edb66dd3,1764974,Turnstone Biologics Corp.,"[""TSBX""]","[""2836""]",2025-07-11,2025-08-11,tender_offer_target,high,provisional_primary_source,False,"[""SC 14D9"", ""SC 14D9/A""]","[""0001193125-25-157832"", ""0001193125-25-160546"", ""0001193125-25-177578""]","[""https://www.sec.gov/Archives/edgar/data/1764974/000119312525157832/d58418dsc14d9.htm"", ""https://www.sec.gov/Archives/edgar/data/1764974/000119312525160546/d59126dsc14d9a.htm"", ""https://www.sec.gov/Archives/edgar/data/1764974/000119312525177578/d847545dsc14d9a.htm""]",3,Schedule 14D-9 identifies the tender-offer subject company. Verify the first public announcement date and exclude non-control offers before promoting this candidate to a training label.
f1f1028c215ffe0eb67d,1496323,"IGM Biosciences, Inc.","[""IGMS""]","[""2834""]",2025-07-16,2025-08-14,tender_offer_target,high,provisional_primary_source,False,"[""SC 14D9"", ""SC 14D9/A""]","[""0001193125-25-159860"", ""0001193125-25-180427""]","[""https://www.sec.gov/Archives/edgar/data/1496323/000119312525159860/d29794dsc14d9.htm"", ""https://www.sec.gov/Archives/edgar/data/1496323/000119312525180427/d55069dsc14d9a.htm""]",2,Schedule 14D-9 identifies the tender-offer subject company. Verify the first public announcement date and exclude non-control offers before promoting this candidate to a training label.
bfb6bd792a138a6e6c42,316253,ENZO BIOCHEM INC,"[""ENZB""]","[""2836""]",2025-07-22,2025-07-22,merger_proxy_filer,review_required,pending_review,False,"[""DEFM14A""]","[""0001213900-25-066233""]","[""https://www.sec.gov/Archives/edgar/data/316253/000121390025066233/ea0248117-02.htm""]",1,"DEFM14A indicates merger-related proxy material, but the filer may be a target, buyer, SPAC, or reverse-merger participant. Manual review required."
b57423068ece916dbf86,910267,TITAN PHARMACEUTICALS INC,"[""TTNP""]","[""2836""]",2025-07-22,2025-07-22,merger_proxy_filer,review_required,pending_review,False,"[""DEFM14A""]","[""0001641172-25-020609""]","[""https://www.sec.gov/Archives/edgar/data/910267/000164117225020609/formdefm14a.htm""]",1,"DEFM14A indicates merger-related proxy material, but the filer may be a target, buyer, SPAC, or reverse-merger participant. Manual review required."
b0cfeaaf98cf870f8df3,1966494,"CARGO Therapeutics, Inc.","[""CRGX""]","[""2836""]",2025-07-23,2025-08-19,tender_offer_target,high,provisional_primary_source,False,"[""SC 14D9"", ""SC 14D9/A""]","[""0001193125-25-163464"", ""0001193125-25-175652"", ""0001193125-25-183131""]","[""https://www.sec.gov/Archives/edgar/data/1966494/000119312525163464/d78481dsc14d9.htm"", ""https://www.sec.gov/Archives/edgar/data/1966494/000119312525175652/d32225dsc14d9a.htm"", ""https://www.sec.gov/Archives/edgar/data/1966494/000119312525183131/d58621dsc14d9a.htm""]",3,Schedule 14D-9 identifies the tender-offer subject company. Verify the first public announcement date and exclude non-control offers before promoting this candidate to a training label.
e217552f662eb9e83b1e,1808865,"iTeos Therapeutics, Inc.","[""ITOS""]","[""2836""]",2025-08-01,2025-08-29,tender_offer_target,high,provisional_primary_source,False,"[""SC 14D9"", ""SC 14D9/A""]","[""0001193125-25-170952"", ""0001193125-25-192007""]","[""https://www.sec.gov/Archives/edgar/data/1808865/000119312525170952/d854787dsc14d9.htm"", ""https://www.sec.gov/Archives/edgar/data/1808865/000119312525192007/d26193dsc14d9a.htm""]",2,Schedule 14D-9 identifies the tender-offer subject company. Verify the first public announcement date and exclude non-control offers before promoting this candidate to a training label.
fc5e2096bc92d08326d2,1904286,"MIRA PHARMACEUTICALS, INC.","[""MIRA""]","[""2834""]",2025-08-08,2025-08-08,merger_proxy_filer,review_required,pending_review,False,"[""DEFM14A""]","[""0001641172-25-022816""]","[""https://www.sec.gov/Archives/edgar/data/1904286/000164117225022816/formdefm14a.htm""]",1,"DEFM14A indicates merger-related proxy material, but the filer may be a target, buyer, SPAC, or reverse-merger participant. Manual review required."
6c345d960b5edf4bc793,1633932,ESSA Pharma Inc.,"[""EPIX""]","[""2834""]",2025-08-11,2025-08-11,merger_proxy_filer,review_required,pending_review,False,"[""DEFM14A""]","[""0001104659-25-075843""]","[""https://www.sec.gov/Archives/edgar/data/1633932/000110465925075843/tm2520986-5_defm14a.htm""]",1,"DEFM14A indicates merger-related proxy material, but the filer may be a target, buyer, SPAC, or reverse-merger participant. Manual review required."
fdf722a9268d386f4a5f,1082038,DURECT CORP,"[""DRRX""]","[""2834""]",2025-08-12,2025-09-11,tender_offer_target,high,provisional_primary_source,False,"[""SC 14D9"", ""SC 14D9/A""]","[""0001193125-25-178502"", ""0001193125-25-188167"", ""0001193125-25-200859""]","[""https://www.sec.gov/Archives/edgar/data/1082038/000119312525178502/d37019dsc14d9.htm"", ""https://www.sec.gov/Archives/edgar/data/1082038/000119312525188167/d81875dsc14d9a.htm"", ""https://www.sec.gov/Archives/edgar/data/1082038/000119312525200859/d946030dsc14d9a.htm""]",3,Schedule 14D-9 identifies the tender-offer subject company. Verify the first public announcement date and exclude non-control offers before promoting this candidate to a training label.
62c53ce038ff4abb7e9d,1840748,LAVA Therapeutics NV,"[""LVTX""]","[""2834""]",2025-08-15,2025-11-21,tender_offer_target,high,provisional_primary_source,False,"[""DEFM14A"", ""SC 14D9"", ""SC 14D9/A""]","[""0001104659-25-079243"", ""0001104659-25-087113"", ""0001104659-25-087123"", ""0001104659-25-096168"", ""0001104659-25-100336"", ""0001104659-25-109284"", ""0001104659-25-110947"", ""0001104659-25-114795""]","[""https://www.sec.gov/Archives/edgar/data/1840748/000110465925079243/tm2522230d5_sc14d9.htm"", ""https://www.sec.gov/Archives/edgar/data/1840748/000110465925087113/tm2523908-2_defm14a.htm"", ""https://www.sec.gov/Archives/edgar/data/1840748/000110465925087123/tm2523908d3_sc14d9a.htm"", ""https://www.sec.gov/Archives/edgar/data/1840748/000110465925096168/tm2527813d1_sc14d9a.htm"", ""https://www.sec.gov/Archives/edgar/data/1840748/000110465925100336/tm2528774d3_sc14d9a.htm"", ""https://www.sec.gov/Archives/edgar/data/1840748/000110465925109284/tm2530749d1_sc14d9a.htm"", ""https://www.sec.gov/Archives/edgar/data/1840748/000110465925110947/tm2530957d2_sc14d9a.htm"", ""https://www.sec.gov/Archives/edgar/data/1840748/000110465925114795/tm2531793d1_sc14d9a.htm""]",8,Schedule 14D-9 identifies the tender-offer subject company. Verify the first public announcement date and exclude non-control offers before promoting this candidate to a training label.
840bc07ac325f571fc41,1657312,Verona Pharma plc,"[""VRNA""]","[""2834""]",2025-08-18,2025-08-18,merger_proxy_filer,review_required,pending_review,False,"[""DEFM14A""]","[""0001104659-25-079472""]","[""https://www.sec.gov/Archives/edgar/data/1657312/000110465925079472/tm2522174-2_defm14a.htm""]",1,"DEFM14A indicates merger-related proxy material, but the filer may be a target, buyer, SPAC, or reverse-merger participant. Manual review required."
620dd0e4239df9e57561,1722964,"Y-mAbs Therapeutics, Inc.","[""YMAB""]","[""2834""]",2025-08-18,2025-09-16,tender_offer_target,high,provisional_primary_source,False,"[""SC 14D9"", ""SC 14D9/A""]","[""0001104659-25-079582"", ""0001104659-25-086040"", ""0001104659-25-090231""]","[""https://www.sec.gov/Archives/edgar/data/1722964/000110465925079582/tm2523645-2_sc14d9.htm"", ""https://www.sec.gov/Archives/edgar/data/1722964/000110465925086040/tm2524940d1_sc14d9.htm"", ""https://www.sec.gov/Archives/edgar/data/1722964/000110465925090231/tm2525998d9_sc14d9a.htm""]",3,Schedule 14D-9 identifies the tender-offer subject company. Verify the first public announcement date and exclude non-control offers before promoting this candidate to a training label.
631b3d73bb55d6115a19,1888012,"HilleVax, Inc.","[""HLVX""]","[""2836""]",2025-08-18,2025-09-17,tender_offer_target,high,provisional_primary_source,False,"[""SC 14D9"", ""SC 14D9/A""]","[""0001193125-25-182307"", ""0001193125-25-205600""]","[""https://www.sec.gov/Archives/edgar/data/1888012/000119312525182307/d82697dsc14d9.htm"", ""https://www.sec.gov/Archives/edgar/data/1888012/000119312525205600/d16260dsc14d9a.htm""]",2,Schedule 14D-9 identifies the tender-offer subject company. Verify the first public announcement date and exclude non-control offers before promoting this candidate to a training label.
e2045f75e6e67396f93d,1604950,scPharmaceuticals Inc.,"[""SCPH""]","[""2834""]",2025-09-08,2025-10-07,tender_offer_target,high,provisional_primary_source,False,"[""SC 14D9"", ""SC 14D9/A""]","[""0001193125-25-198383"", ""0001193125-25-210132"", ""0001193125-25-214241"", ""0001193125-25-223217"", ""0001193125-25-225023"", ""0001193125-25-232748""]","[""https://www.sec.gov/Archives/edgar/data/1604950/000119312525198383/d152074dsc14d9.htm"", ""https://www.sec.gov/Archives/edgar/data/1604950/000119312525210132/d41142dsc14d9a.htm"", ""https://www.sec.gov/Archives/edgar/data/1604950/000119312525214241/d255686dsc14d9a.htm"", ""https://www.sec.gov/Archives/edgar/data/1604950/000119312525223217/d942217dsc14d9a.htm"", ""https://www.sec.gov/Archives/edgar/data/1604950/000119312525225023/d846289dsc14d9a.htm"", ""https://www.sec.gov/Archives/edgar/data/1604950/000119312525232748/d46958dsc14d9a.htm""]",6,Schedule 14D-9 identifies the tender-offer subject company. Verify the first public announcement date and exclude non-control offers before promoting this candidate to a training label.
7d0bafa7e3148c21ba90,1618835,"Evofem Biosciences, Inc.","[""EVFM""]","[""2834""]",2025-09-08,2025-09-08,merger_proxy_filer,review_required,pending_review,False,"[""DEFM14A""]","[""0001641172-25-026774""]","[""https://www.sec.gov/Archives/edgar/data/1618835/000164117225026774/formdefm14a.htm""]",1,"DEFM14A indicates merger-related proxy material, but the filer may be a target, buyer, SPAC, or reverse-merger participant. Manual review required."
e719f5d728c6c530255a,1971543,Mural Oncology plc,"[""MURA""]","[""2834""]",2025-09-23,2025-09-23,merger_proxy_filer,review_required,pending_review,False,"[""DEFM14A""]","[""0001193125-25-213598""]","[""https://www.sec.gov/Archives/edgar/data/1971543/000119312525213598/d28783ddefm14a.htm""]",1,"DEFM14A indicates merger-related proxy material, but the filer may be a target, buyer, SPAC, or reverse-merger participant. Manual review required."
1328969bb6afb4a7bfa4,1840904,ATAI Life Sciences N.V.,"[""ATAI""]","[""2834""]",2025-09-24,2025-09-24,merger_proxy_filer,review_required,pending_review,False,"[""DEFM14A""]","[""0001140361-25-036024""]","[""https://www.sec.gov/Archives/edgar/data/1840904/000114036125036024/ny20050228x6_defm14a.htm""]",1,"DEFM14A indicates merger-related proxy material, but the filer may be a target, buyer, SPAC, or reverse-merger participant. Manual review required."
bf2773742dd090c33632,1827506,"Tourmaline Bio, Inc.","[""TRML""]","[""2836""]",2025-09-29,2025-10-28,tender_offer_target,high,provisional_primary_source,False,"[""SC 14D9"", ""SC 14D9/A""]","[""0001104659-25-094103"", ""0001104659-25-101420"", ""0001104659-25-102958"", ""0001193125-25-243131""]","[""https://www.sec.gov/Archives/edgar/data/1827506/000110465925094103/tm2527010-7_sc14d9.htm"", ""https://www.sec.gov/Archives/edgar/data/1827506/000110465925101420/tm2529266d1_sc14d9a.htm"", ""https://www.sec.gov/Archives/edgar/data/1827506/000110465925102958/tm2529486d2_sc14d9a.htm"", ""https://www.sec.gov/Archives/edgar/data/1827506/000119312525243131/d57381dsc14d9a.htm""]",4,Schedule 14D-9 identifies the tender-offer subject company. Verify the first public announcement date and exclude non-control offers before promoting this candidate to a training label.
c1f5136ea2f9f7e5a70c,1785173,"89bio, Inc.","[""ETNB""]","[""2834""]",2025-10-01,2025-10-30,tender_offer_target,high,provisional_primary_source,False,"[""SC 14D9"", ""SC 14D9/A""]","[""0001193125-25-226874"", ""0001193125-25-248856"", ""0001193125-25-257605""]","[""https://www.sec.gov/Archives/edgar/data/1785173/000119312525226874/d947997dsc14d9.htm"", ""https://www.sec.gov/Archives/edgar/data/1785173/000119312525248856/d52886dsc14d9a.htm"", ""https://www.sec.gov/Archives/edgar/data/1785173/000119312525257605/d936691dsc14d9a.htm""]",3,Schedule 14D-9 identifies the tender-offer subject company. Verify the first public announcement date and exclude non-control offers before promoting this candidate to a training label.
44a1f9f3bb6b31d001c3,2040807,"Metsera, Inc.","[""MTSR""]","[""2834""]",2025-10-17,2025-10-17,merger_proxy_filer,review_required,pending_review,False,"[""DEFM14A""]","[""0001193125-25-242494""]","[""https://www.sec.gov/Archives/edgar/data/2040807/000119312525242494/d53787ddefm14a.htm""]",1,"DEFM14A indicates merger-related proxy material, but the filer may be a target, buyer, SPAC, or reverse-merger participant. Manual review required."
8820d63ae0af0fadf072,1651311,Merus N.V.,"[""MRUS""]","[""2834""]",2025-10-21,2025-12-30,tender_offer_target,high,provisional_primary_source,False,"[""DEFM14A"", ""SC 14D9"", ""SC 14D9/A""]","[""0001193125-25-244299"", ""0001193125-25-259660"", ""0001193125-25-276008"", ""0001193125-25-312785"", ""0001193125-25-316839"", ""0001193125-25-335925""]","[""https://www.sec.gov/Archives/edgar/data/1651311/000119312525244299/d97785dsc14d9.htm"", ""https://www.sec.gov/Archives/edgar/data/1651311/000119312525259660/d846451dsc14d9a.htm"", ""https://www.sec.gov/Archives/edgar/data/1651311/000119312525276008/d54485ddefm14a.htm"", ""https://www.sec.gov/Archives/edgar/data/1651311/000119312525312785/d11269dsc14d9a.htm"", ""https://www.sec.gov/Archives/edgar/data/1651311/000119312525316839/d19896dsc14d9a.htm"", ""https://www.sec.gov/Archives/edgar/data/1651311/000119312525335925/d949701dsc14d9a.htm""]",6,Schedule 14D-9 identifies the tender-offer subject company. Verify the first public announcement date and exclude non-control offers before promoting this candidate to a training label.
10cdadfcaa6a6b899585,1809122,CureVac N.V.,"[""CVAC""]","[""2834""]",2025-10-21,2025-12-18,tender_offer_target,high,provisional_primary_source,False,"[""SC 14D9"", ""SC 14D9/A""]","[""0001104659-25-101286"", ""0001104659-25-101584"", ""0001104659-25-101637"", ""0001104659-25-115235"", ""0001104659-25-115771"", ""0001104659-25-116277"", ""0001104659-25-118724"", ""0001104659-25-122532""]","[""https://www.sec.gov/Archives/edgar/data/1809122/000110465925101286/tm2526158-1_sc14d9.htm"", ""https://www.sec.gov/Archives/edgar/data/1809122/000110465925101584/tm2526158d3_sc14d9a.htm"", ""https://www.sec.gov/Archives/edgar/data/1809122/000110465925101637/tm2526158d4_sc14d9a.htm"", ""https://www.sec.gov/Archives/edgar/data/1809122/000110465925115235/tm2526158d5_sc14d9a.htm"", ""https://www.sec.gov/Archives/edgar/data/1809122/000110465925115771/tm2532168d1_sc14d9a.htm"", ""https://www.sec.gov/Archives/edgar/data/1809122/000110465925116277/tm2532280d1_sc14d9a.htm"", ""https://www.sec.gov/Archives/edgar/data/1809122/000110465925118724/tm2532844d1_sc14d9a.htm"", ""https://www.sec.gov/Archives/edgar/data/1809122/000110465925122532/tm2533867d1_sc14d9a.htm""]",8,Schedule 14D-9 identifies the tender-offer subject company. Verify the first public announcement date and exclude non-control offers before promoting this candidate to a training label.
084af7080a305244a2c3,1106838,"Sonnet BioTherapeutics Holdings, Inc.","[""SONN""]","[""2834""]",2025-10-27,2025-10-27,merger_proxy_filer,review_required,pending_review,False,"[""DEFM14A""]","[""0001493152-25-019759""]","[""https://www.sec.gov/Archives/edgar/data/1106838/000149315225019759/formdefm14a.htm""]",1,"DEFM14A indicates merger-related proxy material, but the filer may be a target, buyer, SPAC, or reverse-merger participant. Manual review required."
8be3e3fd5656157ded9f,1501756,"Adverum Biotechnologies, Inc.","[""ADVM""]","[""2836""]",2025-11-07,2025-12-09,tender_offer_target,high,provisional_primary_source,False,"[""SC 14D9"", ""SC 14D9/A""]","[""0001193125-25-272604"", ""0001193125-25-303117"", ""0001193125-25-312028""]","[""https://www.sec.gov/Archives/edgar/data/1501756/000119312525272604/d91171dsc14d9.htm"", ""https://www.sec.gov/Archives/edgar/data/1501756/000119312525303117/d88149dsc14d9a.htm"", ""https://www.sec.gov/Archives/edgar/data/1501756/000119312525312028/d28340dsc14d9a.htm""]",3,Schedule 14D-9 identifies the tender-offer subject company. Verify the first public announcement date and exclude non-control offers before promoting this candidate to a training label.
0e250ec1297d92fdbd18,1744659,"Akero Therapeutics, Inc.","[""AKRO""]","[""2834""]",2025-11-07,2025-11-07,merger_proxy_filer,review_required,pending_review,False,"[""DEFM14A""]","[""0001140361-25-041102""]","[""https://www.sec.gov/Archives/edgar/data/1744659/000114036125041102/ny20057319x2_defm14a.htm""]",1,"DEFM14A indicates merger-related proxy material, but the filer may be a target, buyer, SPAC, or reverse-merger participant. Manual review required."
d1a71782fbcdf10d7bf8,1403708,Evoke Pharma Inc,"[""EVOK""]","[""2834""]",2025-11-17,2025-12-17,tender_offer_target,high,provisional_primary_source,False,"[""SC 14D9"", ""SC 14D9/A""]","[""0001193125-25-283901"", ""0001193125-25-321812""]","[""https://www.sec.gov/Archives/edgar/data/1403708/000119312525283901/d886981dsc14d9.htm"", ""https://www.sec.gov/Archives/edgar/data/1403708/000119312525321812/d96883dsc14d9a.htm""]",2,Schedule 14D-9 identifies the tender-offer subject company. Verify the first public announcement date and exclude non-control offers before promoting this candidate to a training label.
876095886001a023bfeb,1012477,AVADEL PHARMACEUTICALS PLC,"[""AVDL""]","[""2834""]",2025-12-03,2025-12-03,merger_proxy_filer,review_required,pending_review,False,"[""DEFM14A""]","[""0001104659-25-118137""]","[""https://www.sec.gov/Archives/edgar/data/1012477/000110465925118137/tm2529379-3_defm14a.htm""]",1,"DEFM14A indicates merger-related proxy material, but the filer may be a target, buyer, SPAC, or reverse-merger participant. Manual review required."
1c15b80807398b198fcd,1442836,"Mersana Therapeutics, Inc.","[""MRSN""]","[""2834""]",2025-12-05,2026-01-06,tender_offer_target,high,provisional_primary_source,False,"[""SC 14D9"", ""SC 14D9/A""]","[""0001104659-25-118903"", ""0001104659-25-124538"", ""0001104659-26-001124""]","[""https://www.sec.gov/Archives/edgar/data/1442836/000110465925118903/tm2532730d1_sc14d9.htm"", ""https://www.sec.gov/Archives/edgar/data/1442836/000110465925124538/tm2534379-1_sc14d9a.htm"", ""https://www.sec.gov/Archives/edgar/data/1442836/000110465926001124/tm261736d13_sc14d9a.htm""]",3,Schedule 14D-9 identifies the tender-offer subject company. Verify the first public announcement date and exclude non-control offers before promoting this candidate to a training label.
2131c1ce020e10ba827f,1610618,"Cidara Therapeutics, Inc.","[""CDTX""]","[""2836""]",2025-12-05,2026-01-07,tender_offer_target,high,provisional_primary_source,False,"[""SC 14D9"", ""SC 14D9/A""]","[""0001193125-25-309970"", ""0001193125-25-326938"", ""0001193125-26-005515""]","[""https://www.sec.gov/Archives/edgar/data/1610618/000119312525309970/d59361dsc14d9.htm"", ""https://www.sec.gov/Archives/edgar/data/1610618/000119312525326938/d58654dsc14d9a.htm"", ""https://www.sec.gov/Archives/edgar/data/1610618/000119312526005515/d298013dsc14d9a.htm""]",3,Schedule 14D-9 identifies the tender-offer subject company. Verify the first public announcement date and exclude non-control offers before promoting this candidate to a training label.
1a3ada162944c926efdc,1808158,Repare Therapeutics Inc.,"[""RPTX""]","[""2834""]",2025-12-15,2025-12-15,merger_proxy_filer,review_required,pending_review,False,"[""DEFM14A""]","[""0001193125-25-319195""]","[""https://www.sec.gov/Archives/edgar/data/1808158/000119312525319195/d922114ddefm14a.htm""]",1,"DEFM14A indicates merger-related proxy material, but the filer may be a target, buyer, SPAC, or reverse-merger participant. Manual review required."
c0c7f9de2196c8bc9c01,1454789,"Astria Therapeutics, Inc.","[""ATXS""]","[""2834""]",2025-12-18,2025-12-18,merger_proxy_filer,review_required,pending_review,False,"[""DEFM14A""]","[""0001140361-25-046047""]","[""https://www.sec.gov/Archives/edgar/data/1454789/000114036125046047/ny20061309x1_defm14a.htm""]",1,"DEFM14A indicates merger-related proxy material, but the filer may be a target, buyer, SPAC, or reverse-merger participant. Manual review required."
8d21d3868374eca39a61,1697532,"Applied Therapeutics, Inc.","[""APLT""]","[""2834""]",2025-12-29,2026-02-03,tender_offer_target,high,provisional_primary_source,False,"[""SC 14D9"", ""SC 14D9/A""]","[""0001193125-25-335440"", ""0001193125-26-026180"", ""0001193125-26-028278"", ""0001193125-26-030570"", ""0001193125-26-034545""]","[""https://www.sec.gov/Archives/edgar/data/1697532/000119312525335440/d84762dsc14d9.htm"", ""https://www.sec.gov/Archives/edgar/data/1697532/000119312526026180/d38093dsc14d9a.htm"", ""https://www.sec.gov/Archives/edgar/data/1697532/000119312526028278/d47308dsc14d9a.htm"", ""https://www.sec.gov/Archives/edgar/data/1697532/000119312526030570/d304483dsc14d9a.htm"", ""https://www.sec.gov/Archives/edgar/data/1697532/000119312526034545/d884189dsc14d9a.htm""]",5,Schedule 14D-9 identifies the tender-offer subject company. Verify the first public announcement date and exclude non-control offers before promoting this candidate to a training label.
775d735ca8b230838884,1733294,Generation Bio Co.,"[""GBIO""]","[""2834""]",2026-01-09,2026-02-09,tender_offer_target,high,provisional_primary_source,False,"[""SC 14D9"", ""SC 14D9/A""]","[""0001104659-26-002517"", ""0001104659-26-008720"", ""0001104659-26-012119""]","[""https://www.sec.gov/Archives/edgar/data/1733294/000110465926002517/gbio-20260109xsc14d9.htm"", ""https://www.sec.gov/Archives/edgar/data/1733294/000110465926008720/gbio-20260130xsc14d9a.htm"", ""https://www.sec.gov/Archives/edgar/data/1733294/000110465926012119/gbio-20260209xsc14d9a.htm""]",3,Schedule 14D-9 identifies the tender-offer subject company. Verify the first public announcement date and exclude non-control offers before promoting this candidate to a training label.
472c192f82ed22a9e513,1029142,DYNAVAX TECHNOLOGIES CORP,"[""DVAX""]","[""2834""]",2026-01-12,2026-02-10,tender_offer_target,high,provisional_primary_source,False,"[""SC 14D9"", ""SC 14D9/A""]","[""0001193125-26-009777"", ""0001193125-26-025615"", ""0001193125-26-030526"", ""0001193125-26-032595"", ""0001193125-26-043626""]","[""https://www.sec.gov/Archives/edgar/data/1029142/000119312526009777/d929738dsc14d9.htm"", ""https://www.sec.gov/Archives/edgar/data/1029142/000119312526025615/d82219dsc14d9a.htm"", ""https://www.sec.gov/Archives/edgar/data/1029142/000119312526030526/d631851dsc14d9a.htm"", ""https://www.sec.gov/Archives/edgar/data/1029142/000119312526032595/d18668dsc14d9a.htm"", ""https://www.sec.gov/Archives/edgar/data/1029142/000119312526043626/d922641dsc14d9a.htm""]",5,Schedule 14D-9 identifies the tender-offer subject company. Verify the first public announcement date and exclude non-control offers before promoting this candidate to a training label.
2044a5fe71beeb4a9ddc,1599901,"Avidity Biosciences, Inc.","[""RNA""]","[""2834""]",2026-01-30,2026-01-30,merger_proxy_filer,review_required,pending_review,False,"[""DEFM14A""]","[""0001193125-26-031920""]","[""https://www.sec.gov/Archives/edgar/data/1599901/000119312526031920/d94337ddefm14a.htm""]",1,"DEFM14A indicates merger-related proxy material, but the filer may be a target, buyer, SPAC, or reverse-merger participant. Manual review required."
51fbdd234210efd14bd7,1178879,"AMICUS THERAPEUTICS, INC.","[""FOLD""]","[""2834""]",2026-02-02,2026-02-02,merger_proxy_filer,review_required,pending_review,False,"[""DEFM14A""]","[""0001140361-26-003092""]","[""https://www.sec.gov/Archives/edgar/data/1178879/000114036126003092/ny20062454x3_defm14a.htm""]",1,"DEFM14A indicates merger-related proxy material, but the filer may be a target, buyer, SPAC, or reverse-merger participant. Manual review required."
f14a13bf807b159c858e,1673772,"RAPT Therapeutics, Inc.","[""RAPT""]","[""2834""]",2026-02-02,2026-03-03,tender_offer_target,high,provisional_primary_source,False,"[""SC 14D9"", ""SC 14D9/A""]","[""0001193125-26-032788"", ""0001193125-26-065056"", ""0001193125-26-086530""]","[""https://www.sec.gov/Archives/edgar/data/1673772/000119312526032788/d42833dsc14d9.htm"", ""https://www.sec.gov/Archives/edgar/data/1673772/000119312526065056/d785054dsc14d9a.htm"", ""https://www.sec.gov/Archives/edgar/data/1673772/000119312526086530/d114203dsc14d9a.htm""]",3,Schedule 14D-9 identifies the tender-offer subject company. Verify the first public announcement date and exclude non-control offers before promoting this candidate to a training label.
64e9470e22c33c34900e,1851194,"Ventyx Biosciences, Inc.","[""VTYX""]","[""2834""]",2026-02-02,2026-02-02,merger_proxy_filer,review_required,pending_review,False,"[""DEFM14A""]","[""0001193125-26-033610""]","[""https://www.sec.gov/Archives/edgar/data/1851194/000119312526033610/d93324ddefm14a.htm""]",1,"DEFM14A indicates merger-related proxy material, but the filer may be a target, buyer, SPAC, or reverse-merger participant. Manual review required."
6270639b98aad616c6bf,1826892,"BioAtla, Inc.","[""BCAB""]","[""2836""]",2026-02-11,2026-02-11,merger_proxy_filer,review_required,pending_review,False,"[""DEFM14A""]","[""0001539497-26-000331""]","[""https://www.sec.gov/Archives/edgar/data/1826892/000153949726000331/n5620_x2-defm14a.htm""]",1,"DEFM14A indicates merger-related proxy material, but the filer may be a target, buyer, SPAC, or reverse-merger participant. Manual review required."
2361a272a53d7464dbee,1971532,"Telomir Pharmaceuticals, Inc.","[""TELO""]","[""2834""]",2026-02-19,2026-02-19,merger_proxy_filer,review_required,pending_review,False,"[""DEFM14A""]","[""0001493152-26-007487""]","[""https://www.sec.gov/Archives/edgar/data/1971532/000149315226007487/formdefm14a.htm""]",1,"DEFM14A indicates merger-related proxy material, but the filer may be a target, buyer, SPAC, or reverse-merger participant. Manual review required."
fd1596557c67937e242c,882361,Aptose Biosciences Inc.,"[""APTOF""]","[""2836""]",2026-02-24,2026-02-24,merger_proxy_filer,review_required,pending_review,False,"[""DEFM14A""]","[""0001193125-26-064774""]","[""https://www.sec.gov/Archives/edgar/data/882361/000119312526064774/d84625ddefm14a.htm""]",1,"DEFM14A indicates merger-related proxy material, but the filer may be a target, buyer, SPAC, or reverse-merger participant. Manual review required."
f9329790c4220ac1fb91,1786205,"Arcellx, Inc.","[""ACLX""]","[""2836""]",2026-03-06,2026-04-28,tender_offer_target,high,provisional_primary_source,False,"[""SC 14D9"", ""SC 14D9/A""]","[""0001104659-26-024793"", ""0001104659-26-038581"", ""0001104659-26-044662"", ""0001104659-26-045754"", ""0001104659-26-049892""]","[""https://www.sec.gov/Archives/edgar/data/1786205/000110465926024793/tm267961-2_sc14d9.htm"", ""https://www.sec.gov/Archives/edgar/data/1786205/000110465926038581/tm2610871d1_sc14d9a.htm"", ""https://www.sec.gov/Archives/edgar/data/1786205/000110465926044662/tm2612080d1_sc14d9a.htm"", ""https://www.sec.gov/Archives/edgar/data/1786205/000110465926045754/tm2612080d2_sc14d9.htm"", ""https://www.sec.gov/Archives/edgar/data/1786205/000110465926049892/tm2612746d6_sc14d9a.htm""]",5,Schedule 14D-9 identifies the tender-offer subject company. Verify the first public announcement date and exclude non-control offers before promoting this candidate to a training label.
ee4de5657f42041f6558,1845337,"Day One Biopharmaceuticals, Inc.","[""DAWN""]","[""2834""]",2026-03-26,2026-04-23,tender_offer_target,high,provisional_primary_source,False,"[""SC 14D9"", ""SC 14D9/A""]","[""0001193125-26-125045"", ""0001193125-26-146181"", ""0001193125-26-153722"", ""0001193125-26-171975""]","[""https://www.sec.gov/Archives/edgar/data/1845337/000119312526125045/d55037dsc14d9.htm"", ""https://www.sec.gov/Archives/edgar/data/1845337/000119312526146181/d63868dsc14d9a.htm"", ""https://www.sec.gov/Archives/edgar/data/1845337/000119312526153722/d112136dsc14d9a.htm"", ""https://www.sec.gov/Archives/edgar/data/1845337/000119312526171975/d147684dsc14d9a.htm""]",4,Schedule 14D-9 identifies the tender-offer subject company. Verify the first public announcement date and exclude non-control offers before promoting this candidate to a training label.
6d49be98960be82cd15f,1831363,"Terns Pharmaceuticals, Inc.","[""TERN""]","[""2834""]",2026-04-07,2026-05-05,tender_offer_target,high,provisional_primary_source,False,"[""SC 14D9"", ""SC 14D9/A""]","[""0001193125-26-144549"", ""0001193125-26-175122"", ""0001193125-26-205293""]","[""https://www.sec.gov/Archives/edgar/data/1831363/000119312526144549/d128161dsc14d9.htm"", ""https://www.sec.gov/Archives/edgar/data/1831363/000119312526175122/d42499dsc14d9a.htm"", ""https://www.sec.gov/Archives/edgar/data/1831363/000119312526205293/d107109dsc14d9a.htm""]",3,Schedule 14D-9 identifies the tender-offer subject company. Verify the first public announcement date and exclude non-control offers before promoting this candidate to a training label.
159f4829bbd88a211f24,1492422,"Apellis Pharmaceuticals, Inc.","[""APLS""]","[""2834""]",2026-04-14,2026-05-14,tender_offer_target,high,provisional_primary_source,False,"[""SC 14D9"", ""SC 14D9/A""]","[""0001193125-26-153887"", ""0001193125-26-209135"", ""0001193125-26-218136"", ""0001193125-26-222828""]","[""https://www.sec.gov/Archives/edgar/data/1492422/000119312526153887/d143771dsc14d9.htm"", ""https://www.sec.gov/Archives/edgar/data/1492422/000119312526209135/d18695dsc14d9a.htm"", ""https://www.sec.gov/Archives/edgar/data/1492422/000119312526218136/d107275dsc14d9a.htm"", ""https://www.sec.gov/Archives/edgar/data/1492422/000119312526222828/d52154dsc14d9a.htm""]",4,Schedule 14D-9 identifies the tender-offer subject company. Verify the first public announcement date and exclude non-control offers before promoting this candidate to a training label.
288e08b1bfbfc906f3d9,1645666,"Kezar Life Sciences, Inc.","[""KZR""]","[""2834""]",2026-04-14,2026-05-11,tender_offer_target,high,provisional_primary_source,False,"[""SC 14D9"", ""SC 14D9/A""]","[""0001140361-26-014485"", ""0001140361-26-020405""]","[""https://www.sec.gov/Archives/edgar/data/1645666/000114036126014485/ny20070329x1_sc14d9.htm"", ""https://www.sec.gov/Archives/edgar/data/1645666/000114036126020405/ef20072748_sc14d9a.htm""]",2,Schedule 14D-9 identifies the tender-offer subject company. Verify the first public announcement date and exclude non-control offers before promoting this candidate to a training label.
df3cb4c68e1a90dd68a6,1484565,SOLENO THERAPEUTICS INC,"[""SLNO""]","[""2834""]",2026-04-20,2026-05-18,tender_offer_target,high,provisional_primary_source,False,"[""SC 14D9"", ""SC 14D9/A""]","[""0001193125-26-162853"", ""0001193125-26-183556"", ""0001193125-26-228011""]","[""https://www.sec.gov/Archives/edgar/data/1484565/000119312526162853/d108355dsc14d9.htm"", ""https://www.sec.gov/Archives/edgar/data/1484565/000119312526183556/d149346dsc14d9a.htm"", ""https://www.sec.gov/Archives/edgar/data/1484565/000119312526228011/d73062dsc14d9a.htm""]",3,Schedule 14D-9 identifies the tender-offer subject company. Verify the first public announcement date and exclude non-control offers before promoting this candidate to a training label.
e416514935847fb8b598,1828185,Barinthus Biotherapeutics plc.,"[""BRNS""]","[""2834""]",2026-04-30,2026-04-30,merger_proxy_filer,review_required,pending_review,False,"[""DEFM14A""]","[""0001104659-26-051962""]","[""https://www.sec.gov/Archives/edgar/data/1828185/000110465926051962/tm2613157-1_defm14a.htm""]",1,"DEFM14A indicates merger-related proxy material, but the filer may be a target, buyer, SPAC, or reverse-merger participant. Manual review required."
d8eae3bf54650e369555,1847903,Centessa Pharmaceuticals plc,"[""CNTA""]","[""2834""]",2026-05-07,2026-05-07,merger_proxy_filer,review_required,pending_review,False,"[""DEFM14A""]","[""0001193125-26-210276""]","[""https://www.sec.gov/Archives/edgar/data/1847903/000119312526210276/d148719ddefm14a.htm""]",1,"DEFM14A indicates merger-related proxy material, but the filer may be a target, buyer, SPAC, or reverse-merger participant. Manual review required."
3f0901d89997ff58c05d,1348911,"KalVista Pharmaceuticals, Inc.","[""KALV""]","[""2834""]",2026-05-13,2026-06-11,tender_offer_target,high,provisional_primary_source,False,"[""SC 14D9"", ""SC 14D9/A""]","[""0001140361-26-021078"", ""0001140361-26-023453"", ""0001140361-26-024885""]","[""https://www.sec.gov/Archives/edgar/data/1348911/000114036126021078/ny20073033x1_sc14d9.htm"", ""https://www.sec.gov/Archives/edgar/data/1348911/000114036126023453/ny20075266x1_sc14d9a.htm"", ""https://www.sec.gov/Archives/edgar/data/1348911/000114036126024885/ny20075902x1_sc14d9a.htm""]",3,Schedule 14D-9 identifies the tender-offer subject company. Verify the first public announcement date and exclude non-control offers before promoting this candidate to a training label.
1a8f1fccd3ee75c36721,1808665,"Assertio Holdings, Inc.","[""ASRT""]","[""2834""]",2026-05-18,2026-06-16,tender_offer_target,high,provisional_primary_source,False,"[""SC 14D9"", ""SC 14D9/A""]","[""0001104659-26-063278"", ""0001104659-26-074311""]","[""https://www.sec.gov/Archives/edgar/data/1808665/000110465926063278/tm2614909-1_sc14d9.htm"", ""https://www.sec.gov/Archives/edgar/data/1808665/000110465926074311/tm2617347-1_sc14d9a.htm""]",2,Schedule 14D-9 identifies the tender-offer subject company. Verify the first public announcement date and exclude non-control offers before promoting this candidate to a training label.
854db0541f8d3e817c5c,1087294,CUMBERLAND PHARMACEUTICALS INC,"[""CPIX""]","[""2834""]",2026-05-26,2026-05-26,merger_proxy_filer,review_required,pending_review,False,"[""DEFM14A""]","[""0001104659-26-065876""]","[""https://www.sec.gov/Archives/edgar/data/1087294/000110465926065876/tm2612585-2_defm14a.htm""]",1,"DEFM14A indicates merger-related proxy material, but the filer may be a target, buyer, SPAC, or reverse-merger participant. Manual review required."
d2f55bb6a13f57f69f44,1369568,"CATALYST PHARMACEUTICALS, INC.","[""CPRX""]","[""2834""]",2026-06-08,2026-06-08,merger_proxy_filer,review_required,pending_review,False,"[""DEFM14A""]","[""0001193125-26-261719""]","[""https://www.sec.gov/Archives/edgar/data/1369568/000119312526261719/d76493ddefm14a.htm""]",1,"DEFM14A indicates merger-related proxy material, but the filer may be a target, buyer, SPAC, or reverse-merger participant. Manual review required."
00b41f9c05aeefa96f33,1434868,"Esperion Therapeutics, Inc.","[""ESPR""]","[""2834""]",2026-06-08,2026-06-08,merger_proxy_filer,review_required,pending_review,False,"[""DEFM14A""]","[""0001104659-26-071107""]","[""https://www.sec.gov/Archives/edgar/data/1434868/000110465926071107/tm2615754-2_defm14a.htm""]",1,"DEFM14A indicates merger-related proxy material, but the filer may be a target, buyer, SPAC, or reverse-merger participant. Manual review required."
e24966bf4954cfdc0c67,320017,"LISATA THERAPEUTICS, INC.","[""LSTA""]","[""2834""]",2026-06-10,2026-07-21,tender_offer_target,high,provisional_primary_source,False,"[""SC 14D9"", ""SC 14D9/A""]","[""0001140361-26-024737"", ""0001140361-26-027435"", ""0001140361-26-028257"", ""0001140361-26-028761"", ""0001140361-26-029022""]","[""https://www.sec.gov/Archives/edgar/data/320017/000114036126024737/ny20069664x1_sc14d9.htm"", ""https://www.sec.gov/Archives/edgar/data/320017/000114036126027435/ef20077296_sc14d9a.htm"", ""https://www.sec.gov/Archives/edgar/data/320017/000114036126028257/ef20077863_sc14d9a.htm"", ""https://www.sec.gov/Archives/edgar/data/320017/000114036126028761/ef20078177_sc14d9a.htm"", ""https://www.sec.gov/Archives/edgar/data/320017/000114036126029022/ef20078316_sc14d9a.htm""]",5,Schedule 14D-9 identifies the tender-offer subject company. Verify the first public announcement date and exclude non-control offers before promoting this candidate to a training label.
9df4d68b2df6a7a77625,791908,XOMA Royalty Corp,"[""XOMA"", ""XOMAO"", ""XOMAP""]","[""2834""]",2026-06-10,2026-06-10,merger_proxy_filer,review_required,pending_review,False,"[""DEFM14A""]","[""0001193125-26-266069""]","[""https://www.sec.gov/Archives/edgar/data/791908/000119312526266069/d137792ddefm14a.htm""]",1,"DEFM14A indicates merger-related proxy material, but the filer may be a target, buyer, SPAC, or reverse-merger participant. Manual review required."
3632230901d2f0315106,1821825,Organon & Co.,"[""OGN""]","[""2834""]",2026-06-17,2026-06-17,merger_proxy_filer,review_required,pending_review,False,"[""DEFM14A""]","[""0001193125-26-273323""]","[""https://www.sec.gov/Archives/edgar/data/1821825/000119312526273323/d15298ddefm14a.htm""]",1,"DEFM14A indicates merger-related proxy material, but the filer may be a target, buyer, SPAC, or reverse-merger participant. Manual review required."
bc312d670ea1b3ce95da,1861560,"Nuvalent, Inc.","[""NUVL""]","[""2834""]",2026-06-24,2026-07-15,tender_offer_target,high,provisional_primary_source,False,"[""SC 14D9"", ""SC 14D9/A""]","[""0001193125-26-280275"", ""0001193125-26-297541"", ""0001193125-26-300297"", ""0001193125-26-304120""]","[""https://www.sec.gov/Archives/edgar/data/1861560/000119312526280275/d26485dsc14d9.htm"", ""https://www.sec.gov/Archives/edgar/data/1861560/000119312526297541/d153608dsc14d9a.htm"", ""https://www.sec.gov/Archives/edgar/data/1861560/000119312526300297/d101813dsc14d9a.htm"", ""https://www.sec.gov/Archives/edgar/data/1861560/000119312526304120/d128905dsc14d9a.htm""]",4,Schedule 14D-9 identifies the tender-offer subject company. Verify the first public announcement date and exclude non-control offers before promoting this candidate to a training label.
0236b887cb08df14b39c,1723128,"Amneal Pharmaceuticals, Inc.","[""AMRX""]","[""2834""]",2026-06-29,2026-06-29,merger_proxy_filer,review_required,pending_review,False,"[""DEFM14A""]","[""0001140361-26-026611""]","[""https://www.sec.gov/Archives/edgar/data/1723128/000114036126026611/ny20075452x2_defm14a.htm""]",1,"DEFM14A indicates merger-related proxy material, but the filer may be a target, buyer, SPAC, or reverse-merger participant. Manual review required."
963b299197d7fc4bb5db,1974640,"Apogee Therapeutics, Inc.","[""APGE""]","[""2836""]",2026-07-13,2026-07-13,merger_proxy_filer,review_required,pending_review,False,"[""DEFM14A""]","[""0001140361-26-028341""]","[""https://www.sec.gov/Archives/edgar/data/1974640/000114036126028341/ny20076262x2_defm14a.htm""]",1,"DEFM14A indicates merger-related proxy material, but the filer may be a target, buyer, SPAC, or reverse-merger participant. Manual review required."
